ARM GAS  C:\Users\chris\AppData\Local\Temp\ccrcjOEk.s 			page 1


   1              		.cpu cortex-m4
   2              		.arch armv7e-m
   3              		.fpu fpv4-sp-d16
   4              		.eabi_attribute 27, 1
   5              		.eabi_attribute 28, 1
   6              		.eabi_attribute 20, 1
   7              		.eabi_attribute 21, 1
   8              		.eabi_attribute 23, 3
   9              		.eabi_attribute 24, 1
  10              		.eabi_attribute 25, 1
  11              		.eabi_attribute 26, 1
  12              		.eabi_attribute 30, 1
  13              		.eabi_attribute 34, 1
  14              		.eabi_attribute 18, 4
  15              		.file	"stm32f4xx_ll_gpio.c"
  16              		.text
  17              	.Ltext0:
  18              		.cfi_sections	.debug_frame
  19              		.file 1 "Drivers/STM32F4xx_HAL_Driver/Src/stm32f4xx_ll_gpio.c"
  20              		.section	.text.LL_GPIO_SetPinMode,"ax",%progbits
  21              		.align	1
  22              		.syntax unified
  23              		.thumb
  24              		.thumb_func
  26              	LL_GPIO_SetPinMode:
  27              	.LVL0:
  28              	.LFB134:
  29              		.file 2 "Drivers/STM32F4xx_HAL_Driver/Inc/stm32f4xx_ll_gpio.h"
   1:Drivers/STM32F4xx_HAL_Driver/Inc/stm32f4xx_ll_gpio.h **** /**
   2:Drivers/STM32F4xx_HAL_Driver/Inc/stm32f4xx_ll_gpio.h ****   ******************************************************************************
   3:Drivers/STM32F4xx_HAL_Driver/Inc/stm32f4xx_ll_gpio.h ****   * @file    stm32f4xx_ll_gpio.h
   4:Drivers/STM32F4xx_HAL_Driver/Inc/stm32f4xx_ll_gpio.h ****   * @author  MCD Application Team
   5:Drivers/STM32F4xx_HAL_Driver/Inc/stm32f4xx_ll_gpio.h ****   * @brief   Header file of GPIO LL module.
   6:Drivers/STM32F4xx_HAL_Driver/Inc/stm32f4xx_ll_gpio.h ****   ******************************************************************************
   7:Drivers/STM32F4xx_HAL_Driver/Inc/stm32f4xx_ll_gpio.h ****   * @attention
   8:Drivers/STM32F4xx_HAL_Driver/Inc/stm32f4xx_ll_gpio.h ****   *
   9:Drivers/STM32F4xx_HAL_Driver/Inc/stm32f4xx_ll_gpio.h ****   * Copyright (c) 2017 STMicroelectronics.
  10:Drivers/STM32F4xx_HAL_Driver/Inc/stm32f4xx_ll_gpio.h ****   * All rights reserved.
  11:Drivers/STM32F4xx_HAL_Driver/Inc/stm32f4xx_ll_gpio.h ****   *
  12:Drivers/STM32F4xx_HAL_Driver/Inc/stm32f4xx_ll_gpio.h ****   * This software is licensed under terms that can be found in the LICENSE file
  13:Drivers/STM32F4xx_HAL_Driver/Inc/stm32f4xx_ll_gpio.h ****   * in the root directory of this software component.
  14:Drivers/STM32F4xx_HAL_Driver/Inc/stm32f4xx_ll_gpio.h ****   * If no LICENSE file comes with this software, it is provided AS-IS.
  15:Drivers/STM32F4xx_HAL_Driver/Inc/stm32f4xx_ll_gpio.h ****   *
  16:Drivers/STM32F4xx_HAL_Driver/Inc/stm32f4xx_ll_gpio.h ****   ******************************************************************************
  17:Drivers/STM32F4xx_HAL_Driver/Inc/stm32f4xx_ll_gpio.h ****   */
  18:Drivers/STM32F4xx_HAL_Driver/Inc/stm32f4xx_ll_gpio.h **** 
  19:Drivers/STM32F4xx_HAL_Driver/Inc/stm32f4xx_ll_gpio.h **** /* Define to prevent recursive inclusion -------------------------------------*/
  20:Drivers/STM32F4xx_HAL_Driver/Inc/stm32f4xx_ll_gpio.h **** #ifndef __STM32F4xx_LL_GPIO_H
  21:Drivers/STM32F4xx_HAL_Driver/Inc/stm32f4xx_ll_gpio.h **** #define __STM32F4xx_LL_GPIO_H
  22:Drivers/STM32F4xx_HAL_Driver/Inc/stm32f4xx_ll_gpio.h **** 
  23:Drivers/STM32F4xx_HAL_Driver/Inc/stm32f4xx_ll_gpio.h **** #ifdef __cplusplus
  24:Drivers/STM32F4xx_HAL_Driver/Inc/stm32f4xx_ll_gpio.h **** extern "C" {
  25:Drivers/STM32F4xx_HAL_Driver/Inc/stm32f4xx_ll_gpio.h **** #endif
  26:Drivers/STM32F4xx_HAL_Driver/Inc/stm32f4xx_ll_gpio.h **** 
  27:Drivers/STM32F4xx_HAL_Driver/Inc/stm32f4xx_ll_gpio.h **** /* Includes ------------------------------------------------------------------*/
  28:Drivers/STM32F4xx_HAL_Driver/Inc/stm32f4xx_ll_gpio.h **** #include "stm32f4xx.h"
  29:Drivers/STM32F4xx_HAL_Driver/Inc/stm32f4xx_ll_gpio.h **** 
ARM GAS  C:\Users\chris\AppData\Local\Temp\ccrcjOEk.s 			page 2


  30:Drivers/STM32F4xx_HAL_Driver/Inc/stm32f4xx_ll_gpio.h **** /** @addtogroup STM32F4xx_LL_Driver
  31:Drivers/STM32F4xx_HAL_Driver/Inc/stm32f4xx_ll_gpio.h ****   * @{
  32:Drivers/STM32F4xx_HAL_Driver/Inc/stm32f4xx_ll_gpio.h ****   */
  33:Drivers/STM32F4xx_HAL_Driver/Inc/stm32f4xx_ll_gpio.h **** 
  34:Drivers/STM32F4xx_HAL_Driver/Inc/stm32f4xx_ll_gpio.h **** #if defined (GPIOA) || defined (GPIOB) || defined (GPIOC) || defined (GPIOD) || defined (GPIOE) || 
  35:Drivers/STM32F4xx_HAL_Driver/Inc/stm32f4xx_ll_gpio.h **** 
  36:Drivers/STM32F4xx_HAL_Driver/Inc/stm32f4xx_ll_gpio.h **** /** @defgroup GPIO_LL GPIO
  37:Drivers/STM32F4xx_HAL_Driver/Inc/stm32f4xx_ll_gpio.h ****   * @{
  38:Drivers/STM32F4xx_HAL_Driver/Inc/stm32f4xx_ll_gpio.h ****   */
  39:Drivers/STM32F4xx_HAL_Driver/Inc/stm32f4xx_ll_gpio.h **** 
  40:Drivers/STM32F4xx_HAL_Driver/Inc/stm32f4xx_ll_gpio.h **** /* Private types -------------------------------------------------------------*/
  41:Drivers/STM32F4xx_HAL_Driver/Inc/stm32f4xx_ll_gpio.h **** /* Private variables ---------------------------------------------------------*/
  42:Drivers/STM32F4xx_HAL_Driver/Inc/stm32f4xx_ll_gpio.h **** /* Private constants ---------------------------------------------------------*/
  43:Drivers/STM32F4xx_HAL_Driver/Inc/stm32f4xx_ll_gpio.h **** /* Private macros ------------------------------------------------------------*/
  44:Drivers/STM32F4xx_HAL_Driver/Inc/stm32f4xx_ll_gpio.h **** #if defined(USE_FULL_LL_DRIVER)
  45:Drivers/STM32F4xx_HAL_Driver/Inc/stm32f4xx_ll_gpio.h **** /** @defgroup GPIO_LL_Private_Macros GPIO Private Macros
  46:Drivers/STM32F4xx_HAL_Driver/Inc/stm32f4xx_ll_gpio.h ****   * @{
  47:Drivers/STM32F4xx_HAL_Driver/Inc/stm32f4xx_ll_gpio.h ****   */
  48:Drivers/STM32F4xx_HAL_Driver/Inc/stm32f4xx_ll_gpio.h **** 
  49:Drivers/STM32F4xx_HAL_Driver/Inc/stm32f4xx_ll_gpio.h **** /**
  50:Drivers/STM32F4xx_HAL_Driver/Inc/stm32f4xx_ll_gpio.h ****   * @}
  51:Drivers/STM32F4xx_HAL_Driver/Inc/stm32f4xx_ll_gpio.h ****   */
  52:Drivers/STM32F4xx_HAL_Driver/Inc/stm32f4xx_ll_gpio.h **** #endif /*USE_FULL_LL_DRIVER*/
  53:Drivers/STM32F4xx_HAL_Driver/Inc/stm32f4xx_ll_gpio.h **** 
  54:Drivers/STM32F4xx_HAL_Driver/Inc/stm32f4xx_ll_gpio.h **** /* Exported types ------------------------------------------------------------*/
  55:Drivers/STM32F4xx_HAL_Driver/Inc/stm32f4xx_ll_gpio.h **** #if defined(USE_FULL_LL_DRIVER)
  56:Drivers/STM32F4xx_HAL_Driver/Inc/stm32f4xx_ll_gpio.h **** /** @defgroup GPIO_LL_ES_INIT GPIO Exported Init structures
  57:Drivers/STM32F4xx_HAL_Driver/Inc/stm32f4xx_ll_gpio.h ****   * @{
  58:Drivers/STM32F4xx_HAL_Driver/Inc/stm32f4xx_ll_gpio.h ****   */
  59:Drivers/STM32F4xx_HAL_Driver/Inc/stm32f4xx_ll_gpio.h **** 
  60:Drivers/STM32F4xx_HAL_Driver/Inc/stm32f4xx_ll_gpio.h **** /**
  61:Drivers/STM32F4xx_HAL_Driver/Inc/stm32f4xx_ll_gpio.h ****   * @brief LL GPIO Init Structure definition
  62:Drivers/STM32F4xx_HAL_Driver/Inc/stm32f4xx_ll_gpio.h ****   */
  63:Drivers/STM32F4xx_HAL_Driver/Inc/stm32f4xx_ll_gpio.h **** typedef struct
  64:Drivers/STM32F4xx_HAL_Driver/Inc/stm32f4xx_ll_gpio.h **** {
  65:Drivers/STM32F4xx_HAL_Driver/Inc/stm32f4xx_ll_gpio.h ****   uint32_t Pin;          /*!< Specifies the GPIO pins to be configured.
  66:Drivers/STM32F4xx_HAL_Driver/Inc/stm32f4xx_ll_gpio.h ****                               This parameter can be any value of @ref GPIO_LL_EC_PIN */
  67:Drivers/STM32F4xx_HAL_Driver/Inc/stm32f4xx_ll_gpio.h **** 
  68:Drivers/STM32F4xx_HAL_Driver/Inc/stm32f4xx_ll_gpio.h ****   uint32_t Mode;         /*!< Specifies the operating mode for the selected pins.
  69:Drivers/STM32F4xx_HAL_Driver/Inc/stm32f4xx_ll_gpio.h ****                               This parameter can be a value of @ref GPIO_LL_EC_MODE.
  70:Drivers/STM32F4xx_HAL_Driver/Inc/stm32f4xx_ll_gpio.h **** 
  71:Drivers/STM32F4xx_HAL_Driver/Inc/stm32f4xx_ll_gpio.h ****                               GPIO HW configuration can be modified afterwards using unitary functi
  72:Drivers/STM32F4xx_HAL_Driver/Inc/stm32f4xx_ll_gpio.h **** 
  73:Drivers/STM32F4xx_HAL_Driver/Inc/stm32f4xx_ll_gpio.h ****   uint32_t Speed;        /*!< Specifies the speed for the selected pins.
  74:Drivers/STM32F4xx_HAL_Driver/Inc/stm32f4xx_ll_gpio.h ****                               This parameter can be a value of @ref GPIO_LL_EC_SPEED.
  75:Drivers/STM32F4xx_HAL_Driver/Inc/stm32f4xx_ll_gpio.h **** 
  76:Drivers/STM32F4xx_HAL_Driver/Inc/stm32f4xx_ll_gpio.h ****                               GPIO HW configuration can be modified afterwards using unitary functi
  77:Drivers/STM32F4xx_HAL_Driver/Inc/stm32f4xx_ll_gpio.h **** 
  78:Drivers/STM32F4xx_HAL_Driver/Inc/stm32f4xx_ll_gpio.h ****   uint32_t OutputType;   /*!< Specifies the operating output type for the selected pins.
  79:Drivers/STM32F4xx_HAL_Driver/Inc/stm32f4xx_ll_gpio.h ****                               This parameter can be a value of @ref GPIO_LL_EC_OUTPUT.
  80:Drivers/STM32F4xx_HAL_Driver/Inc/stm32f4xx_ll_gpio.h **** 
  81:Drivers/STM32F4xx_HAL_Driver/Inc/stm32f4xx_ll_gpio.h ****                               GPIO HW configuration can be modified afterwards using unitary functi
  82:Drivers/STM32F4xx_HAL_Driver/Inc/stm32f4xx_ll_gpio.h **** 
  83:Drivers/STM32F4xx_HAL_Driver/Inc/stm32f4xx_ll_gpio.h ****   uint32_t Pull;         /*!< Specifies the operating Pull-up/Pull down for the selected pins.
  84:Drivers/STM32F4xx_HAL_Driver/Inc/stm32f4xx_ll_gpio.h ****                               This parameter can be a value of @ref GPIO_LL_EC_PULL.
  85:Drivers/STM32F4xx_HAL_Driver/Inc/stm32f4xx_ll_gpio.h **** 
  86:Drivers/STM32F4xx_HAL_Driver/Inc/stm32f4xx_ll_gpio.h ****                               GPIO HW configuration can be modified afterwards using unitary functi
ARM GAS  C:\Users\chris\AppData\Local\Temp\ccrcjOEk.s 			page 3


  87:Drivers/STM32F4xx_HAL_Driver/Inc/stm32f4xx_ll_gpio.h **** 
  88:Drivers/STM32F4xx_HAL_Driver/Inc/stm32f4xx_ll_gpio.h ****   uint32_t Alternate;    /*!< Specifies the Peripheral to be connected to the selected pins.
  89:Drivers/STM32F4xx_HAL_Driver/Inc/stm32f4xx_ll_gpio.h ****                               This parameter can be a value of @ref GPIO_LL_EC_AF.
  90:Drivers/STM32F4xx_HAL_Driver/Inc/stm32f4xx_ll_gpio.h **** 
  91:Drivers/STM32F4xx_HAL_Driver/Inc/stm32f4xx_ll_gpio.h ****                               GPIO HW configuration can be modified afterwards using unitary functi
  92:Drivers/STM32F4xx_HAL_Driver/Inc/stm32f4xx_ll_gpio.h **** } LL_GPIO_InitTypeDef;
  93:Drivers/STM32F4xx_HAL_Driver/Inc/stm32f4xx_ll_gpio.h **** 
  94:Drivers/STM32F4xx_HAL_Driver/Inc/stm32f4xx_ll_gpio.h **** /**
  95:Drivers/STM32F4xx_HAL_Driver/Inc/stm32f4xx_ll_gpio.h ****   * @}
  96:Drivers/STM32F4xx_HAL_Driver/Inc/stm32f4xx_ll_gpio.h ****   */
  97:Drivers/STM32F4xx_HAL_Driver/Inc/stm32f4xx_ll_gpio.h **** #endif /* USE_FULL_LL_DRIVER */
  98:Drivers/STM32F4xx_HAL_Driver/Inc/stm32f4xx_ll_gpio.h **** 
  99:Drivers/STM32F4xx_HAL_Driver/Inc/stm32f4xx_ll_gpio.h **** /* Exported constants --------------------------------------------------------*/
 100:Drivers/STM32F4xx_HAL_Driver/Inc/stm32f4xx_ll_gpio.h **** /** @defgroup GPIO_LL_Exported_Constants GPIO Exported Constants
 101:Drivers/STM32F4xx_HAL_Driver/Inc/stm32f4xx_ll_gpio.h ****   * @{
 102:Drivers/STM32F4xx_HAL_Driver/Inc/stm32f4xx_ll_gpio.h ****   */
 103:Drivers/STM32F4xx_HAL_Driver/Inc/stm32f4xx_ll_gpio.h **** 
 104:Drivers/STM32F4xx_HAL_Driver/Inc/stm32f4xx_ll_gpio.h **** /** @defgroup GPIO_LL_EC_PIN PIN
 105:Drivers/STM32F4xx_HAL_Driver/Inc/stm32f4xx_ll_gpio.h ****   * @{
 106:Drivers/STM32F4xx_HAL_Driver/Inc/stm32f4xx_ll_gpio.h ****   */
 107:Drivers/STM32F4xx_HAL_Driver/Inc/stm32f4xx_ll_gpio.h **** #define LL_GPIO_PIN_0                      GPIO_BSRR_BS_0 /*!< Select pin 0 */
 108:Drivers/STM32F4xx_HAL_Driver/Inc/stm32f4xx_ll_gpio.h **** #define LL_GPIO_PIN_1                      GPIO_BSRR_BS_1 /*!< Select pin 1 */
 109:Drivers/STM32F4xx_HAL_Driver/Inc/stm32f4xx_ll_gpio.h **** #define LL_GPIO_PIN_2                      GPIO_BSRR_BS_2 /*!< Select pin 2 */
 110:Drivers/STM32F4xx_HAL_Driver/Inc/stm32f4xx_ll_gpio.h **** #define LL_GPIO_PIN_3                      GPIO_BSRR_BS_3 /*!< Select pin 3 */
 111:Drivers/STM32F4xx_HAL_Driver/Inc/stm32f4xx_ll_gpio.h **** #define LL_GPIO_PIN_4                      GPIO_BSRR_BS_4 /*!< Select pin 4 */
 112:Drivers/STM32F4xx_HAL_Driver/Inc/stm32f4xx_ll_gpio.h **** #define LL_GPIO_PIN_5                      GPIO_BSRR_BS_5 /*!< Select pin 5 */
 113:Drivers/STM32F4xx_HAL_Driver/Inc/stm32f4xx_ll_gpio.h **** #define LL_GPIO_PIN_6                      GPIO_BSRR_BS_6 /*!< Select pin 6 */
 114:Drivers/STM32F4xx_HAL_Driver/Inc/stm32f4xx_ll_gpio.h **** #define LL_GPIO_PIN_7                      GPIO_BSRR_BS_7 /*!< Select pin 7 */
 115:Drivers/STM32F4xx_HAL_Driver/Inc/stm32f4xx_ll_gpio.h **** #define LL_GPIO_PIN_8                      GPIO_BSRR_BS_8 /*!< Select pin 8 */
 116:Drivers/STM32F4xx_HAL_Driver/Inc/stm32f4xx_ll_gpio.h **** #define LL_GPIO_PIN_9                      GPIO_BSRR_BS_9 /*!< Select pin 9 */
 117:Drivers/STM32F4xx_HAL_Driver/Inc/stm32f4xx_ll_gpio.h **** #define LL_GPIO_PIN_10                     GPIO_BSRR_BS_10 /*!< Select pin 10 */
 118:Drivers/STM32F4xx_HAL_Driver/Inc/stm32f4xx_ll_gpio.h **** #define LL_GPIO_PIN_11                     GPIO_BSRR_BS_11 /*!< Select pin 11 */
 119:Drivers/STM32F4xx_HAL_Driver/Inc/stm32f4xx_ll_gpio.h **** #define LL_GPIO_PIN_12                     GPIO_BSRR_BS_12 /*!< Select pin 12 */
 120:Drivers/STM32F4xx_HAL_Driver/Inc/stm32f4xx_ll_gpio.h **** #define LL_GPIO_PIN_13                     GPIO_BSRR_BS_13 /*!< Select pin 13 */
 121:Drivers/STM32F4xx_HAL_Driver/Inc/stm32f4xx_ll_gpio.h **** #define LL_GPIO_PIN_14                     GPIO_BSRR_BS_14 /*!< Select pin 14 */
 122:Drivers/STM32F4xx_HAL_Driver/Inc/stm32f4xx_ll_gpio.h **** #define LL_GPIO_PIN_15                     GPIO_BSRR_BS_15 /*!< Select pin 15 */
 123:Drivers/STM32F4xx_HAL_Driver/Inc/stm32f4xx_ll_gpio.h **** #define LL_GPIO_PIN_ALL                    (GPIO_BSRR_BS_0 | GPIO_BSRR_BS_1  | GPIO_BSRR_BS_2  | \
 124:Drivers/STM32F4xx_HAL_Driver/Inc/stm32f4xx_ll_gpio.h ****                                            GPIO_BSRR_BS_3  | GPIO_BSRR_BS_4  | GPIO_BSRR_BS_5  | \
 125:Drivers/STM32F4xx_HAL_Driver/Inc/stm32f4xx_ll_gpio.h ****                                            GPIO_BSRR_BS_6  | GPIO_BSRR_BS_7  | GPIO_BSRR_BS_8  | \
 126:Drivers/STM32F4xx_HAL_Driver/Inc/stm32f4xx_ll_gpio.h ****                                            GPIO_BSRR_BS_9  | GPIO_BSRR_BS_10 | GPIO_BSRR_BS_11 | \
 127:Drivers/STM32F4xx_HAL_Driver/Inc/stm32f4xx_ll_gpio.h ****                                            GPIO_BSRR_BS_12 | GPIO_BSRR_BS_13 | GPIO_BSRR_BS_14 | \
 128:Drivers/STM32F4xx_HAL_Driver/Inc/stm32f4xx_ll_gpio.h ****                                            GPIO_BSRR_BS_15) /*!< Select all pins */
 129:Drivers/STM32F4xx_HAL_Driver/Inc/stm32f4xx_ll_gpio.h **** /**
 130:Drivers/STM32F4xx_HAL_Driver/Inc/stm32f4xx_ll_gpio.h ****   * @}
 131:Drivers/STM32F4xx_HAL_Driver/Inc/stm32f4xx_ll_gpio.h ****   */
 132:Drivers/STM32F4xx_HAL_Driver/Inc/stm32f4xx_ll_gpio.h **** 
 133:Drivers/STM32F4xx_HAL_Driver/Inc/stm32f4xx_ll_gpio.h **** /** @defgroup GPIO_LL_EC_MODE Mode
 134:Drivers/STM32F4xx_HAL_Driver/Inc/stm32f4xx_ll_gpio.h ****   * @{
 135:Drivers/STM32F4xx_HAL_Driver/Inc/stm32f4xx_ll_gpio.h ****   */
 136:Drivers/STM32F4xx_HAL_Driver/Inc/stm32f4xx_ll_gpio.h **** #define LL_GPIO_MODE_INPUT                 (0x00000000U) /*!< Select input mode */
 137:Drivers/STM32F4xx_HAL_Driver/Inc/stm32f4xx_ll_gpio.h **** #define LL_GPIO_MODE_OUTPUT                GPIO_MODER_MODER0_0  /*!< Select output mode */
 138:Drivers/STM32F4xx_HAL_Driver/Inc/stm32f4xx_ll_gpio.h **** #define LL_GPIO_MODE_ALTERNATE             GPIO_MODER_MODER0_1  /*!< Select alternate function mode
 139:Drivers/STM32F4xx_HAL_Driver/Inc/stm32f4xx_ll_gpio.h **** #define LL_GPIO_MODE_ANALOG                GPIO_MODER_MODER0    /*!< Select analog mode */
 140:Drivers/STM32F4xx_HAL_Driver/Inc/stm32f4xx_ll_gpio.h **** /**
 141:Drivers/STM32F4xx_HAL_Driver/Inc/stm32f4xx_ll_gpio.h ****   * @}
 142:Drivers/STM32F4xx_HAL_Driver/Inc/stm32f4xx_ll_gpio.h ****   */
 143:Drivers/STM32F4xx_HAL_Driver/Inc/stm32f4xx_ll_gpio.h **** 
ARM GAS  C:\Users\chris\AppData\Local\Temp\ccrcjOEk.s 			page 4


 144:Drivers/STM32F4xx_HAL_Driver/Inc/stm32f4xx_ll_gpio.h **** /** @defgroup GPIO_LL_EC_OUTPUT Output Type
 145:Drivers/STM32F4xx_HAL_Driver/Inc/stm32f4xx_ll_gpio.h ****   * @{
 146:Drivers/STM32F4xx_HAL_Driver/Inc/stm32f4xx_ll_gpio.h ****   */
 147:Drivers/STM32F4xx_HAL_Driver/Inc/stm32f4xx_ll_gpio.h **** #define LL_GPIO_OUTPUT_PUSHPULL            (0x00000000U) /*!< Select push-pull as output type */
 148:Drivers/STM32F4xx_HAL_Driver/Inc/stm32f4xx_ll_gpio.h **** #define LL_GPIO_OUTPUT_OPENDRAIN           GPIO_OTYPER_OT_0 /*!< Select open-drain as output type *
 149:Drivers/STM32F4xx_HAL_Driver/Inc/stm32f4xx_ll_gpio.h **** /**
 150:Drivers/STM32F4xx_HAL_Driver/Inc/stm32f4xx_ll_gpio.h ****   * @}
 151:Drivers/STM32F4xx_HAL_Driver/Inc/stm32f4xx_ll_gpio.h ****   */
 152:Drivers/STM32F4xx_HAL_Driver/Inc/stm32f4xx_ll_gpio.h **** 
 153:Drivers/STM32F4xx_HAL_Driver/Inc/stm32f4xx_ll_gpio.h **** /** @defgroup GPIO_LL_EC_SPEED Output Speed
 154:Drivers/STM32F4xx_HAL_Driver/Inc/stm32f4xx_ll_gpio.h ****   * @{
 155:Drivers/STM32F4xx_HAL_Driver/Inc/stm32f4xx_ll_gpio.h ****   */
 156:Drivers/STM32F4xx_HAL_Driver/Inc/stm32f4xx_ll_gpio.h **** #define LL_GPIO_SPEED_FREQ_LOW             (0x00000000U) /*!< Select I/O low output speed    */
 157:Drivers/STM32F4xx_HAL_Driver/Inc/stm32f4xx_ll_gpio.h **** #define LL_GPIO_SPEED_FREQ_MEDIUM          GPIO_OSPEEDER_OSPEEDR0_0 /*!< Select I/O medium output s
 158:Drivers/STM32F4xx_HAL_Driver/Inc/stm32f4xx_ll_gpio.h **** #define LL_GPIO_SPEED_FREQ_HIGH            GPIO_OSPEEDER_OSPEEDR0_1 /*!< Select I/O fast output spe
 159:Drivers/STM32F4xx_HAL_Driver/Inc/stm32f4xx_ll_gpio.h **** #define LL_GPIO_SPEED_FREQ_VERY_HIGH       GPIO_OSPEEDER_OSPEEDR0   /*!< Select I/O high output spe
 160:Drivers/STM32F4xx_HAL_Driver/Inc/stm32f4xx_ll_gpio.h **** /**
 161:Drivers/STM32F4xx_HAL_Driver/Inc/stm32f4xx_ll_gpio.h ****   * @}
 162:Drivers/STM32F4xx_HAL_Driver/Inc/stm32f4xx_ll_gpio.h ****   */
 163:Drivers/STM32F4xx_HAL_Driver/Inc/stm32f4xx_ll_gpio.h **** 
 164:Drivers/STM32F4xx_HAL_Driver/Inc/stm32f4xx_ll_gpio.h **** /** @defgroup GPIO_LL_EC_PULL Pull Up Pull Down
 165:Drivers/STM32F4xx_HAL_Driver/Inc/stm32f4xx_ll_gpio.h ****   * @{
 166:Drivers/STM32F4xx_HAL_Driver/Inc/stm32f4xx_ll_gpio.h ****   */
 167:Drivers/STM32F4xx_HAL_Driver/Inc/stm32f4xx_ll_gpio.h **** #define LL_GPIO_PULL_NO                    (0x00000000U) /*!< Select I/O no pull */
 168:Drivers/STM32F4xx_HAL_Driver/Inc/stm32f4xx_ll_gpio.h **** #define LL_GPIO_PULL_UP                    GPIO_PUPDR_PUPDR0_0 /*!< Select I/O pull up */
 169:Drivers/STM32F4xx_HAL_Driver/Inc/stm32f4xx_ll_gpio.h **** #define LL_GPIO_PULL_DOWN                  GPIO_PUPDR_PUPDR0_1 /*!< Select I/O pull down */
 170:Drivers/STM32F4xx_HAL_Driver/Inc/stm32f4xx_ll_gpio.h **** /**
 171:Drivers/STM32F4xx_HAL_Driver/Inc/stm32f4xx_ll_gpio.h ****   * @}
 172:Drivers/STM32F4xx_HAL_Driver/Inc/stm32f4xx_ll_gpio.h ****   */
 173:Drivers/STM32F4xx_HAL_Driver/Inc/stm32f4xx_ll_gpio.h **** 
 174:Drivers/STM32F4xx_HAL_Driver/Inc/stm32f4xx_ll_gpio.h **** /** @defgroup GPIO_LL_EC_AF Alternate Function
 175:Drivers/STM32F4xx_HAL_Driver/Inc/stm32f4xx_ll_gpio.h ****   * @{
 176:Drivers/STM32F4xx_HAL_Driver/Inc/stm32f4xx_ll_gpio.h ****   */
 177:Drivers/STM32F4xx_HAL_Driver/Inc/stm32f4xx_ll_gpio.h **** #define LL_GPIO_AF_0                       (0x0000000U) /*!< Select alternate function 0 */
 178:Drivers/STM32F4xx_HAL_Driver/Inc/stm32f4xx_ll_gpio.h **** #define LL_GPIO_AF_1                       (0x0000001U) /*!< Select alternate function 1 */
 179:Drivers/STM32F4xx_HAL_Driver/Inc/stm32f4xx_ll_gpio.h **** #define LL_GPIO_AF_2                       (0x0000002U) /*!< Select alternate function 2 */
 180:Drivers/STM32F4xx_HAL_Driver/Inc/stm32f4xx_ll_gpio.h **** #define LL_GPIO_AF_3                       (0x0000003U) /*!< Select alternate function 3 */
 181:Drivers/STM32F4xx_HAL_Driver/Inc/stm32f4xx_ll_gpio.h **** #define LL_GPIO_AF_4                       (0x0000004U) /*!< Select alternate function 4 */
 182:Drivers/STM32F4xx_HAL_Driver/Inc/stm32f4xx_ll_gpio.h **** #define LL_GPIO_AF_5                       (0x0000005U) /*!< Select alternate function 5 */
 183:Drivers/STM32F4xx_HAL_Driver/Inc/stm32f4xx_ll_gpio.h **** #define LL_GPIO_AF_6                       (0x0000006U) /*!< Select alternate function 6 */
 184:Drivers/STM32F4xx_HAL_Driver/Inc/stm32f4xx_ll_gpio.h **** #define LL_GPIO_AF_7                       (0x0000007U) /*!< Select alternate function 7 */
 185:Drivers/STM32F4xx_HAL_Driver/Inc/stm32f4xx_ll_gpio.h **** #define LL_GPIO_AF_8                       (0x0000008U) /*!< Select alternate function 8 */
 186:Drivers/STM32F4xx_HAL_Driver/Inc/stm32f4xx_ll_gpio.h **** #define LL_GPIO_AF_9                       (0x0000009U) /*!< Select alternate function 9 */
 187:Drivers/STM32F4xx_HAL_Driver/Inc/stm32f4xx_ll_gpio.h **** #define LL_GPIO_AF_10                      (0x000000AU) /*!< Select alternate function 10 */
 188:Drivers/STM32F4xx_HAL_Driver/Inc/stm32f4xx_ll_gpio.h **** #define LL_GPIO_AF_11                      (0x000000BU) /*!< Select alternate function 11 */
 189:Drivers/STM32F4xx_HAL_Driver/Inc/stm32f4xx_ll_gpio.h **** #define LL_GPIO_AF_12                      (0x000000CU) /*!< Select alternate function 12 */
 190:Drivers/STM32F4xx_HAL_Driver/Inc/stm32f4xx_ll_gpio.h **** #define LL_GPIO_AF_13                      (0x000000DU) /*!< Select alternate function 13 */
 191:Drivers/STM32F4xx_HAL_Driver/Inc/stm32f4xx_ll_gpio.h **** #define LL_GPIO_AF_14                      (0x000000EU) /*!< Select alternate function 14 */
 192:Drivers/STM32F4xx_HAL_Driver/Inc/stm32f4xx_ll_gpio.h **** #define LL_GPIO_AF_15                      (0x000000FU) /*!< Select alternate function 15 */
 193:Drivers/STM32F4xx_HAL_Driver/Inc/stm32f4xx_ll_gpio.h **** /**
 194:Drivers/STM32F4xx_HAL_Driver/Inc/stm32f4xx_ll_gpio.h ****   * @}
 195:Drivers/STM32F4xx_HAL_Driver/Inc/stm32f4xx_ll_gpio.h ****   */
 196:Drivers/STM32F4xx_HAL_Driver/Inc/stm32f4xx_ll_gpio.h **** 
 197:Drivers/STM32F4xx_HAL_Driver/Inc/stm32f4xx_ll_gpio.h **** /**
 198:Drivers/STM32F4xx_HAL_Driver/Inc/stm32f4xx_ll_gpio.h ****   * @}
 199:Drivers/STM32F4xx_HAL_Driver/Inc/stm32f4xx_ll_gpio.h ****   */
 200:Drivers/STM32F4xx_HAL_Driver/Inc/stm32f4xx_ll_gpio.h **** 
ARM GAS  C:\Users\chris\AppData\Local\Temp\ccrcjOEk.s 			page 5


 201:Drivers/STM32F4xx_HAL_Driver/Inc/stm32f4xx_ll_gpio.h **** /* Exported macro ------------------------------------------------------------*/
 202:Drivers/STM32F4xx_HAL_Driver/Inc/stm32f4xx_ll_gpio.h **** /** @defgroup GPIO_LL_Exported_Macros GPIO Exported Macros
 203:Drivers/STM32F4xx_HAL_Driver/Inc/stm32f4xx_ll_gpio.h ****   * @{
 204:Drivers/STM32F4xx_HAL_Driver/Inc/stm32f4xx_ll_gpio.h ****   */
 205:Drivers/STM32F4xx_HAL_Driver/Inc/stm32f4xx_ll_gpio.h **** 
 206:Drivers/STM32F4xx_HAL_Driver/Inc/stm32f4xx_ll_gpio.h **** /** @defgroup GPIO_LL_EM_WRITE_READ Common Write and read registers Macros
 207:Drivers/STM32F4xx_HAL_Driver/Inc/stm32f4xx_ll_gpio.h ****   * @{
 208:Drivers/STM32F4xx_HAL_Driver/Inc/stm32f4xx_ll_gpio.h ****   */
 209:Drivers/STM32F4xx_HAL_Driver/Inc/stm32f4xx_ll_gpio.h **** 
 210:Drivers/STM32F4xx_HAL_Driver/Inc/stm32f4xx_ll_gpio.h **** /**
 211:Drivers/STM32F4xx_HAL_Driver/Inc/stm32f4xx_ll_gpio.h ****   * @brief  Write a value in GPIO register
 212:Drivers/STM32F4xx_HAL_Driver/Inc/stm32f4xx_ll_gpio.h ****   * @param  __INSTANCE__ GPIO Instance
 213:Drivers/STM32F4xx_HAL_Driver/Inc/stm32f4xx_ll_gpio.h ****   * @param  __REG__ Register to be written
 214:Drivers/STM32F4xx_HAL_Driver/Inc/stm32f4xx_ll_gpio.h ****   * @param  __VALUE__ Value to be written in the register
 215:Drivers/STM32F4xx_HAL_Driver/Inc/stm32f4xx_ll_gpio.h ****   * @retval None
 216:Drivers/STM32F4xx_HAL_Driver/Inc/stm32f4xx_ll_gpio.h ****   */
 217:Drivers/STM32F4xx_HAL_Driver/Inc/stm32f4xx_ll_gpio.h **** #define LL_GPIO_WriteReg(__INSTANCE__, __REG__, __VALUE__) WRITE_REG(__INSTANCE__->__REG__, (__VALU
 218:Drivers/STM32F4xx_HAL_Driver/Inc/stm32f4xx_ll_gpio.h **** 
 219:Drivers/STM32F4xx_HAL_Driver/Inc/stm32f4xx_ll_gpio.h **** /**
 220:Drivers/STM32F4xx_HAL_Driver/Inc/stm32f4xx_ll_gpio.h ****   * @brief  Read a value in GPIO register
 221:Drivers/STM32F4xx_HAL_Driver/Inc/stm32f4xx_ll_gpio.h ****   * @param  __INSTANCE__ GPIO Instance
 222:Drivers/STM32F4xx_HAL_Driver/Inc/stm32f4xx_ll_gpio.h ****   * @param  __REG__ Register to be read
 223:Drivers/STM32F4xx_HAL_Driver/Inc/stm32f4xx_ll_gpio.h ****   * @retval Register value
 224:Drivers/STM32F4xx_HAL_Driver/Inc/stm32f4xx_ll_gpio.h ****   */
 225:Drivers/STM32F4xx_HAL_Driver/Inc/stm32f4xx_ll_gpio.h **** #define LL_GPIO_ReadReg(__INSTANCE__, __REG__) READ_REG(__INSTANCE__->__REG__)
 226:Drivers/STM32F4xx_HAL_Driver/Inc/stm32f4xx_ll_gpio.h **** /**
 227:Drivers/STM32F4xx_HAL_Driver/Inc/stm32f4xx_ll_gpio.h ****   * @}
 228:Drivers/STM32F4xx_HAL_Driver/Inc/stm32f4xx_ll_gpio.h ****   */
 229:Drivers/STM32F4xx_HAL_Driver/Inc/stm32f4xx_ll_gpio.h **** 
 230:Drivers/STM32F4xx_HAL_Driver/Inc/stm32f4xx_ll_gpio.h **** /**
 231:Drivers/STM32F4xx_HAL_Driver/Inc/stm32f4xx_ll_gpio.h ****   * @}
 232:Drivers/STM32F4xx_HAL_Driver/Inc/stm32f4xx_ll_gpio.h ****   */
 233:Drivers/STM32F4xx_HAL_Driver/Inc/stm32f4xx_ll_gpio.h **** 
 234:Drivers/STM32F4xx_HAL_Driver/Inc/stm32f4xx_ll_gpio.h **** /* Exported functions --------------------------------------------------------*/
 235:Drivers/STM32F4xx_HAL_Driver/Inc/stm32f4xx_ll_gpio.h **** /** @defgroup GPIO_LL_Exported_Functions GPIO Exported Functions
 236:Drivers/STM32F4xx_HAL_Driver/Inc/stm32f4xx_ll_gpio.h ****   * @{
 237:Drivers/STM32F4xx_HAL_Driver/Inc/stm32f4xx_ll_gpio.h ****   */
 238:Drivers/STM32F4xx_HAL_Driver/Inc/stm32f4xx_ll_gpio.h **** 
 239:Drivers/STM32F4xx_HAL_Driver/Inc/stm32f4xx_ll_gpio.h **** /** @defgroup GPIO_LL_EF_Port_Configuration Port Configuration
 240:Drivers/STM32F4xx_HAL_Driver/Inc/stm32f4xx_ll_gpio.h ****   * @{
 241:Drivers/STM32F4xx_HAL_Driver/Inc/stm32f4xx_ll_gpio.h ****   */
 242:Drivers/STM32F4xx_HAL_Driver/Inc/stm32f4xx_ll_gpio.h **** 
 243:Drivers/STM32F4xx_HAL_Driver/Inc/stm32f4xx_ll_gpio.h **** /**
 244:Drivers/STM32F4xx_HAL_Driver/Inc/stm32f4xx_ll_gpio.h ****   * @brief  Configure gpio mode for a dedicated pin on dedicated port.
 245:Drivers/STM32F4xx_HAL_Driver/Inc/stm32f4xx_ll_gpio.h ****   * @note   I/O mode can be Input mode, General purpose output, Alternate function mode or Analog.
 246:Drivers/STM32F4xx_HAL_Driver/Inc/stm32f4xx_ll_gpio.h ****   * @note   Warning: only one pin can be passed as parameter.
 247:Drivers/STM32F4xx_HAL_Driver/Inc/stm32f4xx_ll_gpio.h ****   * @rmtoll MODER        MODEy         LL_GPIO_SetPinMode
 248:Drivers/STM32F4xx_HAL_Driver/Inc/stm32f4xx_ll_gpio.h ****   * @param  GPIOx GPIO Port
 249:Drivers/STM32F4xx_HAL_Driver/Inc/stm32f4xx_ll_gpio.h ****   * @param  Pin This parameter can be one of the following values:
 250:Drivers/STM32F4xx_HAL_Driver/Inc/stm32f4xx_ll_gpio.h ****   *         @arg @ref LL_GPIO_PIN_0
 251:Drivers/STM32F4xx_HAL_Driver/Inc/stm32f4xx_ll_gpio.h ****   *         @arg @ref LL_GPIO_PIN_1
 252:Drivers/STM32F4xx_HAL_Driver/Inc/stm32f4xx_ll_gpio.h ****   *         @arg @ref LL_GPIO_PIN_2
 253:Drivers/STM32F4xx_HAL_Driver/Inc/stm32f4xx_ll_gpio.h ****   *         @arg @ref LL_GPIO_PIN_3
 254:Drivers/STM32F4xx_HAL_Driver/Inc/stm32f4xx_ll_gpio.h ****   *         @arg @ref LL_GPIO_PIN_4
 255:Drivers/STM32F4xx_HAL_Driver/Inc/stm32f4xx_ll_gpio.h ****   *         @arg @ref LL_GPIO_PIN_5
 256:Drivers/STM32F4xx_HAL_Driver/Inc/stm32f4xx_ll_gpio.h ****   *         @arg @ref LL_GPIO_PIN_6
 257:Drivers/STM32F4xx_HAL_Driver/Inc/stm32f4xx_ll_gpio.h ****   *         @arg @ref LL_GPIO_PIN_7
ARM GAS  C:\Users\chris\AppData\Local\Temp\ccrcjOEk.s 			page 6


 258:Drivers/STM32F4xx_HAL_Driver/Inc/stm32f4xx_ll_gpio.h ****   *         @arg @ref LL_GPIO_PIN_8
 259:Drivers/STM32F4xx_HAL_Driver/Inc/stm32f4xx_ll_gpio.h ****   *         @arg @ref LL_GPIO_PIN_9
 260:Drivers/STM32F4xx_HAL_Driver/Inc/stm32f4xx_ll_gpio.h ****   *         @arg @ref LL_GPIO_PIN_10
 261:Drivers/STM32F4xx_HAL_Driver/Inc/stm32f4xx_ll_gpio.h ****   *         @arg @ref LL_GPIO_PIN_11
 262:Drivers/STM32F4xx_HAL_Driver/Inc/stm32f4xx_ll_gpio.h ****   *         @arg @ref LL_GPIO_PIN_12
 263:Drivers/STM32F4xx_HAL_Driver/Inc/stm32f4xx_ll_gpio.h ****   *         @arg @ref LL_GPIO_PIN_13
 264:Drivers/STM32F4xx_HAL_Driver/Inc/stm32f4xx_ll_gpio.h ****   *         @arg @ref LL_GPIO_PIN_14
 265:Drivers/STM32F4xx_HAL_Driver/Inc/stm32f4xx_ll_gpio.h ****   *         @arg @ref LL_GPIO_PIN_15
 266:Drivers/STM32F4xx_HAL_Driver/Inc/stm32f4xx_ll_gpio.h ****   * @param  Mode This parameter can be one of the following values:
 267:Drivers/STM32F4xx_HAL_Driver/Inc/stm32f4xx_ll_gpio.h ****   *         @arg @ref LL_GPIO_MODE_INPUT
 268:Drivers/STM32F4xx_HAL_Driver/Inc/stm32f4xx_ll_gpio.h ****   *         @arg @ref LL_GPIO_MODE_OUTPUT
 269:Drivers/STM32F4xx_HAL_Driver/Inc/stm32f4xx_ll_gpio.h ****   *         @arg @ref LL_GPIO_MODE_ALTERNATE
 270:Drivers/STM32F4xx_HAL_Driver/Inc/stm32f4xx_ll_gpio.h ****   *         @arg @ref LL_GPIO_MODE_ANALOG
 271:Drivers/STM32F4xx_HAL_Driver/Inc/stm32f4xx_ll_gpio.h ****   * @retval None
 272:Drivers/STM32F4xx_HAL_Driver/Inc/stm32f4xx_ll_gpio.h ****   */
 273:Drivers/STM32F4xx_HAL_Driver/Inc/stm32f4xx_ll_gpio.h **** __STATIC_INLINE void LL_GPIO_SetPinMode(GPIO_TypeDef *GPIOx, uint32_t Pin, uint32_t Mode)
 274:Drivers/STM32F4xx_HAL_Driver/Inc/stm32f4xx_ll_gpio.h **** {
  30              		.loc 2 274 1 view -0
  31              		.cfi_startproc
  32              		@ args = 0, pretend = 0, frame = 0
  33              		@ frame_needed = 0, uses_anonymous_args = 0
  34              		@ link register save eliminated.
  35              		.loc 2 274 1 is_stmt 0 view .LVU1
  36 0000 10B4     		push	{r4}
  37              	.LCFI0:
  38              		.cfi_def_cfa_offset 4
  39              		.cfi_offset 4, -4
 275:Drivers/STM32F4xx_HAL_Driver/Inc/stm32f4xx_ll_gpio.h ****   MODIFY_REG(GPIOx->MODER, (GPIO_MODER_MODER0 << (POSITION_VAL(Pin) * 2U)), (Mode << (POSITION_VAL(
  40              		.loc 2 275 3 is_stmt 1 view .LVU2
  41 0002 0468     		ldr	r4, [r0]
  42              	.LVL1:
  43              	.LBB84:
  44              	.LBI84:
  45              		.file 3 "Drivers/CMSIS/Include/cmsis_gcc.h"
   1:Drivers/CMSIS/Include/cmsis_gcc.h **** /**************************************************************************//**
   2:Drivers/CMSIS/Include/cmsis_gcc.h ****  * @file     cmsis_gcc.h
   3:Drivers/CMSIS/Include/cmsis_gcc.h ****  * @brief    CMSIS compiler GCC header file
   4:Drivers/CMSIS/Include/cmsis_gcc.h ****  * @version  V5.4.1
   5:Drivers/CMSIS/Include/cmsis_gcc.h ****  * @date     27. May 2021
   6:Drivers/CMSIS/Include/cmsis_gcc.h ****  ******************************************************************************/
   7:Drivers/CMSIS/Include/cmsis_gcc.h **** /*
   8:Drivers/CMSIS/Include/cmsis_gcc.h ****  * Copyright (c) 2009-2021 Arm Limited. All rights reserved.
   9:Drivers/CMSIS/Include/cmsis_gcc.h ****  *
  10:Drivers/CMSIS/Include/cmsis_gcc.h ****  * SPDX-License-Identifier: Apache-2.0
  11:Drivers/CMSIS/Include/cmsis_gcc.h ****  *
  12:Drivers/CMSIS/Include/cmsis_gcc.h ****  * Licensed under the Apache License, Version 2.0 (the License); you may
  13:Drivers/CMSIS/Include/cmsis_gcc.h ****  * not use this file except in compliance with the License.
  14:Drivers/CMSIS/Include/cmsis_gcc.h ****  * You may obtain a copy of the License at
  15:Drivers/CMSIS/Include/cmsis_gcc.h ****  *
  16:Drivers/CMSIS/Include/cmsis_gcc.h ****  * www.apache.org/licenses/LICENSE-2.0
  17:Drivers/CMSIS/Include/cmsis_gcc.h ****  *
  18:Drivers/CMSIS/Include/cmsis_gcc.h ****  * Unless required by applicable law or agreed to in writing, software
  19:Drivers/CMSIS/Include/cmsis_gcc.h ****  * distributed under the License is distributed on an AS IS BASIS, WITHOUT
  20:Drivers/CMSIS/Include/cmsis_gcc.h ****  * WARRANTIES OR CONDITIONS OF ANY KIND, either express or implied.
  21:Drivers/CMSIS/Include/cmsis_gcc.h ****  * See the License for the specific language governing permissions and
  22:Drivers/CMSIS/Include/cmsis_gcc.h ****  * limitations under the License.
  23:Drivers/CMSIS/Include/cmsis_gcc.h ****  */
ARM GAS  C:\Users\chris\AppData\Local\Temp\ccrcjOEk.s 			page 7


  24:Drivers/CMSIS/Include/cmsis_gcc.h **** 
  25:Drivers/CMSIS/Include/cmsis_gcc.h **** #ifndef __CMSIS_GCC_H
  26:Drivers/CMSIS/Include/cmsis_gcc.h **** #define __CMSIS_GCC_H
  27:Drivers/CMSIS/Include/cmsis_gcc.h **** 
  28:Drivers/CMSIS/Include/cmsis_gcc.h **** /* ignore some GCC warnings */
  29:Drivers/CMSIS/Include/cmsis_gcc.h **** #pragma GCC diagnostic push
  30:Drivers/CMSIS/Include/cmsis_gcc.h **** #pragma GCC diagnostic ignored "-Wsign-conversion"
  31:Drivers/CMSIS/Include/cmsis_gcc.h **** #pragma GCC diagnostic ignored "-Wconversion"
  32:Drivers/CMSIS/Include/cmsis_gcc.h **** #pragma GCC diagnostic ignored "-Wunused-parameter"
  33:Drivers/CMSIS/Include/cmsis_gcc.h **** 
  34:Drivers/CMSIS/Include/cmsis_gcc.h **** /* Fallback for __has_builtin */
  35:Drivers/CMSIS/Include/cmsis_gcc.h **** #ifndef __has_builtin
  36:Drivers/CMSIS/Include/cmsis_gcc.h ****   #define __has_builtin(x) (0)
  37:Drivers/CMSIS/Include/cmsis_gcc.h **** #endif
  38:Drivers/CMSIS/Include/cmsis_gcc.h **** 
  39:Drivers/CMSIS/Include/cmsis_gcc.h **** /* CMSIS compiler specific defines */
  40:Drivers/CMSIS/Include/cmsis_gcc.h **** #ifndef   __ASM
  41:Drivers/CMSIS/Include/cmsis_gcc.h ****   #define __ASM                                  __asm
  42:Drivers/CMSIS/Include/cmsis_gcc.h **** #endif
  43:Drivers/CMSIS/Include/cmsis_gcc.h **** #ifndef   __INLINE
  44:Drivers/CMSIS/Include/cmsis_gcc.h ****   #define __INLINE                               inline
  45:Drivers/CMSIS/Include/cmsis_gcc.h **** #endif
  46:Drivers/CMSIS/Include/cmsis_gcc.h **** #ifndef   __STATIC_INLINE
  47:Drivers/CMSIS/Include/cmsis_gcc.h ****   #define __STATIC_INLINE                        static inline
  48:Drivers/CMSIS/Include/cmsis_gcc.h **** #endif
  49:Drivers/CMSIS/Include/cmsis_gcc.h **** #ifndef   __STATIC_FORCEINLINE
  50:Drivers/CMSIS/Include/cmsis_gcc.h ****   #define __STATIC_FORCEINLINE                   __attribute__((always_inline)) static inline
  51:Drivers/CMSIS/Include/cmsis_gcc.h **** #endif
  52:Drivers/CMSIS/Include/cmsis_gcc.h **** #ifndef   __NO_RETURN
  53:Drivers/CMSIS/Include/cmsis_gcc.h ****   #define __NO_RETURN                            __attribute__((__noreturn__))
  54:Drivers/CMSIS/Include/cmsis_gcc.h **** #endif
  55:Drivers/CMSIS/Include/cmsis_gcc.h **** #ifndef   __USED
  56:Drivers/CMSIS/Include/cmsis_gcc.h ****   #define __USED                                 __attribute__((used))
  57:Drivers/CMSIS/Include/cmsis_gcc.h **** #endif
  58:Drivers/CMSIS/Include/cmsis_gcc.h **** #ifndef   __WEAK
  59:Drivers/CMSIS/Include/cmsis_gcc.h ****   #define __WEAK                                 __attribute__((weak))
  60:Drivers/CMSIS/Include/cmsis_gcc.h **** #endif
  61:Drivers/CMSIS/Include/cmsis_gcc.h **** #ifndef   __PACKED
  62:Drivers/CMSIS/Include/cmsis_gcc.h ****   #define __PACKED                               __attribute__((packed, aligned(1)))
  63:Drivers/CMSIS/Include/cmsis_gcc.h **** #endif
  64:Drivers/CMSIS/Include/cmsis_gcc.h **** #ifndef   __PACKED_STRUCT
  65:Drivers/CMSIS/Include/cmsis_gcc.h ****   #define __PACKED_STRUCT                        struct __attribute__((packed, aligned(1)))
  66:Drivers/CMSIS/Include/cmsis_gcc.h **** #endif
  67:Drivers/CMSIS/Include/cmsis_gcc.h **** #ifndef   __PACKED_UNION
  68:Drivers/CMSIS/Include/cmsis_gcc.h ****   #define __PACKED_UNION                         union __attribute__((packed, aligned(1)))
  69:Drivers/CMSIS/Include/cmsis_gcc.h **** #endif
  70:Drivers/CMSIS/Include/cmsis_gcc.h **** #ifndef   __UNALIGNED_UINT32        /* deprecated */
  71:Drivers/CMSIS/Include/cmsis_gcc.h ****   #pragma GCC diagnostic push
  72:Drivers/CMSIS/Include/cmsis_gcc.h ****   #pragma GCC diagnostic ignored "-Wpacked"
  73:Drivers/CMSIS/Include/cmsis_gcc.h ****   #pragma GCC diagnostic ignored "-Wattributes"
  74:Drivers/CMSIS/Include/cmsis_gcc.h ****   struct __attribute__((packed)) T_UINT32 { uint32_t v; };
  75:Drivers/CMSIS/Include/cmsis_gcc.h ****   #pragma GCC diagnostic pop
  76:Drivers/CMSIS/Include/cmsis_gcc.h ****   #define __UNALIGNED_UINT32(x)                  (((struct T_UINT32 *)(x))->v)
  77:Drivers/CMSIS/Include/cmsis_gcc.h **** #endif
  78:Drivers/CMSIS/Include/cmsis_gcc.h **** #ifndef   __UNALIGNED_UINT16_WRITE
  79:Drivers/CMSIS/Include/cmsis_gcc.h ****   #pragma GCC diagnostic push
  80:Drivers/CMSIS/Include/cmsis_gcc.h ****   #pragma GCC diagnostic ignored "-Wpacked"
ARM GAS  C:\Users\chris\AppData\Local\Temp\ccrcjOEk.s 			page 8


  81:Drivers/CMSIS/Include/cmsis_gcc.h ****   #pragma GCC diagnostic ignored "-Wattributes"
  82:Drivers/CMSIS/Include/cmsis_gcc.h ****   __PACKED_STRUCT T_UINT16_WRITE { uint16_t v; };
  83:Drivers/CMSIS/Include/cmsis_gcc.h ****   #pragma GCC diagnostic pop
  84:Drivers/CMSIS/Include/cmsis_gcc.h ****   #define __UNALIGNED_UINT16_WRITE(addr, val)    (void)((((struct T_UINT16_WRITE *)(void *)(addr))-
  85:Drivers/CMSIS/Include/cmsis_gcc.h **** #endif
  86:Drivers/CMSIS/Include/cmsis_gcc.h **** #ifndef   __UNALIGNED_UINT16_READ
  87:Drivers/CMSIS/Include/cmsis_gcc.h ****   #pragma GCC diagnostic push
  88:Drivers/CMSIS/Include/cmsis_gcc.h ****   #pragma GCC diagnostic ignored "-Wpacked"
  89:Drivers/CMSIS/Include/cmsis_gcc.h ****   #pragma GCC diagnostic ignored "-Wattributes"
  90:Drivers/CMSIS/Include/cmsis_gcc.h ****   __PACKED_STRUCT T_UINT16_READ { uint16_t v; };
  91:Drivers/CMSIS/Include/cmsis_gcc.h ****   #pragma GCC diagnostic pop
  92:Drivers/CMSIS/Include/cmsis_gcc.h ****   #define __UNALIGNED_UINT16_READ(addr)          (((const struct T_UINT16_READ *)(const void *)(add
  93:Drivers/CMSIS/Include/cmsis_gcc.h **** #endif
  94:Drivers/CMSIS/Include/cmsis_gcc.h **** #ifndef   __UNALIGNED_UINT32_WRITE
  95:Drivers/CMSIS/Include/cmsis_gcc.h ****   #pragma GCC diagnostic push
  96:Drivers/CMSIS/Include/cmsis_gcc.h ****   #pragma GCC diagnostic ignored "-Wpacked"
  97:Drivers/CMSIS/Include/cmsis_gcc.h ****   #pragma GCC diagnostic ignored "-Wattributes"
  98:Drivers/CMSIS/Include/cmsis_gcc.h ****   __PACKED_STRUCT T_UINT32_WRITE { uint32_t v; };
  99:Drivers/CMSIS/Include/cmsis_gcc.h ****   #pragma GCC diagnostic pop
 100:Drivers/CMSIS/Include/cmsis_gcc.h ****   #define __UNALIGNED_UINT32_WRITE(addr, val)    (void)((((struct T_UINT32_WRITE *)(void *)(addr))-
 101:Drivers/CMSIS/Include/cmsis_gcc.h **** #endif
 102:Drivers/CMSIS/Include/cmsis_gcc.h **** #ifndef   __UNALIGNED_UINT32_READ
 103:Drivers/CMSIS/Include/cmsis_gcc.h ****   #pragma GCC diagnostic push
 104:Drivers/CMSIS/Include/cmsis_gcc.h ****   #pragma GCC diagnostic ignored "-Wpacked"
 105:Drivers/CMSIS/Include/cmsis_gcc.h ****   #pragma GCC diagnostic ignored "-Wattributes"
 106:Drivers/CMSIS/Include/cmsis_gcc.h ****   __PACKED_STRUCT T_UINT32_READ { uint32_t v; };
 107:Drivers/CMSIS/Include/cmsis_gcc.h ****   #pragma GCC diagnostic pop
 108:Drivers/CMSIS/Include/cmsis_gcc.h ****   #define __UNALIGNED_UINT32_READ(addr)          (((const struct T_UINT32_READ *)(const void *)(add
 109:Drivers/CMSIS/Include/cmsis_gcc.h **** #endif
 110:Drivers/CMSIS/Include/cmsis_gcc.h **** #ifndef   __ALIGNED
 111:Drivers/CMSIS/Include/cmsis_gcc.h ****   #define __ALIGNED(x)                           __attribute__((aligned(x)))
 112:Drivers/CMSIS/Include/cmsis_gcc.h **** #endif
 113:Drivers/CMSIS/Include/cmsis_gcc.h **** #ifndef   __RESTRICT
 114:Drivers/CMSIS/Include/cmsis_gcc.h ****   #define __RESTRICT                             __restrict
 115:Drivers/CMSIS/Include/cmsis_gcc.h **** #endif
 116:Drivers/CMSIS/Include/cmsis_gcc.h **** #ifndef   __COMPILER_BARRIER
 117:Drivers/CMSIS/Include/cmsis_gcc.h ****   #define __COMPILER_BARRIER()                   __ASM volatile("":::"memory")
 118:Drivers/CMSIS/Include/cmsis_gcc.h **** #endif
 119:Drivers/CMSIS/Include/cmsis_gcc.h **** 
 120:Drivers/CMSIS/Include/cmsis_gcc.h **** /* #########################  Startup and Lowlevel Init  ######################## */
 121:Drivers/CMSIS/Include/cmsis_gcc.h **** 
 122:Drivers/CMSIS/Include/cmsis_gcc.h **** #ifndef __PROGRAM_START
 123:Drivers/CMSIS/Include/cmsis_gcc.h **** 
 124:Drivers/CMSIS/Include/cmsis_gcc.h **** /**
 125:Drivers/CMSIS/Include/cmsis_gcc.h ****   \brief   Initializes data and bss sections
 126:Drivers/CMSIS/Include/cmsis_gcc.h ****   \details This default implementations initialized all data and additional bss
 127:Drivers/CMSIS/Include/cmsis_gcc.h ****            sections relying on .copy.table and .zero.table specified properly
 128:Drivers/CMSIS/Include/cmsis_gcc.h ****            in the used linker script.
 129:Drivers/CMSIS/Include/cmsis_gcc.h **** 
 130:Drivers/CMSIS/Include/cmsis_gcc.h ****  */
 131:Drivers/CMSIS/Include/cmsis_gcc.h **** __STATIC_FORCEINLINE __NO_RETURN void __cmsis_start(void)
 132:Drivers/CMSIS/Include/cmsis_gcc.h **** {
 133:Drivers/CMSIS/Include/cmsis_gcc.h ****   extern void _start(void) __NO_RETURN;
 134:Drivers/CMSIS/Include/cmsis_gcc.h **** 
 135:Drivers/CMSIS/Include/cmsis_gcc.h ****   typedef struct {
 136:Drivers/CMSIS/Include/cmsis_gcc.h ****     uint32_t const* src;
 137:Drivers/CMSIS/Include/cmsis_gcc.h ****     uint32_t* dest;
ARM GAS  C:\Users\chris\AppData\Local\Temp\ccrcjOEk.s 			page 9


 138:Drivers/CMSIS/Include/cmsis_gcc.h ****     uint32_t  wlen;
 139:Drivers/CMSIS/Include/cmsis_gcc.h ****   } __copy_table_t;
 140:Drivers/CMSIS/Include/cmsis_gcc.h **** 
 141:Drivers/CMSIS/Include/cmsis_gcc.h ****   typedef struct {
 142:Drivers/CMSIS/Include/cmsis_gcc.h ****     uint32_t* dest;
 143:Drivers/CMSIS/Include/cmsis_gcc.h ****     uint32_t  wlen;
 144:Drivers/CMSIS/Include/cmsis_gcc.h ****   } __zero_table_t;
 145:Drivers/CMSIS/Include/cmsis_gcc.h **** 
 146:Drivers/CMSIS/Include/cmsis_gcc.h ****   extern const __copy_table_t __copy_table_start__;
 147:Drivers/CMSIS/Include/cmsis_gcc.h ****   extern const __copy_table_t __copy_table_end__;
 148:Drivers/CMSIS/Include/cmsis_gcc.h ****   extern const __zero_table_t __zero_table_start__;
 149:Drivers/CMSIS/Include/cmsis_gcc.h ****   extern const __zero_table_t __zero_table_end__;
 150:Drivers/CMSIS/Include/cmsis_gcc.h **** 
 151:Drivers/CMSIS/Include/cmsis_gcc.h ****   for (__copy_table_t const* pTable = &__copy_table_start__; pTable < &__copy_table_end__; ++pTable
 152:Drivers/CMSIS/Include/cmsis_gcc.h ****     for(uint32_t i=0u; i<pTable->wlen; ++i) {
 153:Drivers/CMSIS/Include/cmsis_gcc.h ****       pTable->dest[i] = pTable->src[i];
 154:Drivers/CMSIS/Include/cmsis_gcc.h ****     }
 155:Drivers/CMSIS/Include/cmsis_gcc.h ****   }
 156:Drivers/CMSIS/Include/cmsis_gcc.h **** 
 157:Drivers/CMSIS/Include/cmsis_gcc.h ****   for (__zero_table_t const* pTable = &__zero_table_start__; pTable < &__zero_table_end__; ++pTable
 158:Drivers/CMSIS/Include/cmsis_gcc.h ****     for(uint32_t i=0u; i<pTable->wlen; ++i) {
 159:Drivers/CMSIS/Include/cmsis_gcc.h ****       pTable->dest[i] = 0u;
 160:Drivers/CMSIS/Include/cmsis_gcc.h ****     }
 161:Drivers/CMSIS/Include/cmsis_gcc.h ****   }
 162:Drivers/CMSIS/Include/cmsis_gcc.h **** 
 163:Drivers/CMSIS/Include/cmsis_gcc.h ****   _start();
 164:Drivers/CMSIS/Include/cmsis_gcc.h **** }
 165:Drivers/CMSIS/Include/cmsis_gcc.h **** 
 166:Drivers/CMSIS/Include/cmsis_gcc.h **** #define __PROGRAM_START           __cmsis_start
 167:Drivers/CMSIS/Include/cmsis_gcc.h **** #endif
 168:Drivers/CMSIS/Include/cmsis_gcc.h **** 
 169:Drivers/CMSIS/Include/cmsis_gcc.h **** #ifndef __INITIAL_SP
 170:Drivers/CMSIS/Include/cmsis_gcc.h **** #define __INITIAL_SP              __StackTop
 171:Drivers/CMSIS/Include/cmsis_gcc.h **** #endif
 172:Drivers/CMSIS/Include/cmsis_gcc.h **** 
 173:Drivers/CMSIS/Include/cmsis_gcc.h **** #ifndef __STACK_LIMIT
 174:Drivers/CMSIS/Include/cmsis_gcc.h **** #define __STACK_LIMIT             __StackLimit
 175:Drivers/CMSIS/Include/cmsis_gcc.h **** #endif
 176:Drivers/CMSIS/Include/cmsis_gcc.h **** 
 177:Drivers/CMSIS/Include/cmsis_gcc.h **** #ifndef __VECTOR_TABLE
 178:Drivers/CMSIS/Include/cmsis_gcc.h **** #define __VECTOR_TABLE            __Vectors
 179:Drivers/CMSIS/Include/cmsis_gcc.h **** #endif
 180:Drivers/CMSIS/Include/cmsis_gcc.h **** 
 181:Drivers/CMSIS/Include/cmsis_gcc.h **** #ifndef __VECTOR_TABLE_ATTRIBUTE
 182:Drivers/CMSIS/Include/cmsis_gcc.h **** #define __VECTOR_TABLE_ATTRIBUTE  __attribute__((used, section(".vectors")))
 183:Drivers/CMSIS/Include/cmsis_gcc.h **** #endif
 184:Drivers/CMSIS/Include/cmsis_gcc.h **** 
 185:Drivers/CMSIS/Include/cmsis_gcc.h **** #if defined (__ARM_FEATURE_CMSE) && (__ARM_FEATURE_CMSE == 3U)
 186:Drivers/CMSIS/Include/cmsis_gcc.h **** #ifndef __STACK_SEAL
 187:Drivers/CMSIS/Include/cmsis_gcc.h **** #define __STACK_SEAL              __StackSeal
 188:Drivers/CMSIS/Include/cmsis_gcc.h **** #endif
 189:Drivers/CMSIS/Include/cmsis_gcc.h **** 
 190:Drivers/CMSIS/Include/cmsis_gcc.h **** #ifndef __TZ_STACK_SEAL_SIZE
 191:Drivers/CMSIS/Include/cmsis_gcc.h **** #define __TZ_STACK_SEAL_SIZE      8U
 192:Drivers/CMSIS/Include/cmsis_gcc.h **** #endif
 193:Drivers/CMSIS/Include/cmsis_gcc.h **** 
 194:Drivers/CMSIS/Include/cmsis_gcc.h **** #ifndef __TZ_STACK_SEAL_VALUE
ARM GAS  C:\Users\chris\AppData\Local\Temp\ccrcjOEk.s 			page 10


 195:Drivers/CMSIS/Include/cmsis_gcc.h **** #define __TZ_STACK_SEAL_VALUE     0xFEF5EDA5FEF5EDA5ULL
 196:Drivers/CMSIS/Include/cmsis_gcc.h **** #endif
 197:Drivers/CMSIS/Include/cmsis_gcc.h **** 
 198:Drivers/CMSIS/Include/cmsis_gcc.h **** 
 199:Drivers/CMSIS/Include/cmsis_gcc.h **** __STATIC_FORCEINLINE void __TZ_set_STACKSEAL_S (uint32_t* stackTop) {
 200:Drivers/CMSIS/Include/cmsis_gcc.h ****   *((uint64_t *)stackTop) = __TZ_STACK_SEAL_VALUE;
 201:Drivers/CMSIS/Include/cmsis_gcc.h **** }
 202:Drivers/CMSIS/Include/cmsis_gcc.h **** #endif
 203:Drivers/CMSIS/Include/cmsis_gcc.h **** 
 204:Drivers/CMSIS/Include/cmsis_gcc.h **** 
 205:Drivers/CMSIS/Include/cmsis_gcc.h **** /* ##########################  Core Instruction Access  ######################### */
 206:Drivers/CMSIS/Include/cmsis_gcc.h **** /** \defgroup CMSIS_Core_InstructionInterface CMSIS Core Instruction Interface
 207:Drivers/CMSIS/Include/cmsis_gcc.h ****   Access to dedicated instructions
 208:Drivers/CMSIS/Include/cmsis_gcc.h ****   @{
 209:Drivers/CMSIS/Include/cmsis_gcc.h **** */
 210:Drivers/CMSIS/Include/cmsis_gcc.h **** 
 211:Drivers/CMSIS/Include/cmsis_gcc.h **** /* Define macros for porting to both thumb1 and thumb2.
 212:Drivers/CMSIS/Include/cmsis_gcc.h ****  * For thumb1, use low register (r0-r7), specified by constraint "l"
 213:Drivers/CMSIS/Include/cmsis_gcc.h ****  * Otherwise, use general registers, specified by constraint "r" */
 214:Drivers/CMSIS/Include/cmsis_gcc.h **** #if defined (__thumb__) && !defined (__thumb2__)
 215:Drivers/CMSIS/Include/cmsis_gcc.h **** #define __CMSIS_GCC_OUT_REG(r) "=l" (r)
 216:Drivers/CMSIS/Include/cmsis_gcc.h **** #define __CMSIS_GCC_RW_REG(r) "+l" (r)
 217:Drivers/CMSIS/Include/cmsis_gcc.h **** #define __CMSIS_GCC_USE_REG(r) "l" (r)
 218:Drivers/CMSIS/Include/cmsis_gcc.h **** #else
 219:Drivers/CMSIS/Include/cmsis_gcc.h **** #define __CMSIS_GCC_OUT_REG(r) "=r" (r)
 220:Drivers/CMSIS/Include/cmsis_gcc.h **** #define __CMSIS_GCC_RW_REG(r) "+r" (r)
 221:Drivers/CMSIS/Include/cmsis_gcc.h **** #define __CMSIS_GCC_USE_REG(r) "r" (r)
 222:Drivers/CMSIS/Include/cmsis_gcc.h **** #endif
 223:Drivers/CMSIS/Include/cmsis_gcc.h **** 
 224:Drivers/CMSIS/Include/cmsis_gcc.h **** /**
 225:Drivers/CMSIS/Include/cmsis_gcc.h ****   \brief   No Operation
 226:Drivers/CMSIS/Include/cmsis_gcc.h ****   \details No Operation does nothing. This instruction can be used for code alignment purposes.
 227:Drivers/CMSIS/Include/cmsis_gcc.h ****  */
 228:Drivers/CMSIS/Include/cmsis_gcc.h **** #define __NOP()                             __ASM volatile ("nop")
 229:Drivers/CMSIS/Include/cmsis_gcc.h **** 
 230:Drivers/CMSIS/Include/cmsis_gcc.h **** /**
 231:Drivers/CMSIS/Include/cmsis_gcc.h ****   \brief   Wait For Interrupt
 232:Drivers/CMSIS/Include/cmsis_gcc.h ****   \details Wait For Interrupt is a hint instruction that suspends execution until one of a number o
 233:Drivers/CMSIS/Include/cmsis_gcc.h ****  */
 234:Drivers/CMSIS/Include/cmsis_gcc.h **** #define __WFI()                             __ASM volatile ("wfi":::"memory")
 235:Drivers/CMSIS/Include/cmsis_gcc.h **** 
 236:Drivers/CMSIS/Include/cmsis_gcc.h **** 
 237:Drivers/CMSIS/Include/cmsis_gcc.h **** /**
 238:Drivers/CMSIS/Include/cmsis_gcc.h ****   \brief   Wait For Event
 239:Drivers/CMSIS/Include/cmsis_gcc.h ****   \details Wait For Event is a hint instruction that permits the processor to enter
 240:Drivers/CMSIS/Include/cmsis_gcc.h ****            a low-power state until one of a number of events occurs.
 241:Drivers/CMSIS/Include/cmsis_gcc.h ****  */
 242:Drivers/CMSIS/Include/cmsis_gcc.h **** #define __WFE()                             __ASM volatile ("wfe":::"memory")
 243:Drivers/CMSIS/Include/cmsis_gcc.h **** 
 244:Drivers/CMSIS/Include/cmsis_gcc.h **** 
 245:Drivers/CMSIS/Include/cmsis_gcc.h **** /**
 246:Drivers/CMSIS/Include/cmsis_gcc.h ****   \brief   Send Event
 247:Drivers/CMSIS/Include/cmsis_gcc.h ****   \details Send Event is a hint instruction. It causes an event to be signaled to the CPU.
 248:Drivers/CMSIS/Include/cmsis_gcc.h ****  */
 249:Drivers/CMSIS/Include/cmsis_gcc.h **** #define __SEV()                             __ASM volatile ("sev")
 250:Drivers/CMSIS/Include/cmsis_gcc.h **** 
 251:Drivers/CMSIS/Include/cmsis_gcc.h **** 
ARM GAS  C:\Users\chris\AppData\Local\Temp\ccrcjOEk.s 			page 11


 252:Drivers/CMSIS/Include/cmsis_gcc.h **** /**
 253:Drivers/CMSIS/Include/cmsis_gcc.h ****   \brief   Instruction Synchronization Barrier
 254:Drivers/CMSIS/Include/cmsis_gcc.h ****   \details Instruction Synchronization Barrier flushes the pipeline in the processor,
 255:Drivers/CMSIS/Include/cmsis_gcc.h ****            so that all instructions following the ISB are fetched from cache or memory,
 256:Drivers/CMSIS/Include/cmsis_gcc.h ****            after the instruction has been completed.
 257:Drivers/CMSIS/Include/cmsis_gcc.h ****  */
 258:Drivers/CMSIS/Include/cmsis_gcc.h **** __STATIC_FORCEINLINE void __ISB(void)
 259:Drivers/CMSIS/Include/cmsis_gcc.h **** {
 260:Drivers/CMSIS/Include/cmsis_gcc.h ****   __ASM volatile ("isb 0xF":::"memory");
 261:Drivers/CMSIS/Include/cmsis_gcc.h **** }
 262:Drivers/CMSIS/Include/cmsis_gcc.h **** 
 263:Drivers/CMSIS/Include/cmsis_gcc.h **** 
 264:Drivers/CMSIS/Include/cmsis_gcc.h **** /**
 265:Drivers/CMSIS/Include/cmsis_gcc.h ****   \brief   Data Synchronization Barrier
 266:Drivers/CMSIS/Include/cmsis_gcc.h ****   \details Acts as a special kind of Data Memory Barrier.
 267:Drivers/CMSIS/Include/cmsis_gcc.h ****            It completes when all explicit memory accesses before this instruction complete.
 268:Drivers/CMSIS/Include/cmsis_gcc.h ****  */
 269:Drivers/CMSIS/Include/cmsis_gcc.h **** __STATIC_FORCEINLINE void __DSB(void)
 270:Drivers/CMSIS/Include/cmsis_gcc.h **** {
 271:Drivers/CMSIS/Include/cmsis_gcc.h ****   __ASM volatile ("dsb 0xF":::"memory");
 272:Drivers/CMSIS/Include/cmsis_gcc.h **** }
 273:Drivers/CMSIS/Include/cmsis_gcc.h **** 
 274:Drivers/CMSIS/Include/cmsis_gcc.h **** 
 275:Drivers/CMSIS/Include/cmsis_gcc.h **** /**
 276:Drivers/CMSIS/Include/cmsis_gcc.h ****   \brief   Data Memory Barrier
 277:Drivers/CMSIS/Include/cmsis_gcc.h ****   \details Ensures the apparent order of the explicit memory operations before
 278:Drivers/CMSIS/Include/cmsis_gcc.h ****            and after the instruction, without ensuring their completion.
 279:Drivers/CMSIS/Include/cmsis_gcc.h ****  */
 280:Drivers/CMSIS/Include/cmsis_gcc.h **** __STATIC_FORCEINLINE void __DMB(void)
 281:Drivers/CMSIS/Include/cmsis_gcc.h **** {
 282:Drivers/CMSIS/Include/cmsis_gcc.h ****   __ASM volatile ("dmb 0xF":::"memory");
 283:Drivers/CMSIS/Include/cmsis_gcc.h **** }
 284:Drivers/CMSIS/Include/cmsis_gcc.h **** 
 285:Drivers/CMSIS/Include/cmsis_gcc.h **** 
 286:Drivers/CMSIS/Include/cmsis_gcc.h **** /**
 287:Drivers/CMSIS/Include/cmsis_gcc.h ****   \brief   Reverse byte order (32 bit)
 288:Drivers/CMSIS/Include/cmsis_gcc.h ****   \details Reverses the byte order in unsigned integer value. For example, 0x12345678 becomes 0x785
 289:Drivers/CMSIS/Include/cmsis_gcc.h ****   \param [in]    value  Value to reverse
 290:Drivers/CMSIS/Include/cmsis_gcc.h ****   \return               Reversed value
 291:Drivers/CMSIS/Include/cmsis_gcc.h ****  */
 292:Drivers/CMSIS/Include/cmsis_gcc.h **** __STATIC_FORCEINLINE uint32_t __REV(uint32_t value)
 293:Drivers/CMSIS/Include/cmsis_gcc.h **** {
 294:Drivers/CMSIS/Include/cmsis_gcc.h **** #if (__GNUC__ > 4) || (__GNUC__ == 4 && __GNUC_MINOR__ >= 5)
 295:Drivers/CMSIS/Include/cmsis_gcc.h ****   return __builtin_bswap32(value);
 296:Drivers/CMSIS/Include/cmsis_gcc.h **** #else
 297:Drivers/CMSIS/Include/cmsis_gcc.h ****   uint32_t result;
 298:Drivers/CMSIS/Include/cmsis_gcc.h **** 
 299:Drivers/CMSIS/Include/cmsis_gcc.h ****   __ASM ("rev %0, %1" : __CMSIS_GCC_OUT_REG (result) : __CMSIS_GCC_USE_REG (value) );
 300:Drivers/CMSIS/Include/cmsis_gcc.h ****   return result;
 301:Drivers/CMSIS/Include/cmsis_gcc.h **** #endif
 302:Drivers/CMSIS/Include/cmsis_gcc.h **** }
 303:Drivers/CMSIS/Include/cmsis_gcc.h **** 
 304:Drivers/CMSIS/Include/cmsis_gcc.h **** 
 305:Drivers/CMSIS/Include/cmsis_gcc.h **** /**
 306:Drivers/CMSIS/Include/cmsis_gcc.h ****   \brief   Reverse byte order (16 bit)
 307:Drivers/CMSIS/Include/cmsis_gcc.h ****   \details Reverses the byte order within each halfword of a word. For example, 0x12345678 becomes 
 308:Drivers/CMSIS/Include/cmsis_gcc.h ****   \param [in]    value  Value to reverse
ARM GAS  C:\Users\chris\AppData\Local\Temp\ccrcjOEk.s 			page 12


 309:Drivers/CMSIS/Include/cmsis_gcc.h ****   \return               Reversed value
 310:Drivers/CMSIS/Include/cmsis_gcc.h ****  */
 311:Drivers/CMSIS/Include/cmsis_gcc.h **** __STATIC_FORCEINLINE uint32_t __REV16(uint32_t value)
 312:Drivers/CMSIS/Include/cmsis_gcc.h **** {
 313:Drivers/CMSIS/Include/cmsis_gcc.h ****   uint32_t result;
 314:Drivers/CMSIS/Include/cmsis_gcc.h **** 
 315:Drivers/CMSIS/Include/cmsis_gcc.h ****   __ASM ("rev16 %0, %1" : __CMSIS_GCC_OUT_REG (result) : __CMSIS_GCC_USE_REG (value) );
 316:Drivers/CMSIS/Include/cmsis_gcc.h ****   return result;
 317:Drivers/CMSIS/Include/cmsis_gcc.h **** }
 318:Drivers/CMSIS/Include/cmsis_gcc.h **** 
 319:Drivers/CMSIS/Include/cmsis_gcc.h **** 
 320:Drivers/CMSIS/Include/cmsis_gcc.h **** /**
 321:Drivers/CMSIS/Include/cmsis_gcc.h ****   \brief   Reverse byte order (16 bit)
 322:Drivers/CMSIS/Include/cmsis_gcc.h ****   \details Reverses the byte order in a 16-bit value and returns the signed 16-bit result. For exam
 323:Drivers/CMSIS/Include/cmsis_gcc.h ****   \param [in]    value  Value to reverse
 324:Drivers/CMSIS/Include/cmsis_gcc.h ****   \return               Reversed value
 325:Drivers/CMSIS/Include/cmsis_gcc.h ****  */
 326:Drivers/CMSIS/Include/cmsis_gcc.h **** __STATIC_FORCEINLINE int16_t __REVSH(int16_t value)
 327:Drivers/CMSIS/Include/cmsis_gcc.h **** {
 328:Drivers/CMSIS/Include/cmsis_gcc.h **** #if (__GNUC__ > 4) || (__GNUC__ == 4 && __GNUC_MINOR__ >= 8)
 329:Drivers/CMSIS/Include/cmsis_gcc.h ****   return (int16_t)__builtin_bswap16(value);
 330:Drivers/CMSIS/Include/cmsis_gcc.h **** #else
 331:Drivers/CMSIS/Include/cmsis_gcc.h ****   int16_t result;
 332:Drivers/CMSIS/Include/cmsis_gcc.h **** 
 333:Drivers/CMSIS/Include/cmsis_gcc.h ****   __ASM ("revsh %0, %1" : __CMSIS_GCC_OUT_REG (result) : __CMSIS_GCC_USE_REG (value) );
 334:Drivers/CMSIS/Include/cmsis_gcc.h ****   return result;
 335:Drivers/CMSIS/Include/cmsis_gcc.h **** #endif
 336:Drivers/CMSIS/Include/cmsis_gcc.h **** }
 337:Drivers/CMSIS/Include/cmsis_gcc.h **** 
 338:Drivers/CMSIS/Include/cmsis_gcc.h **** 
 339:Drivers/CMSIS/Include/cmsis_gcc.h **** /**
 340:Drivers/CMSIS/Include/cmsis_gcc.h ****   \brief   Rotate Right in unsigned value (32 bit)
 341:Drivers/CMSIS/Include/cmsis_gcc.h ****   \details Rotate Right (immediate) provides the value of the contents of a register rotated by a v
 342:Drivers/CMSIS/Include/cmsis_gcc.h ****   \param [in]    op1  Value to rotate
 343:Drivers/CMSIS/Include/cmsis_gcc.h ****   \param [in]    op2  Number of Bits to rotate
 344:Drivers/CMSIS/Include/cmsis_gcc.h ****   \return               Rotated value
 345:Drivers/CMSIS/Include/cmsis_gcc.h ****  */
 346:Drivers/CMSIS/Include/cmsis_gcc.h **** __STATIC_FORCEINLINE uint32_t __ROR(uint32_t op1, uint32_t op2)
 347:Drivers/CMSIS/Include/cmsis_gcc.h **** {
 348:Drivers/CMSIS/Include/cmsis_gcc.h ****   op2 %= 32U;
 349:Drivers/CMSIS/Include/cmsis_gcc.h ****   if (op2 == 0U)
 350:Drivers/CMSIS/Include/cmsis_gcc.h ****   {
 351:Drivers/CMSIS/Include/cmsis_gcc.h ****     return op1;
 352:Drivers/CMSIS/Include/cmsis_gcc.h ****   }
 353:Drivers/CMSIS/Include/cmsis_gcc.h ****   return (op1 >> op2) | (op1 << (32U - op2));
 354:Drivers/CMSIS/Include/cmsis_gcc.h **** }
 355:Drivers/CMSIS/Include/cmsis_gcc.h **** 
 356:Drivers/CMSIS/Include/cmsis_gcc.h **** 
 357:Drivers/CMSIS/Include/cmsis_gcc.h **** /**
 358:Drivers/CMSIS/Include/cmsis_gcc.h ****   \brief   Breakpoint
 359:Drivers/CMSIS/Include/cmsis_gcc.h ****   \details Causes the processor to enter Debug state.
 360:Drivers/CMSIS/Include/cmsis_gcc.h ****            Debug tools can use this to investigate system state when the instruction at a particula
 361:Drivers/CMSIS/Include/cmsis_gcc.h ****   \param [in]    value  is ignored by the processor.
 362:Drivers/CMSIS/Include/cmsis_gcc.h ****                  If required, a debugger can use it to store additional information about the break
 363:Drivers/CMSIS/Include/cmsis_gcc.h ****  */
 364:Drivers/CMSIS/Include/cmsis_gcc.h **** #define __BKPT(value)                       __ASM volatile ("bkpt "#value)
 365:Drivers/CMSIS/Include/cmsis_gcc.h **** 
ARM GAS  C:\Users\chris\AppData\Local\Temp\ccrcjOEk.s 			page 13


 366:Drivers/CMSIS/Include/cmsis_gcc.h **** 
 367:Drivers/CMSIS/Include/cmsis_gcc.h **** /**
 368:Drivers/CMSIS/Include/cmsis_gcc.h ****   \brief   Reverse bit order of value
 369:Drivers/CMSIS/Include/cmsis_gcc.h ****   \details Reverses the bit order of the given value.
 370:Drivers/CMSIS/Include/cmsis_gcc.h ****   \param [in]    value  Value to reverse
 371:Drivers/CMSIS/Include/cmsis_gcc.h ****   \return               Reversed value
 372:Drivers/CMSIS/Include/cmsis_gcc.h ****  */
 373:Drivers/CMSIS/Include/cmsis_gcc.h **** __STATIC_FORCEINLINE uint32_t __RBIT(uint32_t value)
  46              		.loc 3 373 31 view .LVU3
  47              	.LBB85:
 374:Drivers/CMSIS/Include/cmsis_gcc.h **** {
 375:Drivers/CMSIS/Include/cmsis_gcc.h ****   uint32_t result;
  48              		.loc 3 375 3 view .LVU4
 376:Drivers/CMSIS/Include/cmsis_gcc.h **** 
 377:Drivers/CMSIS/Include/cmsis_gcc.h **** #if ((defined (__ARM_ARCH_7M__      ) && (__ARM_ARCH_7M__      == 1)) || \
 378:Drivers/CMSIS/Include/cmsis_gcc.h ****      (defined (__ARM_ARCH_7EM__     ) && (__ARM_ARCH_7EM__     == 1)) || \
 379:Drivers/CMSIS/Include/cmsis_gcc.h ****      (defined (__ARM_ARCH_8M_MAIN__ ) && (__ARM_ARCH_8M_MAIN__ == 1))    )
 380:Drivers/CMSIS/Include/cmsis_gcc.h ****    __ASM ("rbit %0, %1" : "=r" (result) : "r" (value) );
  49              		.loc 3 380 4 view .LVU5
  50              		.syntax unified
  51              	@ 380 "Drivers/CMSIS/Include/cmsis_gcc.h" 1
  52 0004 91FAA1F3 		rbit r3, r1
  53              	@ 0 "" 2
  54              	.LVL2:
 381:Drivers/CMSIS/Include/cmsis_gcc.h **** #else
 382:Drivers/CMSIS/Include/cmsis_gcc.h ****   uint32_t s = (4U /*sizeof(v)*/ * 8U) - 1U; /* extra shift needed at end */
 383:Drivers/CMSIS/Include/cmsis_gcc.h **** 
 384:Drivers/CMSIS/Include/cmsis_gcc.h ****   result = value;                      /* r will be reversed bits of v; first get LSB of v */
 385:Drivers/CMSIS/Include/cmsis_gcc.h ****   for (value >>= 1U; value != 0U; value >>= 1U)
 386:Drivers/CMSIS/Include/cmsis_gcc.h ****   {
 387:Drivers/CMSIS/Include/cmsis_gcc.h ****     result <<= 1U;
 388:Drivers/CMSIS/Include/cmsis_gcc.h ****     result |= value & 1U;
 389:Drivers/CMSIS/Include/cmsis_gcc.h ****     s--;
 390:Drivers/CMSIS/Include/cmsis_gcc.h ****   }
 391:Drivers/CMSIS/Include/cmsis_gcc.h ****   result <<= s;                        /* shift when v's highest bits are zero */
 392:Drivers/CMSIS/Include/cmsis_gcc.h **** #endif
 393:Drivers/CMSIS/Include/cmsis_gcc.h ****   return result;
  55              		.loc 3 393 3 view .LVU6
  56              		.loc 3 393 3 is_stmt 0 view .LVU7
  57              		.thumb
  58              		.syntax unified
  59              	.LBE85:
  60              	.LBE84:
  61              	.LBB86:
  62              	.LBI86:
 394:Drivers/CMSIS/Include/cmsis_gcc.h **** }
 395:Drivers/CMSIS/Include/cmsis_gcc.h **** 
 396:Drivers/CMSIS/Include/cmsis_gcc.h **** 
 397:Drivers/CMSIS/Include/cmsis_gcc.h **** /**
 398:Drivers/CMSIS/Include/cmsis_gcc.h ****   \brief   Count leading zeros
 399:Drivers/CMSIS/Include/cmsis_gcc.h ****   \details Counts the number of leading zeros of a data value.
 400:Drivers/CMSIS/Include/cmsis_gcc.h ****   \param [in]  value  Value to count the leading zeros
 401:Drivers/CMSIS/Include/cmsis_gcc.h ****   \return             number of leading zeros in value
 402:Drivers/CMSIS/Include/cmsis_gcc.h ****  */
 403:Drivers/CMSIS/Include/cmsis_gcc.h **** __STATIC_FORCEINLINE uint8_t __CLZ(uint32_t value)
  63              		.loc 3 403 30 is_stmt 1 view .LVU8
  64              	.LBB87:
ARM GAS  C:\Users\chris\AppData\Local\Temp\ccrcjOEk.s 			page 14


 404:Drivers/CMSIS/Include/cmsis_gcc.h **** {
 405:Drivers/CMSIS/Include/cmsis_gcc.h ****   /* Even though __builtin_clz produces a CLZ instruction on ARM, formally
 406:Drivers/CMSIS/Include/cmsis_gcc.h ****      __builtin_clz(0) is undefined behaviour, so handle this case specially.
 407:Drivers/CMSIS/Include/cmsis_gcc.h ****      This guarantees ARM-compatible results if happening to compile on a non-ARM
 408:Drivers/CMSIS/Include/cmsis_gcc.h ****      target, and ensures the compiler doesn't decide to activate any
 409:Drivers/CMSIS/Include/cmsis_gcc.h ****      optimisations using the logic "value was passed to __builtin_clz, so it
 410:Drivers/CMSIS/Include/cmsis_gcc.h ****      is non-zero".
 411:Drivers/CMSIS/Include/cmsis_gcc.h ****      ARM GCC 7.3 and possibly earlier will optimise this test away, leaving a
 412:Drivers/CMSIS/Include/cmsis_gcc.h ****      single CLZ instruction.
 413:Drivers/CMSIS/Include/cmsis_gcc.h ****    */
 414:Drivers/CMSIS/Include/cmsis_gcc.h ****   if (value == 0U)
  65              		.loc 3 414 3 view .LVU9
  66              		.loc 3 414 6 is_stmt 0 view .LVU10
  67 0008 A3B1     		cbz	r3, .L4
 415:Drivers/CMSIS/Include/cmsis_gcc.h ****   {
 416:Drivers/CMSIS/Include/cmsis_gcc.h ****     return 32U;
 417:Drivers/CMSIS/Include/cmsis_gcc.h ****   }
 418:Drivers/CMSIS/Include/cmsis_gcc.h ****   return __builtin_clz(value);
  68              		.loc 3 418 3 is_stmt 1 view .LVU11
  69              		.loc 3 418 10 is_stmt 0 discriminator 1 view .LVU12
  70 000a B3FA83F3 		clz	r3, r3
  71              	.LVL3:
  72              	.L2:
  73              		.loc 3 418 10 discriminator 1 view .LVU13
  74              	.LBE87:
  75              	.LBE86:
  76              		.loc 2 275 3 discriminator 2 view .LVU14
  77 000e 5B00     		lsls	r3, r3, #1
  78 0010 4FF0030C 		mov	ip, #3
  79 0014 0CFA03F3 		lsl	r3, ip, r3
  80 0018 24EA0303 		bic	r3, r4, r3
  81              	.LVL4:
  82              	.LBB89:
  83              	.LBI89:
 373:Drivers/CMSIS/Include/cmsis_gcc.h **** {
  84              		.loc 3 373 31 is_stmt 1 view .LVU15
  85              	.LBB90:
 375:Drivers/CMSIS/Include/cmsis_gcc.h **** 
  86              		.loc 3 375 3 view .LVU16
 380:Drivers/CMSIS/Include/cmsis_gcc.h **** #else
  87              		.loc 3 380 4 view .LVU17
  88              		.syntax unified
  89              	@ 380 "Drivers/CMSIS/Include/cmsis_gcc.h" 1
  90 001c 91FAA1F1 		rbit r1, r1
  91              	@ 0 "" 2
  92              	.LVL5:
 393:Drivers/CMSIS/Include/cmsis_gcc.h **** }
  93              		.loc 3 393 3 view .LVU18
 393:Drivers/CMSIS/Include/cmsis_gcc.h **** }
  94              		.loc 3 393 3 is_stmt 0 view .LVU19
  95              		.thumb
  96              		.syntax unified
  97              	.LBE90:
  98              	.LBE89:
  99              	.LBB91:
 100              	.LBI91:
 403:Drivers/CMSIS/Include/cmsis_gcc.h **** {
ARM GAS  C:\Users\chris\AppData\Local\Temp\ccrcjOEk.s 			page 15


 101              		.loc 3 403 30 is_stmt 1 view .LVU20
 102              	.LBB92:
 414:Drivers/CMSIS/Include/cmsis_gcc.h ****   {
 103              		.loc 3 414 3 view .LVU21
 414:Drivers/CMSIS/Include/cmsis_gcc.h ****   {
 104              		.loc 3 414 6 is_stmt 0 view .LVU22
 105 0020 51B1     		cbz	r1, .L5
 106              		.loc 3 418 3 is_stmt 1 view .LVU23
 107              		.loc 3 418 10 is_stmt 0 discriminator 1 view .LVU24
 108 0022 B1FA81F1 		clz	r1, r1
 109              	.LVL6:
 110              	.L3:
 111              		.loc 3 418 10 discriminator 1 view .LVU25
 112              	.LBE92:
 113              	.LBE91:
 114              		.loc 2 275 3 discriminator 4 view .LVU26
 115 0026 4900     		lsls	r1, r1, #1
 116 0028 8A40     		lsls	r2, r2, r1
 117              	.LVL7:
 118              		.loc 2 275 3 discriminator 4 view .LVU27
 119 002a 1343     		orrs	r3, r3, r2
 120 002c 0360     		str	r3, [r0]
 276:Drivers/STM32F4xx_HAL_Driver/Inc/stm32f4xx_ll_gpio.h **** }
 121              		.loc 2 276 1 view .LVU28
 122 002e 5DF8044B 		ldr	r4, [sp], #4
 123              	.LCFI1:
 124              		.cfi_remember_state
 125              		.cfi_restore 4
 126              		.cfi_def_cfa_offset 0
 127 0032 7047     		bx	lr
 128              	.LVL8:
 129              	.L4:
 130              	.LCFI2:
 131              		.cfi_restore_state
 132              	.LBB94:
 133              	.LBB88:
 416:Drivers/CMSIS/Include/cmsis_gcc.h ****   }
 134              		.loc 3 416 12 view .LVU29
 135 0034 2023     		movs	r3, #32
 136              	.LVL9:
 416:Drivers/CMSIS/Include/cmsis_gcc.h ****   }
 137              		.loc 3 416 12 view .LVU30
 138 0036 EAE7     		b	.L2
 139              	.LVL10:
 140              	.L5:
 416:Drivers/CMSIS/Include/cmsis_gcc.h ****   }
 141              		.loc 3 416 12 view .LVU31
 142              	.LBE88:
 143              	.LBE94:
 144              	.LBB95:
 145              	.LBB93:
 146 0038 2021     		movs	r1, #32
 147              	.LVL11:
 416:Drivers/CMSIS/Include/cmsis_gcc.h ****   }
 148              		.loc 3 416 12 view .LVU32
 149 003a F4E7     		b	.L3
 150              	.LBE93:
ARM GAS  C:\Users\chris\AppData\Local\Temp\ccrcjOEk.s 			page 16


 151              	.LBE95:
 152              		.cfi_endproc
 153              	.LFE134:
 155              		.section	.text.LL_GPIO_SetPinSpeed,"ax",%progbits
 156              		.align	1
 157              		.syntax unified
 158              		.thumb
 159              		.thumb_func
 161              	LL_GPIO_SetPinSpeed:
 162              	.LVL12:
 163              	.LFB138:
 277:Drivers/STM32F4xx_HAL_Driver/Inc/stm32f4xx_ll_gpio.h **** 
 278:Drivers/STM32F4xx_HAL_Driver/Inc/stm32f4xx_ll_gpio.h **** /**
 279:Drivers/STM32F4xx_HAL_Driver/Inc/stm32f4xx_ll_gpio.h ****   * @brief  Return gpio mode for a dedicated pin on dedicated port.
 280:Drivers/STM32F4xx_HAL_Driver/Inc/stm32f4xx_ll_gpio.h ****   * @note   I/O mode can be Input mode, General purpose output, Alternate function mode or Analog.
 281:Drivers/STM32F4xx_HAL_Driver/Inc/stm32f4xx_ll_gpio.h ****   * @note   Warning: only one pin can be passed as parameter.
 282:Drivers/STM32F4xx_HAL_Driver/Inc/stm32f4xx_ll_gpio.h ****   * @rmtoll MODER        MODEy         LL_GPIO_GetPinMode
 283:Drivers/STM32F4xx_HAL_Driver/Inc/stm32f4xx_ll_gpio.h ****   * @param  GPIOx GPIO Port
 284:Drivers/STM32F4xx_HAL_Driver/Inc/stm32f4xx_ll_gpio.h ****   * @param  Pin This parameter can be one of the following values:
 285:Drivers/STM32F4xx_HAL_Driver/Inc/stm32f4xx_ll_gpio.h ****   *         @arg @ref LL_GPIO_PIN_0
 286:Drivers/STM32F4xx_HAL_Driver/Inc/stm32f4xx_ll_gpio.h ****   *         @arg @ref LL_GPIO_PIN_1
 287:Drivers/STM32F4xx_HAL_Driver/Inc/stm32f4xx_ll_gpio.h ****   *         @arg @ref LL_GPIO_PIN_2
 288:Drivers/STM32F4xx_HAL_Driver/Inc/stm32f4xx_ll_gpio.h ****   *         @arg @ref LL_GPIO_PIN_3
 289:Drivers/STM32F4xx_HAL_Driver/Inc/stm32f4xx_ll_gpio.h ****   *         @arg @ref LL_GPIO_PIN_4
 290:Drivers/STM32F4xx_HAL_Driver/Inc/stm32f4xx_ll_gpio.h ****   *         @arg @ref LL_GPIO_PIN_5
 291:Drivers/STM32F4xx_HAL_Driver/Inc/stm32f4xx_ll_gpio.h ****   *         @arg @ref LL_GPIO_PIN_6
 292:Drivers/STM32F4xx_HAL_Driver/Inc/stm32f4xx_ll_gpio.h ****   *         @arg @ref LL_GPIO_PIN_7
 293:Drivers/STM32F4xx_HAL_Driver/Inc/stm32f4xx_ll_gpio.h ****   *         @arg @ref LL_GPIO_PIN_8
 294:Drivers/STM32F4xx_HAL_Driver/Inc/stm32f4xx_ll_gpio.h ****   *         @arg @ref LL_GPIO_PIN_9
 295:Drivers/STM32F4xx_HAL_Driver/Inc/stm32f4xx_ll_gpio.h ****   *         @arg @ref LL_GPIO_PIN_10
 296:Drivers/STM32F4xx_HAL_Driver/Inc/stm32f4xx_ll_gpio.h ****   *         @arg @ref LL_GPIO_PIN_11
 297:Drivers/STM32F4xx_HAL_Driver/Inc/stm32f4xx_ll_gpio.h ****   *         @arg @ref LL_GPIO_PIN_12
 298:Drivers/STM32F4xx_HAL_Driver/Inc/stm32f4xx_ll_gpio.h ****   *         @arg @ref LL_GPIO_PIN_13
 299:Drivers/STM32F4xx_HAL_Driver/Inc/stm32f4xx_ll_gpio.h ****   *         @arg @ref LL_GPIO_PIN_14
 300:Drivers/STM32F4xx_HAL_Driver/Inc/stm32f4xx_ll_gpio.h ****   *         @arg @ref LL_GPIO_PIN_15
 301:Drivers/STM32F4xx_HAL_Driver/Inc/stm32f4xx_ll_gpio.h ****   * @retval Returned value can be one of the following values:
 302:Drivers/STM32F4xx_HAL_Driver/Inc/stm32f4xx_ll_gpio.h ****   *         @arg @ref LL_GPIO_MODE_INPUT
 303:Drivers/STM32F4xx_HAL_Driver/Inc/stm32f4xx_ll_gpio.h ****   *         @arg @ref LL_GPIO_MODE_OUTPUT
 304:Drivers/STM32F4xx_HAL_Driver/Inc/stm32f4xx_ll_gpio.h ****   *         @arg @ref LL_GPIO_MODE_ALTERNATE
 305:Drivers/STM32F4xx_HAL_Driver/Inc/stm32f4xx_ll_gpio.h ****   *         @arg @ref LL_GPIO_MODE_ANALOG
 306:Drivers/STM32F4xx_HAL_Driver/Inc/stm32f4xx_ll_gpio.h ****   */
 307:Drivers/STM32F4xx_HAL_Driver/Inc/stm32f4xx_ll_gpio.h **** __STATIC_INLINE uint32_t LL_GPIO_GetPinMode(GPIO_TypeDef *GPIOx, uint32_t Pin)
 308:Drivers/STM32F4xx_HAL_Driver/Inc/stm32f4xx_ll_gpio.h **** {
 309:Drivers/STM32F4xx_HAL_Driver/Inc/stm32f4xx_ll_gpio.h ****   return (uint32_t)(READ_BIT(GPIOx->MODER,
 310:Drivers/STM32F4xx_HAL_Driver/Inc/stm32f4xx_ll_gpio.h ****                              (GPIO_MODER_MODER0 << (POSITION_VAL(Pin) * 2U))) >> (POSITION_VAL(Pin)
 311:Drivers/STM32F4xx_HAL_Driver/Inc/stm32f4xx_ll_gpio.h **** }
 312:Drivers/STM32F4xx_HAL_Driver/Inc/stm32f4xx_ll_gpio.h **** 
 313:Drivers/STM32F4xx_HAL_Driver/Inc/stm32f4xx_ll_gpio.h **** /**
 314:Drivers/STM32F4xx_HAL_Driver/Inc/stm32f4xx_ll_gpio.h ****   * @brief  Configure gpio output type for several pins on dedicated port.
 315:Drivers/STM32F4xx_HAL_Driver/Inc/stm32f4xx_ll_gpio.h ****   * @note   Output type as to be set when gpio pin is in output or
 316:Drivers/STM32F4xx_HAL_Driver/Inc/stm32f4xx_ll_gpio.h ****   *         alternate modes. Possible type are Push-pull or Open-drain.
 317:Drivers/STM32F4xx_HAL_Driver/Inc/stm32f4xx_ll_gpio.h ****   * @rmtoll OTYPER       OTy           LL_GPIO_SetPinOutputType
 318:Drivers/STM32F4xx_HAL_Driver/Inc/stm32f4xx_ll_gpio.h ****   * @param  GPIOx GPIO Port
 319:Drivers/STM32F4xx_HAL_Driver/Inc/stm32f4xx_ll_gpio.h ****   * @param  PinMask This parameter can be a combination of the following values:
 320:Drivers/STM32F4xx_HAL_Driver/Inc/stm32f4xx_ll_gpio.h ****   *         @arg @ref LL_GPIO_PIN_0
 321:Drivers/STM32F4xx_HAL_Driver/Inc/stm32f4xx_ll_gpio.h ****   *         @arg @ref LL_GPIO_PIN_1
 322:Drivers/STM32F4xx_HAL_Driver/Inc/stm32f4xx_ll_gpio.h ****   *         @arg @ref LL_GPIO_PIN_2
ARM GAS  C:\Users\chris\AppData\Local\Temp\ccrcjOEk.s 			page 17


 323:Drivers/STM32F4xx_HAL_Driver/Inc/stm32f4xx_ll_gpio.h ****   *         @arg @ref LL_GPIO_PIN_3
 324:Drivers/STM32F4xx_HAL_Driver/Inc/stm32f4xx_ll_gpio.h ****   *         @arg @ref LL_GPIO_PIN_4
 325:Drivers/STM32F4xx_HAL_Driver/Inc/stm32f4xx_ll_gpio.h ****   *         @arg @ref LL_GPIO_PIN_5
 326:Drivers/STM32F4xx_HAL_Driver/Inc/stm32f4xx_ll_gpio.h ****   *         @arg @ref LL_GPIO_PIN_6
 327:Drivers/STM32F4xx_HAL_Driver/Inc/stm32f4xx_ll_gpio.h ****   *         @arg @ref LL_GPIO_PIN_7
 328:Drivers/STM32F4xx_HAL_Driver/Inc/stm32f4xx_ll_gpio.h ****   *         @arg @ref LL_GPIO_PIN_8
 329:Drivers/STM32F4xx_HAL_Driver/Inc/stm32f4xx_ll_gpio.h ****   *         @arg @ref LL_GPIO_PIN_9
 330:Drivers/STM32F4xx_HAL_Driver/Inc/stm32f4xx_ll_gpio.h ****   *         @arg @ref LL_GPIO_PIN_10
 331:Drivers/STM32F4xx_HAL_Driver/Inc/stm32f4xx_ll_gpio.h ****   *         @arg @ref LL_GPIO_PIN_11
 332:Drivers/STM32F4xx_HAL_Driver/Inc/stm32f4xx_ll_gpio.h ****   *         @arg @ref LL_GPIO_PIN_12
 333:Drivers/STM32F4xx_HAL_Driver/Inc/stm32f4xx_ll_gpio.h ****   *         @arg @ref LL_GPIO_PIN_13
 334:Drivers/STM32F4xx_HAL_Driver/Inc/stm32f4xx_ll_gpio.h ****   *         @arg @ref LL_GPIO_PIN_14
 335:Drivers/STM32F4xx_HAL_Driver/Inc/stm32f4xx_ll_gpio.h ****   *         @arg @ref LL_GPIO_PIN_15
 336:Drivers/STM32F4xx_HAL_Driver/Inc/stm32f4xx_ll_gpio.h ****   *         @arg @ref LL_GPIO_PIN_ALL
 337:Drivers/STM32F4xx_HAL_Driver/Inc/stm32f4xx_ll_gpio.h ****   * @param  OutputType This parameter can be one of the following values:
 338:Drivers/STM32F4xx_HAL_Driver/Inc/stm32f4xx_ll_gpio.h ****   *         @arg @ref LL_GPIO_OUTPUT_PUSHPULL
 339:Drivers/STM32F4xx_HAL_Driver/Inc/stm32f4xx_ll_gpio.h ****   *         @arg @ref LL_GPIO_OUTPUT_OPENDRAIN
 340:Drivers/STM32F4xx_HAL_Driver/Inc/stm32f4xx_ll_gpio.h ****   * @retval None
 341:Drivers/STM32F4xx_HAL_Driver/Inc/stm32f4xx_ll_gpio.h ****   */
 342:Drivers/STM32F4xx_HAL_Driver/Inc/stm32f4xx_ll_gpio.h **** __STATIC_INLINE void LL_GPIO_SetPinOutputType(GPIO_TypeDef *GPIOx, uint32_t PinMask, uint32_t Outpu
 343:Drivers/STM32F4xx_HAL_Driver/Inc/stm32f4xx_ll_gpio.h **** {
 344:Drivers/STM32F4xx_HAL_Driver/Inc/stm32f4xx_ll_gpio.h ****   MODIFY_REG(GPIOx->OTYPER, PinMask, (PinMask * OutputType));
 345:Drivers/STM32F4xx_HAL_Driver/Inc/stm32f4xx_ll_gpio.h **** }
 346:Drivers/STM32F4xx_HAL_Driver/Inc/stm32f4xx_ll_gpio.h **** 
 347:Drivers/STM32F4xx_HAL_Driver/Inc/stm32f4xx_ll_gpio.h **** /**
 348:Drivers/STM32F4xx_HAL_Driver/Inc/stm32f4xx_ll_gpio.h ****   * @brief  Return gpio output type for several pins on dedicated port.
 349:Drivers/STM32F4xx_HAL_Driver/Inc/stm32f4xx_ll_gpio.h ****   * @note   Output type as to be set when gpio pin is in output or
 350:Drivers/STM32F4xx_HAL_Driver/Inc/stm32f4xx_ll_gpio.h ****   *         alternate modes. Possible type are Push-pull or Open-drain.
 351:Drivers/STM32F4xx_HAL_Driver/Inc/stm32f4xx_ll_gpio.h ****   * @note   Warning: only one pin can be passed as parameter.
 352:Drivers/STM32F4xx_HAL_Driver/Inc/stm32f4xx_ll_gpio.h ****   * @rmtoll OTYPER       OTy           LL_GPIO_GetPinOutputType
 353:Drivers/STM32F4xx_HAL_Driver/Inc/stm32f4xx_ll_gpio.h ****   * @param  GPIOx GPIO Port
 354:Drivers/STM32F4xx_HAL_Driver/Inc/stm32f4xx_ll_gpio.h ****   * @param  Pin This parameter can be one of the following values:
 355:Drivers/STM32F4xx_HAL_Driver/Inc/stm32f4xx_ll_gpio.h ****   *         @arg @ref LL_GPIO_PIN_0
 356:Drivers/STM32F4xx_HAL_Driver/Inc/stm32f4xx_ll_gpio.h ****   *         @arg @ref LL_GPIO_PIN_1
 357:Drivers/STM32F4xx_HAL_Driver/Inc/stm32f4xx_ll_gpio.h ****   *         @arg @ref LL_GPIO_PIN_2
 358:Drivers/STM32F4xx_HAL_Driver/Inc/stm32f4xx_ll_gpio.h ****   *         @arg @ref LL_GPIO_PIN_3
 359:Drivers/STM32F4xx_HAL_Driver/Inc/stm32f4xx_ll_gpio.h ****   *         @arg @ref LL_GPIO_PIN_4
 360:Drivers/STM32F4xx_HAL_Driver/Inc/stm32f4xx_ll_gpio.h ****   *         @arg @ref LL_GPIO_PIN_5
 361:Drivers/STM32F4xx_HAL_Driver/Inc/stm32f4xx_ll_gpio.h ****   *         @arg @ref LL_GPIO_PIN_6
 362:Drivers/STM32F4xx_HAL_Driver/Inc/stm32f4xx_ll_gpio.h ****   *         @arg @ref LL_GPIO_PIN_7
 363:Drivers/STM32F4xx_HAL_Driver/Inc/stm32f4xx_ll_gpio.h ****   *         @arg @ref LL_GPIO_PIN_8
 364:Drivers/STM32F4xx_HAL_Driver/Inc/stm32f4xx_ll_gpio.h ****   *         @arg @ref LL_GPIO_PIN_9
 365:Drivers/STM32F4xx_HAL_Driver/Inc/stm32f4xx_ll_gpio.h ****   *         @arg @ref LL_GPIO_PIN_10
 366:Drivers/STM32F4xx_HAL_Driver/Inc/stm32f4xx_ll_gpio.h ****   *         @arg @ref LL_GPIO_PIN_11
 367:Drivers/STM32F4xx_HAL_Driver/Inc/stm32f4xx_ll_gpio.h ****   *         @arg @ref LL_GPIO_PIN_12
 368:Drivers/STM32F4xx_HAL_Driver/Inc/stm32f4xx_ll_gpio.h ****   *         @arg @ref LL_GPIO_PIN_13
 369:Drivers/STM32F4xx_HAL_Driver/Inc/stm32f4xx_ll_gpio.h ****   *         @arg @ref LL_GPIO_PIN_14
 370:Drivers/STM32F4xx_HAL_Driver/Inc/stm32f4xx_ll_gpio.h ****   *         @arg @ref LL_GPIO_PIN_15
 371:Drivers/STM32F4xx_HAL_Driver/Inc/stm32f4xx_ll_gpio.h ****   *         @arg @ref LL_GPIO_PIN_ALL
 372:Drivers/STM32F4xx_HAL_Driver/Inc/stm32f4xx_ll_gpio.h ****   * @retval Returned value can be one of the following values:
 373:Drivers/STM32F4xx_HAL_Driver/Inc/stm32f4xx_ll_gpio.h ****   *         @arg @ref LL_GPIO_OUTPUT_PUSHPULL
 374:Drivers/STM32F4xx_HAL_Driver/Inc/stm32f4xx_ll_gpio.h ****   *         @arg @ref LL_GPIO_OUTPUT_OPENDRAIN
 375:Drivers/STM32F4xx_HAL_Driver/Inc/stm32f4xx_ll_gpio.h ****   */
 376:Drivers/STM32F4xx_HAL_Driver/Inc/stm32f4xx_ll_gpio.h **** __STATIC_INLINE uint32_t LL_GPIO_GetPinOutputType(GPIO_TypeDef *GPIOx, uint32_t Pin)
 377:Drivers/STM32F4xx_HAL_Driver/Inc/stm32f4xx_ll_gpio.h **** {
 378:Drivers/STM32F4xx_HAL_Driver/Inc/stm32f4xx_ll_gpio.h ****   return (uint32_t)(READ_BIT(GPIOx->OTYPER, Pin) >> POSITION_VAL(Pin));
 379:Drivers/STM32F4xx_HAL_Driver/Inc/stm32f4xx_ll_gpio.h **** }
ARM GAS  C:\Users\chris\AppData\Local\Temp\ccrcjOEk.s 			page 18


 380:Drivers/STM32F4xx_HAL_Driver/Inc/stm32f4xx_ll_gpio.h **** 
 381:Drivers/STM32F4xx_HAL_Driver/Inc/stm32f4xx_ll_gpio.h **** /**
 382:Drivers/STM32F4xx_HAL_Driver/Inc/stm32f4xx_ll_gpio.h ****   * @brief  Configure gpio speed for a dedicated pin on dedicated port.
 383:Drivers/STM32F4xx_HAL_Driver/Inc/stm32f4xx_ll_gpio.h ****   * @note   I/O speed can be Low, Medium, Fast or High speed.
 384:Drivers/STM32F4xx_HAL_Driver/Inc/stm32f4xx_ll_gpio.h ****   * @note   Warning: only one pin can be passed as parameter.
 385:Drivers/STM32F4xx_HAL_Driver/Inc/stm32f4xx_ll_gpio.h ****   * @note   Refer to datasheet for frequency specifications and the power
 386:Drivers/STM32F4xx_HAL_Driver/Inc/stm32f4xx_ll_gpio.h ****   *         supply and load conditions for each speed.
 387:Drivers/STM32F4xx_HAL_Driver/Inc/stm32f4xx_ll_gpio.h ****   * @rmtoll OSPEEDR      OSPEEDy       LL_GPIO_SetPinSpeed
 388:Drivers/STM32F4xx_HAL_Driver/Inc/stm32f4xx_ll_gpio.h ****   * @param  GPIOx GPIO Port
 389:Drivers/STM32F4xx_HAL_Driver/Inc/stm32f4xx_ll_gpio.h ****   * @param  Pin This parameter can be one of the following values:
 390:Drivers/STM32F4xx_HAL_Driver/Inc/stm32f4xx_ll_gpio.h ****   *         @arg @ref LL_GPIO_PIN_0
 391:Drivers/STM32F4xx_HAL_Driver/Inc/stm32f4xx_ll_gpio.h ****   *         @arg @ref LL_GPIO_PIN_1
 392:Drivers/STM32F4xx_HAL_Driver/Inc/stm32f4xx_ll_gpio.h ****   *         @arg @ref LL_GPIO_PIN_2
 393:Drivers/STM32F4xx_HAL_Driver/Inc/stm32f4xx_ll_gpio.h ****   *         @arg @ref LL_GPIO_PIN_3
 394:Drivers/STM32F4xx_HAL_Driver/Inc/stm32f4xx_ll_gpio.h ****   *         @arg @ref LL_GPIO_PIN_4
 395:Drivers/STM32F4xx_HAL_Driver/Inc/stm32f4xx_ll_gpio.h ****   *         @arg @ref LL_GPIO_PIN_5
 396:Drivers/STM32F4xx_HAL_Driver/Inc/stm32f4xx_ll_gpio.h ****   *         @arg @ref LL_GPIO_PIN_6
 397:Drivers/STM32F4xx_HAL_Driver/Inc/stm32f4xx_ll_gpio.h ****   *         @arg @ref LL_GPIO_PIN_7
 398:Drivers/STM32F4xx_HAL_Driver/Inc/stm32f4xx_ll_gpio.h ****   *         @arg @ref LL_GPIO_PIN_8
 399:Drivers/STM32F4xx_HAL_Driver/Inc/stm32f4xx_ll_gpio.h ****   *         @arg @ref LL_GPIO_PIN_9
 400:Drivers/STM32F4xx_HAL_Driver/Inc/stm32f4xx_ll_gpio.h ****   *         @arg @ref LL_GPIO_PIN_10
 401:Drivers/STM32F4xx_HAL_Driver/Inc/stm32f4xx_ll_gpio.h ****   *         @arg @ref LL_GPIO_PIN_11
 402:Drivers/STM32F4xx_HAL_Driver/Inc/stm32f4xx_ll_gpio.h ****   *         @arg @ref LL_GPIO_PIN_12
 403:Drivers/STM32F4xx_HAL_Driver/Inc/stm32f4xx_ll_gpio.h ****   *         @arg @ref LL_GPIO_PIN_13
 404:Drivers/STM32F4xx_HAL_Driver/Inc/stm32f4xx_ll_gpio.h ****   *         @arg @ref LL_GPIO_PIN_14
 405:Drivers/STM32F4xx_HAL_Driver/Inc/stm32f4xx_ll_gpio.h ****   *         @arg @ref LL_GPIO_PIN_15
 406:Drivers/STM32F4xx_HAL_Driver/Inc/stm32f4xx_ll_gpio.h ****   * @param  Speed This parameter can be one of the following values:
 407:Drivers/STM32F4xx_HAL_Driver/Inc/stm32f4xx_ll_gpio.h ****   *         @arg @ref LL_GPIO_SPEED_FREQ_LOW
 408:Drivers/STM32F4xx_HAL_Driver/Inc/stm32f4xx_ll_gpio.h ****   *         @arg @ref LL_GPIO_SPEED_FREQ_MEDIUM
 409:Drivers/STM32F4xx_HAL_Driver/Inc/stm32f4xx_ll_gpio.h ****   *         @arg @ref LL_GPIO_SPEED_FREQ_HIGH
 410:Drivers/STM32F4xx_HAL_Driver/Inc/stm32f4xx_ll_gpio.h ****   *         @arg @ref LL_GPIO_SPEED_FREQ_VERY_HIGH
 411:Drivers/STM32F4xx_HAL_Driver/Inc/stm32f4xx_ll_gpio.h ****   * @retval None
 412:Drivers/STM32F4xx_HAL_Driver/Inc/stm32f4xx_ll_gpio.h ****   */
 413:Drivers/STM32F4xx_HAL_Driver/Inc/stm32f4xx_ll_gpio.h **** __STATIC_INLINE void LL_GPIO_SetPinSpeed(GPIO_TypeDef *GPIOx, uint32_t Pin, uint32_t  Speed)
 414:Drivers/STM32F4xx_HAL_Driver/Inc/stm32f4xx_ll_gpio.h **** {
 164              		.loc 2 414 1 is_stmt 1 view -0
 165              		.cfi_startproc
 166              		@ args = 0, pretend = 0, frame = 0
 167              		@ frame_needed = 0, uses_anonymous_args = 0
 168              		@ link register save eliminated.
 169              		.loc 2 414 1 is_stmt 0 view .LVU34
 170 0000 10B4     		push	{r4}
 171              	.LCFI3:
 172              		.cfi_def_cfa_offset 4
 173              		.cfi_offset 4, -4
 415:Drivers/STM32F4xx_HAL_Driver/Inc/stm32f4xx_ll_gpio.h ****   MODIFY_REG(GPIOx->OSPEEDR, (GPIO_OSPEEDER_OSPEEDR0 << (POSITION_VAL(Pin) * 2U)),
 174              		.loc 2 415 3 is_stmt 1 view .LVU35
 175 0002 8468     		ldr	r4, [r0, #8]
 176              	.LVL13:
 177              	.LBB96:
 178              	.LBI96:
 373:Drivers/CMSIS/Include/cmsis_gcc.h **** {
 179              		.loc 3 373 31 view .LVU36
 180              	.LBB97:
 375:Drivers/CMSIS/Include/cmsis_gcc.h **** 
 181              		.loc 3 375 3 view .LVU37
 380:Drivers/CMSIS/Include/cmsis_gcc.h **** #else
ARM GAS  C:\Users\chris\AppData\Local\Temp\ccrcjOEk.s 			page 19


 182              		.loc 3 380 4 view .LVU38
 183              		.syntax unified
 184              	@ 380 "Drivers/CMSIS/Include/cmsis_gcc.h" 1
 185 0004 91FAA1F3 		rbit r3, r1
 186              	@ 0 "" 2
 187              	.LVL14:
 393:Drivers/CMSIS/Include/cmsis_gcc.h **** }
 188              		.loc 3 393 3 view .LVU39
 393:Drivers/CMSIS/Include/cmsis_gcc.h **** }
 189              		.loc 3 393 3 is_stmt 0 view .LVU40
 190              		.thumb
 191              		.syntax unified
 192              	.LBE97:
 193              	.LBE96:
 194              	.LBB98:
 195              	.LBI98:
 403:Drivers/CMSIS/Include/cmsis_gcc.h **** {
 196              		.loc 3 403 30 is_stmt 1 view .LVU41
 197              	.LBB99:
 414:Drivers/CMSIS/Include/cmsis_gcc.h ****   {
 198              		.loc 3 414 3 view .LVU42
 414:Drivers/CMSIS/Include/cmsis_gcc.h ****   {
 199              		.loc 3 414 6 is_stmt 0 view .LVU43
 200 0008 A3B1     		cbz	r3, .L10
 201              		.loc 3 418 3 is_stmt 1 view .LVU44
 202              		.loc 3 418 10 is_stmt 0 discriminator 1 view .LVU45
 203 000a B3FA83F3 		clz	r3, r3
 204              	.LVL15:
 205              	.L8:
 206              		.loc 3 418 10 discriminator 1 view .LVU46
 207              	.LBE99:
 208              	.LBE98:
 209              		.loc 2 415 3 discriminator 2 view .LVU47
 210 000e 5B00     		lsls	r3, r3, #1
 211 0010 4FF0030C 		mov	ip, #3
 212 0014 0CFA03F3 		lsl	r3, ip, r3
 213 0018 24EA0303 		bic	r3, r4, r3
 214              	.LVL16:
 215              	.LBB101:
 216              	.LBI101:
 373:Drivers/CMSIS/Include/cmsis_gcc.h **** {
 217              		.loc 3 373 31 is_stmt 1 view .LVU48
 218              	.LBB102:
 375:Drivers/CMSIS/Include/cmsis_gcc.h **** 
 219              		.loc 3 375 3 view .LVU49
 380:Drivers/CMSIS/Include/cmsis_gcc.h **** #else
 220              		.loc 3 380 4 view .LVU50
 221              		.syntax unified
 222              	@ 380 "Drivers/CMSIS/Include/cmsis_gcc.h" 1
 223 001c 91FAA1F1 		rbit r1, r1
 224              	@ 0 "" 2
 225              	.LVL17:
 393:Drivers/CMSIS/Include/cmsis_gcc.h **** }
 226              		.loc 3 393 3 view .LVU51
 393:Drivers/CMSIS/Include/cmsis_gcc.h **** }
 227              		.loc 3 393 3 is_stmt 0 view .LVU52
 228              		.thumb
ARM GAS  C:\Users\chris\AppData\Local\Temp\ccrcjOEk.s 			page 20


 229              		.syntax unified
 230              	.LBE102:
 231              	.LBE101:
 232              	.LBB103:
 233              	.LBI103:
 403:Drivers/CMSIS/Include/cmsis_gcc.h **** {
 234              		.loc 3 403 30 is_stmt 1 view .LVU53
 235              	.LBB104:
 414:Drivers/CMSIS/Include/cmsis_gcc.h ****   {
 236              		.loc 3 414 3 view .LVU54
 414:Drivers/CMSIS/Include/cmsis_gcc.h ****   {
 237              		.loc 3 414 6 is_stmt 0 view .LVU55
 238 0020 51B1     		cbz	r1, .L11
 239              		.loc 3 418 3 is_stmt 1 view .LVU56
 240              		.loc 3 418 10 is_stmt 0 discriminator 1 view .LVU57
 241 0022 B1FA81F1 		clz	r1, r1
 242              	.LVL18:
 243              	.L9:
 244              		.loc 3 418 10 discriminator 1 view .LVU58
 245              	.LBE104:
 246              	.LBE103:
 247              		.loc 2 415 3 discriminator 4 view .LVU59
 248 0026 4900     		lsls	r1, r1, #1
 249 0028 8A40     		lsls	r2, r2, r1
 250              	.LVL19:
 251              		.loc 2 415 3 discriminator 4 view .LVU60
 252 002a 1343     		orrs	r3, r3, r2
 253 002c 8360     		str	r3, [r0, #8]
 416:Drivers/STM32F4xx_HAL_Driver/Inc/stm32f4xx_ll_gpio.h ****              (Speed << (POSITION_VAL(Pin) * 2U)));
 417:Drivers/STM32F4xx_HAL_Driver/Inc/stm32f4xx_ll_gpio.h **** }
 254              		.loc 2 417 1 view .LVU61
 255 002e 5DF8044B 		ldr	r4, [sp], #4
 256              	.LCFI4:
 257              		.cfi_remember_state
 258              		.cfi_restore 4
 259              		.cfi_def_cfa_offset 0
 260 0032 7047     		bx	lr
 261              	.LVL20:
 262              	.L10:
 263              	.LCFI5:
 264              		.cfi_restore_state
 265              	.LBB106:
 266              	.LBB100:
 416:Drivers/CMSIS/Include/cmsis_gcc.h ****   }
 267              		.loc 3 416 12 view .LVU62
 268 0034 2023     		movs	r3, #32
 269              	.LVL21:
 416:Drivers/CMSIS/Include/cmsis_gcc.h ****   }
 270              		.loc 3 416 12 view .LVU63
 271 0036 EAE7     		b	.L8
 272              	.LVL22:
 273              	.L11:
 416:Drivers/CMSIS/Include/cmsis_gcc.h ****   }
 274              		.loc 3 416 12 view .LVU64
 275              	.LBE100:
 276              	.LBE106:
 277              	.LBB107:
ARM GAS  C:\Users\chris\AppData\Local\Temp\ccrcjOEk.s 			page 21


 278              	.LBB105:
 279 0038 2021     		movs	r1, #32
 280              	.LVL23:
 416:Drivers/CMSIS/Include/cmsis_gcc.h ****   }
 281              		.loc 3 416 12 view .LVU65
 282 003a F4E7     		b	.L9
 283              	.LBE105:
 284              	.LBE107:
 285              		.cfi_endproc
 286              	.LFE138:
 288              		.section	.text.LL_GPIO_SetPinPull,"ax",%progbits
 289              		.align	1
 290              		.syntax unified
 291              		.thumb
 292              		.thumb_func
 294              	LL_GPIO_SetPinPull:
 295              	.LVL24:
 296              	.LFB140:
 418:Drivers/STM32F4xx_HAL_Driver/Inc/stm32f4xx_ll_gpio.h **** 
 419:Drivers/STM32F4xx_HAL_Driver/Inc/stm32f4xx_ll_gpio.h **** /**
 420:Drivers/STM32F4xx_HAL_Driver/Inc/stm32f4xx_ll_gpio.h ****   * @brief  Return gpio speed for a dedicated pin on dedicated port.
 421:Drivers/STM32F4xx_HAL_Driver/Inc/stm32f4xx_ll_gpio.h ****   * @note   I/O speed can be Low, Medium, Fast or High speed.
 422:Drivers/STM32F4xx_HAL_Driver/Inc/stm32f4xx_ll_gpio.h ****   * @note   Warning: only one pin can be passed as parameter.
 423:Drivers/STM32F4xx_HAL_Driver/Inc/stm32f4xx_ll_gpio.h ****   * @note   Refer to datasheet for frequency specifications and the power
 424:Drivers/STM32F4xx_HAL_Driver/Inc/stm32f4xx_ll_gpio.h ****   *         supply and load conditions for each speed.
 425:Drivers/STM32F4xx_HAL_Driver/Inc/stm32f4xx_ll_gpio.h ****   * @rmtoll OSPEEDR      OSPEEDy       LL_GPIO_GetPinSpeed
 426:Drivers/STM32F4xx_HAL_Driver/Inc/stm32f4xx_ll_gpio.h ****   * @param  GPIOx GPIO Port
 427:Drivers/STM32F4xx_HAL_Driver/Inc/stm32f4xx_ll_gpio.h ****   * @param  Pin This parameter can be one of the following values:
 428:Drivers/STM32F4xx_HAL_Driver/Inc/stm32f4xx_ll_gpio.h ****   *         @arg @ref LL_GPIO_PIN_0
 429:Drivers/STM32F4xx_HAL_Driver/Inc/stm32f4xx_ll_gpio.h ****   *         @arg @ref LL_GPIO_PIN_1
 430:Drivers/STM32F4xx_HAL_Driver/Inc/stm32f4xx_ll_gpio.h ****   *         @arg @ref LL_GPIO_PIN_2
 431:Drivers/STM32F4xx_HAL_Driver/Inc/stm32f4xx_ll_gpio.h ****   *         @arg @ref LL_GPIO_PIN_3
 432:Drivers/STM32F4xx_HAL_Driver/Inc/stm32f4xx_ll_gpio.h ****   *         @arg @ref LL_GPIO_PIN_4
 433:Drivers/STM32F4xx_HAL_Driver/Inc/stm32f4xx_ll_gpio.h ****   *         @arg @ref LL_GPIO_PIN_5
 434:Drivers/STM32F4xx_HAL_Driver/Inc/stm32f4xx_ll_gpio.h ****   *         @arg @ref LL_GPIO_PIN_6
 435:Drivers/STM32F4xx_HAL_Driver/Inc/stm32f4xx_ll_gpio.h ****   *         @arg @ref LL_GPIO_PIN_7
 436:Drivers/STM32F4xx_HAL_Driver/Inc/stm32f4xx_ll_gpio.h ****   *         @arg @ref LL_GPIO_PIN_8
 437:Drivers/STM32F4xx_HAL_Driver/Inc/stm32f4xx_ll_gpio.h ****   *         @arg @ref LL_GPIO_PIN_9
 438:Drivers/STM32F4xx_HAL_Driver/Inc/stm32f4xx_ll_gpio.h ****   *         @arg @ref LL_GPIO_PIN_10
 439:Drivers/STM32F4xx_HAL_Driver/Inc/stm32f4xx_ll_gpio.h ****   *         @arg @ref LL_GPIO_PIN_11
 440:Drivers/STM32F4xx_HAL_Driver/Inc/stm32f4xx_ll_gpio.h ****   *         @arg @ref LL_GPIO_PIN_12
 441:Drivers/STM32F4xx_HAL_Driver/Inc/stm32f4xx_ll_gpio.h ****   *         @arg @ref LL_GPIO_PIN_13
 442:Drivers/STM32F4xx_HAL_Driver/Inc/stm32f4xx_ll_gpio.h ****   *         @arg @ref LL_GPIO_PIN_14
 443:Drivers/STM32F4xx_HAL_Driver/Inc/stm32f4xx_ll_gpio.h ****   *         @arg @ref LL_GPIO_PIN_15
 444:Drivers/STM32F4xx_HAL_Driver/Inc/stm32f4xx_ll_gpio.h ****   * @retval Returned value can be one of the following values:
 445:Drivers/STM32F4xx_HAL_Driver/Inc/stm32f4xx_ll_gpio.h ****   *         @arg @ref LL_GPIO_SPEED_FREQ_LOW
 446:Drivers/STM32F4xx_HAL_Driver/Inc/stm32f4xx_ll_gpio.h ****   *         @arg @ref LL_GPIO_SPEED_FREQ_MEDIUM
 447:Drivers/STM32F4xx_HAL_Driver/Inc/stm32f4xx_ll_gpio.h ****   *         @arg @ref LL_GPIO_SPEED_FREQ_HIGH
 448:Drivers/STM32F4xx_HAL_Driver/Inc/stm32f4xx_ll_gpio.h ****   *         @arg @ref LL_GPIO_SPEED_FREQ_VERY_HIGH
 449:Drivers/STM32F4xx_HAL_Driver/Inc/stm32f4xx_ll_gpio.h ****   */
 450:Drivers/STM32F4xx_HAL_Driver/Inc/stm32f4xx_ll_gpio.h **** __STATIC_INLINE uint32_t LL_GPIO_GetPinSpeed(GPIO_TypeDef *GPIOx, uint32_t Pin)
 451:Drivers/STM32F4xx_HAL_Driver/Inc/stm32f4xx_ll_gpio.h **** {
 452:Drivers/STM32F4xx_HAL_Driver/Inc/stm32f4xx_ll_gpio.h ****   return (uint32_t)(READ_BIT(GPIOx->OSPEEDR,
 453:Drivers/STM32F4xx_HAL_Driver/Inc/stm32f4xx_ll_gpio.h ****                              (GPIO_OSPEEDER_OSPEEDR0 << (POSITION_VAL(Pin) * 2U))) >> (POSITION_VAL
 454:Drivers/STM32F4xx_HAL_Driver/Inc/stm32f4xx_ll_gpio.h **** }
 455:Drivers/STM32F4xx_HAL_Driver/Inc/stm32f4xx_ll_gpio.h **** 
 456:Drivers/STM32F4xx_HAL_Driver/Inc/stm32f4xx_ll_gpio.h **** /**
ARM GAS  C:\Users\chris\AppData\Local\Temp\ccrcjOEk.s 			page 22


 457:Drivers/STM32F4xx_HAL_Driver/Inc/stm32f4xx_ll_gpio.h ****   * @brief  Configure gpio pull-up or pull-down for a dedicated pin on a dedicated port.
 458:Drivers/STM32F4xx_HAL_Driver/Inc/stm32f4xx_ll_gpio.h ****   * @note   Warning: only one pin can be passed as parameter.
 459:Drivers/STM32F4xx_HAL_Driver/Inc/stm32f4xx_ll_gpio.h ****   * @rmtoll PUPDR        PUPDy         LL_GPIO_SetPinPull
 460:Drivers/STM32F4xx_HAL_Driver/Inc/stm32f4xx_ll_gpio.h ****   * @param  GPIOx GPIO Port
 461:Drivers/STM32F4xx_HAL_Driver/Inc/stm32f4xx_ll_gpio.h ****   * @param  Pin This parameter can be one of the following values:
 462:Drivers/STM32F4xx_HAL_Driver/Inc/stm32f4xx_ll_gpio.h ****   *         @arg @ref LL_GPIO_PIN_0
 463:Drivers/STM32F4xx_HAL_Driver/Inc/stm32f4xx_ll_gpio.h ****   *         @arg @ref LL_GPIO_PIN_1
 464:Drivers/STM32F4xx_HAL_Driver/Inc/stm32f4xx_ll_gpio.h ****   *         @arg @ref LL_GPIO_PIN_2
 465:Drivers/STM32F4xx_HAL_Driver/Inc/stm32f4xx_ll_gpio.h ****   *         @arg @ref LL_GPIO_PIN_3
 466:Drivers/STM32F4xx_HAL_Driver/Inc/stm32f4xx_ll_gpio.h ****   *         @arg @ref LL_GPIO_PIN_4
 467:Drivers/STM32F4xx_HAL_Driver/Inc/stm32f4xx_ll_gpio.h ****   *         @arg @ref LL_GPIO_PIN_5
 468:Drivers/STM32F4xx_HAL_Driver/Inc/stm32f4xx_ll_gpio.h ****   *         @arg @ref LL_GPIO_PIN_6
 469:Drivers/STM32F4xx_HAL_Driver/Inc/stm32f4xx_ll_gpio.h ****   *         @arg @ref LL_GPIO_PIN_7
 470:Drivers/STM32F4xx_HAL_Driver/Inc/stm32f4xx_ll_gpio.h ****   *         @arg @ref LL_GPIO_PIN_8
 471:Drivers/STM32F4xx_HAL_Driver/Inc/stm32f4xx_ll_gpio.h ****   *         @arg @ref LL_GPIO_PIN_9
 472:Drivers/STM32F4xx_HAL_Driver/Inc/stm32f4xx_ll_gpio.h ****   *         @arg @ref LL_GPIO_PIN_10
 473:Drivers/STM32F4xx_HAL_Driver/Inc/stm32f4xx_ll_gpio.h ****   *         @arg @ref LL_GPIO_PIN_11
 474:Drivers/STM32F4xx_HAL_Driver/Inc/stm32f4xx_ll_gpio.h ****   *         @arg @ref LL_GPIO_PIN_12
 475:Drivers/STM32F4xx_HAL_Driver/Inc/stm32f4xx_ll_gpio.h ****   *         @arg @ref LL_GPIO_PIN_13
 476:Drivers/STM32F4xx_HAL_Driver/Inc/stm32f4xx_ll_gpio.h ****   *         @arg @ref LL_GPIO_PIN_14
 477:Drivers/STM32F4xx_HAL_Driver/Inc/stm32f4xx_ll_gpio.h ****   *         @arg @ref LL_GPIO_PIN_15
 478:Drivers/STM32F4xx_HAL_Driver/Inc/stm32f4xx_ll_gpio.h ****   * @param  Pull This parameter can be one of the following values:
 479:Drivers/STM32F4xx_HAL_Driver/Inc/stm32f4xx_ll_gpio.h ****   *         @arg @ref LL_GPIO_PULL_NO
 480:Drivers/STM32F4xx_HAL_Driver/Inc/stm32f4xx_ll_gpio.h ****   *         @arg @ref LL_GPIO_PULL_UP
 481:Drivers/STM32F4xx_HAL_Driver/Inc/stm32f4xx_ll_gpio.h ****   *         @arg @ref LL_GPIO_PULL_DOWN
 482:Drivers/STM32F4xx_HAL_Driver/Inc/stm32f4xx_ll_gpio.h ****   * @retval None
 483:Drivers/STM32F4xx_HAL_Driver/Inc/stm32f4xx_ll_gpio.h ****   */
 484:Drivers/STM32F4xx_HAL_Driver/Inc/stm32f4xx_ll_gpio.h **** __STATIC_INLINE void LL_GPIO_SetPinPull(GPIO_TypeDef *GPIOx, uint32_t Pin, uint32_t Pull)
 485:Drivers/STM32F4xx_HAL_Driver/Inc/stm32f4xx_ll_gpio.h **** {
 297              		.loc 2 485 1 is_stmt 1 view -0
 298              		.cfi_startproc
 299              		@ args = 0, pretend = 0, frame = 0
 300              		@ frame_needed = 0, uses_anonymous_args = 0
 301              		@ link register save eliminated.
 302              		.loc 2 485 1 is_stmt 0 view .LVU67
 303 0000 10B4     		push	{r4}
 304              	.LCFI6:
 305              		.cfi_def_cfa_offset 4
 306              		.cfi_offset 4, -4
 486:Drivers/STM32F4xx_HAL_Driver/Inc/stm32f4xx_ll_gpio.h ****   MODIFY_REG(GPIOx->PUPDR, (GPIO_PUPDR_PUPDR0 << (POSITION_VAL(Pin) * 2U)), (Pull << (POSITION_VAL(
 307              		.loc 2 486 3 is_stmt 1 view .LVU68
 308 0002 C468     		ldr	r4, [r0, #12]
 309              	.LVL25:
 310              	.LBB108:
 311              	.LBI108:
 373:Drivers/CMSIS/Include/cmsis_gcc.h **** {
 312              		.loc 3 373 31 view .LVU69
 313              	.LBB109:
 375:Drivers/CMSIS/Include/cmsis_gcc.h **** 
 314              		.loc 3 375 3 view .LVU70
 380:Drivers/CMSIS/Include/cmsis_gcc.h **** #else
 315              		.loc 3 380 4 view .LVU71
 316              		.syntax unified
 317              	@ 380 "Drivers/CMSIS/Include/cmsis_gcc.h" 1
 318 0004 91FAA1F3 		rbit r3, r1
 319              	@ 0 "" 2
 320              	.LVL26:
ARM GAS  C:\Users\chris\AppData\Local\Temp\ccrcjOEk.s 			page 23


 393:Drivers/CMSIS/Include/cmsis_gcc.h **** }
 321              		.loc 3 393 3 view .LVU72
 393:Drivers/CMSIS/Include/cmsis_gcc.h **** }
 322              		.loc 3 393 3 is_stmt 0 view .LVU73
 323              		.thumb
 324              		.syntax unified
 325              	.LBE109:
 326              	.LBE108:
 327              	.LBB110:
 328              	.LBI110:
 403:Drivers/CMSIS/Include/cmsis_gcc.h **** {
 329              		.loc 3 403 30 is_stmt 1 view .LVU74
 330              	.LBB111:
 414:Drivers/CMSIS/Include/cmsis_gcc.h ****   {
 331              		.loc 3 414 3 view .LVU75
 414:Drivers/CMSIS/Include/cmsis_gcc.h ****   {
 332              		.loc 3 414 6 is_stmt 0 view .LVU76
 333 0008 A3B1     		cbz	r3, .L16
 334              		.loc 3 418 3 is_stmt 1 view .LVU77
 335              		.loc 3 418 10 is_stmt 0 discriminator 1 view .LVU78
 336 000a B3FA83F3 		clz	r3, r3
 337              	.LVL27:
 338              	.L14:
 339              		.loc 3 418 10 discriminator 1 view .LVU79
 340              	.LBE111:
 341              	.LBE110:
 342              		.loc 2 486 3 discriminator 2 view .LVU80
 343 000e 5B00     		lsls	r3, r3, #1
 344 0010 4FF0030C 		mov	ip, #3
 345 0014 0CFA03F3 		lsl	r3, ip, r3
 346 0018 24EA0303 		bic	r3, r4, r3
 347              	.LVL28:
 348              	.LBB113:
 349              	.LBI113:
 373:Drivers/CMSIS/Include/cmsis_gcc.h **** {
 350              		.loc 3 373 31 is_stmt 1 view .LVU81
 351              	.LBB114:
 375:Drivers/CMSIS/Include/cmsis_gcc.h **** 
 352              		.loc 3 375 3 view .LVU82
 380:Drivers/CMSIS/Include/cmsis_gcc.h **** #else
 353              		.loc 3 380 4 view .LVU83
 354              		.syntax unified
 355              	@ 380 "Drivers/CMSIS/Include/cmsis_gcc.h" 1
 356 001c 91FAA1F1 		rbit r1, r1
 357              	@ 0 "" 2
 358              	.LVL29:
 393:Drivers/CMSIS/Include/cmsis_gcc.h **** }
 359              		.loc 3 393 3 view .LVU84
 393:Drivers/CMSIS/Include/cmsis_gcc.h **** }
 360              		.loc 3 393 3 is_stmt 0 view .LVU85
 361              		.thumb
 362              		.syntax unified
 363              	.LBE114:
 364              	.LBE113:
 365              	.LBB115:
 366              	.LBI115:
 403:Drivers/CMSIS/Include/cmsis_gcc.h **** {
ARM GAS  C:\Users\chris\AppData\Local\Temp\ccrcjOEk.s 			page 24


 367              		.loc 3 403 30 is_stmt 1 view .LVU86
 368              	.LBB116:
 414:Drivers/CMSIS/Include/cmsis_gcc.h ****   {
 369              		.loc 3 414 3 view .LVU87
 414:Drivers/CMSIS/Include/cmsis_gcc.h ****   {
 370              		.loc 3 414 6 is_stmt 0 view .LVU88
 371 0020 51B1     		cbz	r1, .L17
 372              		.loc 3 418 3 is_stmt 1 view .LVU89
 373              		.loc 3 418 10 is_stmt 0 discriminator 1 view .LVU90
 374 0022 B1FA81F1 		clz	r1, r1
 375              	.LVL30:
 376              	.L15:
 377              		.loc 3 418 10 discriminator 1 view .LVU91
 378              	.LBE116:
 379              	.LBE115:
 380              		.loc 2 486 3 discriminator 4 view .LVU92
 381 0026 4900     		lsls	r1, r1, #1
 382 0028 8A40     		lsls	r2, r2, r1
 383              	.LVL31:
 384              		.loc 2 486 3 discriminator 4 view .LVU93
 385 002a 1343     		orrs	r3, r3, r2
 386 002c C360     		str	r3, [r0, #12]
 487:Drivers/STM32F4xx_HAL_Driver/Inc/stm32f4xx_ll_gpio.h **** }
 387              		.loc 2 487 1 view .LVU94
 388 002e 5DF8044B 		ldr	r4, [sp], #4
 389              	.LCFI7:
 390              		.cfi_remember_state
 391              		.cfi_restore 4
 392              		.cfi_def_cfa_offset 0
 393 0032 7047     		bx	lr
 394              	.LVL32:
 395              	.L16:
 396              	.LCFI8:
 397              		.cfi_restore_state
 398              	.LBB118:
 399              	.LBB112:
 416:Drivers/CMSIS/Include/cmsis_gcc.h ****   }
 400              		.loc 3 416 12 view .LVU95
 401 0034 2023     		movs	r3, #32
 402              	.LVL33:
 416:Drivers/CMSIS/Include/cmsis_gcc.h ****   }
 403              		.loc 3 416 12 view .LVU96
 404 0036 EAE7     		b	.L14
 405              	.LVL34:
 406              	.L17:
 416:Drivers/CMSIS/Include/cmsis_gcc.h ****   }
 407              		.loc 3 416 12 view .LVU97
 408              	.LBE112:
 409              	.LBE118:
 410              	.LBB119:
 411              	.LBB117:
 412 0038 2021     		movs	r1, #32
 413              	.LVL35:
 416:Drivers/CMSIS/Include/cmsis_gcc.h ****   }
 414              		.loc 3 416 12 view .LVU98
 415 003a F4E7     		b	.L15
 416              	.LBE117:
ARM GAS  C:\Users\chris\AppData\Local\Temp\ccrcjOEk.s 			page 25


 417              	.LBE119:
 418              		.cfi_endproc
 419              	.LFE140:
 421              		.section	.text.LL_GPIO_SetAFPin_0_7,"ax",%progbits
 422              		.align	1
 423              		.syntax unified
 424              		.thumb
 425              		.thumb_func
 427              	LL_GPIO_SetAFPin_0_7:
 428              	.LVL36:
 429              	.LFB142:
 488:Drivers/STM32F4xx_HAL_Driver/Inc/stm32f4xx_ll_gpio.h **** 
 489:Drivers/STM32F4xx_HAL_Driver/Inc/stm32f4xx_ll_gpio.h **** /**
 490:Drivers/STM32F4xx_HAL_Driver/Inc/stm32f4xx_ll_gpio.h ****   * @brief  Return gpio pull-up or pull-down for a dedicated pin on a dedicated port
 491:Drivers/STM32F4xx_HAL_Driver/Inc/stm32f4xx_ll_gpio.h ****   * @note   Warning: only one pin can be passed as parameter.
 492:Drivers/STM32F4xx_HAL_Driver/Inc/stm32f4xx_ll_gpio.h ****   * @rmtoll PUPDR        PUPDy         LL_GPIO_GetPinPull
 493:Drivers/STM32F4xx_HAL_Driver/Inc/stm32f4xx_ll_gpio.h ****   * @param  GPIOx GPIO Port
 494:Drivers/STM32F4xx_HAL_Driver/Inc/stm32f4xx_ll_gpio.h ****   * @param  Pin This parameter can be one of the following values:
 495:Drivers/STM32F4xx_HAL_Driver/Inc/stm32f4xx_ll_gpio.h ****   *         @arg @ref LL_GPIO_PIN_0
 496:Drivers/STM32F4xx_HAL_Driver/Inc/stm32f4xx_ll_gpio.h ****   *         @arg @ref LL_GPIO_PIN_1
 497:Drivers/STM32F4xx_HAL_Driver/Inc/stm32f4xx_ll_gpio.h ****   *         @arg @ref LL_GPIO_PIN_2
 498:Drivers/STM32F4xx_HAL_Driver/Inc/stm32f4xx_ll_gpio.h ****   *         @arg @ref LL_GPIO_PIN_3
 499:Drivers/STM32F4xx_HAL_Driver/Inc/stm32f4xx_ll_gpio.h ****   *         @arg @ref LL_GPIO_PIN_4
 500:Drivers/STM32F4xx_HAL_Driver/Inc/stm32f4xx_ll_gpio.h ****   *         @arg @ref LL_GPIO_PIN_5
 501:Drivers/STM32F4xx_HAL_Driver/Inc/stm32f4xx_ll_gpio.h ****   *         @arg @ref LL_GPIO_PIN_6
 502:Drivers/STM32F4xx_HAL_Driver/Inc/stm32f4xx_ll_gpio.h ****   *         @arg @ref LL_GPIO_PIN_7
 503:Drivers/STM32F4xx_HAL_Driver/Inc/stm32f4xx_ll_gpio.h ****   *         @arg @ref LL_GPIO_PIN_8
 504:Drivers/STM32F4xx_HAL_Driver/Inc/stm32f4xx_ll_gpio.h ****   *         @arg @ref LL_GPIO_PIN_9
 505:Drivers/STM32F4xx_HAL_Driver/Inc/stm32f4xx_ll_gpio.h ****   *         @arg @ref LL_GPIO_PIN_10
 506:Drivers/STM32F4xx_HAL_Driver/Inc/stm32f4xx_ll_gpio.h ****   *         @arg @ref LL_GPIO_PIN_11
 507:Drivers/STM32F4xx_HAL_Driver/Inc/stm32f4xx_ll_gpio.h ****   *         @arg @ref LL_GPIO_PIN_12
 508:Drivers/STM32F4xx_HAL_Driver/Inc/stm32f4xx_ll_gpio.h ****   *         @arg @ref LL_GPIO_PIN_13
 509:Drivers/STM32F4xx_HAL_Driver/Inc/stm32f4xx_ll_gpio.h ****   *         @arg @ref LL_GPIO_PIN_14
 510:Drivers/STM32F4xx_HAL_Driver/Inc/stm32f4xx_ll_gpio.h ****   *         @arg @ref LL_GPIO_PIN_15
 511:Drivers/STM32F4xx_HAL_Driver/Inc/stm32f4xx_ll_gpio.h ****   * @retval Returned value can be one of the following values:
 512:Drivers/STM32F4xx_HAL_Driver/Inc/stm32f4xx_ll_gpio.h ****   *         @arg @ref LL_GPIO_PULL_NO
 513:Drivers/STM32F4xx_HAL_Driver/Inc/stm32f4xx_ll_gpio.h ****   *         @arg @ref LL_GPIO_PULL_UP
 514:Drivers/STM32F4xx_HAL_Driver/Inc/stm32f4xx_ll_gpio.h ****   *         @arg @ref LL_GPIO_PULL_DOWN
 515:Drivers/STM32F4xx_HAL_Driver/Inc/stm32f4xx_ll_gpio.h ****   */
 516:Drivers/STM32F4xx_HAL_Driver/Inc/stm32f4xx_ll_gpio.h **** __STATIC_INLINE uint32_t LL_GPIO_GetPinPull(GPIO_TypeDef *GPIOx, uint32_t Pin)
 517:Drivers/STM32F4xx_HAL_Driver/Inc/stm32f4xx_ll_gpio.h **** {
 518:Drivers/STM32F4xx_HAL_Driver/Inc/stm32f4xx_ll_gpio.h ****   return (uint32_t)(READ_BIT(GPIOx->PUPDR,
 519:Drivers/STM32F4xx_HAL_Driver/Inc/stm32f4xx_ll_gpio.h ****                              (GPIO_PUPDR_PUPDR0 << (POSITION_VAL(Pin) * 2U))) >> (POSITION_VAL(Pin)
 520:Drivers/STM32F4xx_HAL_Driver/Inc/stm32f4xx_ll_gpio.h **** }
 521:Drivers/STM32F4xx_HAL_Driver/Inc/stm32f4xx_ll_gpio.h **** 
 522:Drivers/STM32F4xx_HAL_Driver/Inc/stm32f4xx_ll_gpio.h **** /**
 523:Drivers/STM32F4xx_HAL_Driver/Inc/stm32f4xx_ll_gpio.h ****   * @brief  Configure gpio alternate function of a dedicated pin from 0 to 7 for a dedicated port.
 524:Drivers/STM32F4xx_HAL_Driver/Inc/stm32f4xx_ll_gpio.h ****   * @note   Possible values are from AF0 to AF15 depending on target.
 525:Drivers/STM32F4xx_HAL_Driver/Inc/stm32f4xx_ll_gpio.h ****   * @note   Warning: only one pin can be passed as parameter.
 526:Drivers/STM32F4xx_HAL_Driver/Inc/stm32f4xx_ll_gpio.h ****   * @rmtoll AFRL         AFSELy        LL_GPIO_SetAFPin_0_7
 527:Drivers/STM32F4xx_HAL_Driver/Inc/stm32f4xx_ll_gpio.h ****   * @param  GPIOx GPIO Port
 528:Drivers/STM32F4xx_HAL_Driver/Inc/stm32f4xx_ll_gpio.h ****   * @param  Pin This parameter can be one of the following values:
 529:Drivers/STM32F4xx_HAL_Driver/Inc/stm32f4xx_ll_gpio.h ****   *         @arg @ref LL_GPIO_PIN_0
 530:Drivers/STM32F4xx_HAL_Driver/Inc/stm32f4xx_ll_gpio.h ****   *         @arg @ref LL_GPIO_PIN_1
 531:Drivers/STM32F4xx_HAL_Driver/Inc/stm32f4xx_ll_gpio.h ****   *         @arg @ref LL_GPIO_PIN_2
 532:Drivers/STM32F4xx_HAL_Driver/Inc/stm32f4xx_ll_gpio.h ****   *         @arg @ref LL_GPIO_PIN_3
 533:Drivers/STM32F4xx_HAL_Driver/Inc/stm32f4xx_ll_gpio.h ****   *         @arg @ref LL_GPIO_PIN_4
ARM GAS  C:\Users\chris\AppData\Local\Temp\ccrcjOEk.s 			page 26


 534:Drivers/STM32F4xx_HAL_Driver/Inc/stm32f4xx_ll_gpio.h ****   *         @arg @ref LL_GPIO_PIN_5
 535:Drivers/STM32F4xx_HAL_Driver/Inc/stm32f4xx_ll_gpio.h ****   *         @arg @ref LL_GPIO_PIN_6
 536:Drivers/STM32F4xx_HAL_Driver/Inc/stm32f4xx_ll_gpio.h ****   *         @arg @ref LL_GPIO_PIN_7
 537:Drivers/STM32F4xx_HAL_Driver/Inc/stm32f4xx_ll_gpio.h ****   * @param  Alternate This parameter can be one of the following values:
 538:Drivers/STM32F4xx_HAL_Driver/Inc/stm32f4xx_ll_gpio.h ****   *         @arg @ref LL_GPIO_AF_0
 539:Drivers/STM32F4xx_HAL_Driver/Inc/stm32f4xx_ll_gpio.h ****   *         @arg @ref LL_GPIO_AF_1
 540:Drivers/STM32F4xx_HAL_Driver/Inc/stm32f4xx_ll_gpio.h ****   *         @arg @ref LL_GPIO_AF_2
 541:Drivers/STM32F4xx_HAL_Driver/Inc/stm32f4xx_ll_gpio.h ****   *         @arg @ref LL_GPIO_AF_3
 542:Drivers/STM32F4xx_HAL_Driver/Inc/stm32f4xx_ll_gpio.h ****   *         @arg @ref LL_GPIO_AF_4
 543:Drivers/STM32F4xx_HAL_Driver/Inc/stm32f4xx_ll_gpio.h ****   *         @arg @ref LL_GPIO_AF_5
 544:Drivers/STM32F4xx_HAL_Driver/Inc/stm32f4xx_ll_gpio.h ****   *         @arg @ref LL_GPIO_AF_6
 545:Drivers/STM32F4xx_HAL_Driver/Inc/stm32f4xx_ll_gpio.h ****   *         @arg @ref LL_GPIO_AF_7
 546:Drivers/STM32F4xx_HAL_Driver/Inc/stm32f4xx_ll_gpio.h ****   *         @arg @ref LL_GPIO_AF_8
 547:Drivers/STM32F4xx_HAL_Driver/Inc/stm32f4xx_ll_gpio.h ****   *         @arg @ref LL_GPIO_AF_9
 548:Drivers/STM32F4xx_HAL_Driver/Inc/stm32f4xx_ll_gpio.h ****   *         @arg @ref LL_GPIO_AF_10
 549:Drivers/STM32F4xx_HAL_Driver/Inc/stm32f4xx_ll_gpio.h ****   *         @arg @ref LL_GPIO_AF_11
 550:Drivers/STM32F4xx_HAL_Driver/Inc/stm32f4xx_ll_gpio.h ****   *         @arg @ref LL_GPIO_AF_12
 551:Drivers/STM32F4xx_HAL_Driver/Inc/stm32f4xx_ll_gpio.h ****   *         @arg @ref LL_GPIO_AF_13
 552:Drivers/STM32F4xx_HAL_Driver/Inc/stm32f4xx_ll_gpio.h ****   *         @arg @ref LL_GPIO_AF_14
 553:Drivers/STM32F4xx_HAL_Driver/Inc/stm32f4xx_ll_gpio.h ****   *         @arg @ref LL_GPIO_AF_15
 554:Drivers/STM32F4xx_HAL_Driver/Inc/stm32f4xx_ll_gpio.h ****   * @retval None
 555:Drivers/STM32F4xx_HAL_Driver/Inc/stm32f4xx_ll_gpio.h ****   */
 556:Drivers/STM32F4xx_HAL_Driver/Inc/stm32f4xx_ll_gpio.h **** __STATIC_INLINE void LL_GPIO_SetAFPin_0_7(GPIO_TypeDef *GPIOx, uint32_t Pin, uint32_t Alternate)
 557:Drivers/STM32F4xx_HAL_Driver/Inc/stm32f4xx_ll_gpio.h **** {
 430              		.loc 2 557 1 is_stmt 1 view -0
 431              		.cfi_startproc
 432              		@ args = 0, pretend = 0, frame = 0
 433              		@ frame_needed = 0, uses_anonymous_args = 0
 434              		@ link register save eliminated.
 435              		.loc 2 557 1 is_stmt 0 view .LVU100
 436 0000 10B4     		push	{r4}
 437              	.LCFI9:
 438              		.cfi_def_cfa_offset 4
 439              		.cfi_offset 4, -4
 558:Drivers/STM32F4xx_HAL_Driver/Inc/stm32f4xx_ll_gpio.h ****   MODIFY_REG(GPIOx->AFR[0], (GPIO_AFRL_AFSEL0 << (POSITION_VAL(Pin) * 4U)),
 440              		.loc 2 558 3 is_stmt 1 view .LVU101
 441 0002 046A     		ldr	r4, [r0, #32]
 442              	.LVL37:
 443              	.LBB120:
 444              	.LBI120:
 373:Drivers/CMSIS/Include/cmsis_gcc.h **** {
 445              		.loc 3 373 31 view .LVU102
 446              	.LBB121:
 375:Drivers/CMSIS/Include/cmsis_gcc.h **** 
 447              		.loc 3 375 3 view .LVU103
 380:Drivers/CMSIS/Include/cmsis_gcc.h **** #else
 448              		.loc 3 380 4 view .LVU104
 449              		.syntax unified
 450              	@ 380 "Drivers/CMSIS/Include/cmsis_gcc.h" 1
 451 0004 91FAA1F3 		rbit r3, r1
 452              	@ 0 "" 2
 453              	.LVL38:
 393:Drivers/CMSIS/Include/cmsis_gcc.h **** }
 454              		.loc 3 393 3 view .LVU105
 393:Drivers/CMSIS/Include/cmsis_gcc.h **** }
 455              		.loc 3 393 3 is_stmt 0 view .LVU106
 456              		.thumb
ARM GAS  C:\Users\chris\AppData\Local\Temp\ccrcjOEk.s 			page 27


 457              		.syntax unified
 458              	.LBE121:
 459              	.LBE120:
 460              	.LBB122:
 461              	.LBI122:
 403:Drivers/CMSIS/Include/cmsis_gcc.h **** {
 462              		.loc 3 403 30 is_stmt 1 view .LVU107
 463              	.LBB123:
 414:Drivers/CMSIS/Include/cmsis_gcc.h ****   {
 464              		.loc 3 414 3 view .LVU108
 414:Drivers/CMSIS/Include/cmsis_gcc.h ****   {
 465              		.loc 3 414 6 is_stmt 0 view .LVU109
 466 0008 A3B1     		cbz	r3, .L22
 467              		.loc 3 418 3 is_stmt 1 view .LVU110
 468              		.loc 3 418 10 is_stmt 0 discriminator 1 view .LVU111
 469 000a B3FA83F3 		clz	r3, r3
 470              	.LVL39:
 471              	.L20:
 472              		.loc 3 418 10 discriminator 1 view .LVU112
 473              	.LBE123:
 474              	.LBE122:
 475              		.loc 2 558 3 discriminator 2 view .LVU113
 476 000e 9B00     		lsls	r3, r3, #2
 477 0010 4FF00F0C 		mov	ip, #15
 478 0014 0CFA03F3 		lsl	r3, ip, r3
 479 0018 24EA0303 		bic	r3, r4, r3
 480              	.LVL40:
 481              	.LBB125:
 482              	.LBI125:
 373:Drivers/CMSIS/Include/cmsis_gcc.h **** {
 483              		.loc 3 373 31 is_stmt 1 view .LVU114
 484              	.LBB126:
 375:Drivers/CMSIS/Include/cmsis_gcc.h **** 
 485              		.loc 3 375 3 view .LVU115
 380:Drivers/CMSIS/Include/cmsis_gcc.h **** #else
 486              		.loc 3 380 4 view .LVU116
 487              		.syntax unified
 488              	@ 380 "Drivers/CMSIS/Include/cmsis_gcc.h" 1
 489 001c 91FAA1F1 		rbit r1, r1
 490              	@ 0 "" 2
 491              	.LVL41:
 393:Drivers/CMSIS/Include/cmsis_gcc.h **** }
 492              		.loc 3 393 3 view .LVU117
 393:Drivers/CMSIS/Include/cmsis_gcc.h **** }
 493              		.loc 3 393 3 is_stmt 0 view .LVU118
 494              		.thumb
 495              		.syntax unified
 496              	.LBE126:
 497              	.LBE125:
 498              	.LBB127:
 499              	.LBI127:
 403:Drivers/CMSIS/Include/cmsis_gcc.h **** {
 500              		.loc 3 403 30 is_stmt 1 view .LVU119
 501              	.LBB128:
 414:Drivers/CMSIS/Include/cmsis_gcc.h ****   {
 502              		.loc 3 414 3 view .LVU120
 414:Drivers/CMSIS/Include/cmsis_gcc.h ****   {
ARM GAS  C:\Users\chris\AppData\Local\Temp\ccrcjOEk.s 			page 28


 503              		.loc 3 414 6 is_stmt 0 view .LVU121
 504 0020 51B1     		cbz	r1, .L23
 505              		.loc 3 418 3 is_stmt 1 view .LVU122
 506              		.loc 3 418 10 is_stmt 0 discriminator 1 view .LVU123
 507 0022 B1FA81F1 		clz	r1, r1
 508              	.LVL42:
 509              	.L21:
 510              		.loc 3 418 10 discriminator 1 view .LVU124
 511              	.LBE128:
 512              	.LBE127:
 513              		.loc 2 558 3 discriminator 4 view .LVU125
 514 0026 8900     		lsls	r1, r1, #2
 515 0028 8A40     		lsls	r2, r2, r1
 516              	.LVL43:
 517              		.loc 2 558 3 discriminator 4 view .LVU126
 518 002a 1343     		orrs	r3, r3, r2
 519 002c 0362     		str	r3, [r0, #32]
 559:Drivers/STM32F4xx_HAL_Driver/Inc/stm32f4xx_ll_gpio.h ****              (Alternate << (POSITION_VAL(Pin) * 4U)));
 560:Drivers/STM32F4xx_HAL_Driver/Inc/stm32f4xx_ll_gpio.h **** }
 520              		.loc 2 560 1 view .LVU127
 521 002e 5DF8044B 		ldr	r4, [sp], #4
 522              	.LCFI10:
 523              		.cfi_remember_state
 524              		.cfi_restore 4
 525              		.cfi_def_cfa_offset 0
 526 0032 7047     		bx	lr
 527              	.LVL44:
 528              	.L22:
 529              	.LCFI11:
 530              		.cfi_restore_state
 531              	.LBB130:
 532              	.LBB124:
 416:Drivers/CMSIS/Include/cmsis_gcc.h ****   }
 533              		.loc 3 416 12 view .LVU128
 534 0034 2023     		movs	r3, #32
 535              	.LVL45:
 416:Drivers/CMSIS/Include/cmsis_gcc.h ****   }
 536              		.loc 3 416 12 view .LVU129
 537 0036 EAE7     		b	.L20
 538              	.LVL46:
 539              	.L23:
 416:Drivers/CMSIS/Include/cmsis_gcc.h ****   }
 540              		.loc 3 416 12 view .LVU130
 541              	.LBE124:
 542              	.LBE130:
 543              	.LBB131:
 544              	.LBB129:
 545 0038 2021     		movs	r1, #32
 546              	.LVL47:
 416:Drivers/CMSIS/Include/cmsis_gcc.h ****   }
 547              		.loc 3 416 12 view .LVU131
 548 003a F4E7     		b	.L21
 549              	.LBE129:
 550              	.LBE131:
 551              		.cfi_endproc
 552              	.LFE142:
 554              		.section	.text.LL_GPIO_SetAFPin_8_15,"ax",%progbits
ARM GAS  C:\Users\chris\AppData\Local\Temp\ccrcjOEk.s 			page 29


 555              		.align	1
 556              		.syntax unified
 557              		.thumb
 558              		.thumb_func
 560              	LL_GPIO_SetAFPin_8_15:
 561              	.LVL48:
 562              	.LFB144:
 561:Drivers/STM32F4xx_HAL_Driver/Inc/stm32f4xx_ll_gpio.h **** 
 562:Drivers/STM32F4xx_HAL_Driver/Inc/stm32f4xx_ll_gpio.h **** /**
 563:Drivers/STM32F4xx_HAL_Driver/Inc/stm32f4xx_ll_gpio.h ****   * @brief  Return gpio alternate function of a dedicated pin from 0 to 7 for a dedicated port.
 564:Drivers/STM32F4xx_HAL_Driver/Inc/stm32f4xx_ll_gpio.h ****   * @rmtoll AFRL         AFSELy        LL_GPIO_GetAFPin_0_7
 565:Drivers/STM32F4xx_HAL_Driver/Inc/stm32f4xx_ll_gpio.h ****   * @param  GPIOx GPIO Port
 566:Drivers/STM32F4xx_HAL_Driver/Inc/stm32f4xx_ll_gpio.h ****   * @param  Pin This parameter can be one of the following values:
 567:Drivers/STM32F4xx_HAL_Driver/Inc/stm32f4xx_ll_gpio.h ****   *         @arg @ref LL_GPIO_PIN_0
 568:Drivers/STM32F4xx_HAL_Driver/Inc/stm32f4xx_ll_gpio.h ****   *         @arg @ref LL_GPIO_PIN_1
 569:Drivers/STM32F4xx_HAL_Driver/Inc/stm32f4xx_ll_gpio.h ****   *         @arg @ref LL_GPIO_PIN_2
 570:Drivers/STM32F4xx_HAL_Driver/Inc/stm32f4xx_ll_gpio.h ****   *         @arg @ref LL_GPIO_PIN_3
 571:Drivers/STM32F4xx_HAL_Driver/Inc/stm32f4xx_ll_gpio.h ****   *         @arg @ref LL_GPIO_PIN_4
 572:Drivers/STM32F4xx_HAL_Driver/Inc/stm32f4xx_ll_gpio.h ****   *         @arg @ref LL_GPIO_PIN_5
 573:Drivers/STM32F4xx_HAL_Driver/Inc/stm32f4xx_ll_gpio.h ****   *         @arg @ref LL_GPIO_PIN_6
 574:Drivers/STM32F4xx_HAL_Driver/Inc/stm32f4xx_ll_gpio.h ****   *         @arg @ref LL_GPIO_PIN_7
 575:Drivers/STM32F4xx_HAL_Driver/Inc/stm32f4xx_ll_gpio.h ****   * @retval Returned value can be one of the following values:
 576:Drivers/STM32F4xx_HAL_Driver/Inc/stm32f4xx_ll_gpio.h ****   *         @arg @ref LL_GPIO_AF_0
 577:Drivers/STM32F4xx_HAL_Driver/Inc/stm32f4xx_ll_gpio.h ****   *         @arg @ref LL_GPIO_AF_1
 578:Drivers/STM32F4xx_HAL_Driver/Inc/stm32f4xx_ll_gpio.h ****   *         @arg @ref LL_GPIO_AF_2
 579:Drivers/STM32F4xx_HAL_Driver/Inc/stm32f4xx_ll_gpio.h ****   *         @arg @ref LL_GPIO_AF_3
 580:Drivers/STM32F4xx_HAL_Driver/Inc/stm32f4xx_ll_gpio.h ****   *         @arg @ref LL_GPIO_AF_4
 581:Drivers/STM32F4xx_HAL_Driver/Inc/stm32f4xx_ll_gpio.h ****   *         @arg @ref LL_GPIO_AF_5
 582:Drivers/STM32F4xx_HAL_Driver/Inc/stm32f4xx_ll_gpio.h ****   *         @arg @ref LL_GPIO_AF_6
 583:Drivers/STM32F4xx_HAL_Driver/Inc/stm32f4xx_ll_gpio.h ****   *         @arg @ref LL_GPIO_AF_7
 584:Drivers/STM32F4xx_HAL_Driver/Inc/stm32f4xx_ll_gpio.h ****   *         @arg @ref LL_GPIO_AF_8
 585:Drivers/STM32F4xx_HAL_Driver/Inc/stm32f4xx_ll_gpio.h ****   *         @arg @ref LL_GPIO_AF_9
 586:Drivers/STM32F4xx_HAL_Driver/Inc/stm32f4xx_ll_gpio.h ****   *         @arg @ref LL_GPIO_AF_10
 587:Drivers/STM32F4xx_HAL_Driver/Inc/stm32f4xx_ll_gpio.h ****   *         @arg @ref LL_GPIO_AF_11
 588:Drivers/STM32F4xx_HAL_Driver/Inc/stm32f4xx_ll_gpio.h ****   *         @arg @ref LL_GPIO_AF_12
 589:Drivers/STM32F4xx_HAL_Driver/Inc/stm32f4xx_ll_gpio.h ****   *         @arg @ref LL_GPIO_AF_13
 590:Drivers/STM32F4xx_HAL_Driver/Inc/stm32f4xx_ll_gpio.h ****   *         @arg @ref LL_GPIO_AF_14
 591:Drivers/STM32F4xx_HAL_Driver/Inc/stm32f4xx_ll_gpio.h ****   *         @arg @ref LL_GPIO_AF_15
 592:Drivers/STM32F4xx_HAL_Driver/Inc/stm32f4xx_ll_gpio.h ****   */
 593:Drivers/STM32F4xx_HAL_Driver/Inc/stm32f4xx_ll_gpio.h **** __STATIC_INLINE uint32_t LL_GPIO_GetAFPin_0_7(GPIO_TypeDef *GPIOx, uint32_t Pin)
 594:Drivers/STM32F4xx_HAL_Driver/Inc/stm32f4xx_ll_gpio.h **** {
 595:Drivers/STM32F4xx_HAL_Driver/Inc/stm32f4xx_ll_gpio.h ****   return (uint32_t)(READ_BIT(GPIOx->AFR[0],
 596:Drivers/STM32F4xx_HAL_Driver/Inc/stm32f4xx_ll_gpio.h ****                              (GPIO_AFRL_AFSEL0 << (POSITION_VAL(Pin) * 4U))) >> (POSITION_VAL(Pin) 
 597:Drivers/STM32F4xx_HAL_Driver/Inc/stm32f4xx_ll_gpio.h **** }
 598:Drivers/STM32F4xx_HAL_Driver/Inc/stm32f4xx_ll_gpio.h **** 
 599:Drivers/STM32F4xx_HAL_Driver/Inc/stm32f4xx_ll_gpio.h **** /**
 600:Drivers/STM32F4xx_HAL_Driver/Inc/stm32f4xx_ll_gpio.h ****   * @brief  Configure gpio alternate function of a dedicated pin from 8 to 15 for a dedicated port.
 601:Drivers/STM32F4xx_HAL_Driver/Inc/stm32f4xx_ll_gpio.h ****   * @note   Possible values are from AF0 to AF15 depending on target.
 602:Drivers/STM32F4xx_HAL_Driver/Inc/stm32f4xx_ll_gpio.h ****   * @note   Warning: only one pin can be passed as parameter.
 603:Drivers/STM32F4xx_HAL_Driver/Inc/stm32f4xx_ll_gpio.h ****   * @rmtoll AFRH         AFSELy        LL_GPIO_SetAFPin_8_15
 604:Drivers/STM32F4xx_HAL_Driver/Inc/stm32f4xx_ll_gpio.h ****   * @param  GPIOx GPIO Port
 605:Drivers/STM32F4xx_HAL_Driver/Inc/stm32f4xx_ll_gpio.h ****   * @param  Pin This parameter can be one of the following values:
 606:Drivers/STM32F4xx_HAL_Driver/Inc/stm32f4xx_ll_gpio.h ****   *         @arg @ref LL_GPIO_PIN_8
 607:Drivers/STM32F4xx_HAL_Driver/Inc/stm32f4xx_ll_gpio.h ****   *         @arg @ref LL_GPIO_PIN_9
 608:Drivers/STM32F4xx_HAL_Driver/Inc/stm32f4xx_ll_gpio.h ****   *         @arg @ref LL_GPIO_PIN_10
 609:Drivers/STM32F4xx_HAL_Driver/Inc/stm32f4xx_ll_gpio.h ****   *         @arg @ref LL_GPIO_PIN_11
 610:Drivers/STM32F4xx_HAL_Driver/Inc/stm32f4xx_ll_gpio.h ****   *         @arg @ref LL_GPIO_PIN_12
ARM GAS  C:\Users\chris\AppData\Local\Temp\ccrcjOEk.s 			page 30


 611:Drivers/STM32F4xx_HAL_Driver/Inc/stm32f4xx_ll_gpio.h ****   *         @arg @ref LL_GPIO_PIN_13
 612:Drivers/STM32F4xx_HAL_Driver/Inc/stm32f4xx_ll_gpio.h ****   *         @arg @ref LL_GPIO_PIN_14
 613:Drivers/STM32F4xx_HAL_Driver/Inc/stm32f4xx_ll_gpio.h ****   *         @arg @ref LL_GPIO_PIN_15
 614:Drivers/STM32F4xx_HAL_Driver/Inc/stm32f4xx_ll_gpio.h ****   * @param  Alternate This parameter can be one of the following values:
 615:Drivers/STM32F4xx_HAL_Driver/Inc/stm32f4xx_ll_gpio.h ****   *         @arg @ref LL_GPIO_AF_0
 616:Drivers/STM32F4xx_HAL_Driver/Inc/stm32f4xx_ll_gpio.h ****   *         @arg @ref LL_GPIO_AF_1
 617:Drivers/STM32F4xx_HAL_Driver/Inc/stm32f4xx_ll_gpio.h ****   *         @arg @ref LL_GPIO_AF_2
 618:Drivers/STM32F4xx_HAL_Driver/Inc/stm32f4xx_ll_gpio.h ****   *         @arg @ref LL_GPIO_AF_3
 619:Drivers/STM32F4xx_HAL_Driver/Inc/stm32f4xx_ll_gpio.h ****   *         @arg @ref LL_GPIO_AF_4
 620:Drivers/STM32F4xx_HAL_Driver/Inc/stm32f4xx_ll_gpio.h ****   *         @arg @ref LL_GPIO_AF_5
 621:Drivers/STM32F4xx_HAL_Driver/Inc/stm32f4xx_ll_gpio.h ****   *         @arg @ref LL_GPIO_AF_6
 622:Drivers/STM32F4xx_HAL_Driver/Inc/stm32f4xx_ll_gpio.h ****   *         @arg @ref LL_GPIO_AF_7
 623:Drivers/STM32F4xx_HAL_Driver/Inc/stm32f4xx_ll_gpio.h ****   *         @arg @ref LL_GPIO_AF_8
 624:Drivers/STM32F4xx_HAL_Driver/Inc/stm32f4xx_ll_gpio.h ****   *         @arg @ref LL_GPIO_AF_9
 625:Drivers/STM32F4xx_HAL_Driver/Inc/stm32f4xx_ll_gpio.h ****   *         @arg @ref LL_GPIO_AF_10
 626:Drivers/STM32F4xx_HAL_Driver/Inc/stm32f4xx_ll_gpio.h ****   *         @arg @ref LL_GPIO_AF_11
 627:Drivers/STM32F4xx_HAL_Driver/Inc/stm32f4xx_ll_gpio.h ****   *         @arg @ref LL_GPIO_AF_12
 628:Drivers/STM32F4xx_HAL_Driver/Inc/stm32f4xx_ll_gpio.h ****   *         @arg @ref LL_GPIO_AF_13
 629:Drivers/STM32F4xx_HAL_Driver/Inc/stm32f4xx_ll_gpio.h ****   *         @arg @ref LL_GPIO_AF_14
 630:Drivers/STM32F4xx_HAL_Driver/Inc/stm32f4xx_ll_gpio.h ****   *         @arg @ref LL_GPIO_AF_15
 631:Drivers/STM32F4xx_HAL_Driver/Inc/stm32f4xx_ll_gpio.h ****   * @retval None
 632:Drivers/STM32F4xx_HAL_Driver/Inc/stm32f4xx_ll_gpio.h ****   */
 633:Drivers/STM32F4xx_HAL_Driver/Inc/stm32f4xx_ll_gpio.h **** __STATIC_INLINE void LL_GPIO_SetAFPin_8_15(GPIO_TypeDef *GPIOx, uint32_t Pin, uint32_t Alternate)
 634:Drivers/STM32F4xx_HAL_Driver/Inc/stm32f4xx_ll_gpio.h **** {
 563              		.loc 2 634 1 is_stmt 1 view -0
 564              		.cfi_startproc
 565              		@ args = 0, pretend = 0, frame = 0
 566              		@ frame_needed = 0, uses_anonymous_args = 0
 567              		@ link register save eliminated.
 568              		.loc 2 634 1 is_stmt 0 view .LVU133
 569 0000 10B4     		push	{r4}
 570              	.LCFI12:
 571              		.cfi_def_cfa_offset 4
 572              		.cfi_offset 4, -4
 635:Drivers/STM32F4xx_HAL_Driver/Inc/stm32f4xx_ll_gpio.h ****   MODIFY_REG(GPIOx->AFR[1], (GPIO_AFRH_AFSEL8 << (POSITION_VAL(Pin >> 8U) * 4U)),
 573              		.loc 2 635 3 is_stmt 1 view .LVU134
 574 0002 446A     		ldr	r4, [r0, #36]
 575 0004 090A     		lsrs	r1, r1, #8
 576              	.LVL49:
 577              	.LBB132:
 578              	.LBI132:
 373:Drivers/CMSIS/Include/cmsis_gcc.h **** {
 579              		.loc 3 373 31 view .LVU135
 580              	.LBB133:
 375:Drivers/CMSIS/Include/cmsis_gcc.h **** 
 581              		.loc 3 375 3 view .LVU136
 380:Drivers/CMSIS/Include/cmsis_gcc.h **** #else
 582              		.loc 3 380 4 view .LVU137
 583              		.syntax unified
 584              	@ 380 "Drivers/CMSIS/Include/cmsis_gcc.h" 1
 585 0006 91FAA1F3 		rbit r3, r1
 586              	@ 0 "" 2
 587              	.LVL50:
 393:Drivers/CMSIS/Include/cmsis_gcc.h **** }
 588              		.loc 3 393 3 view .LVU138
 393:Drivers/CMSIS/Include/cmsis_gcc.h **** }
 589              		.loc 3 393 3 is_stmt 0 view .LVU139
ARM GAS  C:\Users\chris\AppData\Local\Temp\ccrcjOEk.s 			page 31


 590              		.thumb
 591              		.syntax unified
 592              	.LBE133:
 593              	.LBE132:
 594              	.LBB134:
 595              	.LBI134:
 403:Drivers/CMSIS/Include/cmsis_gcc.h **** {
 596              		.loc 3 403 30 is_stmt 1 view .LVU140
 597              	.LBB135:
 414:Drivers/CMSIS/Include/cmsis_gcc.h ****   {
 598              		.loc 3 414 3 view .LVU141
 414:Drivers/CMSIS/Include/cmsis_gcc.h ****   {
 599              		.loc 3 414 6 is_stmt 0 view .LVU142
 600 000a A3B1     		cbz	r3, .L28
 601              		.loc 3 418 3 is_stmt 1 view .LVU143
 602              		.loc 3 418 10 is_stmt 0 discriminator 1 view .LVU144
 603 000c B3FA83F3 		clz	r3, r3
 604              	.LVL51:
 605              	.L26:
 606              		.loc 3 418 10 discriminator 1 view .LVU145
 607              	.LBE135:
 608              	.LBE134:
 609              		.loc 2 635 3 discriminator 2 view .LVU146
 610 0010 9B00     		lsls	r3, r3, #2
 611 0012 4FF00F0C 		mov	ip, #15
 612 0016 0CFA03F3 		lsl	r3, ip, r3
 613 001a 24EA0304 		bic	r4, r4, r3
 614              	.LVL52:
 615              	.LBB137:
 616              	.LBI137:
 373:Drivers/CMSIS/Include/cmsis_gcc.h **** {
 617              		.loc 3 373 31 is_stmt 1 view .LVU147
 618              	.LBB138:
 375:Drivers/CMSIS/Include/cmsis_gcc.h **** 
 619              		.loc 3 375 3 view .LVU148
 380:Drivers/CMSIS/Include/cmsis_gcc.h **** #else
 620              		.loc 3 380 4 view .LVU149
 621              		.syntax unified
 622              	@ 380 "Drivers/CMSIS/Include/cmsis_gcc.h" 1
 623 001e 91FAA1F1 		rbit r1, r1
 624              	@ 0 "" 2
 625              	.LVL53:
 393:Drivers/CMSIS/Include/cmsis_gcc.h **** }
 626              		.loc 3 393 3 view .LVU150
 393:Drivers/CMSIS/Include/cmsis_gcc.h **** }
 627              		.loc 3 393 3 is_stmt 0 view .LVU151
 628              		.thumb
 629              		.syntax unified
 630              	.LBE138:
 631              	.LBE137:
 632              	.LBB139:
 633              	.LBI139:
 403:Drivers/CMSIS/Include/cmsis_gcc.h **** {
 634              		.loc 3 403 30 is_stmt 1 view .LVU152
 635              	.LBB140:
 414:Drivers/CMSIS/Include/cmsis_gcc.h ****   {
 636              		.loc 3 414 3 view .LVU153
ARM GAS  C:\Users\chris\AppData\Local\Temp\ccrcjOEk.s 			page 32


 414:Drivers/CMSIS/Include/cmsis_gcc.h ****   {
 637              		.loc 3 414 6 is_stmt 0 view .LVU154
 638 0022 51B1     		cbz	r1, .L29
 639              		.loc 3 418 3 is_stmt 1 view .LVU155
 640              		.loc 3 418 10 is_stmt 0 discriminator 1 view .LVU156
 641 0024 B1FA81F1 		clz	r1, r1
 642              	.LVL54:
 643              	.L27:
 644              		.loc 3 418 10 discriminator 1 view .LVU157
 645              	.LBE140:
 646              	.LBE139:
 647              		.loc 2 635 3 discriminator 4 view .LVU158
 648 0028 8900     		lsls	r1, r1, #2
 649 002a 8A40     		lsls	r2, r2, r1
 650              	.LVL55:
 651              		.loc 2 635 3 discriminator 4 view .LVU159
 652 002c 1443     		orrs	r4, r4, r2
 653 002e 4462     		str	r4, [r0, #36]
 636:Drivers/STM32F4xx_HAL_Driver/Inc/stm32f4xx_ll_gpio.h ****              (Alternate << (POSITION_VAL(Pin >> 8U) * 4U)));
 637:Drivers/STM32F4xx_HAL_Driver/Inc/stm32f4xx_ll_gpio.h **** }
 654              		.loc 2 637 1 view .LVU160
 655 0030 5DF8044B 		ldr	r4, [sp], #4
 656              	.LCFI13:
 657              		.cfi_remember_state
 658              		.cfi_restore 4
 659              		.cfi_def_cfa_offset 0
 660 0034 7047     		bx	lr
 661              	.LVL56:
 662              	.L28:
 663              	.LCFI14:
 664              		.cfi_restore_state
 665              	.LBB142:
 666              	.LBB136:
 416:Drivers/CMSIS/Include/cmsis_gcc.h ****   }
 667              		.loc 3 416 12 view .LVU161
 668 0036 2023     		movs	r3, #32
 669              	.LVL57:
 416:Drivers/CMSIS/Include/cmsis_gcc.h ****   }
 670              		.loc 3 416 12 view .LVU162
 671 0038 EAE7     		b	.L26
 672              	.LVL58:
 673              	.L29:
 416:Drivers/CMSIS/Include/cmsis_gcc.h ****   }
 674              		.loc 3 416 12 view .LVU163
 675              	.LBE136:
 676              	.LBE142:
 677              	.LBB143:
 678              	.LBB141:
 679 003a 2021     		movs	r1, #32
 680              	.LVL59:
 416:Drivers/CMSIS/Include/cmsis_gcc.h ****   }
 681              		.loc 3 416 12 view .LVU164
 682 003c F4E7     		b	.L27
 683              	.LBE141:
 684              	.LBE143:
 685              		.cfi_endproc
 686              	.LFE144:
ARM GAS  C:\Users\chris\AppData\Local\Temp\ccrcjOEk.s 			page 33


 688              		.section	.text.LL_GPIO_DeInit,"ax",%progbits
 689              		.align	1
 690              		.global	LL_GPIO_DeInit
 691              		.syntax unified
 692              		.thumb
 693              		.thumb_func
 695              	LL_GPIO_DeInit:
 696              	.LVL60:
 697              	.LFB185:
   1:Drivers/STM32F4xx_HAL_Driver/Src/stm32f4xx_ll_gpio.c **** /**
   2:Drivers/STM32F4xx_HAL_Driver/Src/stm32f4xx_ll_gpio.c ****   ******************************************************************************
   3:Drivers/STM32F4xx_HAL_Driver/Src/stm32f4xx_ll_gpio.c ****   * @file    stm32f4xx_ll_gpio.c
   4:Drivers/STM32F4xx_HAL_Driver/Src/stm32f4xx_ll_gpio.c ****   * @author  MCD Application Team
   5:Drivers/STM32F4xx_HAL_Driver/Src/stm32f4xx_ll_gpio.c ****   * @brief   GPIO LL module driver.
   6:Drivers/STM32F4xx_HAL_Driver/Src/stm32f4xx_ll_gpio.c ****   ******************************************************************************
   7:Drivers/STM32F4xx_HAL_Driver/Src/stm32f4xx_ll_gpio.c ****   * @attention
   8:Drivers/STM32F4xx_HAL_Driver/Src/stm32f4xx_ll_gpio.c ****   *
   9:Drivers/STM32F4xx_HAL_Driver/Src/stm32f4xx_ll_gpio.c ****   * Copyright (c) 2017 STMicroelectronics.
  10:Drivers/STM32F4xx_HAL_Driver/Src/stm32f4xx_ll_gpio.c ****   * All rights reserved.
  11:Drivers/STM32F4xx_HAL_Driver/Src/stm32f4xx_ll_gpio.c ****   *
  12:Drivers/STM32F4xx_HAL_Driver/Src/stm32f4xx_ll_gpio.c ****   * This software is licensed under terms that can be found in the LICENSE file
  13:Drivers/STM32F4xx_HAL_Driver/Src/stm32f4xx_ll_gpio.c ****   * in the root directory of this software component.
  14:Drivers/STM32F4xx_HAL_Driver/Src/stm32f4xx_ll_gpio.c ****   * If no LICENSE file comes with this software, it is provided AS-IS.
  15:Drivers/STM32F4xx_HAL_Driver/Src/stm32f4xx_ll_gpio.c ****   *
  16:Drivers/STM32F4xx_HAL_Driver/Src/stm32f4xx_ll_gpio.c ****   ******************************************************************************
  17:Drivers/STM32F4xx_HAL_Driver/Src/stm32f4xx_ll_gpio.c ****   */
  18:Drivers/STM32F4xx_HAL_Driver/Src/stm32f4xx_ll_gpio.c **** #if defined(USE_FULL_LL_DRIVER)
  19:Drivers/STM32F4xx_HAL_Driver/Src/stm32f4xx_ll_gpio.c **** 
  20:Drivers/STM32F4xx_HAL_Driver/Src/stm32f4xx_ll_gpio.c **** /* Includes ------------------------------------------------------------------*/
  21:Drivers/STM32F4xx_HAL_Driver/Src/stm32f4xx_ll_gpio.c **** #include "stm32f4xx_ll_gpio.h"
  22:Drivers/STM32F4xx_HAL_Driver/Src/stm32f4xx_ll_gpio.c **** #include "stm32f4xx_ll_bus.h"
  23:Drivers/STM32F4xx_HAL_Driver/Src/stm32f4xx_ll_gpio.c **** #ifdef  USE_FULL_ASSERT
  24:Drivers/STM32F4xx_HAL_Driver/Src/stm32f4xx_ll_gpio.c **** #include "stm32_assert.h"
  25:Drivers/STM32F4xx_HAL_Driver/Src/stm32f4xx_ll_gpio.c **** #else
  26:Drivers/STM32F4xx_HAL_Driver/Src/stm32f4xx_ll_gpio.c **** #define assert_param(expr) ((void)0U)
  27:Drivers/STM32F4xx_HAL_Driver/Src/stm32f4xx_ll_gpio.c **** #endif
  28:Drivers/STM32F4xx_HAL_Driver/Src/stm32f4xx_ll_gpio.c **** 
  29:Drivers/STM32F4xx_HAL_Driver/Src/stm32f4xx_ll_gpio.c **** /** @addtogroup STM32F4xx_LL_Driver
  30:Drivers/STM32F4xx_HAL_Driver/Src/stm32f4xx_ll_gpio.c ****   * @{
  31:Drivers/STM32F4xx_HAL_Driver/Src/stm32f4xx_ll_gpio.c ****   */
  32:Drivers/STM32F4xx_HAL_Driver/Src/stm32f4xx_ll_gpio.c **** 
  33:Drivers/STM32F4xx_HAL_Driver/Src/stm32f4xx_ll_gpio.c **** #if defined (GPIOA) || defined (GPIOB) || defined (GPIOC) || defined (GPIOD) || defined (GPIOE) || 
  34:Drivers/STM32F4xx_HAL_Driver/Src/stm32f4xx_ll_gpio.c **** 
  35:Drivers/STM32F4xx_HAL_Driver/Src/stm32f4xx_ll_gpio.c **** /** @addtogroup GPIO_LL
  36:Drivers/STM32F4xx_HAL_Driver/Src/stm32f4xx_ll_gpio.c ****   * @{
  37:Drivers/STM32F4xx_HAL_Driver/Src/stm32f4xx_ll_gpio.c ****   */
  38:Drivers/STM32F4xx_HAL_Driver/Src/stm32f4xx_ll_gpio.c **** 
  39:Drivers/STM32F4xx_HAL_Driver/Src/stm32f4xx_ll_gpio.c **** /* Private types -------------------------------------------------------------*/
  40:Drivers/STM32F4xx_HAL_Driver/Src/stm32f4xx_ll_gpio.c **** /* Private variables ---------------------------------------------------------*/
  41:Drivers/STM32F4xx_HAL_Driver/Src/stm32f4xx_ll_gpio.c **** /* Private constants ---------------------------------------------------------*/
  42:Drivers/STM32F4xx_HAL_Driver/Src/stm32f4xx_ll_gpio.c **** /* Private macros ------------------------------------------------------------*/
  43:Drivers/STM32F4xx_HAL_Driver/Src/stm32f4xx_ll_gpio.c **** /** @addtogroup GPIO_LL_Private_Macros
  44:Drivers/STM32F4xx_HAL_Driver/Src/stm32f4xx_ll_gpio.c ****   * @{
  45:Drivers/STM32F4xx_HAL_Driver/Src/stm32f4xx_ll_gpio.c ****   */
  46:Drivers/STM32F4xx_HAL_Driver/Src/stm32f4xx_ll_gpio.c **** #define IS_LL_GPIO_PIN(__VALUE__)          (((0x00000000U) < (__VALUE__)) && ((__VALUE__) <= (LL_GP
  47:Drivers/STM32F4xx_HAL_Driver/Src/stm32f4xx_ll_gpio.c **** 
  48:Drivers/STM32F4xx_HAL_Driver/Src/stm32f4xx_ll_gpio.c **** #define IS_LL_GPIO_MODE(__VALUE__)         (((__VALUE__) == LL_GPIO_MODE_INPUT)     ||\
ARM GAS  C:\Users\chris\AppData\Local\Temp\ccrcjOEk.s 			page 34


  49:Drivers/STM32F4xx_HAL_Driver/Src/stm32f4xx_ll_gpio.c ****                                             ((__VALUE__) == LL_GPIO_MODE_OUTPUT)    ||\
  50:Drivers/STM32F4xx_HAL_Driver/Src/stm32f4xx_ll_gpio.c ****                                             ((__VALUE__) == LL_GPIO_MODE_ALTERNATE) ||\
  51:Drivers/STM32F4xx_HAL_Driver/Src/stm32f4xx_ll_gpio.c ****                                             ((__VALUE__) == LL_GPIO_MODE_ANALOG))
  52:Drivers/STM32F4xx_HAL_Driver/Src/stm32f4xx_ll_gpio.c **** 
  53:Drivers/STM32F4xx_HAL_Driver/Src/stm32f4xx_ll_gpio.c **** #define IS_LL_GPIO_OUTPUT_TYPE(__VALUE__)  (((__VALUE__) == LL_GPIO_OUTPUT_PUSHPULL)  ||\
  54:Drivers/STM32F4xx_HAL_Driver/Src/stm32f4xx_ll_gpio.c ****                                             ((__VALUE__) == LL_GPIO_OUTPUT_OPENDRAIN))
  55:Drivers/STM32F4xx_HAL_Driver/Src/stm32f4xx_ll_gpio.c **** 
  56:Drivers/STM32F4xx_HAL_Driver/Src/stm32f4xx_ll_gpio.c **** #define IS_LL_GPIO_SPEED(__VALUE__)        (((__VALUE__) == LL_GPIO_SPEED_FREQ_LOW)       ||\
  57:Drivers/STM32F4xx_HAL_Driver/Src/stm32f4xx_ll_gpio.c ****                                             ((__VALUE__) == LL_GPIO_SPEED_FREQ_MEDIUM)    ||\
  58:Drivers/STM32F4xx_HAL_Driver/Src/stm32f4xx_ll_gpio.c ****                                             ((__VALUE__) == LL_GPIO_SPEED_FREQ_HIGH)      ||\
  59:Drivers/STM32F4xx_HAL_Driver/Src/stm32f4xx_ll_gpio.c ****                                             ((__VALUE__) == LL_GPIO_SPEED_FREQ_VERY_HIGH))
  60:Drivers/STM32F4xx_HAL_Driver/Src/stm32f4xx_ll_gpio.c **** 
  61:Drivers/STM32F4xx_HAL_Driver/Src/stm32f4xx_ll_gpio.c **** #define IS_LL_GPIO_PULL(__VALUE__)         (((__VALUE__) == LL_GPIO_PULL_NO)   ||\
  62:Drivers/STM32F4xx_HAL_Driver/Src/stm32f4xx_ll_gpio.c ****                                             ((__VALUE__) == LL_GPIO_PULL_UP)   ||\
  63:Drivers/STM32F4xx_HAL_Driver/Src/stm32f4xx_ll_gpio.c ****                                             ((__VALUE__) == LL_GPIO_PULL_DOWN))
  64:Drivers/STM32F4xx_HAL_Driver/Src/stm32f4xx_ll_gpio.c **** 
  65:Drivers/STM32F4xx_HAL_Driver/Src/stm32f4xx_ll_gpio.c **** #define IS_LL_GPIO_ALTERNATE(__VALUE__)    (((__VALUE__) == LL_GPIO_AF_0  )   ||\
  66:Drivers/STM32F4xx_HAL_Driver/Src/stm32f4xx_ll_gpio.c ****                                             ((__VALUE__) == LL_GPIO_AF_1  )   ||\
  67:Drivers/STM32F4xx_HAL_Driver/Src/stm32f4xx_ll_gpio.c ****                                             ((__VALUE__) == LL_GPIO_AF_2  )   ||\
  68:Drivers/STM32F4xx_HAL_Driver/Src/stm32f4xx_ll_gpio.c ****                                             ((__VALUE__) == LL_GPIO_AF_3  )   ||\
  69:Drivers/STM32F4xx_HAL_Driver/Src/stm32f4xx_ll_gpio.c ****                                             ((__VALUE__) == LL_GPIO_AF_4  )   ||\
  70:Drivers/STM32F4xx_HAL_Driver/Src/stm32f4xx_ll_gpio.c ****                                             ((__VALUE__) == LL_GPIO_AF_5  )   ||\
  71:Drivers/STM32F4xx_HAL_Driver/Src/stm32f4xx_ll_gpio.c ****                                             ((__VALUE__) == LL_GPIO_AF_6  )   ||\
  72:Drivers/STM32F4xx_HAL_Driver/Src/stm32f4xx_ll_gpio.c ****                                             ((__VALUE__) == LL_GPIO_AF_7  )   ||\
  73:Drivers/STM32F4xx_HAL_Driver/Src/stm32f4xx_ll_gpio.c ****                                             ((__VALUE__) == LL_GPIO_AF_8  )   ||\
  74:Drivers/STM32F4xx_HAL_Driver/Src/stm32f4xx_ll_gpio.c ****                                             ((__VALUE__) == LL_GPIO_AF_9  )   ||\
  75:Drivers/STM32F4xx_HAL_Driver/Src/stm32f4xx_ll_gpio.c ****                                             ((__VALUE__) == LL_GPIO_AF_10 )   ||\
  76:Drivers/STM32F4xx_HAL_Driver/Src/stm32f4xx_ll_gpio.c ****                                             ((__VALUE__) == LL_GPIO_AF_11 )   ||\
  77:Drivers/STM32F4xx_HAL_Driver/Src/stm32f4xx_ll_gpio.c ****                                             ((__VALUE__) == LL_GPIO_AF_12 )   ||\
  78:Drivers/STM32F4xx_HAL_Driver/Src/stm32f4xx_ll_gpio.c ****                                             ((__VALUE__) == LL_GPIO_AF_13 )   ||\
  79:Drivers/STM32F4xx_HAL_Driver/Src/stm32f4xx_ll_gpio.c ****                                             ((__VALUE__) == LL_GPIO_AF_14 )   ||\
  80:Drivers/STM32F4xx_HAL_Driver/Src/stm32f4xx_ll_gpio.c ****                                             ((__VALUE__) == LL_GPIO_AF_15 ))
  81:Drivers/STM32F4xx_HAL_Driver/Src/stm32f4xx_ll_gpio.c **** /**
  82:Drivers/STM32F4xx_HAL_Driver/Src/stm32f4xx_ll_gpio.c ****   * @}
  83:Drivers/STM32F4xx_HAL_Driver/Src/stm32f4xx_ll_gpio.c ****   */
  84:Drivers/STM32F4xx_HAL_Driver/Src/stm32f4xx_ll_gpio.c **** 
  85:Drivers/STM32F4xx_HAL_Driver/Src/stm32f4xx_ll_gpio.c **** /* Private function prototypes -----------------------------------------------*/
  86:Drivers/STM32F4xx_HAL_Driver/Src/stm32f4xx_ll_gpio.c **** 
  87:Drivers/STM32F4xx_HAL_Driver/Src/stm32f4xx_ll_gpio.c **** /* Exported functions --------------------------------------------------------*/
  88:Drivers/STM32F4xx_HAL_Driver/Src/stm32f4xx_ll_gpio.c **** /** @addtogroup GPIO_LL_Exported_Functions
  89:Drivers/STM32F4xx_HAL_Driver/Src/stm32f4xx_ll_gpio.c ****   * @{
  90:Drivers/STM32F4xx_HAL_Driver/Src/stm32f4xx_ll_gpio.c ****   */
  91:Drivers/STM32F4xx_HAL_Driver/Src/stm32f4xx_ll_gpio.c **** 
  92:Drivers/STM32F4xx_HAL_Driver/Src/stm32f4xx_ll_gpio.c **** /** @addtogroup GPIO_LL_EF_Init
  93:Drivers/STM32F4xx_HAL_Driver/Src/stm32f4xx_ll_gpio.c ****   * @{
  94:Drivers/STM32F4xx_HAL_Driver/Src/stm32f4xx_ll_gpio.c ****   */
  95:Drivers/STM32F4xx_HAL_Driver/Src/stm32f4xx_ll_gpio.c **** 
  96:Drivers/STM32F4xx_HAL_Driver/Src/stm32f4xx_ll_gpio.c **** /**
  97:Drivers/STM32F4xx_HAL_Driver/Src/stm32f4xx_ll_gpio.c ****   * @brief  De-initialize GPIO registers (Registers restored to their default values).
  98:Drivers/STM32F4xx_HAL_Driver/Src/stm32f4xx_ll_gpio.c ****   * @param  GPIOx GPIO Port
  99:Drivers/STM32F4xx_HAL_Driver/Src/stm32f4xx_ll_gpio.c ****   * @retval An ErrorStatus enumeration value:
 100:Drivers/STM32F4xx_HAL_Driver/Src/stm32f4xx_ll_gpio.c ****   *          - SUCCESS: GPIO registers are de-initialized
 101:Drivers/STM32F4xx_HAL_Driver/Src/stm32f4xx_ll_gpio.c ****   *          - ERROR:   Wrong GPIO Port
 102:Drivers/STM32F4xx_HAL_Driver/Src/stm32f4xx_ll_gpio.c ****   */
 103:Drivers/STM32F4xx_HAL_Driver/Src/stm32f4xx_ll_gpio.c **** ErrorStatus LL_GPIO_DeInit(GPIO_TypeDef *GPIOx)
 104:Drivers/STM32F4xx_HAL_Driver/Src/stm32f4xx_ll_gpio.c **** {
 698              		.loc 1 104 1 is_stmt 1 view -0
ARM GAS  C:\Users\chris\AppData\Local\Temp\ccrcjOEk.s 			page 35


 699              		.cfi_startproc
 700              		@ args = 0, pretend = 0, frame = 0
 701              		@ frame_needed = 0, uses_anonymous_args = 0
 702              		@ link register save eliminated.
 105:Drivers/STM32F4xx_HAL_Driver/Src/stm32f4xx_ll_gpio.c ****   ErrorStatus status = SUCCESS;
 703              		.loc 1 105 3 view .LVU166
 106:Drivers/STM32F4xx_HAL_Driver/Src/stm32f4xx_ll_gpio.c **** 
 107:Drivers/STM32F4xx_HAL_Driver/Src/stm32f4xx_ll_gpio.c ****   /* Check the parameters */
 108:Drivers/STM32F4xx_HAL_Driver/Src/stm32f4xx_ll_gpio.c ****   assert_param(IS_GPIO_ALL_INSTANCE(GPIOx));
 704              		.loc 1 108 3 view .LVU167
 109:Drivers/STM32F4xx_HAL_Driver/Src/stm32f4xx_ll_gpio.c **** 
 110:Drivers/STM32F4xx_HAL_Driver/Src/stm32f4xx_ll_gpio.c ****   /* Force and Release reset on clock of GPIOx Port */
 111:Drivers/STM32F4xx_HAL_Driver/Src/stm32f4xx_ll_gpio.c ****   if (GPIOx == GPIOA)
 705              		.loc 1 111 3 view .LVU168
 706              		.loc 1 111 6 is_stmt 0 view .LVU169
 707 0000 2D4B     		ldr	r3, .L45
 708 0002 9842     		cmp	r0, r3
 709 0004 10D0     		beq	.L39
 112:Drivers/STM32F4xx_HAL_Driver/Src/stm32f4xx_ll_gpio.c ****   {
 113:Drivers/STM32F4xx_HAL_Driver/Src/stm32f4xx_ll_gpio.c ****     LL_AHB1_GRP1_ForceReset(LL_AHB1_GRP1_PERIPH_GPIOA);
 114:Drivers/STM32F4xx_HAL_Driver/Src/stm32f4xx_ll_gpio.c ****     LL_AHB1_GRP1_ReleaseReset(LL_AHB1_GRP1_PERIPH_GPIOA);
 115:Drivers/STM32F4xx_HAL_Driver/Src/stm32f4xx_ll_gpio.c ****   }
 116:Drivers/STM32F4xx_HAL_Driver/Src/stm32f4xx_ll_gpio.c ****   else if (GPIOx == GPIOB)
 710              		.loc 1 116 8 is_stmt 1 view .LVU170
 711              		.loc 1 116 11 is_stmt 0 view .LVU171
 712 0006 2D4B     		ldr	r3, .L45+4
 713 0008 9842     		cmp	r0, r3
 714 000a 19D0     		beq	.L40
 117:Drivers/STM32F4xx_HAL_Driver/Src/stm32f4xx_ll_gpio.c ****   {
 118:Drivers/STM32F4xx_HAL_Driver/Src/stm32f4xx_ll_gpio.c ****     LL_AHB1_GRP1_ForceReset(LL_AHB1_GRP1_PERIPH_GPIOB);
 119:Drivers/STM32F4xx_HAL_Driver/Src/stm32f4xx_ll_gpio.c ****     LL_AHB1_GRP1_ReleaseReset(LL_AHB1_GRP1_PERIPH_GPIOB);
 120:Drivers/STM32F4xx_HAL_Driver/Src/stm32f4xx_ll_gpio.c ****   }
 121:Drivers/STM32F4xx_HAL_Driver/Src/stm32f4xx_ll_gpio.c ****   else if (GPIOx == GPIOC)
 715              		.loc 1 121 8 is_stmt 1 view .LVU172
 716              		.loc 1 121 11 is_stmt 0 view .LVU173
 717 000c 2C4B     		ldr	r3, .L45+8
 718 000e 9842     		cmp	r0, r3
 719 0010 22D0     		beq	.L41
 122:Drivers/STM32F4xx_HAL_Driver/Src/stm32f4xx_ll_gpio.c ****   {
 123:Drivers/STM32F4xx_HAL_Driver/Src/stm32f4xx_ll_gpio.c ****     LL_AHB1_GRP1_ForceReset(LL_AHB1_GRP1_PERIPH_GPIOC);
 124:Drivers/STM32F4xx_HAL_Driver/Src/stm32f4xx_ll_gpio.c ****     LL_AHB1_GRP1_ReleaseReset(LL_AHB1_GRP1_PERIPH_GPIOC);
 125:Drivers/STM32F4xx_HAL_Driver/Src/stm32f4xx_ll_gpio.c ****   }
 126:Drivers/STM32F4xx_HAL_Driver/Src/stm32f4xx_ll_gpio.c **** #if defined(GPIOD)
 127:Drivers/STM32F4xx_HAL_Driver/Src/stm32f4xx_ll_gpio.c ****   else if (GPIOx == GPIOD)
 720              		.loc 1 127 8 is_stmt 1 view .LVU174
 721              		.loc 1 127 11 is_stmt 0 view .LVU175
 722 0012 2C4B     		ldr	r3, .L45+12
 723 0014 9842     		cmp	r0, r3
 724 0016 2BD0     		beq	.L42
 128:Drivers/STM32F4xx_HAL_Driver/Src/stm32f4xx_ll_gpio.c ****   {
 129:Drivers/STM32F4xx_HAL_Driver/Src/stm32f4xx_ll_gpio.c ****     LL_AHB1_GRP1_ForceReset(LL_AHB1_GRP1_PERIPH_GPIOD);
 130:Drivers/STM32F4xx_HAL_Driver/Src/stm32f4xx_ll_gpio.c ****     LL_AHB1_GRP1_ReleaseReset(LL_AHB1_GRP1_PERIPH_GPIOD);
 131:Drivers/STM32F4xx_HAL_Driver/Src/stm32f4xx_ll_gpio.c ****   }
 132:Drivers/STM32F4xx_HAL_Driver/Src/stm32f4xx_ll_gpio.c **** #endif /* GPIOD */
 133:Drivers/STM32F4xx_HAL_Driver/Src/stm32f4xx_ll_gpio.c **** #if defined(GPIOE)
 134:Drivers/STM32F4xx_HAL_Driver/Src/stm32f4xx_ll_gpio.c ****   else if (GPIOx == GPIOE)
 725              		.loc 1 134 8 is_stmt 1 view .LVU176
ARM GAS  C:\Users\chris\AppData\Local\Temp\ccrcjOEk.s 			page 36


 726              		.loc 1 134 11 is_stmt 0 view .LVU177
 727 0018 2B4B     		ldr	r3, .L45+16
 728 001a 9842     		cmp	r0, r3
 729 001c 34D0     		beq	.L43
 135:Drivers/STM32F4xx_HAL_Driver/Src/stm32f4xx_ll_gpio.c ****   {
 136:Drivers/STM32F4xx_HAL_Driver/Src/stm32f4xx_ll_gpio.c ****     LL_AHB1_GRP1_ForceReset(LL_AHB1_GRP1_PERIPH_GPIOE);
 137:Drivers/STM32F4xx_HAL_Driver/Src/stm32f4xx_ll_gpio.c ****     LL_AHB1_GRP1_ReleaseReset(LL_AHB1_GRP1_PERIPH_GPIOE);
 138:Drivers/STM32F4xx_HAL_Driver/Src/stm32f4xx_ll_gpio.c ****   }
 139:Drivers/STM32F4xx_HAL_Driver/Src/stm32f4xx_ll_gpio.c **** #endif /* GPIOE */
 140:Drivers/STM32F4xx_HAL_Driver/Src/stm32f4xx_ll_gpio.c **** #if defined(GPIOF)
 141:Drivers/STM32F4xx_HAL_Driver/Src/stm32f4xx_ll_gpio.c ****   else if (GPIOx == GPIOF)
 142:Drivers/STM32F4xx_HAL_Driver/Src/stm32f4xx_ll_gpio.c ****   {
 143:Drivers/STM32F4xx_HAL_Driver/Src/stm32f4xx_ll_gpio.c ****     LL_AHB1_GRP1_ForceReset(LL_AHB1_GRP1_PERIPH_GPIOF);
 144:Drivers/STM32F4xx_HAL_Driver/Src/stm32f4xx_ll_gpio.c ****     LL_AHB1_GRP1_ReleaseReset(LL_AHB1_GRP1_PERIPH_GPIOF);
 145:Drivers/STM32F4xx_HAL_Driver/Src/stm32f4xx_ll_gpio.c ****   }
 146:Drivers/STM32F4xx_HAL_Driver/Src/stm32f4xx_ll_gpio.c **** #endif /* GPIOF */
 147:Drivers/STM32F4xx_HAL_Driver/Src/stm32f4xx_ll_gpio.c **** #if defined(GPIOG)
 148:Drivers/STM32F4xx_HAL_Driver/Src/stm32f4xx_ll_gpio.c ****   else if (GPIOx == GPIOG)
 149:Drivers/STM32F4xx_HAL_Driver/Src/stm32f4xx_ll_gpio.c ****   {
 150:Drivers/STM32F4xx_HAL_Driver/Src/stm32f4xx_ll_gpio.c ****     LL_AHB1_GRP1_ForceReset(LL_AHB1_GRP1_PERIPH_GPIOG);
 151:Drivers/STM32F4xx_HAL_Driver/Src/stm32f4xx_ll_gpio.c ****     LL_AHB1_GRP1_ReleaseReset(LL_AHB1_GRP1_PERIPH_GPIOG);
 152:Drivers/STM32F4xx_HAL_Driver/Src/stm32f4xx_ll_gpio.c ****   }
 153:Drivers/STM32F4xx_HAL_Driver/Src/stm32f4xx_ll_gpio.c **** #endif /* GPIOG */
 154:Drivers/STM32F4xx_HAL_Driver/Src/stm32f4xx_ll_gpio.c **** #if defined(GPIOH)
 155:Drivers/STM32F4xx_HAL_Driver/Src/stm32f4xx_ll_gpio.c ****   else if (GPIOx == GPIOH)
 730              		.loc 1 155 8 is_stmt 1 view .LVU178
 731              		.loc 1 155 11 is_stmt 0 view .LVU179
 732 001e 2B4B     		ldr	r3, .L45+20
 733 0020 9842     		cmp	r0, r3
 734 0022 3DD0     		beq	.L44
 156:Drivers/STM32F4xx_HAL_Driver/Src/stm32f4xx_ll_gpio.c ****   {
 157:Drivers/STM32F4xx_HAL_Driver/Src/stm32f4xx_ll_gpio.c ****     LL_AHB1_GRP1_ForceReset(LL_AHB1_GRP1_PERIPH_GPIOH);
 158:Drivers/STM32F4xx_HAL_Driver/Src/stm32f4xx_ll_gpio.c ****     LL_AHB1_GRP1_ReleaseReset(LL_AHB1_GRP1_PERIPH_GPIOH);
 159:Drivers/STM32F4xx_HAL_Driver/Src/stm32f4xx_ll_gpio.c ****   }
 160:Drivers/STM32F4xx_HAL_Driver/Src/stm32f4xx_ll_gpio.c **** #endif /* GPIOH */
 161:Drivers/STM32F4xx_HAL_Driver/Src/stm32f4xx_ll_gpio.c **** #if defined(GPIOI)
 162:Drivers/STM32F4xx_HAL_Driver/Src/stm32f4xx_ll_gpio.c ****   else if (GPIOx == GPIOI)
 163:Drivers/STM32F4xx_HAL_Driver/Src/stm32f4xx_ll_gpio.c ****   {
 164:Drivers/STM32F4xx_HAL_Driver/Src/stm32f4xx_ll_gpio.c ****     LL_AHB1_GRP1_ForceReset(LL_AHB1_GRP1_PERIPH_GPIOI);
 165:Drivers/STM32F4xx_HAL_Driver/Src/stm32f4xx_ll_gpio.c ****     LL_AHB1_GRP1_ReleaseReset(LL_AHB1_GRP1_PERIPH_GPIOI);
 166:Drivers/STM32F4xx_HAL_Driver/Src/stm32f4xx_ll_gpio.c ****   }
 167:Drivers/STM32F4xx_HAL_Driver/Src/stm32f4xx_ll_gpio.c **** #endif /* GPIOI */
 168:Drivers/STM32F4xx_HAL_Driver/Src/stm32f4xx_ll_gpio.c **** #if defined(GPIOJ)
 169:Drivers/STM32F4xx_HAL_Driver/Src/stm32f4xx_ll_gpio.c ****   else if (GPIOx == GPIOJ)
 170:Drivers/STM32F4xx_HAL_Driver/Src/stm32f4xx_ll_gpio.c ****   {
 171:Drivers/STM32F4xx_HAL_Driver/Src/stm32f4xx_ll_gpio.c ****     LL_AHB1_GRP1_ForceReset(LL_AHB1_GRP1_PERIPH_GPIOJ);
 172:Drivers/STM32F4xx_HAL_Driver/Src/stm32f4xx_ll_gpio.c ****     LL_AHB1_GRP1_ReleaseReset(LL_AHB1_GRP1_PERIPH_GPIOJ);
 173:Drivers/STM32F4xx_HAL_Driver/Src/stm32f4xx_ll_gpio.c ****   }
 174:Drivers/STM32F4xx_HAL_Driver/Src/stm32f4xx_ll_gpio.c **** #endif /* GPIOJ */
 175:Drivers/STM32F4xx_HAL_Driver/Src/stm32f4xx_ll_gpio.c **** #if defined(GPIOK)
 176:Drivers/STM32F4xx_HAL_Driver/Src/stm32f4xx_ll_gpio.c ****   else if (GPIOx == GPIOK)
 177:Drivers/STM32F4xx_HAL_Driver/Src/stm32f4xx_ll_gpio.c ****   {
 178:Drivers/STM32F4xx_HAL_Driver/Src/stm32f4xx_ll_gpio.c ****     LL_AHB1_GRP1_ForceReset(LL_AHB1_GRP1_PERIPH_GPIOK);
 179:Drivers/STM32F4xx_HAL_Driver/Src/stm32f4xx_ll_gpio.c ****     LL_AHB1_GRP1_ReleaseReset(LL_AHB1_GRP1_PERIPH_GPIOK);
 180:Drivers/STM32F4xx_HAL_Driver/Src/stm32f4xx_ll_gpio.c ****   }
 181:Drivers/STM32F4xx_HAL_Driver/Src/stm32f4xx_ll_gpio.c **** #endif /* GPIOK */
 182:Drivers/STM32F4xx_HAL_Driver/Src/stm32f4xx_ll_gpio.c ****   else
ARM GAS  C:\Users\chris\AppData\Local\Temp\ccrcjOEk.s 			page 37


 183:Drivers/STM32F4xx_HAL_Driver/Src/stm32f4xx_ll_gpio.c ****   {
 184:Drivers/STM32F4xx_HAL_Driver/Src/stm32f4xx_ll_gpio.c ****     status = ERROR;
 735              		.loc 1 184 12 view .LVU180
 736 0024 0120     		movs	r0, #1
 737              	.LVL61:
 185:Drivers/STM32F4xx_HAL_Driver/Src/stm32f4xx_ll_gpio.c ****   }
 186:Drivers/STM32F4xx_HAL_Driver/Src/stm32f4xx_ll_gpio.c **** 
 187:Drivers/STM32F4xx_HAL_Driver/Src/stm32f4xx_ll_gpio.c ****   return (status);
 738              		.loc 1 187 3 is_stmt 1 view .LVU181
 188:Drivers/STM32F4xx_HAL_Driver/Src/stm32f4xx_ll_gpio.c **** }
 739              		.loc 1 188 1 is_stmt 0 view .LVU182
 740 0026 7047     		bx	lr
 741              	.LVL62:
 742              	.L39:
 113:Drivers/STM32F4xx_HAL_Driver/Src/stm32f4xx_ll_gpio.c ****     LL_AHB1_GRP1_ReleaseReset(LL_AHB1_GRP1_PERIPH_GPIOA);
 743              		.loc 1 113 5 is_stmt 1 view .LVU183
 744              	.LBB144:
 745              	.LBI144:
 746              		.file 4 "Drivers/STM32F4xx_HAL_Driver/Inc/stm32f4xx_ll_bus.h"
   1:Drivers/STM32F4xx_HAL_Driver/Inc/stm32f4xx_ll_bus.h **** /**
   2:Drivers/STM32F4xx_HAL_Driver/Inc/stm32f4xx_ll_bus.h ****   ******************************************************************************
   3:Drivers/STM32F4xx_HAL_Driver/Inc/stm32f4xx_ll_bus.h ****   * @file    stm32f4xx_ll_bus.h
   4:Drivers/STM32F4xx_HAL_Driver/Inc/stm32f4xx_ll_bus.h ****   * @author  MCD Application Team
   5:Drivers/STM32F4xx_HAL_Driver/Inc/stm32f4xx_ll_bus.h ****   * @brief   Header file of BUS LL module.
   6:Drivers/STM32F4xx_HAL_Driver/Inc/stm32f4xx_ll_bus.h **** 
   7:Drivers/STM32F4xx_HAL_Driver/Inc/stm32f4xx_ll_bus.h ****   @verbatim
   8:Drivers/STM32F4xx_HAL_Driver/Inc/stm32f4xx_ll_bus.h ****                       ##### RCC Limitations #####
   9:Drivers/STM32F4xx_HAL_Driver/Inc/stm32f4xx_ll_bus.h ****   ==============================================================================
  10:Drivers/STM32F4xx_HAL_Driver/Inc/stm32f4xx_ll_bus.h ****     [..]
  11:Drivers/STM32F4xx_HAL_Driver/Inc/stm32f4xx_ll_bus.h ****       A delay between an RCC peripheral clock enable and the effective peripheral
  12:Drivers/STM32F4xx_HAL_Driver/Inc/stm32f4xx_ll_bus.h ****       enabling should be taken into account in order to manage the peripheral read/write
  13:Drivers/STM32F4xx_HAL_Driver/Inc/stm32f4xx_ll_bus.h ****       from/to registers.
  14:Drivers/STM32F4xx_HAL_Driver/Inc/stm32f4xx_ll_bus.h ****       (+) This delay depends on the peripheral mapping.
  15:Drivers/STM32F4xx_HAL_Driver/Inc/stm32f4xx_ll_bus.h ****         (++) AHB & APB peripherals, 1 dummy read is necessary
  16:Drivers/STM32F4xx_HAL_Driver/Inc/stm32f4xx_ll_bus.h **** 
  17:Drivers/STM32F4xx_HAL_Driver/Inc/stm32f4xx_ll_bus.h ****     [..]
  18:Drivers/STM32F4xx_HAL_Driver/Inc/stm32f4xx_ll_bus.h ****       Workarounds:
  19:Drivers/STM32F4xx_HAL_Driver/Inc/stm32f4xx_ll_bus.h ****       (#) For AHB & APB peripherals, a dummy read to the peripheral register has been
  20:Drivers/STM32F4xx_HAL_Driver/Inc/stm32f4xx_ll_bus.h ****           inserted in each LL_{BUS}_GRP{x}_EnableClock() function.
  21:Drivers/STM32F4xx_HAL_Driver/Inc/stm32f4xx_ll_bus.h **** 
  22:Drivers/STM32F4xx_HAL_Driver/Inc/stm32f4xx_ll_bus.h ****   @endverbatim
  23:Drivers/STM32F4xx_HAL_Driver/Inc/stm32f4xx_ll_bus.h ****   ******************************************************************************
  24:Drivers/STM32F4xx_HAL_Driver/Inc/stm32f4xx_ll_bus.h ****   * @attention
  25:Drivers/STM32F4xx_HAL_Driver/Inc/stm32f4xx_ll_bus.h ****   *
  26:Drivers/STM32F4xx_HAL_Driver/Inc/stm32f4xx_ll_bus.h ****   * Copyright (c) 2017 STMicroelectronics.
  27:Drivers/STM32F4xx_HAL_Driver/Inc/stm32f4xx_ll_bus.h ****   * All rights reserved.
  28:Drivers/STM32F4xx_HAL_Driver/Inc/stm32f4xx_ll_bus.h ****   *
  29:Drivers/STM32F4xx_HAL_Driver/Inc/stm32f4xx_ll_bus.h ****   * This software is licensed under terms that can be found in the LICENSE file in
  30:Drivers/STM32F4xx_HAL_Driver/Inc/stm32f4xx_ll_bus.h ****   * the root directory of this software component.
  31:Drivers/STM32F4xx_HAL_Driver/Inc/stm32f4xx_ll_bus.h ****   * If no LICENSE file comes with this software, it is provided AS-IS.
  32:Drivers/STM32F4xx_HAL_Driver/Inc/stm32f4xx_ll_bus.h ****   ******************************************************************************
  33:Drivers/STM32F4xx_HAL_Driver/Inc/stm32f4xx_ll_bus.h ****   */
  34:Drivers/STM32F4xx_HAL_Driver/Inc/stm32f4xx_ll_bus.h **** 
  35:Drivers/STM32F4xx_HAL_Driver/Inc/stm32f4xx_ll_bus.h **** /* Define to prevent recursive inclusion -------------------------------------*/
  36:Drivers/STM32F4xx_HAL_Driver/Inc/stm32f4xx_ll_bus.h **** #ifndef __STM32F4xx_LL_BUS_H
  37:Drivers/STM32F4xx_HAL_Driver/Inc/stm32f4xx_ll_bus.h **** #define __STM32F4xx_LL_BUS_H
  38:Drivers/STM32F4xx_HAL_Driver/Inc/stm32f4xx_ll_bus.h **** 
ARM GAS  C:\Users\chris\AppData\Local\Temp\ccrcjOEk.s 			page 38


  39:Drivers/STM32F4xx_HAL_Driver/Inc/stm32f4xx_ll_bus.h **** #ifdef __cplusplus
  40:Drivers/STM32F4xx_HAL_Driver/Inc/stm32f4xx_ll_bus.h **** extern "C" {
  41:Drivers/STM32F4xx_HAL_Driver/Inc/stm32f4xx_ll_bus.h **** #endif
  42:Drivers/STM32F4xx_HAL_Driver/Inc/stm32f4xx_ll_bus.h **** 
  43:Drivers/STM32F4xx_HAL_Driver/Inc/stm32f4xx_ll_bus.h **** /* Includes ------------------------------------------------------------------*/
  44:Drivers/STM32F4xx_HAL_Driver/Inc/stm32f4xx_ll_bus.h **** #include "stm32f4xx.h"
  45:Drivers/STM32F4xx_HAL_Driver/Inc/stm32f4xx_ll_bus.h **** 
  46:Drivers/STM32F4xx_HAL_Driver/Inc/stm32f4xx_ll_bus.h **** /** @addtogroup STM32F4xx_LL_Driver
  47:Drivers/STM32F4xx_HAL_Driver/Inc/stm32f4xx_ll_bus.h ****   * @{
  48:Drivers/STM32F4xx_HAL_Driver/Inc/stm32f4xx_ll_bus.h ****   */
  49:Drivers/STM32F4xx_HAL_Driver/Inc/stm32f4xx_ll_bus.h **** 
  50:Drivers/STM32F4xx_HAL_Driver/Inc/stm32f4xx_ll_bus.h **** #if defined(RCC)
  51:Drivers/STM32F4xx_HAL_Driver/Inc/stm32f4xx_ll_bus.h **** 
  52:Drivers/STM32F4xx_HAL_Driver/Inc/stm32f4xx_ll_bus.h **** /** @defgroup BUS_LL BUS
  53:Drivers/STM32F4xx_HAL_Driver/Inc/stm32f4xx_ll_bus.h ****   * @{
  54:Drivers/STM32F4xx_HAL_Driver/Inc/stm32f4xx_ll_bus.h ****   */
  55:Drivers/STM32F4xx_HAL_Driver/Inc/stm32f4xx_ll_bus.h **** 
  56:Drivers/STM32F4xx_HAL_Driver/Inc/stm32f4xx_ll_bus.h **** /* Private types -------------------------------------------------------------*/
  57:Drivers/STM32F4xx_HAL_Driver/Inc/stm32f4xx_ll_bus.h **** /* Private variables ---------------------------------------------------------*/
  58:Drivers/STM32F4xx_HAL_Driver/Inc/stm32f4xx_ll_bus.h **** /* Private constants ---------------------------------------------------------*/
  59:Drivers/STM32F4xx_HAL_Driver/Inc/stm32f4xx_ll_bus.h **** /* Private macros ------------------------------------------------------------*/
  60:Drivers/STM32F4xx_HAL_Driver/Inc/stm32f4xx_ll_bus.h **** /* Exported types ------------------------------------------------------------*/
  61:Drivers/STM32F4xx_HAL_Driver/Inc/stm32f4xx_ll_bus.h **** /* Exported constants --------------------------------------------------------*/
  62:Drivers/STM32F4xx_HAL_Driver/Inc/stm32f4xx_ll_bus.h **** /** @defgroup BUS_LL_Exported_Constants BUS Exported Constants
  63:Drivers/STM32F4xx_HAL_Driver/Inc/stm32f4xx_ll_bus.h ****   * @{
  64:Drivers/STM32F4xx_HAL_Driver/Inc/stm32f4xx_ll_bus.h ****   */
  65:Drivers/STM32F4xx_HAL_Driver/Inc/stm32f4xx_ll_bus.h **** 
  66:Drivers/STM32F4xx_HAL_Driver/Inc/stm32f4xx_ll_bus.h **** /** @defgroup BUS_LL_EC_AHB1_GRP1_PERIPH  AHB1 GRP1 PERIPH
  67:Drivers/STM32F4xx_HAL_Driver/Inc/stm32f4xx_ll_bus.h ****   * @{
  68:Drivers/STM32F4xx_HAL_Driver/Inc/stm32f4xx_ll_bus.h ****   */
  69:Drivers/STM32F4xx_HAL_Driver/Inc/stm32f4xx_ll_bus.h **** #define LL_AHB1_GRP1_PERIPH_ALL             0xFFFFFFFFU
  70:Drivers/STM32F4xx_HAL_Driver/Inc/stm32f4xx_ll_bus.h **** #define LL_AHB1_GRP1_PERIPH_GPIOA           RCC_AHB1ENR_GPIOAEN
  71:Drivers/STM32F4xx_HAL_Driver/Inc/stm32f4xx_ll_bus.h **** #define LL_AHB1_GRP1_PERIPH_GPIOB           RCC_AHB1ENR_GPIOBEN
  72:Drivers/STM32F4xx_HAL_Driver/Inc/stm32f4xx_ll_bus.h **** #define LL_AHB1_GRP1_PERIPH_GPIOC           RCC_AHB1ENR_GPIOCEN
  73:Drivers/STM32F4xx_HAL_Driver/Inc/stm32f4xx_ll_bus.h **** #if defined(GPIOD)
  74:Drivers/STM32F4xx_HAL_Driver/Inc/stm32f4xx_ll_bus.h **** #define LL_AHB1_GRP1_PERIPH_GPIOD           RCC_AHB1ENR_GPIODEN
  75:Drivers/STM32F4xx_HAL_Driver/Inc/stm32f4xx_ll_bus.h **** #endif /* GPIOD */
  76:Drivers/STM32F4xx_HAL_Driver/Inc/stm32f4xx_ll_bus.h **** #if defined(GPIOE)
  77:Drivers/STM32F4xx_HAL_Driver/Inc/stm32f4xx_ll_bus.h **** #define LL_AHB1_GRP1_PERIPH_GPIOE           RCC_AHB1ENR_GPIOEEN
  78:Drivers/STM32F4xx_HAL_Driver/Inc/stm32f4xx_ll_bus.h **** #endif /* GPIOE */
  79:Drivers/STM32F4xx_HAL_Driver/Inc/stm32f4xx_ll_bus.h **** #if defined(GPIOF)
  80:Drivers/STM32F4xx_HAL_Driver/Inc/stm32f4xx_ll_bus.h **** #define LL_AHB1_GRP1_PERIPH_GPIOF           RCC_AHB1ENR_GPIOFEN
  81:Drivers/STM32F4xx_HAL_Driver/Inc/stm32f4xx_ll_bus.h **** #endif /* GPIOF */
  82:Drivers/STM32F4xx_HAL_Driver/Inc/stm32f4xx_ll_bus.h **** #if defined(GPIOG)
  83:Drivers/STM32F4xx_HAL_Driver/Inc/stm32f4xx_ll_bus.h **** #define LL_AHB1_GRP1_PERIPH_GPIOG           RCC_AHB1ENR_GPIOGEN
  84:Drivers/STM32F4xx_HAL_Driver/Inc/stm32f4xx_ll_bus.h **** #endif /* GPIOG */
  85:Drivers/STM32F4xx_HAL_Driver/Inc/stm32f4xx_ll_bus.h **** #if defined(GPIOH)
  86:Drivers/STM32F4xx_HAL_Driver/Inc/stm32f4xx_ll_bus.h **** #define LL_AHB1_GRP1_PERIPH_GPIOH           RCC_AHB1ENR_GPIOHEN
  87:Drivers/STM32F4xx_HAL_Driver/Inc/stm32f4xx_ll_bus.h **** #endif /* GPIOH */
  88:Drivers/STM32F4xx_HAL_Driver/Inc/stm32f4xx_ll_bus.h **** #if defined(GPIOI)
  89:Drivers/STM32F4xx_HAL_Driver/Inc/stm32f4xx_ll_bus.h **** #define LL_AHB1_GRP1_PERIPH_GPIOI           RCC_AHB1ENR_GPIOIEN
  90:Drivers/STM32F4xx_HAL_Driver/Inc/stm32f4xx_ll_bus.h **** #endif /* GPIOI */
  91:Drivers/STM32F4xx_HAL_Driver/Inc/stm32f4xx_ll_bus.h **** #if defined(GPIOJ)
  92:Drivers/STM32F4xx_HAL_Driver/Inc/stm32f4xx_ll_bus.h **** #define LL_AHB1_GRP1_PERIPH_GPIOJ           RCC_AHB1ENR_GPIOJEN
  93:Drivers/STM32F4xx_HAL_Driver/Inc/stm32f4xx_ll_bus.h **** #endif /* GPIOJ */
  94:Drivers/STM32F4xx_HAL_Driver/Inc/stm32f4xx_ll_bus.h **** #if defined(GPIOK)
  95:Drivers/STM32F4xx_HAL_Driver/Inc/stm32f4xx_ll_bus.h **** #define LL_AHB1_GRP1_PERIPH_GPIOK           RCC_AHB1ENR_GPIOKEN
ARM GAS  C:\Users\chris\AppData\Local\Temp\ccrcjOEk.s 			page 39


  96:Drivers/STM32F4xx_HAL_Driver/Inc/stm32f4xx_ll_bus.h **** #endif /* GPIOK */
  97:Drivers/STM32F4xx_HAL_Driver/Inc/stm32f4xx_ll_bus.h **** #define LL_AHB1_GRP1_PERIPH_CRC             RCC_AHB1ENR_CRCEN
  98:Drivers/STM32F4xx_HAL_Driver/Inc/stm32f4xx_ll_bus.h **** #if defined(RCC_AHB1ENR_BKPSRAMEN)
  99:Drivers/STM32F4xx_HAL_Driver/Inc/stm32f4xx_ll_bus.h **** #define LL_AHB1_GRP1_PERIPH_BKPSRAM         RCC_AHB1ENR_BKPSRAMEN
 100:Drivers/STM32F4xx_HAL_Driver/Inc/stm32f4xx_ll_bus.h **** #endif /* RCC_AHB1ENR_BKPSRAMEN */
 101:Drivers/STM32F4xx_HAL_Driver/Inc/stm32f4xx_ll_bus.h **** #if defined(RCC_AHB1ENR_CCMDATARAMEN)
 102:Drivers/STM32F4xx_HAL_Driver/Inc/stm32f4xx_ll_bus.h **** #define LL_AHB1_GRP1_PERIPH_CCMDATARAM      RCC_AHB1ENR_CCMDATARAMEN
 103:Drivers/STM32F4xx_HAL_Driver/Inc/stm32f4xx_ll_bus.h **** #endif /* RCC_AHB1ENR_CCMDATARAMEN */
 104:Drivers/STM32F4xx_HAL_Driver/Inc/stm32f4xx_ll_bus.h **** #define LL_AHB1_GRP1_PERIPH_DMA1            RCC_AHB1ENR_DMA1EN
 105:Drivers/STM32F4xx_HAL_Driver/Inc/stm32f4xx_ll_bus.h **** #define LL_AHB1_GRP1_PERIPH_DMA2            RCC_AHB1ENR_DMA2EN
 106:Drivers/STM32F4xx_HAL_Driver/Inc/stm32f4xx_ll_bus.h **** #if defined(RCC_AHB1ENR_RNGEN)
 107:Drivers/STM32F4xx_HAL_Driver/Inc/stm32f4xx_ll_bus.h **** #define LL_AHB1_GRP1_PERIPH_RNG             RCC_AHB1ENR_RNGEN
 108:Drivers/STM32F4xx_HAL_Driver/Inc/stm32f4xx_ll_bus.h **** #endif /* RCC_AHB1ENR_RNGEN */
 109:Drivers/STM32F4xx_HAL_Driver/Inc/stm32f4xx_ll_bus.h **** #if defined(DMA2D)
 110:Drivers/STM32F4xx_HAL_Driver/Inc/stm32f4xx_ll_bus.h **** #define LL_AHB1_GRP1_PERIPH_DMA2D           RCC_AHB1ENR_DMA2DEN
 111:Drivers/STM32F4xx_HAL_Driver/Inc/stm32f4xx_ll_bus.h **** #endif /* DMA2D */
 112:Drivers/STM32F4xx_HAL_Driver/Inc/stm32f4xx_ll_bus.h **** #if defined(ETH)
 113:Drivers/STM32F4xx_HAL_Driver/Inc/stm32f4xx_ll_bus.h **** #define LL_AHB1_GRP1_PERIPH_ETHMAC          RCC_AHB1ENR_ETHMACEN
 114:Drivers/STM32F4xx_HAL_Driver/Inc/stm32f4xx_ll_bus.h **** #define LL_AHB1_GRP1_PERIPH_ETHMACTX        RCC_AHB1ENR_ETHMACTXEN
 115:Drivers/STM32F4xx_HAL_Driver/Inc/stm32f4xx_ll_bus.h **** #define LL_AHB1_GRP1_PERIPH_ETHMACRX        RCC_AHB1ENR_ETHMACRXEN
 116:Drivers/STM32F4xx_HAL_Driver/Inc/stm32f4xx_ll_bus.h **** #define LL_AHB1_GRP1_PERIPH_ETHMACPTP       RCC_AHB1ENR_ETHMACPTPEN
 117:Drivers/STM32F4xx_HAL_Driver/Inc/stm32f4xx_ll_bus.h **** #endif /* ETH */
 118:Drivers/STM32F4xx_HAL_Driver/Inc/stm32f4xx_ll_bus.h **** #if defined(USB_OTG_HS)
 119:Drivers/STM32F4xx_HAL_Driver/Inc/stm32f4xx_ll_bus.h **** #define LL_AHB1_GRP1_PERIPH_OTGHS           RCC_AHB1ENR_OTGHSEN
 120:Drivers/STM32F4xx_HAL_Driver/Inc/stm32f4xx_ll_bus.h **** #define LL_AHB1_GRP1_PERIPH_OTGHSULPI       RCC_AHB1ENR_OTGHSULPIEN
 121:Drivers/STM32F4xx_HAL_Driver/Inc/stm32f4xx_ll_bus.h **** #endif /* USB_OTG_HS */
 122:Drivers/STM32F4xx_HAL_Driver/Inc/stm32f4xx_ll_bus.h **** #define LL_AHB1_GRP1_PERIPH_FLITF           RCC_AHB1LPENR_FLITFLPEN
 123:Drivers/STM32F4xx_HAL_Driver/Inc/stm32f4xx_ll_bus.h **** #define LL_AHB1_GRP1_PERIPH_SRAM1           RCC_AHB1LPENR_SRAM1LPEN
 124:Drivers/STM32F4xx_HAL_Driver/Inc/stm32f4xx_ll_bus.h **** #if defined(RCC_AHB1LPENR_SRAM2LPEN)
 125:Drivers/STM32F4xx_HAL_Driver/Inc/stm32f4xx_ll_bus.h **** #define LL_AHB1_GRP1_PERIPH_SRAM2           RCC_AHB1LPENR_SRAM2LPEN
 126:Drivers/STM32F4xx_HAL_Driver/Inc/stm32f4xx_ll_bus.h **** #endif /* RCC_AHB1LPENR_SRAM2LPEN */
 127:Drivers/STM32F4xx_HAL_Driver/Inc/stm32f4xx_ll_bus.h **** #if defined(RCC_AHB1LPENR_SRAM3LPEN)
 128:Drivers/STM32F4xx_HAL_Driver/Inc/stm32f4xx_ll_bus.h **** #define LL_AHB1_GRP1_PERIPH_SRAM3           RCC_AHB1LPENR_SRAM3LPEN
 129:Drivers/STM32F4xx_HAL_Driver/Inc/stm32f4xx_ll_bus.h **** #endif /* RCC_AHB1LPENR_SRAM3LPEN */
 130:Drivers/STM32F4xx_HAL_Driver/Inc/stm32f4xx_ll_bus.h **** /**
 131:Drivers/STM32F4xx_HAL_Driver/Inc/stm32f4xx_ll_bus.h ****   * @}
 132:Drivers/STM32F4xx_HAL_Driver/Inc/stm32f4xx_ll_bus.h ****   */
 133:Drivers/STM32F4xx_HAL_Driver/Inc/stm32f4xx_ll_bus.h **** 
 134:Drivers/STM32F4xx_HAL_Driver/Inc/stm32f4xx_ll_bus.h **** #if defined(RCC_AHB2_SUPPORT)
 135:Drivers/STM32F4xx_HAL_Driver/Inc/stm32f4xx_ll_bus.h **** /** @defgroup BUS_LL_EC_AHB2_GRP1_PERIPH  AHB2 GRP1 PERIPH
 136:Drivers/STM32F4xx_HAL_Driver/Inc/stm32f4xx_ll_bus.h ****   * @{
 137:Drivers/STM32F4xx_HAL_Driver/Inc/stm32f4xx_ll_bus.h ****   */
 138:Drivers/STM32F4xx_HAL_Driver/Inc/stm32f4xx_ll_bus.h **** #define LL_AHB2_GRP1_PERIPH_ALL            0xFFFFFFFFU
 139:Drivers/STM32F4xx_HAL_Driver/Inc/stm32f4xx_ll_bus.h **** #if defined(DCMI)
 140:Drivers/STM32F4xx_HAL_Driver/Inc/stm32f4xx_ll_bus.h **** #define LL_AHB2_GRP1_PERIPH_DCMI           RCC_AHB2ENR_DCMIEN
 141:Drivers/STM32F4xx_HAL_Driver/Inc/stm32f4xx_ll_bus.h **** #endif /* DCMI */
 142:Drivers/STM32F4xx_HAL_Driver/Inc/stm32f4xx_ll_bus.h **** #if defined(CRYP)
 143:Drivers/STM32F4xx_HAL_Driver/Inc/stm32f4xx_ll_bus.h **** #define LL_AHB2_GRP1_PERIPH_CRYP           RCC_AHB2ENR_CRYPEN
 144:Drivers/STM32F4xx_HAL_Driver/Inc/stm32f4xx_ll_bus.h **** #endif /* CRYP */
 145:Drivers/STM32F4xx_HAL_Driver/Inc/stm32f4xx_ll_bus.h **** #if defined(AES)
 146:Drivers/STM32F4xx_HAL_Driver/Inc/stm32f4xx_ll_bus.h **** #define LL_AHB2_GRP1_PERIPH_AES            RCC_AHB2ENR_AESEN
 147:Drivers/STM32F4xx_HAL_Driver/Inc/stm32f4xx_ll_bus.h **** #endif /* AES */
 148:Drivers/STM32F4xx_HAL_Driver/Inc/stm32f4xx_ll_bus.h **** #if defined(HASH)
 149:Drivers/STM32F4xx_HAL_Driver/Inc/stm32f4xx_ll_bus.h **** #define LL_AHB2_GRP1_PERIPH_HASH           RCC_AHB2ENR_HASHEN
 150:Drivers/STM32F4xx_HAL_Driver/Inc/stm32f4xx_ll_bus.h **** #endif /* HASH */
 151:Drivers/STM32F4xx_HAL_Driver/Inc/stm32f4xx_ll_bus.h **** #if defined(RCC_AHB2ENR_RNGEN)
 152:Drivers/STM32F4xx_HAL_Driver/Inc/stm32f4xx_ll_bus.h **** #define LL_AHB2_GRP1_PERIPH_RNG            RCC_AHB2ENR_RNGEN
ARM GAS  C:\Users\chris\AppData\Local\Temp\ccrcjOEk.s 			page 40


 153:Drivers/STM32F4xx_HAL_Driver/Inc/stm32f4xx_ll_bus.h **** #endif /* RCC_AHB2ENR_RNGEN */
 154:Drivers/STM32F4xx_HAL_Driver/Inc/stm32f4xx_ll_bus.h **** #if defined(USB_OTG_FS)
 155:Drivers/STM32F4xx_HAL_Driver/Inc/stm32f4xx_ll_bus.h **** #define LL_AHB2_GRP1_PERIPH_OTGFS          RCC_AHB2ENR_OTGFSEN
 156:Drivers/STM32F4xx_HAL_Driver/Inc/stm32f4xx_ll_bus.h **** #endif /* USB_OTG_FS */
 157:Drivers/STM32F4xx_HAL_Driver/Inc/stm32f4xx_ll_bus.h **** /**
 158:Drivers/STM32F4xx_HAL_Driver/Inc/stm32f4xx_ll_bus.h ****   * @}
 159:Drivers/STM32F4xx_HAL_Driver/Inc/stm32f4xx_ll_bus.h ****   */
 160:Drivers/STM32F4xx_HAL_Driver/Inc/stm32f4xx_ll_bus.h **** #endif /* RCC_AHB2_SUPPORT */
 161:Drivers/STM32F4xx_HAL_Driver/Inc/stm32f4xx_ll_bus.h **** 
 162:Drivers/STM32F4xx_HAL_Driver/Inc/stm32f4xx_ll_bus.h **** #if defined(RCC_AHB3_SUPPORT)
 163:Drivers/STM32F4xx_HAL_Driver/Inc/stm32f4xx_ll_bus.h **** /** @defgroup BUS_LL_EC_AHB3_GRP1_PERIPH  AHB3 GRP1 PERIPH
 164:Drivers/STM32F4xx_HAL_Driver/Inc/stm32f4xx_ll_bus.h ****   * @{
 165:Drivers/STM32F4xx_HAL_Driver/Inc/stm32f4xx_ll_bus.h ****   */
 166:Drivers/STM32F4xx_HAL_Driver/Inc/stm32f4xx_ll_bus.h **** #define LL_AHB3_GRP1_PERIPH_ALL            0xFFFFFFFFU
 167:Drivers/STM32F4xx_HAL_Driver/Inc/stm32f4xx_ll_bus.h **** #if defined(FSMC_Bank1)
 168:Drivers/STM32F4xx_HAL_Driver/Inc/stm32f4xx_ll_bus.h **** #define LL_AHB3_GRP1_PERIPH_FSMC           RCC_AHB3ENR_FSMCEN
 169:Drivers/STM32F4xx_HAL_Driver/Inc/stm32f4xx_ll_bus.h **** #endif /* FSMC_Bank1 */
 170:Drivers/STM32F4xx_HAL_Driver/Inc/stm32f4xx_ll_bus.h **** #if defined(FMC_Bank1)
 171:Drivers/STM32F4xx_HAL_Driver/Inc/stm32f4xx_ll_bus.h **** #define LL_AHB3_GRP1_PERIPH_FMC            RCC_AHB3ENR_FMCEN
 172:Drivers/STM32F4xx_HAL_Driver/Inc/stm32f4xx_ll_bus.h **** #endif /* FMC_Bank1 */
 173:Drivers/STM32F4xx_HAL_Driver/Inc/stm32f4xx_ll_bus.h **** #if defined(QUADSPI)
 174:Drivers/STM32F4xx_HAL_Driver/Inc/stm32f4xx_ll_bus.h **** #define LL_AHB3_GRP1_PERIPH_QSPI           RCC_AHB3ENR_QSPIEN
 175:Drivers/STM32F4xx_HAL_Driver/Inc/stm32f4xx_ll_bus.h **** #endif /* QUADSPI */
 176:Drivers/STM32F4xx_HAL_Driver/Inc/stm32f4xx_ll_bus.h **** /**
 177:Drivers/STM32F4xx_HAL_Driver/Inc/stm32f4xx_ll_bus.h ****   * @}
 178:Drivers/STM32F4xx_HAL_Driver/Inc/stm32f4xx_ll_bus.h ****   */
 179:Drivers/STM32F4xx_HAL_Driver/Inc/stm32f4xx_ll_bus.h **** #endif /* RCC_AHB3_SUPPORT */
 180:Drivers/STM32F4xx_HAL_Driver/Inc/stm32f4xx_ll_bus.h **** 
 181:Drivers/STM32F4xx_HAL_Driver/Inc/stm32f4xx_ll_bus.h **** /** @defgroup BUS_LL_EC_APB1_GRP1_PERIPH  APB1 GRP1 PERIPH
 182:Drivers/STM32F4xx_HAL_Driver/Inc/stm32f4xx_ll_bus.h ****   * @{
 183:Drivers/STM32F4xx_HAL_Driver/Inc/stm32f4xx_ll_bus.h ****   */
 184:Drivers/STM32F4xx_HAL_Driver/Inc/stm32f4xx_ll_bus.h **** #define LL_APB1_GRP1_PERIPH_ALL            0xFFFFFFFFU
 185:Drivers/STM32F4xx_HAL_Driver/Inc/stm32f4xx_ll_bus.h **** #if defined(TIM2)
 186:Drivers/STM32F4xx_HAL_Driver/Inc/stm32f4xx_ll_bus.h **** #define LL_APB1_GRP1_PERIPH_TIM2           RCC_APB1ENR_TIM2EN
 187:Drivers/STM32F4xx_HAL_Driver/Inc/stm32f4xx_ll_bus.h **** #endif /* TIM2 */
 188:Drivers/STM32F4xx_HAL_Driver/Inc/stm32f4xx_ll_bus.h **** #if defined(TIM3)
 189:Drivers/STM32F4xx_HAL_Driver/Inc/stm32f4xx_ll_bus.h **** #define LL_APB1_GRP1_PERIPH_TIM3           RCC_APB1ENR_TIM3EN
 190:Drivers/STM32F4xx_HAL_Driver/Inc/stm32f4xx_ll_bus.h **** #endif /* TIM3 */
 191:Drivers/STM32F4xx_HAL_Driver/Inc/stm32f4xx_ll_bus.h **** #if defined(TIM4)
 192:Drivers/STM32F4xx_HAL_Driver/Inc/stm32f4xx_ll_bus.h **** #define LL_APB1_GRP1_PERIPH_TIM4           RCC_APB1ENR_TIM4EN
 193:Drivers/STM32F4xx_HAL_Driver/Inc/stm32f4xx_ll_bus.h **** #endif /* TIM4 */
 194:Drivers/STM32F4xx_HAL_Driver/Inc/stm32f4xx_ll_bus.h **** #define LL_APB1_GRP1_PERIPH_TIM5           RCC_APB1ENR_TIM5EN
 195:Drivers/STM32F4xx_HAL_Driver/Inc/stm32f4xx_ll_bus.h **** #if defined(TIM6)
 196:Drivers/STM32F4xx_HAL_Driver/Inc/stm32f4xx_ll_bus.h **** #define LL_APB1_GRP1_PERIPH_TIM6           RCC_APB1ENR_TIM6EN
 197:Drivers/STM32F4xx_HAL_Driver/Inc/stm32f4xx_ll_bus.h **** #endif /* TIM6 */
 198:Drivers/STM32F4xx_HAL_Driver/Inc/stm32f4xx_ll_bus.h **** #if defined(TIM7)
 199:Drivers/STM32F4xx_HAL_Driver/Inc/stm32f4xx_ll_bus.h **** #define LL_APB1_GRP1_PERIPH_TIM7           RCC_APB1ENR_TIM7EN
 200:Drivers/STM32F4xx_HAL_Driver/Inc/stm32f4xx_ll_bus.h **** #endif /* TIM7 */
 201:Drivers/STM32F4xx_HAL_Driver/Inc/stm32f4xx_ll_bus.h **** #if defined(TIM12)
 202:Drivers/STM32F4xx_HAL_Driver/Inc/stm32f4xx_ll_bus.h **** #define LL_APB1_GRP1_PERIPH_TIM12          RCC_APB1ENR_TIM12EN
 203:Drivers/STM32F4xx_HAL_Driver/Inc/stm32f4xx_ll_bus.h **** #endif /* TIM12 */
 204:Drivers/STM32F4xx_HAL_Driver/Inc/stm32f4xx_ll_bus.h **** #if defined(TIM13)
 205:Drivers/STM32F4xx_HAL_Driver/Inc/stm32f4xx_ll_bus.h **** #define LL_APB1_GRP1_PERIPH_TIM13          RCC_APB1ENR_TIM13EN
 206:Drivers/STM32F4xx_HAL_Driver/Inc/stm32f4xx_ll_bus.h **** #endif /* TIM13 */
 207:Drivers/STM32F4xx_HAL_Driver/Inc/stm32f4xx_ll_bus.h **** #if defined(TIM14)
 208:Drivers/STM32F4xx_HAL_Driver/Inc/stm32f4xx_ll_bus.h **** #define LL_APB1_GRP1_PERIPH_TIM14          RCC_APB1ENR_TIM14EN
 209:Drivers/STM32F4xx_HAL_Driver/Inc/stm32f4xx_ll_bus.h **** #endif /* TIM14 */
ARM GAS  C:\Users\chris\AppData\Local\Temp\ccrcjOEk.s 			page 41


 210:Drivers/STM32F4xx_HAL_Driver/Inc/stm32f4xx_ll_bus.h **** #if defined(LPTIM1)
 211:Drivers/STM32F4xx_HAL_Driver/Inc/stm32f4xx_ll_bus.h **** #define LL_APB1_GRP1_PERIPH_LPTIM1         RCC_APB1ENR_LPTIM1EN
 212:Drivers/STM32F4xx_HAL_Driver/Inc/stm32f4xx_ll_bus.h **** #endif /* LPTIM1 */
 213:Drivers/STM32F4xx_HAL_Driver/Inc/stm32f4xx_ll_bus.h **** #if defined(RCC_APB1ENR_RTCAPBEN)
 214:Drivers/STM32F4xx_HAL_Driver/Inc/stm32f4xx_ll_bus.h **** #define LL_APB1_GRP1_PERIPH_RTCAPB         RCC_APB1ENR_RTCAPBEN
 215:Drivers/STM32F4xx_HAL_Driver/Inc/stm32f4xx_ll_bus.h **** #endif /* RCC_APB1ENR_RTCAPBEN */
 216:Drivers/STM32F4xx_HAL_Driver/Inc/stm32f4xx_ll_bus.h **** #define LL_APB1_GRP1_PERIPH_WWDG           RCC_APB1ENR_WWDGEN
 217:Drivers/STM32F4xx_HAL_Driver/Inc/stm32f4xx_ll_bus.h **** #if defined(SPI2)
 218:Drivers/STM32F4xx_HAL_Driver/Inc/stm32f4xx_ll_bus.h **** #define LL_APB1_GRP1_PERIPH_SPI2           RCC_APB1ENR_SPI2EN
 219:Drivers/STM32F4xx_HAL_Driver/Inc/stm32f4xx_ll_bus.h **** #endif /* SPI2 */
 220:Drivers/STM32F4xx_HAL_Driver/Inc/stm32f4xx_ll_bus.h **** #if defined(SPI3)
 221:Drivers/STM32F4xx_HAL_Driver/Inc/stm32f4xx_ll_bus.h **** #define LL_APB1_GRP1_PERIPH_SPI3           RCC_APB1ENR_SPI3EN
 222:Drivers/STM32F4xx_HAL_Driver/Inc/stm32f4xx_ll_bus.h **** #endif /* SPI3 */
 223:Drivers/STM32F4xx_HAL_Driver/Inc/stm32f4xx_ll_bus.h **** #if defined(SPDIFRX)
 224:Drivers/STM32F4xx_HAL_Driver/Inc/stm32f4xx_ll_bus.h **** #define LL_APB1_GRP1_PERIPH_SPDIFRX        RCC_APB1ENR_SPDIFRXEN
 225:Drivers/STM32F4xx_HAL_Driver/Inc/stm32f4xx_ll_bus.h **** #endif /* SPDIFRX */
 226:Drivers/STM32F4xx_HAL_Driver/Inc/stm32f4xx_ll_bus.h **** #define LL_APB1_GRP1_PERIPH_USART2         RCC_APB1ENR_USART2EN
 227:Drivers/STM32F4xx_HAL_Driver/Inc/stm32f4xx_ll_bus.h **** #if defined(USART3)
 228:Drivers/STM32F4xx_HAL_Driver/Inc/stm32f4xx_ll_bus.h **** #define LL_APB1_GRP1_PERIPH_USART3         RCC_APB1ENR_USART3EN
 229:Drivers/STM32F4xx_HAL_Driver/Inc/stm32f4xx_ll_bus.h **** #endif /* USART3 */
 230:Drivers/STM32F4xx_HAL_Driver/Inc/stm32f4xx_ll_bus.h **** #if defined(UART4)
 231:Drivers/STM32F4xx_HAL_Driver/Inc/stm32f4xx_ll_bus.h **** #define LL_APB1_GRP1_PERIPH_UART4          RCC_APB1ENR_UART4EN
 232:Drivers/STM32F4xx_HAL_Driver/Inc/stm32f4xx_ll_bus.h **** #endif /* UART4 */
 233:Drivers/STM32F4xx_HAL_Driver/Inc/stm32f4xx_ll_bus.h **** #if defined(UART5)
 234:Drivers/STM32F4xx_HAL_Driver/Inc/stm32f4xx_ll_bus.h **** #define LL_APB1_GRP1_PERIPH_UART5          RCC_APB1ENR_UART5EN
 235:Drivers/STM32F4xx_HAL_Driver/Inc/stm32f4xx_ll_bus.h **** #endif /* UART5 */
 236:Drivers/STM32F4xx_HAL_Driver/Inc/stm32f4xx_ll_bus.h **** #define LL_APB1_GRP1_PERIPH_I2C1           RCC_APB1ENR_I2C1EN
 237:Drivers/STM32F4xx_HAL_Driver/Inc/stm32f4xx_ll_bus.h **** #define LL_APB1_GRP1_PERIPH_I2C2           RCC_APB1ENR_I2C2EN
 238:Drivers/STM32F4xx_HAL_Driver/Inc/stm32f4xx_ll_bus.h **** #if defined(I2C3)
 239:Drivers/STM32F4xx_HAL_Driver/Inc/stm32f4xx_ll_bus.h **** #define LL_APB1_GRP1_PERIPH_I2C3           RCC_APB1ENR_I2C3EN
 240:Drivers/STM32F4xx_HAL_Driver/Inc/stm32f4xx_ll_bus.h **** #endif /* I2C3 */
 241:Drivers/STM32F4xx_HAL_Driver/Inc/stm32f4xx_ll_bus.h **** #if defined(FMPI2C1)
 242:Drivers/STM32F4xx_HAL_Driver/Inc/stm32f4xx_ll_bus.h **** #define LL_APB1_GRP1_PERIPH_FMPI2C1        RCC_APB1ENR_FMPI2C1EN
 243:Drivers/STM32F4xx_HAL_Driver/Inc/stm32f4xx_ll_bus.h **** #endif /* FMPI2C1 */
 244:Drivers/STM32F4xx_HAL_Driver/Inc/stm32f4xx_ll_bus.h **** #if defined(CAN1)
 245:Drivers/STM32F4xx_HAL_Driver/Inc/stm32f4xx_ll_bus.h **** #define LL_APB1_GRP1_PERIPH_CAN1           RCC_APB1ENR_CAN1EN
 246:Drivers/STM32F4xx_HAL_Driver/Inc/stm32f4xx_ll_bus.h **** #endif /* CAN1 */
 247:Drivers/STM32F4xx_HAL_Driver/Inc/stm32f4xx_ll_bus.h **** #if defined(CAN2)
 248:Drivers/STM32F4xx_HAL_Driver/Inc/stm32f4xx_ll_bus.h **** #define LL_APB1_GRP1_PERIPH_CAN2           RCC_APB1ENR_CAN2EN
 249:Drivers/STM32F4xx_HAL_Driver/Inc/stm32f4xx_ll_bus.h **** #endif /* CAN2 */
 250:Drivers/STM32F4xx_HAL_Driver/Inc/stm32f4xx_ll_bus.h **** #if defined(CAN3)
 251:Drivers/STM32F4xx_HAL_Driver/Inc/stm32f4xx_ll_bus.h **** #define LL_APB1_GRP1_PERIPH_CAN3           RCC_APB1ENR_CAN3EN
 252:Drivers/STM32F4xx_HAL_Driver/Inc/stm32f4xx_ll_bus.h **** #endif /* CAN3 */
 253:Drivers/STM32F4xx_HAL_Driver/Inc/stm32f4xx_ll_bus.h **** #if defined(CEC)
 254:Drivers/STM32F4xx_HAL_Driver/Inc/stm32f4xx_ll_bus.h **** #define LL_APB1_GRP1_PERIPH_CEC            RCC_APB1ENR_CECEN
 255:Drivers/STM32F4xx_HAL_Driver/Inc/stm32f4xx_ll_bus.h **** #endif /* CEC */
 256:Drivers/STM32F4xx_HAL_Driver/Inc/stm32f4xx_ll_bus.h **** #define LL_APB1_GRP1_PERIPH_PWR            RCC_APB1ENR_PWREN
 257:Drivers/STM32F4xx_HAL_Driver/Inc/stm32f4xx_ll_bus.h **** #if defined(DAC1)
 258:Drivers/STM32F4xx_HAL_Driver/Inc/stm32f4xx_ll_bus.h **** #define LL_APB1_GRP1_PERIPH_DAC1           RCC_APB1ENR_DACEN
 259:Drivers/STM32F4xx_HAL_Driver/Inc/stm32f4xx_ll_bus.h **** #endif /* DAC1 */
 260:Drivers/STM32F4xx_HAL_Driver/Inc/stm32f4xx_ll_bus.h **** #if defined(UART7)
 261:Drivers/STM32F4xx_HAL_Driver/Inc/stm32f4xx_ll_bus.h **** #define LL_APB1_GRP1_PERIPH_UART7          RCC_APB1ENR_UART7EN
 262:Drivers/STM32F4xx_HAL_Driver/Inc/stm32f4xx_ll_bus.h **** #endif /* UART7 */
 263:Drivers/STM32F4xx_HAL_Driver/Inc/stm32f4xx_ll_bus.h **** #if defined(UART8)
 264:Drivers/STM32F4xx_HAL_Driver/Inc/stm32f4xx_ll_bus.h **** #define LL_APB1_GRP1_PERIPH_UART8          RCC_APB1ENR_UART8EN
 265:Drivers/STM32F4xx_HAL_Driver/Inc/stm32f4xx_ll_bus.h **** #endif /* UART8 */
 266:Drivers/STM32F4xx_HAL_Driver/Inc/stm32f4xx_ll_bus.h **** /**
ARM GAS  C:\Users\chris\AppData\Local\Temp\ccrcjOEk.s 			page 42


 267:Drivers/STM32F4xx_HAL_Driver/Inc/stm32f4xx_ll_bus.h ****   * @}
 268:Drivers/STM32F4xx_HAL_Driver/Inc/stm32f4xx_ll_bus.h ****   */
 269:Drivers/STM32F4xx_HAL_Driver/Inc/stm32f4xx_ll_bus.h **** 
 270:Drivers/STM32F4xx_HAL_Driver/Inc/stm32f4xx_ll_bus.h **** /** @defgroup BUS_LL_EC_APB2_GRP1_PERIPH  APB2 GRP1 PERIPH
 271:Drivers/STM32F4xx_HAL_Driver/Inc/stm32f4xx_ll_bus.h ****   * @{
 272:Drivers/STM32F4xx_HAL_Driver/Inc/stm32f4xx_ll_bus.h ****   */
 273:Drivers/STM32F4xx_HAL_Driver/Inc/stm32f4xx_ll_bus.h **** #define LL_APB2_GRP1_PERIPH_ALL          0xFFFFFFFFU
 274:Drivers/STM32F4xx_HAL_Driver/Inc/stm32f4xx_ll_bus.h **** #define LL_APB2_GRP1_PERIPH_TIM1         RCC_APB2ENR_TIM1EN
 275:Drivers/STM32F4xx_HAL_Driver/Inc/stm32f4xx_ll_bus.h **** #if defined(TIM8)
 276:Drivers/STM32F4xx_HAL_Driver/Inc/stm32f4xx_ll_bus.h **** #define LL_APB2_GRP1_PERIPH_TIM8         RCC_APB2ENR_TIM8EN
 277:Drivers/STM32F4xx_HAL_Driver/Inc/stm32f4xx_ll_bus.h **** #endif /* TIM8 */
 278:Drivers/STM32F4xx_HAL_Driver/Inc/stm32f4xx_ll_bus.h **** #define LL_APB2_GRP1_PERIPH_USART1       RCC_APB2ENR_USART1EN
 279:Drivers/STM32F4xx_HAL_Driver/Inc/stm32f4xx_ll_bus.h **** #if defined(USART6)
 280:Drivers/STM32F4xx_HAL_Driver/Inc/stm32f4xx_ll_bus.h **** #define LL_APB2_GRP1_PERIPH_USART6       RCC_APB2ENR_USART6EN
 281:Drivers/STM32F4xx_HAL_Driver/Inc/stm32f4xx_ll_bus.h **** #endif /* USART6 */
 282:Drivers/STM32F4xx_HAL_Driver/Inc/stm32f4xx_ll_bus.h **** #if defined(UART9)
 283:Drivers/STM32F4xx_HAL_Driver/Inc/stm32f4xx_ll_bus.h **** #define LL_APB2_GRP1_PERIPH_UART9        RCC_APB2ENR_UART9EN
 284:Drivers/STM32F4xx_HAL_Driver/Inc/stm32f4xx_ll_bus.h **** #endif /* UART9 */
 285:Drivers/STM32F4xx_HAL_Driver/Inc/stm32f4xx_ll_bus.h **** #if defined(UART10)
 286:Drivers/STM32F4xx_HAL_Driver/Inc/stm32f4xx_ll_bus.h **** #define LL_APB2_GRP1_PERIPH_UART10       RCC_APB2ENR_UART10EN
 287:Drivers/STM32F4xx_HAL_Driver/Inc/stm32f4xx_ll_bus.h **** #endif /* UART10 */
 288:Drivers/STM32F4xx_HAL_Driver/Inc/stm32f4xx_ll_bus.h **** #define LL_APB2_GRP1_PERIPH_ADC1         RCC_APB2ENR_ADC1EN
 289:Drivers/STM32F4xx_HAL_Driver/Inc/stm32f4xx_ll_bus.h **** #if defined(ADC2)
 290:Drivers/STM32F4xx_HAL_Driver/Inc/stm32f4xx_ll_bus.h **** #define LL_APB2_GRP1_PERIPH_ADC2         RCC_APB2ENR_ADC2EN
 291:Drivers/STM32F4xx_HAL_Driver/Inc/stm32f4xx_ll_bus.h **** #endif /* ADC2 */
 292:Drivers/STM32F4xx_HAL_Driver/Inc/stm32f4xx_ll_bus.h **** #if defined(ADC3)
 293:Drivers/STM32F4xx_HAL_Driver/Inc/stm32f4xx_ll_bus.h **** #define LL_APB2_GRP1_PERIPH_ADC3         RCC_APB2ENR_ADC3EN
 294:Drivers/STM32F4xx_HAL_Driver/Inc/stm32f4xx_ll_bus.h **** #endif /* ADC3 */
 295:Drivers/STM32F4xx_HAL_Driver/Inc/stm32f4xx_ll_bus.h **** #if defined(SDIO)
 296:Drivers/STM32F4xx_HAL_Driver/Inc/stm32f4xx_ll_bus.h **** #define LL_APB2_GRP1_PERIPH_SDIO         RCC_APB2ENR_SDIOEN
 297:Drivers/STM32F4xx_HAL_Driver/Inc/stm32f4xx_ll_bus.h **** #endif /* SDIO */
 298:Drivers/STM32F4xx_HAL_Driver/Inc/stm32f4xx_ll_bus.h **** #define LL_APB2_GRP1_PERIPH_SPI1         RCC_APB2ENR_SPI1EN
 299:Drivers/STM32F4xx_HAL_Driver/Inc/stm32f4xx_ll_bus.h **** #if defined(SPI4)
 300:Drivers/STM32F4xx_HAL_Driver/Inc/stm32f4xx_ll_bus.h **** #define LL_APB2_GRP1_PERIPH_SPI4         RCC_APB2ENR_SPI4EN
 301:Drivers/STM32F4xx_HAL_Driver/Inc/stm32f4xx_ll_bus.h **** #endif /* SPI4 */
 302:Drivers/STM32F4xx_HAL_Driver/Inc/stm32f4xx_ll_bus.h **** #define LL_APB2_GRP1_PERIPH_SYSCFG       RCC_APB2ENR_SYSCFGEN
 303:Drivers/STM32F4xx_HAL_Driver/Inc/stm32f4xx_ll_bus.h **** #if defined(RCC_APB2ENR_EXTITEN)
 304:Drivers/STM32F4xx_HAL_Driver/Inc/stm32f4xx_ll_bus.h **** #define LL_APB2_GRP1_PERIPH_EXTI         RCC_APB2ENR_EXTITEN
 305:Drivers/STM32F4xx_HAL_Driver/Inc/stm32f4xx_ll_bus.h **** #endif /* RCC_APB2ENR_EXTITEN */
 306:Drivers/STM32F4xx_HAL_Driver/Inc/stm32f4xx_ll_bus.h **** #define LL_APB2_GRP1_PERIPH_TIM9         RCC_APB2ENR_TIM9EN
 307:Drivers/STM32F4xx_HAL_Driver/Inc/stm32f4xx_ll_bus.h **** #if defined(TIM10)
 308:Drivers/STM32F4xx_HAL_Driver/Inc/stm32f4xx_ll_bus.h **** #define LL_APB2_GRP1_PERIPH_TIM10        RCC_APB2ENR_TIM10EN
 309:Drivers/STM32F4xx_HAL_Driver/Inc/stm32f4xx_ll_bus.h **** #endif /* TIM10 */
 310:Drivers/STM32F4xx_HAL_Driver/Inc/stm32f4xx_ll_bus.h **** #define LL_APB2_GRP1_PERIPH_TIM11        RCC_APB2ENR_TIM11EN
 311:Drivers/STM32F4xx_HAL_Driver/Inc/stm32f4xx_ll_bus.h **** #if defined(SPI5)
 312:Drivers/STM32F4xx_HAL_Driver/Inc/stm32f4xx_ll_bus.h **** #define LL_APB2_GRP1_PERIPH_SPI5         RCC_APB2ENR_SPI5EN
 313:Drivers/STM32F4xx_HAL_Driver/Inc/stm32f4xx_ll_bus.h **** #endif /* SPI5 */
 314:Drivers/STM32F4xx_HAL_Driver/Inc/stm32f4xx_ll_bus.h **** #if defined(SPI6)
 315:Drivers/STM32F4xx_HAL_Driver/Inc/stm32f4xx_ll_bus.h **** #define LL_APB2_GRP1_PERIPH_SPI6         RCC_APB2ENR_SPI6EN
 316:Drivers/STM32F4xx_HAL_Driver/Inc/stm32f4xx_ll_bus.h **** #endif /* SPI6 */
 317:Drivers/STM32F4xx_HAL_Driver/Inc/stm32f4xx_ll_bus.h **** #if defined(SAI1)
 318:Drivers/STM32F4xx_HAL_Driver/Inc/stm32f4xx_ll_bus.h **** #define LL_APB2_GRP1_PERIPH_SAI1         RCC_APB2ENR_SAI1EN
 319:Drivers/STM32F4xx_HAL_Driver/Inc/stm32f4xx_ll_bus.h **** #endif /* SAI1 */
 320:Drivers/STM32F4xx_HAL_Driver/Inc/stm32f4xx_ll_bus.h **** #if defined(SAI2)
 321:Drivers/STM32F4xx_HAL_Driver/Inc/stm32f4xx_ll_bus.h **** #define LL_APB2_GRP1_PERIPH_SAI2         RCC_APB2ENR_SAI2EN
 322:Drivers/STM32F4xx_HAL_Driver/Inc/stm32f4xx_ll_bus.h **** #endif /* SAI2 */
 323:Drivers/STM32F4xx_HAL_Driver/Inc/stm32f4xx_ll_bus.h **** #if defined(LTDC)
ARM GAS  C:\Users\chris\AppData\Local\Temp\ccrcjOEk.s 			page 43


 324:Drivers/STM32F4xx_HAL_Driver/Inc/stm32f4xx_ll_bus.h **** #define LL_APB2_GRP1_PERIPH_LTDC         RCC_APB2ENR_LTDCEN
 325:Drivers/STM32F4xx_HAL_Driver/Inc/stm32f4xx_ll_bus.h **** #endif /* LTDC */
 326:Drivers/STM32F4xx_HAL_Driver/Inc/stm32f4xx_ll_bus.h **** #if defined(DSI)
 327:Drivers/STM32F4xx_HAL_Driver/Inc/stm32f4xx_ll_bus.h **** #define LL_APB2_GRP1_PERIPH_DSI          RCC_APB2ENR_DSIEN
 328:Drivers/STM32F4xx_HAL_Driver/Inc/stm32f4xx_ll_bus.h **** #endif /* DSI */
 329:Drivers/STM32F4xx_HAL_Driver/Inc/stm32f4xx_ll_bus.h **** #if defined(DFSDM1_Channel0)
 330:Drivers/STM32F4xx_HAL_Driver/Inc/stm32f4xx_ll_bus.h **** #define LL_APB2_GRP1_PERIPH_DFSDM1       RCC_APB2ENR_DFSDM1EN
 331:Drivers/STM32F4xx_HAL_Driver/Inc/stm32f4xx_ll_bus.h **** #endif /* DFSDM1_Channel0 */
 332:Drivers/STM32F4xx_HAL_Driver/Inc/stm32f4xx_ll_bus.h **** #if defined(DFSDM2_Channel0)
 333:Drivers/STM32F4xx_HAL_Driver/Inc/stm32f4xx_ll_bus.h **** #define LL_APB2_GRP1_PERIPH_DFSDM2       RCC_APB2ENR_DFSDM2EN
 334:Drivers/STM32F4xx_HAL_Driver/Inc/stm32f4xx_ll_bus.h **** #endif /* DFSDM2_Channel0 */
 335:Drivers/STM32F4xx_HAL_Driver/Inc/stm32f4xx_ll_bus.h **** #define LL_APB2_GRP1_PERIPH_ADC          RCC_APB2RSTR_ADCRST
 336:Drivers/STM32F4xx_HAL_Driver/Inc/stm32f4xx_ll_bus.h **** /**
 337:Drivers/STM32F4xx_HAL_Driver/Inc/stm32f4xx_ll_bus.h ****   * @}
 338:Drivers/STM32F4xx_HAL_Driver/Inc/stm32f4xx_ll_bus.h ****   */
 339:Drivers/STM32F4xx_HAL_Driver/Inc/stm32f4xx_ll_bus.h **** 
 340:Drivers/STM32F4xx_HAL_Driver/Inc/stm32f4xx_ll_bus.h **** /**
 341:Drivers/STM32F4xx_HAL_Driver/Inc/stm32f4xx_ll_bus.h ****   * @}
 342:Drivers/STM32F4xx_HAL_Driver/Inc/stm32f4xx_ll_bus.h ****   */
 343:Drivers/STM32F4xx_HAL_Driver/Inc/stm32f4xx_ll_bus.h **** 
 344:Drivers/STM32F4xx_HAL_Driver/Inc/stm32f4xx_ll_bus.h **** /* Exported macro ------------------------------------------------------------*/
 345:Drivers/STM32F4xx_HAL_Driver/Inc/stm32f4xx_ll_bus.h **** /* Exported functions --------------------------------------------------------*/
 346:Drivers/STM32F4xx_HAL_Driver/Inc/stm32f4xx_ll_bus.h **** /** @defgroup BUS_LL_Exported_Functions BUS Exported Functions
 347:Drivers/STM32F4xx_HAL_Driver/Inc/stm32f4xx_ll_bus.h ****   * @{
 348:Drivers/STM32F4xx_HAL_Driver/Inc/stm32f4xx_ll_bus.h ****   */
 349:Drivers/STM32F4xx_HAL_Driver/Inc/stm32f4xx_ll_bus.h **** 
 350:Drivers/STM32F4xx_HAL_Driver/Inc/stm32f4xx_ll_bus.h **** /** @defgroup BUS_LL_EF_AHB1 AHB1
 351:Drivers/STM32F4xx_HAL_Driver/Inc/stm32f4xx_ll_bus.h ****   * @{
 352:Drivers/STM32F4xx_HAL_Driver/Inc/stm32f4xx_ll_bus.h ****   */
 353:Drivers/STM32F4xx_HAL_Driver/Inc/stm32f4xx_ll_bus.h **** 
 354:Drivers/STM32F4xx_HAL_Driver/Inc/stm32f4xx_ll_bus.h **** /**
 355:Drivers/STM32F4xx_HAL_Driver/Inc/stm32f4xx_ll_bus.h ****   * @brief  Enable AHB1 peripherals clock.
 356:Drivers/STM32F4xx_HAL_Driver/Inc/stm32f4xx_ll_bus.h ****   * @rmtoll AHB1ENR      GPIOAEN            LL_AHB1_GRP1_EnableClock\n
 357:Drivers/STM32F4xx_HAL_Driver/Inc/stm32f4xx_ll_bus.h ****   *         AHB1ENR      GPIOBEN            LL_AHB1_GRP1_EnableClock\n
 358:Drivers/STM32F4xx_HAL_Driver/Inc/stm32f4xx_ll_bus.h ****   *         AHB1ENR      GPIOCEN            LL_AHB1_GRP1_EnableClock\n
 359:Drivers/STM32F4xx_HAL_Driver/Inc/stm32f4xx_ll_bus.h ****   *         AHB1ENR      GPIODEN            LL_AHB1_GRP1_EnableClock\n
 360:Drivers/STM32F4xx_HAL_Driver/Inc/stm32f4xx_ll_bus.h ****   *         AHB1ENR      GPIOEEN            LL_AHB1_GRP1_EnableClock\n
 361:Drivers/STM32F4xx_HAL_Driver/Inc/stm32f4xx_ll_bus.h ****   *         AHB1ENR      GPIOFEN            LL_AHB1_GRP1_EnableClock\n
 362:Drivers/STM32F4xx_HAL_Driver/Inc/stm32f4xx_ll_bus.h ****   *         AHB1ENR      GPIOGEN            LL_AHB1_GRP1_EnableClock\n
 363:Drivers/STM32F4xx_HAL_Driver/Inc/stm32f4xx_ll_bus.h ****   *         AHB1ENR      GPIOHEN            LL_AHB1_GRP1_EnableClock\n
 364:Drivers/STM32F4xx_HAL_Driver/Inc/stm32f4xx_ll_bus.h ****   *         AHB1ENR      GPIOIEN            LL_AHB1_GRP1_EnableClock\n
 365:Drivers/STM32F4xx_HAL_Driver/Inc/stm32f4xx_ll_bus.h ****   *         AHB1ENR      GPIOJEN            LL_AHB1_GRP1_EnableClock\n
 366:Drivers/STM32F4xx_HAL_Driver/Inc/stm32f4xx_ll_bus.h ****   *         AHB1ENR      GPIOKEN            LL_AHB1_GRP1_EnableClock\n
 367:Drivers/STM32F4xx_HAL_Driver/Inc/stm32f4xx_ll_bus.h ****   *         AHB1ENR      CRCEN              LL_AHB1_GRP1_EnableClock\n
 368:Drivers/STM32F4xx_HAL_Driver/Inc/stm32f4xx_ll_bus.h ****   *         AHB1ENR      BKPSRAMEN          LL_AHB1_GRP1_EnableClock\n
 369:Drivers/STM32F4xx_HAL_Driver/Inc/stm32f4xx_ll_bus.h ****   *         AHB1ENR      CCMDATARAMEN       LL_AHB1_GRP1_EnableClock\n
 370:Drivers/STM32F4xx_HAL_Driver/Inc/stm32f4xx_ll_bus.h ****   *         AHB1ENR      DMA1EN             LL_AHB1_GRP1_EnableClock\n
 371:Drivers/STM32F4xx_HAL_Driver/Inc/stm32f4xx_ll_bus.h ****   *         AHB1ENR      DMA2EN             LL_AHB1_GRP1_EnableClock\n
 372:Drivers/STM32F4xx_HAL_Driver/Inc/stm32f4xx_ll_bus.h ****   *         AHB1ENR      RNGEN              LL_AHB1_GRP1_EnableClock\n
 373:Drivers/STM32F4xx_HAL_Driver/Inc/stm32f4xx_ll_bus.h ****   *         AHB1ENR      DMA2DEN            LL_AHB1_GRP1_EnableClock\n
 374:Drivers/STM32F4xx_HAL_Driver/Inc/stm32f4xx_ll_bus.h ****   *         AHB1ENR      ETHMACEN           LL_AHB1_GRP1_EnableClock\n
 375:Drivers/STM32F4xx_HAL_Driver/Inc/stm32f4xx_ll_bus.h ****   *         AHB1ENR      ETHMACTXEN         LL_AHB1_GRP1_EnableClock\n
 376:Drivers/STM32F4xx_HAL_Driver/Inc/stm32f4xx_ll_bus.h ****   *         AHB1ENR      ETHMACRXEN         LL_AHB1_GRP1_EnableClock\n
 377:Drivers/STM32F4xx_HAL_Driver/Inc/stm32f4xx_ll_bus.h ****   *         AHB1ENR      ETHMACPTPEN        LL_AHB1_GRP1_EnableClock\n
 378:Drivers/STM32F4xx_HAL_Driver/Inc/stm32f4xx_ll_bus.h ****   *         AHB1ENR      OTGHSEN            LL_AHB1_GRP1_EnableClock\n
 379:Drivers/STM32F4xx_HAL_Driver/Inc/stm32f4xx_ll_bus.h ****   *         AHB1ENR      OTGHSULPIEN        LL_AHB1_GRP1_EnableClock
 380:Drivers/STM32F4xx_HAL_Driver/Inc/stm32f4xx_ll_bus.h ****   * @param  Periphs This parameter can be a combination of the following values:
ARM GAS  C:\Users\chris\AppData\Local\Temp\ccrcjOEk.s 			page 44


 381:Drivers/STM32F4xx_HAL_Driver/Inc/stm32f4xx_ll_bus.h ****   *         @arg @ref LL_AHB1_GRP1_PERIPH_GPIOA
 382:Drivers/STM32F4xx_HAL_Driver/Inc/stm32f4xx_ll_bus.h ****   *         @arg @ref LL_AHB1_GRP1_PERIPH_GPIOB
 383:Drivers/STM32F4xx_HAL_Driver/Inc/stm32f4xx_ll_bus.h ****   *         @arg @ref LL_AHB1_GRP1_PERIPH_GPIOC
 384:Drivers/STM32F4xx_HAL_Driver/Inc/stm32f4xx_ll_bus.h ****   *         @arg @ref LL_AHB1_GRP1_PERIPH_GPIOD (*)
 385:Drivers/STM32F4xx_HAL_Driver/Inc/stm32f4xx_ll_bus.h ****   *         @arg @ref LL_AHB1_GRP1_PERIPH_GPIOE (*)
 386:Drivers/STM32F4xx_HAL_Driver/Inc/stm32f4xx_ll_bus.h ****   *         @arg @ref LL_AHB1_GRP1_PERIPH_GPIOF (*)
 387:Drivers/STM32F4xx_HAL_Driver/Inc/stm32f4xx_ll_bus.h ****   *         @arg @ref LL_AHB1_GRP1_PERIPH_GPIOG (*)
 388:Drivers/STM32F4xx_HAL_Driver/Inc/stm32f4xx_ll_bus.h ****   *         @arg @ref LL_AHB1_GRP1_PERIPH_GPIOH (*)
 389:Drivers/STM32F4xx_HAL_Driver/Inc/stm32f4xx_ll_bus.h ****   *         @arg @ref LL_AHB1_GRP1_PERIPH_GPIOI (*)
 390:Drivers/STM32F4xx_HAL_Driver/Inc/stm32f4xx_ll_bus.h ****   *         @arg @ref LL_AHB1_GRP1_PERIPH_GPIOJ (*)
 391:Drivers/STM32F4xx_HAL_Driver/Inc/stm32f4xx_ll_bus.h ****   *         @arg @ref LL_AHB1_GRP1_PERIPH_GPIOK (*)
 392:Drivers/STM32F4xx_HAL_Driver/Inc/stm32f4xx_ll_bus.h ****   *         @arg @ref LL_AHB1_GRP1_PERIPH_CRC
 393:Drivers/STM32F4xx_HAL_Driver/Inc/stm32f4xx_ll_bus.h ****   *         @arg @ref LL_AHB1_GRP1_PERIPH_BKPSRAM (*)
 394:Drivers/STM32F4xx_HAL_Driver/Inc/stm32f4xx_ll_bus.h ****   *         @arg @ref LL_AHB1_GRP1_PERIPH_CCMDATARAM (*)
 395:Drivers/STM32F4xx_HAL_Driver/Inc/stm32f4xx_ll_bus.h ****   *         @arg @ref LL_AHB1_GRP1_PERIPH_DMA1
 396:Drivers/STM32F4xx_HAL_Driver/Inc/stm32f4xx_ll_bus.h ****   *         @arg @ref LL_AHB1_GRP1_PERIPH_DMA2
 397:Drivers/STM32F4xx_HAL_Driver/Inc/stm32f4xx_ll_bus.h ****   *         @arg @ref LL_AHB1_GRP1_PERIPH_RNG (*)
 398:Drivers/STM32F4xx_HAL_Driver/Inc/stm32f4xx_ll_bus.h ****   *         @arg @ref LL_AHB1_GRP1_PERIPH_DMA2D (*)
 399:Drivers/STM32F4xx_HAL_Driver/Inc/stm32f4xx_ll_bus.h ****   *         @arg @ref LL_AHB1_GRP1_PERIPH_ETHMAC (*)
 400:Drivers/STM32F4xx_HAL_Driver/Inc/stm32f4xx_ll_bus.h ****   *         @arg @ref LL_AHB1_GRP1_PERIPH_ETHMACTX (*)
 401:Drivers/STM32F4xx_HAL_Driver/Inc/stm32f4xx_ll_bus.h ****   *         @arg @ref LL_AHB1_GRP1_PERIPH_ETHMACRX (*)
 402:Drivers/STM32F4xx_HAL_Driver/Inc/stm32f4xx_ll_bus.h ****   *         @arg @ref LL_AHB1_GRP1_PERIPH_ETHMACPTP (*)
 403:Drivers/STM32F4xx_HAL_Driver/Inc/stm32f4xx_ll_bus.h ****   *         @arg @ref LL_AHB1_GRP1_PERIPH_OTGHS (*)
 404:Drivers/STM32F4xx_HAL_Driver/Inc/stm32f4xx_ll_bus.h ****   *         @arg @ref LL_AHB1_GRP1_PERIPH_OTGHSULPI (*)
 405:Drivers/STM32F4xx_HAL_Driver/Inc/stm32f4xx_ll_bus.h ****   *
 406:Drivers/STM32F4xx_HAL_Driver/Inc/stm32f4xx_ll_bus.h ****   *         (*) value not defined in all devices.
 407:Drivers/STM32F4xx_HAL_Driver/Inc/stm32f4xx_ll_bus.h ****   * @retval None
 408:Drivers/STM32F4xx_HAL_Driver/Inc/stm32f4xx_ll_bus.h ****   */
 409:Drivers/STM32F4xx_HAL_Driver/Inc/stm32f4xx_ll_bus.h **** __STATIC_INLINE void LL_AHB1_GRP1_EnableClock(uint32_t Periphs)
 410:Drivers/STM32F4xx_HAL_Driver/Inc/stm32f4xx_ll_bus.h **** {
 411:Drivers/STM32F4xx_HAL_Driver/Inc/stm32f4xx_ll_bus.h ****   __IO uint32_t tmpreg;
 412:Drivers/STM32F4xx_HAL_Driver/Inc/stm32f4xx_ll_bus.h ****   SET_BIT(RCC->AHB1ENR, Periphs);
 413:Drivers/STM32F4xx_HAL_Driver/Inc/stm32f4xx_ll_bus.h ****   /* Delay after an RCC peripheral clock enabling */
 414:Drivers/STM32F4xx_HAL_Driver/Inc/stm32f4xx_ll_bus.h ****   tmpreg = READ_BIT(RCC->AHB1ENR, Periphs);
 415:Drivers/STM32F4xx_HAL_Driver/Inc/stm32f4xx_ll_bus.h ****   (void)tmpreg;
 416:Drivers/STM32F4xx_HAL_Driver/Inc/stm32f4xx_ll_bus.h **** }
 417:Drivers/STM32F4xx_HAL_Driver/Inc/stm32f4xx_ll_bus.h **** 
 418:Drivers/STM32F4xx_HAL_Driver/Inc/stm32f4xx_ll_bus.h **** /**
 419:Drivers/STM32F4xx_HAL_Driver/Inc/stm32f4xx_ll_bus.h ****   * @brief  Check if AHB1 peripheral clock is enabled or not
 420:Drivers/STM32F4xx_HAL_Driver/Inc/stm32f4xx_ll_bus.h ****   * @rmtoll AHB1ENR      GPIOAEN            LL_AHB1_GRP1_IsEnabledClock\n
 421:Drivers/STM32F4xx_HAL_Driver/Inc/stm32f4xx_ll_bus.h ****   *         AHB1ENR      GPIOBEN            LL_AHB1_GRP1_IsEnabledClock\n
 422:Drivers/STM32F4xx_HAL_Driver/Inc/stm32f4xx_ll_bus.h ****   *         AHB1ENR      GPIOCEN            LL_AHB1_GRP1_IsEnabledClock\n
 423:Drivers/STM32F4xx_HAL_Driver/Inc/stm32f4xx_ll_bus.h ****   *         AHB1ENR      GPIODEN            LL_AHB1_GRP1_IsEnabledClock\n
 424:Drivers/STM32F4xx_HAL_Driver/Inc/stm32f4xx_ll_bus.h ****   *         AHB1ENR      GPIOEEN            LL_AHB1_GRP1_IsEnabledClock\n
 425:Drivers/STM32F4xx_HAL_Driver/Inc/stm32f4xx_ll_bus.h ****   *         AHB1ENR      GPIOFEN            LL_AHB1_GRP1_IsEnabledClock\n
 426:Drivers/STM32F4xx_HAL_Driver/Inc/stm32f4xx_ll_bus.h ****   *         AHB1ENR      GPIOGEN            LL_AHB1_GRP1_IsEnabledClock\n
 427:Drivers/STM32F4xx_HAL_Driver/Inc/stm32f4xx_ll_bus.h ****   *         AHB1ENR      GPIOHEN            LL_AHB1_GRP1_IsEnabledClock\n
 428:Drivers/STM32F4xx_HAL_Driver/Inc/stm32f4xx_ll_bus.h ****   *         AHB1ENR      GPIOIEN            LL_AHB1_GRP1_IsEnabledClock\n
 429:Drivers/STM32F4xx_HAL_Driver/Inc/stm32f4xx_ll_bus.h ****   *         AHB1ENR      GPIOJEN            LL_AHB1_GRP1_IsEnabledClock\n
 430:Drivers/STM32F4xx_HAL_Driver/Inc/stm32f4xx_ll_bus.h ****   *         AHB1ENR      GPIOKEN            LL_AHB1_GRP1_IsEnabledClock\n
 431:Drivers/STM32F4xx_HAL_Driver/Inc/stm32f4xx_ll_bus.h ****   *         AHB1ENR      CRCEN              LL_AHB1_GRP1_IsEnabledClock\n
 432:Drivers/STM32F4xx_HAL_Driver/Inc/stm32f4xx_ll_bus.h ****   *         AHB1ENR      BKPSRAMEN          LL_AHB1_GRP1_IsEnabledClock\n
 433:Drivers/STM32F4xx_HAL_Driver/Inc/stm32f4xx_ll_bus.h ****   *         AHB1ENR      CCMDATARAMEN       LL_AHB1_GRP1_IsEnabledClock\n
 434:Drivers/STM32F4xx_HAL_Driver/Inc/stm32f4xx_ll_bus.h ****   *         AHB1ENR      DMA1EN             LL_AHB1_GRP1_IsEnabledClock\n
 435:Drivers/STM32F4xx_HAL_Driver/Inc/stm32f4xx_ll_bus.h ****   *         AHB1ENR      DMA2EN             LL_AHB1_GRP1_IsEnabledClock\n
 436:Drivers/STM32F4xx_HAL_Driver/Inc/stm32f4xx_ll_bus.h ****   *         AHB1ENR      RNGEN              LL_AHB1_GRP1_IsEnabledClock\n
 437:Drivers/STM32F4xx_HAL_Driver/Inc/stm32f4xx_ll_bus.h ****   *         AHB1ENR      DMA2DEN            LL_AHB1_GRP1_IsEnabledClock\n
ARM GAS  C:\Users\chris\AppData\Local\Temp\ccrcjOEk.s 			page 45


 438:Drivers/STM32F4xx_HAL_Driver/Inc/stm32f4xx_ll_bus.h ****   *         AHB1ENR      ETHMACEN           LL_AHB1_GRP1_IsEnabledClock\n
 439:Drivers/STM32F4xx_HAL_Driver/Inc/stm32f4xx_ll_bus.h ****   *         AHB1ENR      ETHMACTXEN         LL_AHB1_GRP1_IsEnabledClock\n
 440:Drivers/STM32F4xx_HAL_Driver/Inc/stm32f4xx_ll_bus.h ****   *         AHB1ENR      ETHMACRXEN         LL_AHB1_GRP1_IsEnabledClock\n
 441:Drivers/STM32F4xx_HAL_Driver/Inc/stm32f4xx_ll_bus.h ****   *         AHB1ENR      ETHMACPTPEN        LL_AHB1_GRP1_IsEnabledClock\n
 442:Drivers/STM32F4xx_HAL_Driver/Inc/stm32f4xx_ll_bus.h ****   *         AHB1ENR      OTGHSEN            LL_AHB1_GRP1_IsEnabledClock\n
 443:Drivers/STM32F4xx_HAL_Driver/Inc/stm32f4xx_ll_bus.h ****   *         AHB1ENR      OTGHSULPIEN        LL_AHB1_GRP1_IsEnabledClock
 444:Drivers/STM32F4xx_HAL_Driver/Inc/stm32f4xx_ll_bus.h ****   * @param  Periphs This parameter can be a combination of the following values:
 445:Drivers/STM32F4xx_HAL_Driver/Inc/stm32f4xx_ll_bus.h ****   *         @arg @ref LL_AHB1_GRP1_PERIPH_GPIOA
 446:Drivers/STM32F4xx_HAL_Driver/Inc/stm32f4xx_ll_bus.h ****   *         @arg @ref LL_AHB1_GRP1_PERIPH_GPIOB
 447:Drivers/STM32F4xx_HAL_Driver/Inc/stm32f4xx_ll_bus.h ****   *         @arg @ref LL_AHB1_GRP1_PERIPH_GPIOC
 448:Drivers/STM32F4xx_HAL_Driver/Inc/stm32f4xx_ll_bus.h ****   *         @arg @ref LL_AHB1_GRP1_PERIPH_GPIOD (*)
 449:Drivers/STM32F4xx_HAL_Driver/Inc/stm32f4xx_ll_bus.h ****   *         @arg @ref LL_AHB1_GRP1_PERIPH_GPIOE (*)
 450:Drivers/STM32F4xx_HAL_Driver/Inc/stm32f4xx_ll_bus.h ****   *         @arg @ref LL_AHB1_GRP1_PERIPH_GPIOF (*)
 451:Drivers/STM32F4xx_HAL_Driver/Inc/stm32f4xx_ll_bus.h ****   *         @arg @ref LL_AHB1_GRP1_PERIPH_GPIOG (*)
 452:Drivers/STM32F4xx_HAL_Driver/Inc/stm32f4xx_ll_bus.h ****   *         @arg @ref LL_AHB1_GRP1_PERIPH_GPIOH (*)
 453:Drivers/STM32F4xx_HAL_Driver/Inc/stm32f4xx_ll_bus.h ****   *         @arg @ref LL_AHB1_GRP1_PERIPH_GPIOI (*)
 454:Drivers/STM32F4xx_HAL_Driver/Inc/stm32f4xx_ll_bus.h ****   *         @arg @ref LL_AHB1_GRP1_PERIPH_GPIOJ (*)
 455:Drivers/STM32F4xx_HAL_Driver/Inc/stm32f4xx_ll_bus.h ****   *         @arg @ref LL_AHB1_GRP1_PERIPH_GPIOK (*)
 456:Drivers/STM32F4xx_HAL_Driver/Inc/stm32f4xx_ll_bus.h ****   *         @arg @ref LL_AHB1_GRP1_PERIPH_CRC
 457:Drivers/STM32F4xx_HAL_Driver/Inc/stm32f4xx_ll_bus.h ****   *         @arg @ref LL_AHB1_GRP1_PERIPH_BKPSRAM (*)
 458:Drivers/STM32F4xx_HAL_Driver/Inc/stm32f4xx_ll_bus.h ****   *         @arg @ref LL_AHB1_GRP1_PERIPH_CCMDATARAM (*)
 459:Drivers/STM32F4xx_HAL_Driver/Inc/stm32f4xx_ll_bus.h ****   *         @arg @ref LL_AHB1_GRP1_PERIPH_DMA1
 460:Drivers/STM32F4xx_HAL_Driver/Inc/stm32f4xx_ll_bus.h ****   *         @arg @ref LL_AHB1_GRP1_PERIPH_DMA2
 461:Drivers/STM32F4xx_HAL_Driver/Inc/stm32f4xx_ll_bus.h ****   *         @arg @ref LL_AHB1_GRP1_PERIPH_RNG (*)
 462:Drivers/STM32F4xx_HAL_Driver/Inc/stm32f4xx_ll_bus.h ****   *         @arg @ref LL_AHB1_GRP1_PERIPH_DMA2D (*)
 463:Drivers/STM32F4xx_HAL_Driver/Inc/stm32f4xx_ll_bus.h ****   *         @arg @ref LL_AHB1_GRP1_PERIPH_ETHMAC (*)
 464:Drivers/STM32F4xx_HAL_Driver/Inc/stm32f4xx_ll_bus.h ****   *         @arg @ref LL_AHB1_GRP1_PERIPH_ETHMACTX (*)
 465:Drivers/STM32F4xx_HAL_Driver/Inc/stm32f4xx_ll_bus.h ****   *         @arg @ref LL_AHB1_GRP1_PERIPH_ETHMACRX (*)
 466:Drivers/STM32F4xx_HAL_Driver/Inc/stm32f4xx_ll_bus.h ****   *         @arg @ref LL_AHB1_GRP1_PERIPH_ETHMACPTP (*)
 467:Drivers/STM32F4xx_HAL_Driver/Inc/stm32f4xx_ll_bus.h ****   *         @arg @ref LL_AHB1_GRP1_PERIPH_OTGHS (*)
 468:Drivers/STM32F4xx_HAL_Driver/Inc/stm32f4xx_ll_bus.h ****   *         @arg @ref LL_AHB1_GRP1_PERIPH_OTGHSULPI (*)
 469:Drivers/STM32F4xx_HAL_Driver/Inc/stm32f4xx_ll_bus.h ****   *
 470:Drivers/STM32F4xx_HAL_Driver/Inc/stm32f4xx_ll_bus.h ****   *         (*) value not defined in all devices.
 471:Drivers/STM32F4xx_HAL_Driver/Inc/stm32f4xx_ll_bus.h ****   * @retval State of Periphs (1 or 0).
 472:Drivers/STM32F4xx_HAL_Driver/Inc/stm32f4xx_ll_bus.h ****   */
 473:Drivers/STM32F4xx_HAL_Driver/Inc/stm32f4xx_ll_bus.h **** __STATIC_INLINE uint32_t LL_AHB1_GRP1_IsEnabledClock(uint32_t Periphs)
 474:Drivers/STM32F4xx_HAL_Driver/Inc/stm32f4xx_ll_bus.h **** {
 475:Drivers/STM32F4xx_HAL_Driver/Inc/stm32f4xx_ll_bus.h ****   return (READ_BIT(RCC->AHB1ENR, Periphs) == Periphs);
 476:Drivers/STM32F4xx_HAL_Driver/Inc/stm32f4xx_ll_bus.h **** }
 477:Drivers/STM32F4xx_HAL_Driver/Inc/stm32f4xx_ll_bus.h **** 
 478:Drivers/STM32F4xx_HAL_Driver/Inc/stm32f4xx_ll_bus.h **** /**
 479:Drivers/STM32F4xx_HAL_Driver/Inc/stm32f4xx_ll_bus.h ****   * @brief  Disable AHB1 peripherals clock.
 480:Drivers/STM32F4xx_HAL_Driver/Inc/stm32f4xx_ll_bus.h ****   * @rmtoll AHB1ENR      GPIOAEN            LL_AHB1_GRP1_DisableClock\n
 481:Drivers/STM32F4xx_HAL_Driver/Inc/stm32f4xx_ll_bus.h ****   *         AHB1ENR      GPIOBEN            LL_AHB1_GRP1_DisableClock\n
 482:Drivers/STM32F4xx_HAL_Driver/Inc/stm32f4xx_ll_bus.h ****   *         AHB1ENR      GPIOCEN            LL_AHB1_GRP1_DisableClock\n
 483:Drivers/STM32F4xx_HAL_Driver/Inc/stm32f4xx_ll_bus.h ****   *         AHB1ENR      GPIODEN            LL_AHB1_GRP1_DisableClock\n
 484:Drivers/STM32F4xx_HAL_Driver/Inc/stm32f4xx_ll_bus.h ****   *         AHB1ENR      GPIOEEN            LL_AHB1_GRP1_DisableClock\n
 485:Drivers/STM32F4xx_HAL_Driver/Inc/stm32f4xx_ll_bus.h ****   *         AHB1ENR      GPIOFEN            LL_AHB1_GRP1_DisableClock\n
 486:Drivers/STM32F4xx_HAL_Driver/Inc/stm32f4xx_ll_bus.h ****   *         AHB1ENR      GPIOGEN            LL_AHB1_GRP1_DisableClock\n
 487:Drivers/STM32F4xx_HAL_Driver/Inc/stm32f4xx_ll_bus.h ****   *         AHB1ENR      GPIOHEN            LL_AHB1_GRP1_DisableClock\n
 488:Drivers/STM32F4xx_HAL_Driver/Inc/stm32f4xx_ll_bus.h ****   *         AHB1ENR      GPIOIEN            LL_AHB1_GRP1_DisableClock\n
 489:Drivers/STM32F4xx_HAL_Driver/Inc/stm32f4xx_ll_bus.h ****   *         AHB1ENR      GPIOJEN            LL_AHB1_GRP1_DisableClock\n
 490:Drivers/STM32F4xx_HAL_Driver/Inc/stm32f4xx_ll_bus.h ****   *         AHB1ENR      GPIOKEN            LL_AHB1_GRP1_DisableClock\n
 491:Drivers/STM32F4xx_HAL_Driver/Inc/stm32f4xx_ll_bus.h ****   *         AHB1ENR      CRCEN              LL_AHB1_GRP1_DisableClock\n
 492:Drivers/STM32F4xx_HAL_Driver/Inc/stm32f4xx_ll_bus.h ****   *         AHB1ENR      BKPSRAMEN          LL_AHB1_GRP1_DisableClock\n
 493:Drivers/STM32F4xx_HAL_Driver/Inc/stm32f4xx_ll_bus.h ****   *         AHB1ENR      CCMDATARAMEN       LL_AHB1_GRP1_DisableClock\n
 494:Drivers/STM32F4xx_HAL_Driver/Inc/stm32f4xx_ll_bus.h ****   *         AHB1ENR      DMA1EN             LL_AHB1_GRP1_DisableClock\n
ARM GAS  C:\Users\chris\AppData\Local\Temp\ccrcjOEk.s 			page 46


 495:Drivers/STM32F4xx_HAL_Driver/Inc/stm32f4xx_ll_bus.h ****   *         AHB1ENR      DMA2EN             LL_AHB1_GRP1_DisableClock\n
 496:Drivers/STM32F4xx_HAL_Driver/Inc/stm32f4xx_ll_bus.h ****   *         AHB1ENR      RNGEN              LL_AHB1_GRP1_DisableClock\n
 497:Drivers/STM32F4xx_HAL_Driver/Inc/stm32f4xx_ll_bus.h ****   *         AHB1ENR      DMA2DEN            LL_AHB1_GRP1_DisableClock\n
 498:Drivers/STM32F4xx_HAL_Driver/Inc/stm32f4xx_ll_bus.h ****   *         AHB1ENR      ETHMACEN           LL_AHB1_GRP1_DisableClock\n
 499:Drivers/STM32F4xx_HAL_Driver/Inc/stm32f4xx_ll_bus.h ****   *         AHB1ENR      ETHMACTXEN         LL_AHB1_GRP1_DisableClock\n
 500:Drivers/STM32F4xx_HAL_Driver/Inc/stm32f4xx_ll_bus.h ****   *         AHB1ENR      ETHMACRXEN         LL_AHB1_GRP1_DisableClock\n
 501:Drivers/STM32F4xx_HAL_Driver/Inc/stm32f4xx_ll_bus.h ****   *         AHB1ENR      ETHMACPTPEN        LL_AHB1_GRP1_DisableClock\n
 502:Drivers/STM32F4xx_HAL_Driver/Inc/stm32f4xx_ll_bus.h ****   *         AHB1ENR      OTGHSEN            LL_AHB1_GRP1_DisableClock\n
 503:Drivers/STM32F4xx_HAL_Driver/Inc/stm32f4xx_ll_bus.h ****   *         AHB1ENR      OTGHSULPIEN        LL_AHB1_GRP1_DisableClock
 504:Drivers/STM32F4xx_HAL_Driver/Inc/stm32f4xx_ll_bus.h ****   * @param  Periphs This parameter can be a combination of the following values:
 505:Drivers/STM32F4xx_HAL_Driver/Inc/stm32f4xx_ll_bus.h ****   *         @arg @ref LL_AHB1_GRP1_PERIPH_GPIOA
 506:Drivers/STM32F4xx_HAL_Driver/Inc/stm32f4xx_ll_bus.h ****   *         @arg @ref LL_AHB1_GRP1_PERIPH_GPIOB
 507:Drivers/STM32F4xx_HAL_Driver/Inc/stm32f4xx_ll_bus.h ****   *         @arg @ref LL_AHB1_GRP1_PERIPH_GPIOC
 508:Drivers/STM32F4xx_HAL_Driver/Inc/stm32f4xx_ll_bus.h ****   *         @arg @ref LL_AHB1_GRP1_PERIPH_GPIOD (*)
 509:Drivers/STM32F4xx_HAL_Driver/Inc/stm32f4xx_ll_bus.h ****   *         @arg @ref LL_AHB1_GRP1_PERIPH_GPIOE (*)
 510:Drivers/STM32F4xx_HAL_Driver/Inc/stm32f4xx_ll_bus.h ****   *         @arg @ref LL_AHB1_GRP1_PERIPH_GPIOF (*)
 511:Drivers/STM32F4xx_HAL_Driver/Inc/stm32f4xx_ll_bus.h ****   *         @arg @ref LL_AHB1_GRP1_PERIPH_GPIOG (*)
 512:Drivers/STM32F4xx_HAL_Driver/Inc/stm32f4xx_ll_bus.h ****   *         @arg @ref LL_AHB1_GRP1_PERIPH_GPIOH (*)
 513:Drivers/STM32F4xx_HAL_Driver/Inc/stm32f4xx_ll_bus.h ****   *         @arg @ref LL_AHB1_GRP1_PERIPH_GPIOI (*)
 514:Drivers/STM32F4xx_HAL_Driver/Inc/stm32f4xx_ll_bus.h ****   *         @arg @ref LL_AHB1_GRP1_PERIPH_GPIOJ (*)
 515:Drivers/STM32F4xx_HAL_Driver/Inc/stm32f4xx_ll_bus.h ****   *         @arg @ref LL_AHB1_GRP1_PERIPH_GPIOK (*)
 516:Drivers/STM32F4xx_HAL_Driver/Inc/stm32f4xx_ll_bus.h ****   *         @arg @ref LL_AHB1_GRP1_PERIPH_CRC
 517:Drivers/STM32F4xx_HAL_Driver/Inc/stm32f4xx_ll_bus.h ****   *         @arg @ref LL_AHB1_GRP1_PERIPH_BKPSRAM (*)
 518:Drivers/STM32F4xx_HAL_Driver/Inc/stm32f4xx_ll_bus.h ****   *         @arg @ref LL_AHB1_GRP1_PERIPH_CCMDATARAM (*)
 519:Drivers/STM32F4xx_HAL_Driver/Inc/stm32f4xx_ll_bus.h ****   *         @arg @ref LL_AHB1_GRP1_PERIPH_DMA1
 520:Drivers/STM32F4xx_HAL_Driver/Inc/stm32f4xx_ll_bus.h ****   *         @arg @ref LL_AHB1_GRP1_PERIPH_DMA2
 521:Drivers/STM32F4xx_HAL_Driver/Inc/stm32f4xx_ll_bus.h ****   *         @arg @ref LL_AHB1_GRP1_PERIPH_RNG (*)
 522:Drivers/STM32F4xx_HAL_Driver/Inc/stm32f4xx_ll_bus.h ****   *         @arg @ref LL_AHB1_GRP1_PERIPH_DMA2D (*)
 523:Drivers/STM32F4xx_HAL_Driver/Inc/stm32f4xx_ll_bus.h ****   *         @arg @ref LL_AHB1_GRP1_PERIPH_ETHMAC (*)
 524:Drivers/STM32F4xx_HAL_Driver/Inc/stm32f4xx_ll_bus.h ****   *         @arg @ref LL_AHB1_GRP1_PERIPH_ETHMACTX (*)
 525:Drivers/STM32F4xx_HAL_Driver/Inc/stm32f4xx_ll_bus.h ****   *         @arg @ref LL_AHB1_GRP1_PERIPH_ETHMACRX (*)
 526:Drivers/STM32F4xx_HAL_Driver/Inc/stm32f4xx_ll_bus.h ****   *         @arg @ref LL_AHB1_GRP1_PERIPH_ETHMACPTP (*)
 527:Drivers/STM32F4xx_HAL_Driver/Inc/stm32f4xx_ll_bus.h ****   *         @arg @ref LL_AHB1_GRP1_PERIPH_OTGHS (*)
 528:Drivers/STM32F4xx_HAL_Driver/Inc/stm32f4xx_ll_bus.h ****   *         @arg @ref LL_AHB1_GRP1_PERIPH_OTGHSULPI (*)
 529:Drivers/STM32F4xx_HAL_Driver/Inc/stm32f4xx_ll_bus.h ****   *
 530:Drivers/STM32F4xx_HAL_Driver/Inc/stm32f4xx_ll_bus.h ****   *         (*) value not defined in all devices.
 531:Drivers/STM32F4xx_HAL_Driver/Inc/stm32f4xx_ll_bus.h ****   * @retval None
 532:Drivers/STM32F4xx_HAL_Driver/Inc/stm32f4xx_ll_bus.h ****   */
 533:Drivers/STM32F4xx_HAL_Driver/Inc/stm32f4xx_ll_bus.h **** __STATIC_INLINE void LL_AHB1_GRP1_DisableClock(uint32_t Periphs)
 534:Drivers/STM32F4xx_HAL_Driver/Inc/stm32f4xx_ll_bus.h **** {
 535:Drivers/STM32F4xx_HAL_Driver/Inc/stm32f4xx_ll_bus.h ****   CLEAR_BIT(RCC->AHB1ENR, Periphs);
 536:Drivers/STM32F4xx_HAL_Driver/Inc/stm32f4xx_ll_bus.h **** }
 537:Drivers/STM32F4xx_HAL_Driver/Inc/stm32f4xx_ll_bus.h **** 
 538:Drivers/STM32F4xx_HAL_Driver/Inc/stm32f4xx_ll_bus.h **** /**
 539:Drivers/STM32F4xx_HAL_Driver/Inc/stm32f4xx_ll_bus.h ****   * @brief  Force AHB1 peripherals reset.
 540:Drivers/STM32F4xx_HAL_Driver/Inc/stm32f4xx_ll_bus.h ****   * @rmtoll AHB1RSTR     GPIOARST      LL_AHB1_GRP1_ForceReset\n
 541:Drivers/STM32F4xx_HAL_Driver/Inc/stm32f4xx_ll_bus.h ****   *         AHB1RSTR     GPIOBRST      LL_AHB1_GRP1_ForceReset\n
 542:Drivers/STM32F4xx_HAL_Driver/Inc/stm32f4xx_ll_bus.h ****   *         AHB1RSTR     GPIOCRST      LL_AHB1_GRP1_ForceReset\n
 543:Drivers/STM32F4xx_HAL_Driver/Inc/stm32f4xx_ll_bus.h ****   *         AHB1RSTR     GPIODRST      LL_AHB1_GRP1_ForceReset\n
 544:Drivers/STM32F4xx_HAL_Driver/Inc/stm32f4xx_ll_bus.h ****   *         AHB1RSTR     GPIOERST      LL_AHB1_GRP1_ForceReset\n
 545:Drivers/STM32F4xx_HAL_Driver/Inc/stm32f4xx_ll_bus.h ****   *         AHB1RSTR     GPIOFRST      LL_AHB1_GRP1_ForceReset\n
 546:Drivers/STM32F4xx_HAL_Driver/Inc/stm32f4xx_ll_bus.h ****   *         AHB1RSTR     GPIOGRST      LL_AHB1_GRP1_ForceReset\n
 547:Drivers/STM32F4xx_HAL_Driver/Inc/stm32f4xx_ll_bus.h ****   *         AHB1RSTR     GPIOHRST      LL_AHB1_GRP1_ForceReset\n
 548:Drivers/STM32F4xx_HAL_Driver/Inc/stm32f4xx_ll_bus.h ****   *         AHB1RSTR     GPIOIRST      LL_AHB1_GRP1_ForceReset\n
 549:Drivers/STM32F4xx_HAL_Driver/Inc/stm32f4xx_ll_bus.h ****   *         AHB1RSTR     GPIOJRST      LL_AHB1_GRP1_ForceReset\n
 550:Drivers/STM32F4xx_HAL_Driver/Inc/stm32f4xx_ll_bus.h ****   *         AHB1RSTR     GPIOKRST      LL_AHB1_GRP1_ForceReset\n
 551:Drivers/STM32F4xx_HAL_Driver/Inc/stm32f4xx_ll_bus.h ****   *         AHB1RSTR     CRCRST        LL_AHB1_GRP1_ForceReset\n
ARM GAS  C:\Users\chris\AppData\Local\Temp\ccrcjOEk.s 			page 47


 552:Drivers/STM32F4xx_HAL_Driver/Inc/stm32f4xx_ll_bus.h ****   *         AHB1RSTR     DMA1RST       LL_AHB1_GRP1_ForceReset\n
 553:Drivers/STM32F4xx_HAL_Driver/Inc/stm32f4xx_ll_bus.h ****   *         AHB1RSTR     DMA2RST       LL_AHB1_GRP1_ForceReset\n
 554:Drivers/STM32F4xx_HAL_Driver/Inc/stm32f4xx_ll_bus.h ****   *         AHB1RSTR     RNGRST        LL_AHB1_GRP1_ForceReset\n
 555:Drivers/STM32F4xx_HAL_Driver/Inc/stm32f4xx_ll_bus.h ****   *         AHB1RSTR     DMA2DRST      LL_AHB1_GRP1_ForceReset\n
 556:Drivers/STM32F4xx_HAL_Driver/Inc/stm32f4xx_ll_bus.h ****   *         AHB1RSTR     ETHMACRST     LL_AHB1_GRP1_ForceReset\n
 557:Drivers/STM32F4xx_HAL_Driver/Inc/stm32f4xx_ll_bus.h ****   *         AHB1RSTR     OTGHSRST      LL_AHB1_GRP1_ForceReset
 558:Drivers/STM32F4xx_HAL_Driver/Inc/stm32f4xx_ll_bus.h ****   * @param  Periphs This parameter can be a combination of the following values:
 559:Drivers/STM32F4xx_HAL_Driver/Inc/stm32f4xx_ll_bus.h ****   *         @arg @ref LL_AHB1_GRP1_PERIPH_ALL
 560:Drivers/STM32F4xx_HAL_Driver/Inc/stm32f4xx_ll_bus.h ****   *         @arg @ref LL_AHB1_GRP1_PERIPH_GPIOA
 561:Drivers/STM32F4xx_HAL_Driver/Inc/stm32f4xx_ll_bus.h ****   *         @arg @ref LL_AHB1_GRP1_PERIPH_GPIOB
 562:Drivers/STM32F4xx_HAL_Driver/Inc/stm32f4xx_ll_bus.h ****   *         @arg @ref LL_AHB1_GRP1_PERIPH_GPIOC
 563:Drivers/STM32F4xx_HAL_Driver/Inc/stm32f4xx_ll_bus.h ****   *         @arg @ref LL_AHB1_GRP1_PERIPH_GPIOD (*)
 564:Drivers/STM32F4xx_HAL_Driver/Inc/stm32f4xx_ll_bus.h ****   *         @arg @ref LL_AHB1_GRP1_PERIPH_GPIOE (*)
 565:Drivers/STM32F4xx_HAL_Driver/Inc/stm32f4xx_ll_bus.h ****   *         @arg @ref LL_AHB1_GRP1_PERIPH_GPIOF (*)
 566:Drivers/STM32F4xx_HAL_Driver/Inc/stm32f4xx_ll_bus.h ****   *         @arg @ref LL_AHB1_GRP1_PERIPH_GPIOG (*)
 567:Drivers/STM32F4xx_HAL_Driver/Inc/stm32f4xx_ll_bus.h ****   *         @arg @ref LL_AHB1_GRP1_PERIPH_GPIOH (*)
 568:Drivers/STM32F4xx_HAL_Driver/Inc/stm32f4xx_ll_bus.h ****   *         @arg @ref LL_AHB1_GRP1_PERIPH_GPIOI (*)
 569:Drivers/STM32F4xx_HAL_Driver/Inc/stm32f4xx_ll_bus.h ****   *         @arg @ref LL_AHB1_GRP1_PERIPH_GPIOJ (*)
 570:Drivers/STM32F4xx_HAL_Driver/Inc/stm32f4xx_ll_bus.h ****   *         @arg @ref LL_AHB1_GRP1_PERIPH_GPIOK (*)
 571:Drivers/STM32F4xx_HAL_Driver/Inc/stm32f4xx_ll_bus.h ****   *         @arg @ref LL_AHB1_GRP1_PERIPH_CRC
 572:Drivers/STM32F4xx_HAL_Driver/Inc/stm32f4xx_ll_bus.h ****   *         @arg @ref LL_AHB1_GRP1_PERIPH_DMA1
 573:Drivers/STM32F4xx_HAL_Driver/Inc/stm32f4xx_ll_bus.h ****   *         @arg @ref LL_AHB1_GRP1_PERIPH_DMA2
 574:Drivers/STM32F4xx_HAL_Driver/Inc/stm32f4xx_ll_bus.h ****   *         @arg @ref LL_AHB1_GRP1_PERIPH_RNG (*)
 575:Drivers/STM32F4xx_HAL_Driver/Inc/stm32f4xx_ll_bus.h ****   *         @arg @ref LL_AHB1_GRP1_PERIPH_DMA2D (*)
 576:Drivers/STM32F4xx_HAL_Driver/Inc/stm32f4xx_ll_bus.h ****   *         @arg @ref LL_AHB1_GRP1_PERIPH_ETHMAC (*)
 577:Drivers/STM32F4xx_HAL_Driver/Inc/stm32f4xx_ll_bus.h ****   *         @arg @ref LL_AHB1_GRP1_PERIPH_OTGHS (*)
 578:Drivers/STM32F4xx_HAL_Driver/Inc/stm32f4xx_ll_bus.h ****   *
 579:Drivers/STM32F4xx_HAL_Driver/Inc/stm32f4xx_ll_bus.h ****   *         (*) value not defined in all devices.
 580:Drivers/STM32F4xx_HAL_Driver/Inc/stm32f4xx_ll_bus.h ****   * @retval None
 581:Drivers/STM32F4xx_HAL_Driver/Inc/stm32f4xx_ll_bus.h ****   */
 582:Drivers/STM32F4xx_HAL_Driver/Inc/stm32f4xx_ll_bus.h **** __STATIC_INLINE void LL_AHB1_GRP1_ForceReset(uint32_t Periphs)
 747              		.loc 4 582 22 view .LVU184
 748              	.LBB145:
 583:Drivers/STM32F4xx_HAL_Driver/Inc/stm32f4xx_ll_bus.h **** {
 584:Drivers/STM32F4xx_HAL_Driver/Inc/stm32f4xx_ll_bus.h ****   SET_BIT(RCC->AHB1RSTR, Periphs);
 749              		.loc 4 584 3 view .LVU185
 750 0028 03F56053 		add	r3, r3, #14336
 751 002c 1A69     		ldr	r2, [r3, #16]
 752 002e 42F00102 		orr	r2, r2, #1
 753 0032 1A61     		str	r2, [r3, #16]
 754              	.LVL63:
 755              		.loc 4 584 3 is_stmt 0 view .LVU186
 756              	.LBE145:
 757              	.LBE144:
 114:Drivers/STM32F4xx_HAL_Driver/Src/stm32f4xx_ll_gpio.c ****   }
 758              		.loc 1 114 5 is_stmt 1 view .LVU187
 759              	.LBB146:
 760              	.LBI146:
 585:Drivers/STM32F4xx_HAL_Driver/Inc/stm32f4xx_ll_bus.h **** }
 586:Drivers/STM32F4xx_HAL_Driver/Inc/stm32f4xx_ll_bus.h **** 
 587:Drivers/STM32F4xx_HAL_Driver/Inc/stm32f4xx_ll_bus.h **** /**
 588:Drivers/STM32F4xx_HAL_Driver/Inc/stm32f4xx_ll_bus.h ****   * @brief  Release AHB1 peripherals reset.
 589:Drivers/STM32F4xx_HAL_Driver/Inc/stm32f4xx_ll_bus.h ****   * @rmtoll AHB1RSTR     GPIOARST      LL_AHB1_GRP1_ReleaseReset\n
 590:Drivers/STM32F4xx_HAL_Driver/Inc/stm32f4xx_ll_bus.h ****   *         AHB1RSTR     GPIOBRST      LL_AHB1_GRP1_ReleaseReset\n
 591:Drivers/STM32F4xx_HAL_Driver/Inc/stm32f4xx_ll_bus.h ****   *         AHB1RSTR     GPIOCRST      LL_AHB1_GRP1_ReleaseReset\n
 592:Drivers/STM32F4xx_HAL_Driver/Inc/stm32f4xx_ll_bus.h ****   *         AHB1RSTR     GPIODRST      LL_AHB1_GRP1_ReleaseReset\n
 593:Drivers/STM32F4xx_HAL_Driver/Inc/stm32f4xx_ll_bus.h ****   *         AHB1RSTR     GPIOERST      LL_AHB1_GRP1_ReleaseReset\n
ARM GAS  C:\Users\chris\AppData\Local\Temp\ccrcjOEk.s 			page 48


 594:Drivers/STM32F4xx_HAL_Driver/Inc/stm32f4xx_ll_bus.h ****   *         AHB1RSTR     GPIOFRST      LL_AHB1_GRP1_ReleaseReset\n
 595:Drivers/STM32F4xx_HAL_Driver/Inc/stm32f4xx_ll_bus.h ****   *         AHB1RSTR     GPIOGRST      LL_AHB1_GRP1_ReleaseReset\n
 596:Drivers/STM32F4xx_HAL_Driver/Inc/stm32f4xx_ll_bus.h ****   *         AHB1RSTR     GPIOHRST      LL_AHB1_GRP1_ReleaseReset\n
 597:Drivers/STM32F4xx_HAL_Driver/Inc/stm32f4xx_ll_bus.h ****   *         AHB1RSTR     GPIOIRST      LL_AHB1_GRP1_ReleaseReset\n
 598:Drivers/STM32F4xx_HAL_Driver/Inc/stm32f4xx_ll_bus.h ****   *         AHB1RSTR     GPIOJRST      LL_AHB1_GRP1_ReleaseReset\n
 599:Drivers/STM32F4xx_HAL_Driver/Inc/stm32f4xx_ll_bus.h ****   *         AHB1RSTR     GPIOKRST      LL_AHB1_GRP1_ReleaseReset\n
 600:Drivers/STM32F4xx_HAL_Driver/Inc/stm32f4xx_ll_bus.h ****   *         AHB1RSTR     CRCRST        LL_AHB1_GRP1_ReleaseReset\n
 601:Drivers/STM32F4xx_HAL_Driver/Inc/stm32f4xx_ll_bus.h ****   *         AHB1RSTR     DMA1RST       LL_AHB1_GRP1_ReleaseReset\n
 602:Drivers/STM32F4xx_HAL_Driver/Inc/stm32f4xx_ll_bus.h ****   *         AHB1RSTR     DMA2RST       LL_AHB1_GRP1_ReleaseReset\n
 603:Drivers/STM32F4xx_HAL_Driver/Inc/stm32f4xx_ll_bus.h ****   *         AHB1RSTR     RNGRST        LL_AHB1_GRP1_ReleaseReset\n
 604:Drivers/STM32F4xx_HAL_Driver/Inc/stm32f4xx_ll_bus.h ****   *         AHB1RSTR     DMA2DRST      LL_AHB1_GRP1_ReleaseReset\n
 605:Drivers/STM32F4xx_HAL_Driver/Inc/stm32f4xx_ll_bus.h ****   *         AHB1RSTR     ETHMACRST     LL_AHB1_GRP1_ReleaseReset\n
 606:Drivers/STM32F4xx_HAL_Driver/Inc/stm32f4xx_ll_bus.h ****   *         AHB1RSTR     OTGHSRST      LL_AHB1_GRP1_ReleaseReset
 607:Drivers/STM32F4xx_HAL_Driver/Inc/stm32f4xx_ll_bus.h ****   * @param  Periphs This parameter can be a combination of the following values:
 608:Drivers/STM32F4xx_HAL_Driver/Inc/stm32f4xx_ll_bus.h ****   *         @arg @ref LL_AHB1_GRP1_PERIPH_ALL
 609:Drivers/STM32F4xx_HAL_Driver/Inc/stm32f4xx_ll_bus.h ****   *         @arg @ref LL_AHB1_GRP1_PERIPH_GPIOA
 610:Drivers/STM32F4xx_HAL_Driver/Inc/stm32f4xx_ll_bus.h ****   *         @arg @ref LL_AHB1_GRP1_PERIPH_GPIOB
 611:Drivers/STM32F4xx_HAL_Driver/Inc/stm32f4xx_ll_bus.h ****   *         @arg @ref LL_AHB1_GRP1_PERIPH_GPIOC
 612:Drivers/STM32F4xx_HAL_Driver/Inc/stm32f4xx_ll_bus.h ****   *         @arg @ref LL_AHB1_GRP1_PERIPH_GPIOD (*)
 613:Drivers/STM32F4xx_HAL_Driver/Inc/stm32f4xx_ll_bus.h ****   *         @arg @ref LL_AHB1_GRP1_PERIPH_GPIOE (*)
 614:Drivers/STM32F4xx_HAL_Driver/Inc/stm32f4xx_ll_bus.h ****   *         @arg @ref LL_AHB1_GRP1_PERIPH_GPIOF (*)
 615:Drivers/STM32F4xx_HAL_Driver/Inc/stm32f4xx_ll_bus.h ****   *         @arg @ref LL_AHB1_GRP1_PERIPH_GPIOG (*)
 616:Drivers/STM32F4xx_HAL_Driver/Inc/stm32f4xx_ll_bus.h ****   *         @arg @ref LL_AHB1_GRP1_PERIPH_GPIOH (*)
 617:Drivers/STM32F4xx_HAL_Driver/Inc/stm32f4xx_ll_bus.h ****   *         @arg @ref LL_AHB1_GRP1_PERIPH_GPIOI (*)
 618:Drivers/STM32F4xx_HAL_Driver/Inc/stm32f4xx_ll_bus.h ****   *         @arg @ref LL_AHB1_GRP1_PERIPH_GPIOJ (*)
 619:Drivers/STM32F4xx_HAL_Driver/Inc/stm32f4xx_ll_bus.h ****   *         @arg @ref LL_AHB1_GRP1_PERIPH_GPIOK (*)
 620:Drivers/STM32F4xx_HAL_Driver/Inc/stm32f4xx_ll_bus.h ****   *         @arg @ref LL_AHB1_GRP1_PERIPH_CRC
 621:Drivers/STM32F4xx_HAL_Driver/Inc/stm32f4xx_ll_bus.h ****   *         @arg @ref LL_AHB1_GRP1_PERIPH_DMA1
 622:Drivers/STM32F4xx_HAL_Driver/Inc/stm32f4xx_ll_bus.h ****   *         @arg @ref LL_AHB1_GRP1_PERIPH_DMA2
 623:Drivers/STM32F4xx_HAL_Driver/Inc/stm32f4xx_ll_bus.h ****   *         @arg @ref LL_AHB1_GRP1_PERIPH_RNG (*)
 624:Drivers/STM32F4xx_HAL_Driver/Inc/stm32f4xx_ll_bus.h ****   *         @arg @ref LL_AHB1_GRP1_PERIPH_DMA2D (*)
 625:Drivers/STM32F4xx_HAL_Driver/Inc/stm32f4xx_ll_bus.h ****   *         @arg @ref LL_AHB1_GRP1_PERIPH_ETHMAC (*)
 626:Drivers/STM32F4xx_HAL_Driver/Inc/stm32f4xx_ll_bus.h ****   *         @arg @ref LL_AHB1_GRP1_PERIPH_OTGHS (*)
 627:Drivers/STM32F4xx_HAL_Driver/Inc/stm32f4xx_ll_bus.h ****   *
 628:Drivers/STM32F4xx_HAL_Driver/Inc/stm32f4xx_ll_bus.h ****   *         (*) value not defined in all devices.
 629:Drivers/STM32F4xx_HAL_Driver/Inc/stm32f4xx_ll_bus.h ****   * @retval None
 630:Drivers/STM32F4xx_HAL_Driver/Inc/stm32f4xx_ll_bus.h ****   */
 631:Drivers/STM32F4xx_HAL_Driver/Inc/stm32f4xx_ll_bus.h **** __STATIC_INLINE void LL_AHB1_GRP1_ReleaseReset(uint32_t Periphs)
 761              		.loc 4 631 22 view .LVU188
 762              	.LBB147:
 632:Drivers/STM32F4xx_HAL_Driver/Inc/stm32f4xx_ll_bus.h **** {
 633:Drivers/STM32F4xx_HAL_Driver/Inc/stm32f4xx_ll_bus.h ****   CLEAR_BIT(RCC->AHB1RSTR, Periphs);
 763              		.loc 4 633 3 view .LVU189
 764 0034 1A69     		ldr	r2, [r3, #16]
 765 0036 22F00102 		bic	r2, r2, #1
 766 003a 1A61     		str	r2, [r3, #16]
 767              	.LVL64:
 768              		.loc 4 633 3 is_stmt 0 view .LVU190
 769              	.LBE147:
 770              	.LBE146:
 105:Drivers/STM32F4xx_HAL_Driver/Src/stm32f4xx_ll_gpio.c **** 
 771              		.loc 1 105 15 view .LVU191
 772 003c 0020     		movs	r0, #0
 773              	.LVL65:
 774              	.LBB149:
 775              	.LBB148:
 634:Drivers/STM32F4xx_HAL_Driver/Inc/stm32f4xx_ll_bus.h **** }
ARM GAS  C:\Users\chris\AppData\Local\Temp\ccrcjOEk.s 			page 49


 776              		.loc 4 634 1 view .LVU192
 777 003e 7047     		bx	lr
 778              	.LVL66:
 779              	.L40:
 780              		.loc 4 634 1 view .LVU193
 781              	.LBE148:
 782              	.LBE149:
 118:Drivers/STM32F4xx_HAL_Driver/Src/stm32f4xx_ll_gpio.c ****     LL_AHB1_GRP1_ReleaseReset(LL_AHB1_GRP1_PERIPH_GPIOB);
 783              		.loc 1 118 5 is_stmt 1 view .LVU194
 784              	.LBB150:
 785              	.LBI150:
 582:Drivers/STM32F4xx_HAL_Driver/Inc/stm32f4xx_ll_bus.h **** {
 786              		.loc 4 582 22 view .LVU195
 787              	.LBB151:
 584:Drivers/STM32F4xx_HAL_Driver/Inc/stm32f4xx_ll_bus.h **** }
 788              		.loc 4 584 3 view .LVU196
 789 0040 03F55053 		add	r3, r3, #13312
 790 0044 1A69     		ldr	r2, [r3, #16]
 791 0046 42F00202 		orr	r2, r2, #2
 792 004a 1A61     		str	r2, [r3, #16]
 793              	.LVL67:
 584:Drivers/STM32F4xx_HAL_Driver/Inc/stm32f4xx_ll_bus.h **** }
 794              		.loc 4 584 3 is_stmt 0 view .LVU197
 795              	.LBE151:
 796              	.LBE150:
 119:Drivers/STM32F4xx_HAL_Driver/Src/stm32f4xx_ll_gpio.c ****   }
 797              		.loc 1 119 5 is_stmt 1 view .LVU198
 798              	.LBB152:
 799              	.LBI152:
 631:Drivers/STM32F4xx_HAL_Driver/Inc/stm32f4xx_ll_bus.h **** {
 800              		.loc 4 631 22 view .LVU199
 801              	.LBB153:
 633:Drivers/STM32F4xx_HAL_Driver/Inc/stm32f4xx_ll_bus.h **** }
 802              		.loc 4 633 3 view .LVU200
 803 004c 1A69     		ldr	r2, [r3, #16]
 804 004e 22F00202 		bic	r2, r2, #2
 805 0052 1A61     		str	r2, [r3, #16]
 806              	.LVL68:
 633:Drivers/STM32F4xx_HAL_Driver/Inc/stm32f4xx_ll_bus.h **** }
 807              		.loc 4 633 3 is_stmt 0 view .LVU201
 808              	.LBE153:
 809              	.LBE152:
 105:Drivers/STM32F4xx_HAL_Driver/Src/stm32f4xx_ll_gpio.c **** 
 810              		.loc 1 105 15 view .LVU202
 811 0054 0020     		movs	r0, #0
 812              	.LVL69:
 813              	.LBB155:
 814              	.LBB154:
 815              		.loc 4 634 1 view .LVU203
 816 0056 7047     		bx	lr
 817              	.LVL70:
 818              	.L41:
 819              		.loc 4 634 1 view .LVU204
 820              	.LBE154:
 821              	.LBE155:
 123:Drivers/STM32F4xx_HAL_Driver/Src/stm32f4xx_ll_gpio.c ****     LL_AHB1_GRP1_ReleaseReset(LL_AHB1_GRP1_PERIPH_GPIOC);
 822              		.loc 1 123 5 is_stmt 1 view .LVU205
ARM GAS  C:\Users\chris\AppData\Local\Temp\ccrcjOEk.s 			page 50


 823              	.LBB156:
 824              	.LBI156:
 582:Drivers/STM32F4xx_HAL_Driver/Inc/stm32f4xx_ll_bus.h **** {
 825              		.loc 4 582 22 view .LVU206
 826              	.LBB157:
 584:Drivers/STM32F4xx_HAL_Driver/Inc/stm32f4xx_ll_bus.h **** }
 827              		.loc 4 584 3 view .LVU207
 828 0058 03F54053 		add	r3, r3, #12288
 829 005c 1A69     		ldr	r2, [r3, #16]
 830 005e 42F00402 		orr	r2, r2, #4
 831 0062 1A61     		str	r2, [r3, #16]
 832              	.LVL71:
 584:Drivers/STM32F4xx_HAL_Driver/Inc/stm32f4xx_ll_bus.h **** }
 833              		.loc 4 584 3 is_stmt 0 view .LVU208
 834              	.LBE157:
 835              	.LBE156:
 124:Drivers/STM32F4xx_HAL_Driver/Src/stm32f4xx_ll_gpio.c ****   }
 836              		.loc 1 124 5 is_stmt 1 view .LVU209
 837              	.LBB158:
 838              	.LBI158:
 631:Drivers/STM32F4xx_HAL_Driver/Inc/stm32f4xx_ll_bus.h **** {
 839              		.loc 4 631 22 view .LVU210
 840              	.LBB159:
 633:Drivers/STM32F4xx_HAL_Driver/Inc/stm32f4xx_ll_bus.h **** }
 841              		.loc 4 633 3 view .LVU211
 842 0064 1A69     		ldr	r2, [r3, #16]
 843 0066 22F00402 		bic	r2, r2, #4
 844 006a 1A61     		str	r2, [r3, #16]
 845              	.LVL72:
 633:Drivers/STM32F4xx_HAL_Driver/Inc/stm32f4xx_ll_bus.h **** }
 846              		.loc 4 633 3 is_stmt 0 view .LVU212
 847              	.LBE159:
 848              	.LBE158:
 105:Drivers/STM32F4xx_HAL_Driver/Src/stm32f4xx_ll_gpio.c **** 
 849              		.loc 1 105 15 view .LVU213
 850 006c 0020     		movs	r0, #0
 851              	.LVL73:
 852              	.LBB161:
 853              	.LBB160:
 854              		.loc 4 634 1 view .LVU214
 855 006e 7047     		bx	lr
 856              	.LVL74:
 857              	.L42:
 858              		.loc 4 634 1 view .LVU215
 859              	.LBE160:
 860              	.LBE161:
 129:Drivers/STM32F4xx_HAL_Driver/Src/stm32f4xx_ll_gpio.c ****     LL_AHB1_GRP1_ReleaseReset(LL_AHB1_GRP1_PERIPH_GPIOD);
 861              		.loc 1 129 5 is_stmt 1 view .LVU216
 862              	.LBB162:
 863              	.LBI162:
 582:Drivers/STM32F4xx_HAL_Driver/Inc/stm32f4xx_ll_bus.h **** {
 864              		.loc 4 582 22 view .LVU217
 865              	.LBB163:
 584:Drivers/STM32F4xx_HAL_Driver/Inc/stm32f4xx_ll_bus.h **** }
 866              		.loc 4 584 3 view .LVU218
 867 0070 03F53053 		add	r3, r3, #11264
 868 0074 1A69     		ldr	r2, [r3, #16]
ARM GAS  C:\Users\chris\AppData\Local\Temp\ccrcjOEk.s 			page 51


 869 0076 42F00802 		orr	r2, r2, #8
 870 007a 1A61     		str	r2, [r3, #16]
 871              	.LVL75:
 584:Drivers/STM32F4xx_HAL_Driver/Inc/stm32f4xx_ll_bus.h **** }
 872              		.loc 4 584 3 is_stmt 0 view .LVU219
 873              	.LBE163:
 874              	.LBE162:
 130:Drivers/STM32F4xx_HAL_Driver/Src/stm32f4xx_ll_gpio.c ****   }
 875              		.loc 1 130 5 is_stmt 1 view .LVU220
 876              	.LBB164:
 877              	.LBI164:
 631:Drivers/STM32F4xx_HAL_Driver/Inc/stm32f4xx_ll_bus.h **** {
 878              		.loc 4 631 22 view .LVU221
 879              	.LBB165:
 633:Drivers/STM32F4xx_HAL_Driver/Inc/stm32f4xx_ll_bus.h **** }
 880              		.loc 4 633 3 view .LVU222
 881 007c 1A69     		ldr	r2, [r3, #16]
 882 007e 22F00802 		bic	r2, r2, #8
 883 0082 1A61     		str	r2, [r3, #16]
 884              	.LVL76:
 633:Drivers/STM32F4xx_HAL_Driver/Inc/stm32f4xx_ll_bus.h **** }
 885              		.loc 4 633 3 is_stmt 0 view .LVU223
 886              	.LBE165:
 887              	.LBE164:
 105:Drivers/STM32F4xx_HAL_Driver/Src/stm32f4xx_ll_gpio.c **** 
 888              		.loc 1 105 15 view .LVU224
 889 0084 0020     		movs	r0, #0
 890              	.LVL77:
 891              	.LBB167:
 892              	.LBB166:
 893              		.loc 4 634 1 view .LVU225
 894 0086 7047     		bx	lr
 895              	.LVL78:
 896              	.L43:
 897              		.loc 4 634 1 view .LVU226
 898              	.LBE166:
 899              	.LBE167:
 136:Drivers/STM32F4xx_HAL_Driver/Src/stm32f4xx_ll_gpio.c ****     LL_AHB1_GRP1_ReleaseReset(LL_AHB1_GRP1_PERIPH_GPIOE);
 900              		.loc 1 136 5 is_stmt 1 view .LVU227
 901              	.LBB168:
 902              	.LBI168:
 582:Drivers/STM32F4xx_HAL_Driver/Inc/stm32f4xx_ll_bus.h **** {
 903              		.loc 4 582 22 view .LVU228
 904              	.LBB169:
 584:Drivers/STM32F4xx_HAL_Driver/Inc/stm32f4xx_ll_bus.h **** }
 905              		.loc 4 584 3 view .LVU229
 906 0088 03F52053 		add	r3, r3, #10240
 907 008c 1A69     		ldr	r2, [r3, #16]
 908 008e 42F01002 		orr	r2, r2, #16
 909 0092 1A61     		str	r2, [r3, #16]
 910              	.LVL79:
 584:Drivers/STM32F4xx_HAL_Driver/Inc/stm32f4xx_ll_bus.h **** }
 911              		.loc 4 584 3 is_stmt 0 view .LVU230
 912              	.LBE169:
 913              	.LBE168:
 137:Drivers/STM32F4xx_HAL_Driver/Src/stm32f4xx_ll_gpio.c ****   }
 914              		.loc 1 137 5 is_stmt 1 view .LVU231
ARM GAS  C:\Users\chris\AppData\Local\Temp\ccrcjOEk.s 			page 52


 915              	.LBB170:
 916              	.LBI170:
 631:Drivers/STM32F4xx_HAL_Driver/Inc/stm32f4xx_ll_bus.h **** {
 917              		.loc 4 631 22 view .LVU232
 918              	.LBB171:
 633:Drivers/STM32F4xx_HAL_Driver/Inc/stm32f4xx_ll_bus.h **** }
 919              		.loc 4 633 3 view .LVU233
 920 0094 1A69     		ldr	r2, [r3, #16]
 921 0096 22F01002 		bic	r2, r2, #16
 922 009a 1A61     		str	r2, [r3, #16]
 923              	.LVL80:
 633:Drivers/STM32F4xx_HAL_Driver/Inc/stm32f4xx_ll_bus.h **** }
 924              		.loc 4 633 3 is_stmt 0 view .LVU234
 925              	.LBE171:
 926              	.LBE170:
 105:Drivers/STM32F4xx_HAL_Driver/Src/stm32f4xx_ll_gpio.c **** 
 927              		.loc 1 105 15 view .LVU235
 928 009c 0020     		movs	r0, #0
 929              	.LVL81:
 930              	.LBB173:
 931              	.LBB172:
 932              		.loc 4 634 1 view .LVU236
 933 009e 7047     		bx	lr
 934              	.LVL82:
 935              	.L44:
 936              		.loc 4 634 1 view .LVU237
 937              	.LBE172:
 938              	.LBE173:
 157:Drivers/STM32F4xx_HAL_Driver/Src/stm32f4xx_ll_gpio.c ****     LL_AHB1_GRP1_ReleaseReset(LL_AHB1_GRP1_PERIPH_GPIOH);
 939              		.loc 1 157 5 is_stmt 1 view .LVU238
 940              	.LBB174:
 941              	.LBI174:
 582:Drivers/STM32F4xx_HAL_Driver/Inc/stm32f4xx_ll_bus.h **** {
 942              		.loc 4 582 22 view .LVU239
 943              	.LBB175:
 584:Drivers/STM32F4xx_HAL_Driver/Inc/stm32f4xx_ll_bus.h **** }
 944              		.loc 4 584 3 view .LVU240
 945 00a0 03F5E053 		add	r3, r3, #7168
 946 00a4 1A69     		ldr	r2, [r3, #16]
 947 00a6 42F08002 		orr	r2, r2, #128
 948 00aa 1A61     		str	r2, [r3, #16]
 949              	.LVL83:
 584:Drivers/STM32F4xx_HAL_Driver/Inc/stm32f4xx_ll_bus.h **** }
 950              		.loc 4 584 3 is_stmt 0 view .LVU241
 951              	.LBE175:
 952              	.LBE174:
 158:Drivers/STM32F4xx_HAL_Driver/Src/stm32f4xx_ll_gpio.c ****   }
 953              		.loc 1 158 5 is_stmt 1 view .LVU242
 954              	.LBB176:
 955              	.LBI176:
 631:Drivers/STM32F4xx_HAL_Driver/Inc/stm32f4xx_ll_bus.h **** {
 956              		.loc 4 631 22 view .LVU243
 957              	.LBB177:
 633:Drivers/STM32F4xx_HAL_Driver/Inc/stm32f4xx_ll_bus.h **** }
 958              		.loc 4 633 3 view .LVU244
 959 00ac 1A69     		ldr	r2, [r3, #16]
 960 00ae 22F08002 		bic	r2, r2, #128
ARM GAS  C:\Users\chris\AppData\Local\Temp\ccrcjOEk.s 			page 53


 961 00b2 1A61     		str	r2, [r3, #16]
 962              	.LVL84:
 633:Drivers/STM32F4xx_HAL_Driver/Inc/stm32f4xx_ll_bus.h **** }
 963              		.loc 4 633 3 is_stmt 0 view .LVU245
 964              	.LBE177:
 965              	.LBE176:
 105:Drivers/STM32F4xx_HAL_Driver/Src/stm32f4xx_ll_gpio.c **** 
 966              		.loc 1 105 15 view .LVU246
 967 00b4 0020     		movs	r0, #0
 968              	.LVL85:
 969              	.LBB179:
 970              	.LBB178:
 971              		.loc 4 634 1 view .LVU247
 972 00b6 7047     		bx	lr
 973              	.L46:
 974              		.align	2
 975              	.L45:
 976 00b8 00000240 		.word	1073872896
 977 00bc 00040240 		.word	1073873920
 978 00c0 00080240 		.word	1073874944
 979 00c4 000C0240 		.word	1073875968
 980 00c8 00100240 		.word	1073876992
 981 00cc 001C0240 		.word	1073880064
 982              	.LBE178:
 983              	.LBE179:
 984              		.cfi_endproc
 985              	.LFE185:
 987              		.section	.text.LL_GPIO_Init,"ax",%progbits
 988              		.align	1
 989              		.global	LL_GPIO_Init
 990              		.syntax unified
 991              		.thumb
 992              		.thumb_func
 994              	LL_GPIO_Init:
 995              	.LVL86:
 996              	.LFB186:
 189:Drivers/STM32F4xx_HAL_Driver/Src/stm32f4xx_ll_gpio.c **** 
 190:Drivers/STM32F4xx_HAL_Driver/Src/stm32f4xx_ll_gpio.c **** /**
 191:Drivers/STM32F4xx_HAL_Driver/Src/stm32f4xx_ll_gpio.c ****   * @brief  Initialize GPIO registers according to the specified parameters in GPIO_InitStruct.
 192:Drivers/STM32F4xx_HAL_Driver/Src/stm32f4xx_ll_gpio.c ****   * @param  GPIOx GPIO Port
 193:Drivers/STM32F4xx_HAL_Driver/Src/stm32f4xx_ll_gpio.c ****   * @param  GPIO_InitStruct pointer to a @ref LL_GPIO_InitTypeDef structure
 194:Drivers/STM32F4xx_HAL_Driver/Src/stm32f4xx_ll_gpio.c ****   *         that contains the configuration information for the specified GPIO peripheral.
 195:Drivers/STM32F4xx_HAL_Driver/Src/stm32f4xx_ll_gpio.c ****   * @retval An ErrorStatus enumeration value:
 196:Drivers/STM32F4xx_HAL_Driver/Src/stm32f4xx_ll_gpio.c ****   *          - SUCCESS: GPIO registers are initialized according to GPIO_InitStruct content
 197:Drivers/STM32F4xx_HAL_Driver/Src/stm32f4xx_ll_gpio.c ****   *          - ERROR:   Not applicable
 198:Drivers/STM32F4xx_HAL_Driver/Src/stm32f4xx_ll_gpio.c ****   */
 199:Drivers/STM32F4xx_HAL_Driver/Src/stm32f4xx_ll_gpio.c **** ErrorStatus LL_GPIO_Init(GPIO_TypeDef *GPIOx, LL_GPIO_InitTypeDef *GPIO_InitStruct)
 200:Drivers/STM32F4xx_HAL_Driver/Src/stm32f4xx_ll_gpio.c **** {
 997              		.loc 1 200 1 is_stmt 1 view -0
 998              		.cfi_startproc
 999              		@ args = 0, pretend = 0, frame = 0
 1000              		@ frame_needed = 0, uses_anonymous_args = 0
 1001              		.loc 1 200 1 is_stmt 0 view .LVU249
 1002 0000 F8B5     		push	{r3, r4, r5, r6, r7, lr}
 1003              	.LCFI15:
 1004              		.cfi_def_cfa_offset 24
 1005              		.cfi_offset 3, -24
ARM GAS  C:\Users\chris\AppData\Local\Temp\ccrcjOEk.s 			page 54


 1006              		.cfi_offset 4, -20
 1007              		.cfi_offset 5, -16
 1008              		.cfi_offset 6, -12
 1009              		.cfi_offset 7, -8
 1010              		.cfi_offset 14, -4
 1011 0002 0746     		mov	r7, r0
 1012 0004 0E46     		mov	r6, r1
 201:Drivers/STM32F4xx_HAL_Driver/Src/stm32f4xx_ll_gpio.c ****   uint32_t pinpos     = 0x00000000U;
 1013              		.loc 1 201 3 is_stmt 1 view .LVU250
 1014              	.LVL87:
 202:Drivers/STM32F4xx_HAL_Driver/Src/stm32f4xx_ll_gpio.c ****   uint32_t currentpin = 0x00000000U;
 1015              		.loc 1 202 3 view .LVU251
 203:Drivers/STM32F4xx_HAL_Driver/Src/stm32f4xx_ll_gpio.c **** 
 204:Drivers/STM32F4xx_HAL_Driver/Src/stm32f4xx_ll_gpio.c ****   /* Check the parameters */
 205:Drivers/STM32F4xx_HAL_Driver/Src/stm32f4xx_ll_gpio.c ****   assert_param(IS_GPIO_ALL_INSTANCE(GPIOx));
 1016              		.loc 1 205 3 view .LVU252
 206:Drivers/STM32F4xx_HAL_Driver/Src/stm32f4xx_ll_gpio.c ****   assert_param(IS_LL_GPIO_PIN(GPIO_InitStruct->Pin));
 1017              		.loc 1 206 3 view .LVU253
 207:Drivers/STM32F4xx_HAL_Driver/Src/stm32f4xx_ll_gpio.c ****   assert_param(IS_LL_GPIO_MODE(GPIO_InitStruct->Mode));
 1018              		.loc 1 207 3 view .LVU254
 208:Drivers/STM32F4xx_HAL_Driver/Src/stm32f4xx_ll_gpio.c ****   assert_param(IS_LL_GPIO_PULL(GPIO_InitStruct->Pull));
 1019              		.loc 1 208 3 view .LVU255
 209:Drivers/STM32F4xx_HAL_Driver/Src/stm32f4xx_ll_gpio.c **** 
 210:Drivers/STM32F4xx_HAL_Driver/Src/stm32f4xx_ll_gpio.c ****   /* ------------------------- Configure the port pins ---------------- */
 211:Drivers/STM32F4xx_HAL_Driver/Src/stm32f4xx_ll_gpio.c ****   /* Initialize  pinpos on first pin set */
 212:Drivers/STM32F4xx_HAL_Driver/Src/stm32f4xx_ll_gpio.c ****   pinpos = POSITION_VAL(GPIO_InitStruct->Pin);
 1020              		.loc 1 212 3 view .LVU256
 1021              		.loc 1 212 12 is_stmt 0 view .LVU257
 1022 0006 0D68     		ldr	r5, [r1]
 1023              	.LVL88:
 1024              	.LBB180:
 1025              	.LBI180:
 373:Drivers/CMSIS/Include/cmsis_gcc.h **** {
 1026              		.loc 3 373 31 is_stmt 1 view .LVU258
 1027              	.LBB181:
 375:Drivers/CMSIS/Include/cmsis_gcc.h **** 
 1028              		.loc 3 375 3 view .LVU259
 380:Drivers/CMSIS/Include/cmsis_gcc.h **** #else
 1029              		.loc 3 380 4 view .LVU260
 1030              		.syntax unified
 1031              	@ 380 "Drivers/CMSIS/Include/cmsis_gcc.h" 1
 1032 0008 95FAA5F5 		rbit r5, r5
 1033              	@ 0 "" 2
 1034              	.LVL89:
 393:Drivers/CMSIS/Include/cmsis_gcc.h **** }
 1035              		.loc 3 393 3 view .LVU261
 393:Drivers/CMSIS/Include/cmsis_gcc.h **** }
 1036              		.loc 3 393 3 is_stmt 0 view .LVU262
 1037              		.thumb
 1038              		.syntax unified
 1039              	.LBE181:
 1040              	.LBE180:
 1041              	.LBB182:
 1042              	.LBI182:
 403:Drivers/CMSIS/Include/cmsis_gcc.h **** {
 1043              		.loc 3 403 30 is_stmt 1 view .LVU263
 1044              	.LBB183:
ARM GAS  C:\Users\chris\AppData\Local\Temp\ccrcjOEk.s 			page 55


 414:Drivers/CMSIS/Include/cmsis_gcc.h ****   {
 1045              		.loc 3 414 3 view .LVU264
 414:Drivers/CMSIS/Include/cmsis_gcc.h ****   {
 1046              		.loc 3 414 6 is_stmt 0 view .LVU265
 1047 000c 15B1     		cbz	r5, .L55
 1048              		.loc 3 418 3 is_stmt 1 view .LVU266
 1049              		.loc 3 418 10 is_stmt 0 discriminator 1 view .LVU267
 1050 000e B5FA85F5 		clz	r5, r5
 1051              	.LVL90:
 1052              		.loc 3 418 10 view .LVU268
 1053 0012 1AE0     		b	.L49
 1054              	.LVL91:
 1055              	.L55:
 416:Drivers/CMSIS/Include/cmsis_gcc.h ****   }
 1056              		.loc 3 416 12 view .LVU269
 1057 0014 2025     		movs	r5, #32
 1058              	.LVL92:
 416:Drivers/CMSIS/Include/cmsis_gcc.h ****   }
 1059              		.loc 3 416 12 view .LVU270
 1060              	.LBE183:
 1061              	.LBE182:
 213:Drivers/STM32F4xx_HAL_Driver/Src/stm32f4xx_ll_gpio.c ****   
 214:Drivers/STM32F4xx_HAL_Driver/Src/stm32f4xx_ll_gpio.c ****   /* Configure the port pins */
 215:Drivers/STM32F4xx_HAL_Driver/Src/stm32f4xx_ll_gpio.c ****   while (((GPIO_InitStruct->Pin) >> pinpos) != 0x00000000U)
 1062              		.loc 1 215 3 is_stmt 1 view .LVU271
 1063              		.loc 1 215 9 is_stmt 0 view .LVU272
 1064 0016 18E0     		b	.L49
 1065              	.LVL93:
 1066              	.L58:
 216:Drivers/STM32F4xx_HAL_Driver/Src/stm32f4xx_ll_gpio.c ****   {
 217:Drivers/STM32F4xx_HAL_Driver/Src/stm32f4xx_ll_gpio.c ****     /* Get current io position */
 218:Drivers/STM32F4xx_HAL_Driver/Src/stm32f4xx_ll_gpio.c ****     currentpin = (GPIO_InitStruct->Pin) & (0x00000001U << pinpos);
 219:Drivers/STM32F4xx_HAL_Driver/Src/stm32f4xx_ll_gpio.c ****     
 220:Drivers/STM32F4xx_HAL_Driver/Src/stm32f4xx_ll_gpio.c ****     if (currentpin)
 221:Drivers/STM32F4xx_HAL_Driver/Src/stm32f4xx_ll_gpio.c ****     {
 222:Drivers/STM32F4xx_HAL_Driver/Src/stm32f4xx_ll_gpio.c ****       
 223:Drivers/STM32F4xx_HAL_Driver/Src/stm32f4xx_ll_gpio.c ****       if ((GPIO_InitStruct->Mode == LL_GPIO_MODE_OUTPUT) || (GPIO_InitStruct->Mode == LL_GPIO_MODE_
 224:Drivers/STM32F4xx_HAL_Driver/Src/stm32f4xx_ll_gpio.c ****       {
 225:Drivers/STM32F4xx_HAL_Driver/Src/stm32f4xx_ll_gpio.c ****         /* Check Speed mode parameters */
 226:Drivers/STM32F4xx_HAL_Driver/Src/stm32f4xx_ll_gpio.c ****         assert_param(IS_LL_GPIO_SPEED(GPIO_InitStruct->Speed));
 1067              		.loc 1 226 9 is_stmt 1 view .LVU273
 227:Drivers/STM32F4xx_HAL_Driver/Src/stm32f4xx_ll_gpio.c ****         
 228:Drivers/STM32F4xx_HAL_Driver/Src/stm32f4xx_ll_gpio.c ****         /* Speed mode configuration */
 229:Drivers/STM32F4xx_HAL_Driver/Src/stm32f4xx_ll_gpio.c ****         LL_GPIO_SetPinSpeed(GPIOx, currentpin, GPIO_InitStruct->Speed);
 1068              		.loc 1 229 9 view .LVU274
 1069 0018 B268     		ldr	r2, [r6, #8]
 1070 001a 2146     		mov	r1, r4
 1071 001c 3846     		mov	r0, r7
 1072 001e FFF7FEFF 		bl	LL_GPIO_SetPinSpeed
 1073              	.LVL94:
 230:Drivers/STM32F4xx_HAL_Driver/Src/stm32f4xx_ll_gpio.c ****         
 231:Drivers/STM32F4xx_HAL_Driver/Src/stm32f4xx_ll_gpio.c ****         /* Check Output mode parameters */
 232:Drivers/STM32F4xx_HAL_Driver/Src/stm32f4xx_ll_gpio.c ****         assert_param(IS_LL_GPIO_OUTPUT_TYPE(GPIO_InitStruct->OutputType));
 1074              		.loc 1 232 9 view .LVU275
 233:Drivers/STM32F4xx_HAL_Driver/Src/stm32f4xx_ll_gpio.c ****         
 234:Drivers/STM32F4xx_HAL_Driver/Src/stm32f4xx_ll_gpio.c ****         /* Output mode configuration*/
 235:Drivers/STM32F4xx_HAL_Driver/Src/stm32f4xx_ll_gpio.c ****         LL_GPIO_SetPinOutputType(GPIOx, currentpin, GPIO_InitStruct->OutputType);
ARM GAS  C:\Users\chris\AppData\Local\Temp\ccrcjOEk.s 			page 56


 1075              		.loc 1 235 9 view .LVU276
 1076 0022 F268     		ldr	r2, [r6, #12]
 1077              	.LVL95:
 1078              	.LBB184:
 1079              	.LBI184:
 342:Drivers/STM32F4xx_HAL_Driver/Inc/stm32f4xx_ll_gpio.h **** {
 1080              		.loc 2 342 22 view .LVU277
 1081              	.LBB185:
 344:Drivers/STM32F4xx_HAL_Driver/Inc/stm32f4xx_ll_gpio.h **** }
 1082              		.loc 2 344 3 view .LVU278
 1083 0024 7B68     		ldr	r3, [r7, #4]
 1084 0026 23EA0403 		bic	r3, r3, r4
 1085 002a 04FB02F2 		mul	r2, r4, r2
 1086              	.LVL96:
 344:Drivers/STM32F4xx_HAL_Driver/Inc/stm32f4xx_ll_gpio.h **** }
 1087              		.loc 2 344 3 is_stmt 0 view .LVU279
 1088 002e 1343     		orrs	r3, r3, r2
 1089 0030 7B60     		str	r3, [r7, #4]
 1090              	.LVL97:
 345:Drivers/STM32F4xx_HAL_Driver/Inc/stm32f4xx_ll_gpio.h **** 
 1091              		.loc 2 345 1 view .LVU280
 1092 0032 16E0     		b	.L51
 1093              	.L53:
 345:Drivers/STM32F4xx_HAL_Driver/Inc/stm32f4xx_ll_gpio.h **** 
 1094              		.loc 2 345 1 view .LVU281
 1095              	.LBE185:
 1096              	.LBE184:
 236:Drivers/STM32F4xx_HAL_Driver/Src/stm32f4xx_ll_gpio.c ****       }
 237:Drivers/STM32F4xx_HAL_Driver/Src/stm32f4xx_ll_gpio.c ****       
 238:Drivers/STM32F4xx_HAL_Driver/Src/stm32f4xx_ll_gpio.c ****       /* Pull-up Pull down resistor configuration*/
 239:Drivers/STM32F4xx_HAL_Driver/Src/stm32f4xx_ll_gpio.c ****       LL_GPIO_SetPinPull(GPIOx, currentpin, GPIO_InitStruct->Pull);
 240:Drivers/STM32F4xx_HAL_Driver/Src/stm32f4xx_ll_gpio.c ****       
 241:Drivers/STM32F4xx_HAL_Driver/Src/stm32f4xx_ll_gpio.c ****       if (GPIO_InitStruct->Mode == LL_GPIO_MODE_ALTERNATE)
 242:Drivers/STM32F4xx_HAL_Driver/Src/stm32f4xx_ll_gpio.c ****       {
 243:Drivers/STM32F4xx_HAL_Driver/Src/stm32f4xx_ll_gpio.c ****         /* Check Alternate parameter */
 244:Drivers/STM32F4xx_HAL_Driver/Src/stm32f4xx_ll_gpio.c ****         assert_param(IS_LL_GPIO_ALTERNATE(GPIO_InitStruct->Alternate));
 245:Drivers/STM32F4xx_HAL_Driver/Src/stm32f4xx_ll_gpio.c ****         
 246:Drivers/STM32F4xx_HAL_Driver/Src/stm32f4xx_ll_gpio.c ****         /* Speed mode configuration */
 247:Drivers/STM32F4xx_HAL_Driver/Src/stm32f4xx_ll_gpio.c ****         if (POSITION_VAL(currentpin) < 0x00000008U)
 248:Drivers/STM32F4xx_HAL_Driver/Src/stm32f4xx_ll_gpio.c ****         {
 249:Drivers/STM32F4xx_HAL_Driver/Src/stm32f4xx_ll_gpio.c ****           LL_GPIO_SetAFPin_0_7(GPIOx, currentpin, GPIO_InitStruct->Alternate);
 250:Drivers/STM32F4xx_HAL_Driver/Src/stm32f4xx_ll_gpio.c ****         }
 251:Drivers/STM32F4xx_HAL_Driver/Src/stm32f4xx_ll_gpio.c ****         else
 252:Drivers/STM32F4xx_HAL_Driver/Src/stm32f4xx_ll_gpio.c ****         {
 253:Drivers/STM32F4xx_HAL_Driver/Src/stm32f4xx_ll_gpio.c ****           LL_GPIO_SetAFPin_8_15(GPIOx, currentpin, GPIO_InitStruct->Alternate);
 1097              		.loc 1 253 11 is_stmt 1 view .LVU282
 1098 0034 7269     		ldr	r2, [r6, #20]
 1099 0036 2146     		mov	r1, r4
 1100 0038 3846     		mov	r0, r7
 1101 003a FFF7FEFF 		bl	LL_GPIO_SetAFPin_8_15
 1102              	.LVL98:
 1103              	.L52:
 254:Drivers/STM32F4xx_HAL_Driver/Src/stm32f4xx_ll_gpio.c ****         }
 255:Drivers/STM32F4xx_HAL_Driver/Src/stm32f4xx_ll_gpio.c ****       }
 256:Drivers/STM32F4xx_HAL_Driver/Src/stm32f4xx_ll_gpio.c ****       
 257:Drivers/STM32F4xx_HAL_Driver/Src/stm32f4xx_ll_gpio.c ****       /* Pin Mode configuration */
 258:Drivers/STM32F4xx_HAL_Driver/Src/stm32f4xx_ll_gpio.c ****       LL_GPIO_SetPinMode(GPIOx, currentpin, GPIO_InitStruct->Mode);
ARM GAS  C:\Users\chris\AppData\Local\Temp\ccrcjOEk.s 			page 57


 1104              		.loc 1 258 7 view .LVU283
 1105 003e 7268     		ldr	r2, [r6, #4]
 1106 0040 2146     		mov	r1, r4
 1107 0042 3846     		mov	r0, r7
 1108 0044 FFF7FEFF 		bl	LL_GPIO_SetPinMode
 1109              	.LVL99:
 1110              	.L50:
 259:Drivers/STM32F4xx_HAL_Driver/Src/stm32f4xx_ll_gpio.c ****     }
 260:Drivers/STM32F4xx_HAL_Driver/Src/stm32f4xx_ll_gpio.c ****     pinpos++;
 1111              		.loc 1 260 5 view .LVU284
 1112              		.loc 1 260 11 is_stmt 0 view .LVU285
 1113 0048 0135     		adds	r5, r5, #1
 1114              	.LVL100:
 1115              	.L49:
 215:Drivers/STM32F4xx_HAL_Driver/Src/stm32f4xx_ll_gpio.c ****   {
 1116              		.loc 1 215 45 is_stmt 1 view .LVU286
 215:Drivers/STM32F4xx_HAL_Driver/Src/stm32f4xx_ll_gpio.c ****   {
 1117              		.loc 1 215 27 is_stmt 0 view .LVU287
 1118 004a 3468     		ldr	r4, [r6]
 215:Drivers/STM32F4xx_HAL_Driver/Src/stm32f4xx_ll_gpio.c ****   {
 1119              		.loc 1 215 45 view .LVU288
 1120 004c 34FA05F2 		lsrs	r2, r4, r5
 1121 0050 1DD0     		beq	.L57
 218:Drivers/STM32F4xx_HAL_Driver/Src/stm32f4xx_ll_gpio.c ****     
 1122              		.loc 1 218 5 is_stmt 1 view .LVU289
 218:Drivers/STM32F4xx_HAL_Driver/Src/stm32f4xx_ll_gpio.c ****     
 1123              		.loc 1 218 56 is_stmt 0 view .LVU290
 1124 0052 0122     		movs	r2, #1
 1125 0054 AA40     		lsls	r2, r2, r5
 1126              	.LVL101:
 220:Drivers/STM32F4xx_HAL_Driver/Src/stm32f4xx_ll_gpio.c ****     {
 1127              		.loc 1 220 5 is_stmt 1 view .LVU291
 220:Drivers/STM32F4xx_HAL_Driver/Src/stm32f4xx_ll_gpio.c ****     {
 1128              		.loc 1 220 8 is_stmt 0 view .LVU292
 1129 0056 1440     		ands	r4, r2, r4
 1130              	.LVL102:
 220:Drivers/STM32F4xx_HAL_Driver/Src/stm32f4xx_ll_gpio.c ****     {
 1131              		.loc 1 220 8 view .LVU293
 1132 0058 F6D0     		beq	.L50
 223:Drivers/STM32F4xx_HAL_Driver/Src/stm32f4xx_ll_gpio.c ****       {
 1133              		.loc 1 223 7 is_stmt 1 view .LVU294
 223:Drivers/STM32F4xx_HAL_Driver/Src/stm32f4xx_ll_gpio.c ****       {
 1134              		.loc 1 223 27 is_stmt 0 view .LVU295
 1135 005a 7368     		ldr	r3, [r6, #4]
 223:Drivers/STM32F4xx_HAL_Driver/Src/stm32f4xx_ll_gpio.c ****       {
 1136              		.loc 1 223 58 view .LVU296
 1137 005c 013B     		subs	r3, r3, #1
 223:Drivers/STM32F4xx_HAL_Driver/Src/stm32f4xx_ll_gpio.c ****       {
 1138              		.loc 1 223 10 view .LVU297
 1139 005e 012B     		cmp	r3, #1
 1140 0060 DAD9     		bls	.L58
 1141              	.L51:
 239:Drivers/STM32F4xx_HAL_Driver/Src/stm32f4xx_ll_gpio.c ****       
 1142              		.loc 1 239 7 is_stmt 1 view .LVU298
 1143 0062 3269     		ldr	r2, [r6, #16]
 1144 0064 2146     		mov	r1, r4
 1145 0066 3846     		mov	r0, r7
ARM GAS  C:\Users\chris\AppData\Local\Temp\ccrcjOEk.s 			page 58


 1146 0068 FFF7FEFF 		bl	LL_GPIO_SetPinPull
 1147              	.LVL103:
 241:Drivers/STM32F4xx_HAL_Driver/Src/stm32f4xx_ll_gpio.c ****       {
 1148              		.loc 1 241 7 view .LVU299
 241:Drivers/STM32F4xx_HAL_Driver/Src/stm32f4xx_ll_gpio.c ****       {
 1149              		.loc 1 241 26 is_stmt 0 view .LVU300
 1150 006c 7368     		ldr	r3, [r6, #4]
 241:Drivers/STM32F4xx_HAL_Driver/Src/stm32f4xx_ll_gpio.c ****       {
 1151              		.loc 1 241 10 view .LVU301
 1152 006e 022B     		cmp	r3, #2
 1153 0070 E5D1     		bne	.L52
 244:Drivers/STM32F4xx_HAL_Driver/Src/stm32f4xx_ll_gpio.c ****         
 1154              		.loc 1 244 9 is_stmt 1 view .LVU302
 247:Drivers/STM32F4xx_HAL_Driver/Src/stm32f4xx_ll_gpio.c ****         {
 1155              		.loc 1 247 9 view .LVU303
 1156              	.LVL104:
 1157              	.LBB186:
 1158              	.LBI186:
 373:Drivers/CMSIS/Include/cmsis_gcc.h **** {
 1159              		.loc 3 373 31 view .LVU304
 1160              	.LBB187:
 375:Drivers/CMSIS/Include/cmsis_gcc.h **** 
 1161              		.loc 3 375 3 view .LVU305
 380:Drivers/CMSIS/Include/cmsis_gcc.h **** #else
 1162              		.loc 3 380 4 view .LVU306
 1163              		.syntax unified
 1164              	@ 380 "Drivers/CMSIS/Include/cmsis_gcc.h" 1
 1165 0072 94FAA4F3 		rbit r3, r4
 1166              	@ 0 "" 2
 1167              	.LVL105:
 393:Drivers/CMSIS/Include/cmsis_gcc.h **** }
 1168              		.loc 3 393 3 view .LVU307
 393:Drivers/CMSIS/Include/cmsis_gcc.h **** }
 1169              		.loc 3 393 3 is_stmt 0 view .LVU308
 1170              		.thumb
 1171              		.syntax unified
 1172              	.LBE187:
 1173              	.LBE186:
 1174              	.LBB188:
 1175              	.LBI188:
 403:Drivers/CMSIS/Include/cmsis_gcc.h **** {
 1176              		.loc 3 403 30 is_stmt 1 view .LVU309
 1177              	.LBB189:
 414:Drivers/CMSIS/Include/cmsis_gcc.h ****   {
 1178              		.loc 3 414 3 view .LVU310
 414:Drivers/CMSIS/Include/cmsis_gcc.h ****   {
 1179              		.loc 3 414 6 is_stmt 0 view .LVU311
 1180 0076 002B     		cmp	r3, #0
 1181 0078 DCD0     		beq	.L53
 1182              		.loc 3 418 3 is_stmt 1 view .LVU312
 1183              		.loc 3 418 10 is_stmt 0 discriminator 1 view .LVU313
 1184 007a B3FA83F3 		clz	r3, r3
 1185              	.LVL106:
 1186              		.loc 3 418 10 discriminator 1 view .LVU314
 1187              	.LBE189:
 1188              	.LBE188:
 247:Drivers/STM32F4xx_HAL_Driver/Src/stm32f4xx_ll_gpio.c ****         {
ARM GAS  C:\Users\chris\AppData\Local\Temp\ccrcjOEk.s 			page 59


 1189              		.loc 1 247 12 discriminator 2 view .LVU315
 1190 007e 072B     		cmp	r3, #7
 1191 0080 D8D8     		bhi	.L53
 249:Drivers/STM32F4xx_HAL_Driver/Src/stm32f4xx_ll_gpio.c ****         }
 1192              		.loc 1 249 11 is_stmt 1 view .LVU316
 1193 0082 7269     		ldr	r2, [r6, #20]
 1194 0084 2146     		mov	r1, r4
 1195 0086 3846     		mov	r0, r7
 1196 0088 FFF7FEFF 		bl	LL_GPIO_SetAFPin_0_7
 1197              	.LVL107:
 1198 008c D7E7     		b	.L52
 1199              	.LVL108:
 1200              	.L57:
 261:Drivers/STM32F4xx_HAL_Driver/Src/stm32f4xx_ll_gpio.c ****   }
 262:Drivers/STM32F4xx_HAL_Driver/Src/stm32f4xx_ll_gpio.c **** 
 263:Drivers/STM32F4xx_HAL_Driver/Src/stm32f4xx_ll_gpio.c ****   return (SUCCESS);
 1201              		.loc 1 263 3 view .LVU317
 264:Drivers/STM32F4xx_HAL_Driver/Src/stm32f4xx_ll_gpio.c **** }
 1202              		.loc 1 264 1 is_stmt 0 view .LVU318
 1203 008e 0020     		movs	r0, #0
 1204 0090 F8BD     		pop	{r3, r4, r5, r6, r7, pc}
 1205              		.loc 1 264 1 view .LVU319
 1206              		.cfi_endproc
 1207              	.LFE186:
 1209              		.section	.text.LL_GPIO_StructInit,"ax",%progbits
 1210              		.align	1
 1211              		.global	LL_GPIO_StructInit
 1212              		.syntax unified
 1213              		.thumb
 1214              		.thumb_func
 1216              	LL_GPIO_StructInit:
 1217              	.LVL109:
 1218              	.LFB187:
 265:Drivers/STM32F4xx_HAL_Driver/Src/stm32f4xx_ll_gpio.c **** 
 266:Drivers/STM32F4xx_HAL_Driver/Src/stm32f4xx_ll_gpio.c **** /**
 267:Drivers/STM32F4xx_HAL_Driver/Src/stm32f4xx_ll_gpio.c ****   * @brief Set each @ref LL_GPIO_InitTypeDef field to default value.
 268:Drivers/STM32F4xx_HAL_Driver/Src/stm32f4xx_ll_gpio.c ****   * @param GPIO_InitStruct pointer to a @ref LL_GPIO_InitTypeDef structure
 269:Drivers/STM32F4xx_HAL_Driver/Src/stm32f4xx_ll_gpio.c ****   *                          whose fields will be set to default values.
 270:Drivers/STM32F4xx_HAL_Driver/Src/stm32f4xx_ll_gpio.c ****   * @retval None
 271:Drivers/STM32F4xx_HAL_Driver/Src/stm32f4xx_ll_gpio.c ****   */
 272:Drivers/STM32F4xx_HAL_Driver/Src/stm32f4xx_ll_gpio.c **** 
 273:Drivers/STM32F4xx_HAL_Driver/Src/stm32f4xx_ll_gpio.c **** void LL_GPIO_StructInit(LL_GPIO_InitTypeDef *GPIO_InitStruct)
 274:Drivers/STM32F4xx_HAL_Driver/Src/stm32f4xx_ll_gpio.c **** {
 1219              		.loc 1 274 1 is_stmt 1 view -0
 1220              		.cfi_startproc
 1221              		@ args = 0, pretend = 0, frame = 0
 1222              		@ frame_needed = 0, uses_anonymous_args = 0
 1223              		@ link register save eliminated.
 275:Drivers/STM32F4xx_HAL_Driver/Src/stm32f4xx_ll_gpio.c ****   /* Reset GPIO init structure parameters values */
 276:Drivers/STM32F4xx_HAL_Driver/Src/stm32f4xx_ll_gpio.c ****   GPIO_InitStruct->Pin        = LL_GPIO_PIN_ALL;
 1224              		.loc 1 276 3 view .LVU321
 1225              		.loc 1 276 31 is_stmt 0 view .LVU322
 1226 0000 4FF6FF73 		movw	r3, #65535
 1227 0004 0360     		str	r3, [r0]
 277:Drivers/STM32F4xx_HAL_Driver/Src/stm32f4xx_ll_gpio.c ****   GPIO_InitStruct->Mode       = LL_GPIO_MODE_ANALOG;
 1228              		.loc 1 277 3 is_stmt 1 view .LVU323
 1229              		.loc 1 277 31 is_stmt 0 view .LVU324
ARM GAS  C:\Users\chris\AppData\Local\Temp\ccrcjOEk.s 			page 60


 1230 0006 0323     		movs	r3, #3
 1231 0008 4360     		str	r3, [r0, #4]
 278:Drivers/STM32F4xx_HAL_Driver/Src/stm32f4xx_ll_gpio.c ****   GPIO_InitStruct->Speed      = LL_GPIO_SPEED_FREQ_LOW;
 1232              		.loc 1 278 3 is_stmt 1 view .LVU325
 1233              		.loc 1 278 31 is_stmt 0 view .LVU326
 1234 000a 0023     		movs	r3, #0
 1235 000c 8360     		str	r3, [r0, #8]
 279:Drivers/STM32F4xx_HAL_Driver/Src/stm32f4xx_ll_gpio.c ****   GPIO_InitStruct->OutputType = LL_GPIO_OUTPUT_PUSHPULL;
 1236              		.loc 1 279 3 is_stmt 1 view .LVU327
 1237              		.loc 1 279 31 is_stmt 0 view .LVU328
 1238 000e C360     		str	r3, [r0, #12]
 280:Drivers/STM32F4xx_HAL_Driver/Src/stm32f4xx_ll_gpio.c ****   GPIO_InitStruct->Pull       = LL_GPIO_PULL_NO;
 1239              		.loc 1 280 3 is_stmt 1 view .LVU329
 1240              		.loc 1 280 31 is_stmt 0 view .LVU330
 1241 0010 0361     		str	r3, [r0, #16]
 281:Drivers/STM32F4xx_HAL_Driver/Src/stm32f4xx_ll_gpio.c ****   GPIO_InitStruct->Alternate  = LL_GPIO_AF_0;
 1242              		.loc 1 281 3 is_stmt 1 view .LVU331
 1243              		.loc 1 281 31 is_stmt 0 view .LVU332
 1244 0012 4361     		str	r3, [r0, #20]
 282:Drivers/STM32F4xx_HAL_Driver/Src/stm32f4xx_ll_gpio.c **** }
 1245              		.loc 1 282 1 view .LVU333
 1246 0014 7047     		bx	lr
 1247              		.cfi_endproc
 1248              	.LFE187:
 1250              		.text
 1251              	.Letext0:
 1252              		.file 5 "c:\\ST\\STM32CubeCLT_1.20.0\\GNU-tools-for-STM32\\bin\\../lib/gcc/arm-none-eabi/13.3.1/..
 1253              		.file 6 "c:\\ST\\STM32CubeCLT_1.20.0\\GNU-tools-for-STM32\\bin\\../lib/gcc/arm-none-eabi/13.3.1/..
 1254              		.file 7 "Drivers/CMSIS/Device/ST/STM32F4xx/Include/stm32f401xe.h"
 1255              		.file 8 "Drivers/CMSIS/Device/ST/STM32F4xx/Include/stm32f4xx.h"
ARM GAS  C:\Users\chris\AppData\Local\Temp\ccrcjOEk.s 			page 61


DEFINED SYMBOLS
                            *ABS*:00000000 stm32f4xx_ll_gpio.c
C:\Users\chris\AppData\Local\Temp\ccrcjOEk.s:21     .text.LL_GPIO_SetPinMode:00000000 $t
C:\Users\chris\AppData\Local\Temp\ccrcjOEk.s:26     .text.LL_GPIO_SetPinMode:00000000 LL_GPIO_SetPinMode
C:\Users\chris\AppData\Local\Temp\ccrcjOEk.s:156    .text.LL_GPIO_SetPinSpeed:00000000 $t
C:\Users\chris\AppData\Local\Temp\ccrcjOEk.s:161    .text.LL_GPIO_SetPinSpeed:00000000 LL_GPIO_SetPinSpeed
C:\Users\chris\AppData\Local\Temp\ccrcjOEk.s:289    .text.LL_GPIO_SetPinPull:00000000 $t
C:\Users\chris\AppData\Local\Temp\ccrcjOEk.s:294    .text.LL_GPIO_SetPinPull:00000000 LL_GPIO_SetPinPull
C:\Users\chris\AppData\Local\Temp\ccrcjOEk.s:422    .text.LL_GPIO_SetAFPin_0_7:00000000 $t
C:\Users\chris\AppData\Local\Temp\ccrcjOEk.s:427    .text.LL_GPIO_SetAFPin_0_7:00000000 LL_GPIO_SetAFPin_0_7
C:\Users\chris\AppData\Local\Temp\ccrcjOEk.s:555    .text.LL_GPIO_SetAFPin_8_15:00000000 $t
C:\Users\chris\AppData\Local\Temp\ccrcjOEk.s:560    .text.LL_GPIO_SetAFPin_8_15:00000000 LL_GPIO_SetAFPin_8_15
C:\Users\chris\AppData\Local\Temp\ccrcjOEk.s:689    .text.LL_GPIO_DeInit:00000000 $t
C:\Users\chris\AppData\Local\Temp\ccrcjOEk.s:695    .text.LL_GPIO_DeInit:00000000 LL_GPIO_DeInit
C:\Users\chris\AppData\Local\Temp\ccrcjOEk.s:976    .text.LL_GPIO_DeInit:000000b8 $d
C:\Users\chris\AppData\Local\Temp\ccrcjOEk.s:988    .text.LL_GPIO_Init:00000000 $t
C:\Users\chris\AppData\Local\Temp\ccrcjOEk.s:994    .text.LL_GPIO_Init:00000000 LL_GPIO_Init
C:\Users\chris\AppData\Local\Temp\ccrcjOEk.s:1210   .text.LL_GPIO_StructInit:00000000 $t
C:\Users\chris\AppData\Local\Temp\ccrcjOEk.s:1216   .text.LL_GPIO_StructInit:00000000 LL_GPIO_StructInit

NO UNDEFINED SYMBOLS
