ARM GAS  C:\Users\chris\AppData\Local\Temp\ccHvCGBe.s 			page 1


   1              		.cpu cortex-m4
   2              		.arch armv7e-m
   3              		.fpu fpv4-sp-d16
   4              		.eabi_attribute 27, 1
   5              		.eabi_attribute 28, 1
   6              		.eabi_attribute 20, 1
   7              		.eabi_attribute 21, 1
   8              		.eabi_attribute 23, 3
   9              		.eabi_attribute 24, 1
  10              		.eabi_attribute 25, 1
  11              		.eabi_attribute 26, 1
  12              		.eabi_attribute 30, 1
  13              		.eabi_attribute 34, 1
  14              		.eabi_attribute 18, 4
  15              		.file	"stm32f4xx_ll_i2c.c"
  16              		.text
  17              	.Ltext0:
  18              		.cfi_sections	.debug_frame
  19              		.file 1 "Drivers/STM32F4xx_HAL_Driver/Src/stm32f4xx_ll_i2c.c"
  20              		.section	.text.LL_I2C_ConfigSpeed,"ax",%progbits
  21              		.align	1
  22              		.syntax unified
  23              		.thumb
  24              		.thumb_func
  26              	LL_I2C_ConfigSpeed:
  27              	.LVL0:
  28              	.LFB171:
  29              		.file 2 "Drivers/STM32F4xx_HAL_Driver/Inc/stm32f4xx_ll_i2c.h"
   1:Drivers/STM32F4xx_HAL_Driver/Inc/stm32f4xx_ll_i2c.h **** /**
   2:Drivers/STM32F4xx_HAL_Driver/Inc/stm32f4xx_ll_i2c.h ****   ******************************************************************************
   3:Drivers/STM32F4xx_HAL_Driver/Inc/stm32f4xx_ll_i2c.h ****   * @file    stm32f4xx_ll_i2c.h
   4:Drivers/STM32F4xx_HAL_Driver/Inc/stm32f4xx_ll_i2c.h ****   * @author  MCD Application Team
   5:Drivers/STM32F4xx_HAL_Driver/Inc/stm32f4xx_ll_i2c.h ****   * @brief   Header file of I2C LL module.
   6:Drivers/STM32F4xx_HAL_Driver/Inc/stm32f4xx_ll_i2c.h ****   ******************************************************************************
   7:Drivers/STM32F4xx_HAL_Driver/Inc/stm32f4xx_ll_i2c.h ****   * @attention
   8:Drivers/STM32F4xx_HAL_Driver/Inc/stm32f4xx_ll_i2c.h ****   *
   9:Drivers/STM32F4xx_HAL_Driver/Inc/stm32f4xx_ll_i2c.h ****   * Copyright (c) 2016 STMicroelectronics.
  10:Drivers/STM32F4xx_HAL_Driver/Inc/stm32f4xx_ll_i2c.h ****   * All rights reserved.
  11:Drivers/STM32F4xx_HAL_Driver/Inc/stm32f4xx_ll_i2c.h ****   *
  12:Drivers/STM32F4xx_HAL_Driver/Inc/stm32f4xx_ll_i2c.h ****   * This software is licensed under terms that can be found in the LICENSE file
  13:Drivers/STM32F4xx_HAL_Driver/Inc/stm32f4xx_ll_i2c.h ****   * in the root directory of this software component.
  14:Drivers/STM32F4xx_HAL_Driver/Inc/stm32f4xx_ll_i2c.h ****   * If no LICENSE file comes with this software, it is provided AS-IS.
  15:Drivers/STM32F4xx_HAL_Driver/Inc/stm32f4xx_ll_i2c.h ****   *
  16:Drivers/STM32F4xx_HAL_Driver/Inc/stm32f4xx_ll_i2c.h ****   ******************************************************************************
  17:Drivers/STM32F4xx_HAL_Driver/Inc/stm32f4xx_ll_i2c.h ****   */
  18:Drivers/STM32F4xx_HAL_Driver/Inc/stm32f4xx_ll_i2c.h **** 
  19:Drivers/STM32F4xx_HAL_Driver/Inc/stm32f4xx_ll_i2c.h **** /* Define to prevent recursive inclusion -------------------------------------*/
  20:Drivers/STM32F4xx_HAL_Driver/Inc/stm32f4xx_ll_i2c.h **** #ifndef __STM32F4xx_LL_I2C_H
  21:Drivers/STM32F4xx_HAL_Driver/Inc/stm32f4xx_ll_i2c.h **** #define __STM32F4xx_LL_I2C_H
  22:Drivers/STM32F4xx_HAL_Driver/Inc/stm32f4xx_ll_i2c.h **** 
  23:Drivers/STM32F4xx_HAL_Driver/Inc/stm32f4xx_ll_i2c.h **** #ifdef __cplusplus
  24:Drivers/STM32F4xx_HAL_Driver/Inc/stm32f4xx_ll_i2c.h **** extern "C" {
  25:Drivers/STM32F4xx_HAL_Driver/Inc/stm32f4xx_ll_i2c.h **** #endif
  26:Drivers/STM32F4xx_HAL_Driver/Inc/stm32f4xx_ll_i2c.h **** 
  27:Drivers/STM32F4xx_HAL_Driver/Inc/stm32f4xx_ll_i2c.h **** /* Includes ------------------------------------------------------------------*/
  28:Drivers/STM32F4xx_HAL_Driver/Inc/stm32f4xx_ll_i2c.h **** #include "stm32f4xx.h"
  29:Drivers/STM32F4xx_HAL_Driver/Inc/stm32f4xx_ll_i2c.h **** 
ARM GAS  C:\Users\chris\AppData\Local\Temp\ccHvCGBe.s 			page 2


  30:Drivers/STM32F4xx_HAL_Driver/Inc/stm32f4xx_ll_i2c.h **** /** @addtogroup STM32F4xx_LL_Driver
  31:Drivers/STM32F4xx_HAL_Driver/Inc/stm32f4xx_ll_i2c.h ****   * @{
  32:Drivers/STM32F4xx_HAL_Driver/Inc/stm32f4xx_ll_i2c.h ****   */
  33:Drivers/STM32F4xx_HAL_Driver/Inc/stm32f4xx_ll_i2c.h **** 
  34:Drivers/STM32F4xx_HAL_Driver/Inc/stm32f4xx_ll_i2c.h **** #if defined (I2C1) || defined (I2C2) || defined (I2C3)
  35:Drivers/STM32F4xx_HAL_Driver/Inc/stm32f4xx_ll_i2c.h **** 
  36:Drivers/STM32F4xx_HAL_Driver/Inc/stm32f4xx_ll_i2c.h **** /** @defgroup I2C_LL I2C
  37:Drivers/STM32F4xx_HAL_Driver/Inc/stm32f4xx_ll_i2c.h ****   * @{
  38:Drivers/STM32F4xx_HAL_Driver/Inc/stm32f4xx_ll_i2c.h ****   */
  39:Drivers/STM32F4xx_HAL_Driver/Inc/stm32f4xx_ll_i2c.h **** 
  40:Drivers/STM32F4xx_HAL_Driver/Inc/stm32f4xx_ll_i2c.h **** /* Private types -------------------------------------------------------------*/
  41:Drivers/STM32F4xx_HAL_Driver/Inc/stm32f4xx_ll_i2c.h **** /* Private variables ---------------------------------------------------------*/
  42:Drivers/STM32F4xx_HAL_Driver/Inc/stm32f4xx_ll_i2c.h **** 
  43:Drivers/STM32F4xx_HAL_Driver/Inc/stm32f4xx_ll_i2c.h **** /* Private constants ---------------------------------------------------------*/
  44:Drivers/STM32F4xx_HAL_Driver/Inc/stm32f4xx_ll_i2c.h **** /** @defgroup I2C_LL_Private_Constants I2C Private Constants
  45:Drivers/STM32F4xx_HAL_Driver/Inc/stm32f4xx_ll_i2c.h ****   * @{
  46:Drivers/STM32F4xx_HAL_Driver/Inc/stm32f4xx_ll_i2c.h ****   */
  47:Drivers/STM32F4xx_HAL_Driver/Inc/stm32f4xx_ll_i2c.h **** 
  48:Drivers/STM32F4xx_HAL_Driver/Inc/stm32f4xx_ll_i2c.h **** /* Defines used to perform compute and check in the macros */
  49:Drivers/STM32F4xx_HAL_Driver/Inc/stm32f4xx_ll_i2c.h **** #define LL_I2C_MAX_SPEED_STANDARD           100000U
  50:Drivers/STM32F4xx_HAL_Driver/Inc/stm32f4xx_ll_i2c.h **** #define LL_I2C_MAX_SPEED_FAST               400000U
  51:Drivers/STM32F4xx_HAL_Driver/Inc/stm32f4xx_ll_i2c.h **** /**
  52:Drivers/STM32F4xx_HAL_Driver/Inc/stm32f4xx_ll_i2c.h ****   * @}
  53:Drivers/STM32F4xx_HAL_Driver/Inc/stm32f4xx_ll_i2c.h ****   */
  54:Drivers/STM32F4xx_HAL_Driver/Inc/stm32f4xx_ll_i2c.h **** 
  55:Drivers/STM32F4xx_HAL_Driver/Inc/stm32f4xx_ll_i2c.h **** /* Private macros ------------------------------------------------------------*/
  56:Drivers/STM32F4xx_HAL_Driver/Inc/stm32f4xx_ll_i2c.h **** #if defined(USE_FULL_LL_DRIVER)
  57:Drivers/STM32F4xx_HAL_Driver/Inc/stm32f4xx_ll_i2c.h **** /** @defgroup I2C_LL_Private_Macros I2C Private Macros
  58:Drivers/STM32F4xx_HAL_Driver/Inc/stm32f4xx_ll_i2c.h ****   * @{
  59:Drivers/STM32F4xx_HAL_Driver/Inc/stm32f4xx_ll_i2c.h ****   */
  60:Drivers/STM32F4xx_HAL_Driver/Inc/stm32f4xx_ll_i2c.h **** /**
  61:Drivers/STM32F4xx_HAL_Driver/Inc/stm32f4xx_ll_i2c.h ****   * @}
  62:Drivers/STM32F4xx_HAL_Driver/Inc/stm32f4xx_ll_i2c.h ****   */
  63:Drivers/STM32F4xx_HAL_Driver/Inc/stm32f4xx_ll_i2c.h **** #endif /*USE_FULL_LL_DRIVER*/
  64:Drivers/STM32F4xx_HAL_Driver/Inc/stm32f4xx_ll_i2c.h **** 
  65:Drivers/STM32F4xx_HAL_Driver/Inc/stm32f4xx_ll_i2c.h **** /* Exported types ------------------------------------------------------------*/
  66:Drivers/STM32F4xx_HAL_Driver/Inc/stm32f4xx_ll_i2c.h **** #if defined(USE_FULL_LL_DRIVER)
  67:Drivers/STM32F4xx_HAL_Driver/Inc/stm32f4xx_ll_i2c.h **** /** @defgroup I2C_LL_ES_INIT I2C Exported Init structure
  68:Drivers/STM32F4xx_HAL_Driver/Inc/stm32f4xx_ll_i2c.h ****   * @{
  69:Drivers/STM32F4xx_HAL_Driver/Inc/stm32f4xx_ll_i2c.h ****   */
  70:Drivers/STM32F4xx_HAL_Driver/Inc/stm32f4xx_ll_i2c.h **** typedef struct
  71:Drivers/STM32F4xx_HAL_Driver/Inc/stm32f4xx_ll_i2c.h **** {
  72:Drivers/STM32F4xx_HAL_Driver/Inc/stm32f4xx_ll_i2c.h ****   uint32_t PeripheralMode;      /*!< Specifies the peripheral mode.
  73:Drivers/STM32F4xx_HAL_Driver/Inc/stm32f4xx_ll_i2c.h ****                                      This parameter can be a value of @ref I2C_LL_EC_PERIPHERAL_MOD
  74:Drivers/STM32F4xx_HAL_Driver/Inc/stm32f4xx_ll_i2c.h **** 
  75:Drivers/STM32F4xx_HAL_Driver/Inc/stm32f4xx_ll_i2c.h ****                                      This feature can be modified afterwards using unitary function
  76:Drivers/STM32F4xx_HAL_Driver/Inc/stm32f4xx_ll_i2c.h **** 
  77:Drivers/STM32F4xx_HAL_Driver/Inc/stm32f4xx_ll_i2c.h ****   uint32_t ClockSpeed;          /*!< Specifies the clock frequency.
  78:Drivers/STM32F4xx_HAL_Driver/Inc/stm32f4xx_ll_i2c.h ****                                      This parameter must be set to a value lower than 400kHz (in Hz
  79:Drivers/STM32F4xx_HAL_Driver/Inc/stm32f4xx_ll_i2c.h **** 
  80:Drivers/STM32F4xx_HAL_Driver/Inc/stm32f4xx_ll_i2c.h ****                                      This feature can be modified afterwards using unitary function
  81:Drivers/STM32F4xx_HAL_Driver/Inc/stm32f4xx_ll_i2c.h ****                                      or @ref LL_I2C_SetDutyCycle() or @ref LL_I2C_SetClockSpeedMode
  82:Drivers/STM32F4xx_HAL_Driver/Inc/stm32f4xx_ll_i2c.h **** 
  83:Drivers/STM32F4xx_HAL_Driver/Inc/stm32f4xx_ll_i2c.h ****   uint32_t DutyCycle;           /*!< Specifies the I2C fast mode duty cycle.
  84:Drivers/STM32F4xx_HAL_Driver/Inc/stm32f4xx_ll_i2c.h ****                                      This parameter can be a value of @ref I2C_LL_EC_DUTYCYCLE
  85:Drivers/STM32F4xx_HAL_Driver/Inc/stm32f4xx_ll_i2c.h **** 
  86:Drivers/STM32F4xx_HAL_Driver/Inc/stm32f4xx_ll_i2c.h ****                                      This feature can be modified afterwards using unitary function
ARM GAS  C:\Users\chris\AppData\Local\Temp\ccHvCGBe.s 			page 3


  87:Drivers/STM32F4xx_HAL_Driver/Inc/stm32f4xx_ll_i2c.h **** 
  88:Drivers/STM32F4xx_HAL_Driver/Inc/stm32f4xx_ll_i2c.h **** #if  defined(I2C_FLTR_ANOFF)&&defined(I2C_FLTR_DNF)
  89:Drivers/STM32F4xx_HAL_Driver/Inc/stm32f4xx_ll_i2c.h ****   uint32_t AnalogFilter;        /*!< Enables or disables analog noise filter.
  90:Drivers/STM32F4xx_HAL_Driver/Inc/stm32f4xx_ll_i2c.h ****                                      This parameter can be a value of @ref I2C_LL_EC_ANALOGFILTER_S
  91:Drivers/STM32F4xx_HAL_Driver/Inc/stm32f4xx_ll_i2c.h **** 
  92:Drivers/STM32F4xx_HAL_Driver/Inc/stm32f4xx_ll_i2c.h ****                                      This feature can be modified afterwards using unitary function
  93:Drivers/STM32F4xx_HAL_Driver/Inc/stm32f4xx_ll_i2c.h **** 
  94:Drivers/STM32F4xx_HAL_Driver/Inc/stm32f4xx_ll_i2c.h ****   uint32_t DigitalFilter;       /*!< Configures the digital noise filter.
  95:Drivers/STM32F4xx_HAL_Driver/Inc/stm32f4xx_ll_i2c.h ****                                      This parameter can be a number between Min_Data = 0x00 and Max
  96:Drivers/STM32F4xx_HAL_Driver/Inc/stm32f4xx_ll_i2c.h **** 
  97:Drivers/STM32F4xx_HAL_Driver/Inc/stm32f4xx_ll_i2c.h ****                                      This feature can be modified afterwards using unitary function
  98:Drivers/STM32F4xx_HAL_Driver/Inc/stm32f4xx_ll_i2c.h **** 
  99:Drivers/STM32F4xx_HAL_Driver/Inc/stm32f4xx_ll_i2c.h **** #endif
 100:Drivers/STM32F4xx_HAL_Driver/Inc/stm32f4xx_ll_i2c.h ****   uint32_t OwnAddress1;         /*!< Specifies the device own address 1.
 101:Drivers/STM32F4xx_HAL_Driver/Inc/stm32f4xx_ll_i2c.h ****                                      This parameter must be a value between Min_Data = 0x00 and Max
 102:Drivers/STM32F4xx_HAL_Driver/Inc/stm32f4xx_ll_i2c.h **** 
 103:Drivers/STM32F4xx_HAL_Driver/Inc/stm32f4xx_ll_i2c.h ****                                      This feature can be modified afterwards using unitary function
 104:Drivers/STM32F4xx_HAL_Driver/Inc/stm32f4xx_ll_i2c.h **** 
 105:Drivers/STM32F4xx_HAL_Driver/Inc/stm32f4xx_ll_i2c.h ****   uint32_t TypeAcknowledge;     /*!< Specifies the ACKnowledge or Non ACKnowledge condition after t
 106:Drivers/STM32F4xx_HAL_Driver/Inc/stm32f4xx_ll_i2c.h ****                                      This parameter can be a value of @ref I2C_LL_EC_I2C_ACKNOWLEDG
 107:Drivers/STM32F4xx_HAL_Driver/Inc/stm32f4xx_ll_i2c.h **** 
 108:Drivers/STM32F4xx_HAL_Driver/Inc/stm32f4xx_ll_i2c.h ****                                      This feature can be modified afterwards using unitary function
 109:Drivers/STM32F4xx_HAL_Driver/Inc/stm32f4xx_ll_i2c.h **** 
 110:Drivers/STM32F4xx_HAL_Driver/Inc/stm32f4xx_ll_i2c.h ****   uint32_t OwnAddrSize;         /*!< Specifies the device own address 1 size (7-bit or 10-bit).
 111:Drivers/STM32F4xx_HAL_Driver/Inc/stm32f4xx_ll_i2c.h ****                                      This parameter can be a value of @ref I2C_LL_EC_OWNADDRESS1
 112:Drivers/STM32F4xx_HAL_Driver/Inc/stm32f4xx_ll_i2c.h **** 
 113:Drivers/STM32F4xx_HAL_Driver/Inc/stm32f4xx_ll_i2c.h ****                                      This feature can be modified afterwards using unitary function
 114:Drivers/STM32F4xx_HAL_Driver/Inc/stm32f4xx_ll_i2c.h **** } LL_I2C_InitTypeDef;
 115:Drivers/STM32F4xx_HAL_Driver/Inc/stm32f4xx_ll_i2c.h **** /**
 116:Drivers/STM32F4xx_HAL_Driver/Inc/stm32f4xx_ll_i2c.h ****   * @}
 117:Drivers/STM32F4xx_HAL_Driver/Inc/stm32f4xx_ll_i2c.h ****   */
 118:Drivers/STM32F4xx_HAL_Driver/Inc/stm32f4xx_ll_i2c.h **** #endif /*USE_FULL_LL_DRIVER*/
 119:Drivers/STM32F4xx_HAL_Driver/Inc/stm32f4xx_ll_i2c.h **** 
 120:Drivers/STM32F4xx_HAL_Driver/Inc/stm32f4xx_ll_i2c.h **** /* Exported constants --------------------------------------------------------*/
 121:Drivers/STM32F4xx_HAL_Driver/Inc/stm32f4xx_ll_i2c.h **** /** @defgroup I2C_LL_Exported_Constants I2C Exported Constants
 122:Drivers/STM32F4xx_HAL_Driver/Inc/stm32f4xx_ll_i2c.h ****   * @{
 123:Drivers/STM32F4xx_HAL_Driver/Inc/stm32f4xx_ll_i2c.h ****   */
 124:Drivers/STM32F4xx_HAL_Driver/Inc/stm32f4xx_ll_i2c.h **** 
 125:Drivers/STM32F4xx_HAL_Driver/Inc/stm32f4xx_ll_i2c.h **** /** @defgroup I2C_LL_EC_GET_FLAG Get Flags Defines
 126:Drivers/STM32F4xx_HAL_Driver/Inc/stm32f4xx_ll_i2c.h ****   * @brief    Flags defines which can be used with LL_I2C_ReadReg function
 127:Drivers/STM32F4xx_HAL_Driver/Inc/stm32f4xx_ll_i2c.h ****   * @{
 128:Drivers/STM32F4xx_HAL_Driver/Inc/stm32f4xx_ll_i2c.h ****   */
 129:Drivers/STM32F4xx_HAL_Driver/Inc/stm32f4xx_ll_i2c.h **** #define LL_I2C_SR1_SB                       I2C_SR1_SB              /*!< Start Bit (master mode)   
 130:Drivers/STM32F4xx_HAL_Driver/Inc/stm32f4xx_ll_i2c.h **** #define LL_I2C_SR1_ADDR                     I2C_SR1_ADDR            /*!< Address sent (master mode)
 131:Drivers/STM32F4xx_HAL_Driver/Inc/stm32f4xx_ll_i2c.h ****                                                                          Address matched flag (slav
 132:Drivers/STM32F4xx_HAL_Driver/Inc/stm32f4xx_ll_i2c.h **** #define LL_I2C_SR1_BTF                      I2C_SR1_BTF             /*!< Byte Transfer Finished fla
 133:Drivers/STM32F4xx_HAL_Driver/Inc/stm32f4xx_ll_i2c.h **** #define LL_I2C_SR1_ADD10                    I2C_SR1_ADD10           /*!< 10-bit header sent (master
 134:Drivers/STM32F4xx_HAL_Driver/Inc/stm32f4xx_ll_i2c.h **** #define LL_I2C_SR1_STOPF                    I2C_SR1_STOPF           /*!< Stop detection flag (slave
 135:Drivers/STM32F4xx_HAL_Driver/Inc/stm32f4xx_ll_i2c.h **** #define LL_I2C_SR1_RXNE                     I2C_SR1_RXNE            /*!< Data register not empty (r
 136:Drivers/STM32F4xx_HAL_Driver/Inc/stm32f4xx_ll_i2c.h **** #define LL_I2C_SR1_TXE                      I2C_SR1_TXE             /*!< Data register empty (trans
 137:Drivers/STM32F4xx_HAL_Driver/Inc/stm32f4xx_ll_i2c.h **** #define LL_I2C_SR1_BERR                     I2C_SR1_BERR            /*!< Bus error                 
 138:Drivers/STM32F4xx_HAL_Driver/Inc/stm32f4xx_ll_i2c.h **** #define LL_I2C_SR1_ARLO                     I2C_SR1_ARLO            /*!< Arbitration lost          
 139:Drivers/STM32F4xx_HAL_Driver/Inc/stm32f4xx_ll_i2c.h **** #define LL_I2C_SR1_AF                       I2C_SR1_AF              /*!< Acknowledge failure flag  
 140:Drivers/STM32F4xx_HAL_Driver/Inc/stm32f4xx_ll_i2c.h **** #define LL_I2C_SR1_OVR                      I2C_SR1_OVR             /*!< Overrun/Underrun          
 141:Drivers/STM32F4xx_HAL_Driver/Inc/stm32f4xx_ll_i2c.h **** #define LL_I2C_SR1_PECERR                   I2C_ISR_PECERR          /*!< PEC Error in reception (SM
 142:Drivers/STM32F4xx_HAL_Driver/Inc/stm32f4xx_ll_i2c.h **** #define LL_I2C_SR1_TIMEOUT                  I2C_ISR_TIMEOUT         /*!< Timeout detection flag (SM
 143:Drivers/STM32F4xx_HAL_Driver/Inc/stm32f4xx_ll_i2c.h **** #define LL_I2C_SR1_SMALERT                  I2C_ISR_SMALERT         /*!< SMBus alert (SMBus mode)  
ARM GAS  C:\Users\chris\AppData\Local\Temp\ccHvCGBe.s 			page 4


 144:Drivers/STM32F4xx_HAL_Driver/Inc/stm32f4xx_ll_i2c.h **** #define LL_I2C_SR2_MSL                      I2C_SR2_MSL             /*!< Master/Slave flag         
 145:Drivers/STM32F4xx_HAL_Driver/Inc/stm32f4xx_ll_i2c.h **** #define LL_I2C_SR2_BUSY                     I2C_SR2_BUSY            /*!< Bus busy flag             
 146:Drivers/STM32F4xx_HAL_Driver/Inc/stm32f4xx_ll_i2c.h **** #define LL_I2C_SR2_TRA                      I2C_SR2_TRA             /*!< Transmitter/receiver direc
 147:Drivers/STM32F4xx_HAL_Driver/Inc/stm32f4xx_ll_i2c.h **** #define LL_I2C_SR2_GENCALL                  I2C_SR2_GENCALL         /*!< General call address (Slav
 148:Drivers/STM32F4xx_HAL_Driver/Inc/stm32f4xx_ll_i2c.h **** #define LL_I2C_SR2_SMBDEFAULT               I2C_SR2_SMBDEFAULT      /*!< SMBus Device default addre
 149:Drivers/STM32F4xx_HAL_Driver/Inc/stm32f4xx_ll_i2c.h **** #define LL_I2C_SR2_SMBHOST                  I2C_SR2_SMBHOST         /*!< SMBus Host address (Slave 
 150:Drivers/STM32F4xx_HAL_Driver/Inc/stm32f4xx_ll_i2c.h **** #define LL_I2C_SR2_DUALF                    I2C_SR2_DUALF           /*!< Dual flag  (Slave mode)   
 151:Drivers/STM32F4xx_HAL_Driver/Inc/stm32f4xx_ll_i2c.h **** /**
 152:Drivers/STM32F4xx_HAL_Driver/Inc/stm32f4xx_ll_i2c.h ****   * @}
 153:Drivers/STM32F4xx_HAL_Driver/Inc/stm32f4xx_ll_i2c.h ****   */
 154:Drivers/STM32F4xx_HAL_Driver/Inc/stm32f4xx_ll_i2c.h **** 
 155:Drivers/STM32F4xx_HAL_Driver/Inc/stm32f4xx_ll_i2c.h **** /** @defgroup I2C_LL_EC_IT IT Defines
 156:Drivers/STM32F4xx_HAL_Driver/Inc/stm32f4xx_ll_i2c.h ****   * @brief    IT defines which can be used with LL_I2C_ReadReg and  LL_I2C_WriteReg functions
 157:Drivers/STM32F4xx_HAL_Driver/Inc/stm32f4xx_ll_i2c.h ****   * @{
 158:Drivers/STM32F4xx_HAL_Driver/Inc/stm32f4xx_ll_i2c.h ****   */
 159:Drivers/STM32F4xx_HAL_Driver/Inc/stm32f4xx_ll_i2c.h **** #define LL_I2C_CR2_ITEVTEN                  I2C_CR2_ITEVTEN         /*!< Events interrupts enable *
 160:Drivers/STM32F4xx_HAL_Driver/Inc/stm32f4xx_ll_i2c.h **** #define LL_I2C_CR2_ITBUFEN                  I2C_CR2_ITBUFEN         /*!< Buffer interrupts enable *
 161:Drivers/STM32F4xx_HAL_Driver/Inc/stm32f4xx_ll_i2c.h **** #define LL_I2C_CR2_ITERREN                  I2C_CR2_ITERREN         /*!< Error interrupts enable  *
 162:Drivers/STM32F4xx_HAL_Driver/Inc/stm32f4xx_ll_i2c.h **** /**
 163:Drivers/STM32F4xx_HAL_Driver/Inc/stm32f4xx_ll_i2c.h ****   * @}
 164:Drivers/STM32F4xx_HAL_Driver/Inc/stm32f4xx_ll_i2c.h ****   */
 165:Drivers/STM32F4xx_HAL_Driver/Inc/stm32f4xx_ll_i2c.h **** 
 166:Drivers/STM32F4xx_HAL_Driver/Inc/stm32f4xx_ll_i2c.h **** #if defined(I2C_FLTR_ANOFF)
 167:Drivers/STM32F4xx_HAL_Driver/Inc/stm32f4xx_ll_i2c.h **** /** @defgroup I2C_LL_EC_ANALOGFILTER_SELECTION  Analog Filter Selection
 168:Drivers/STM32F4xx_HAL_Driver/Inc/stm32f4xx_ll_i2c.h ****   * @{
 169:Drivers/STM32F4xx_HAL_Driver/Inc/stm32f4xx_ll_i2c.h ****   */
 170:Drivers/STM32F4xx_HAL_Driver/Inc/stm32f4xx_ll_i2c.h **** #define LL_I2C_ANALOGFILTER_ENABLE          0x00000000U             /*!< Analog filter is enabled. 
 171:Drivers/STM32F4xx_HAL_Driver/Inc/stm32f4xx_ll_i2c.h **** #define LL_I2C_ANALOGFILTER_DISABLE         I2C_FLTR_ANOFF          /*!< Analog filter is disabled.
 172:Drivers/STM32F4xx_HAL_Driver/Inc/stm32f4xx_ll_i2c.h **** /**
 173:Drivers/STM32F4xx_HAL_Driver/Inc/stm32f4xx_ll_i2c.h ****   * @}
 174:Drivers/STM32F4xx_HAL_Driver/Inc/stm32f4xx_ll_i2c.h ****   */
 175:Drivers/STM32F4xx_HAL_Driver/Inc/stm32f4xx_ll_i2c.h **** 
 176:Drivers/STM32F4xx_HAL_Driver/Inc/stm32f4xx_ll_i2c.h **** #endif
 177:Drivers/STM32F4xx_HAL_Driver/Inc/stm32f4xx_ll_i2c.h **** /** @defgroup I2C_LL_EC_OWNADDRESS1 Own Address 1 Length
 178:Drivers/STM32F4xx_HAL_Driver/Inc/stm32f4xx_ll_i2c.h ****   * @{
 179:Drivers/STM32F4xx_HAL_Driver/Inc/stm32f4xx_ll_i2c.h ****   */
 180:Drivers/STM32F4xx_HAL_Driver/Inc/stm32f4xx_ll_i2c.h **** #define LL_I2C_OWNADDRESS1_7BIT             0x00004000U                                /*!< Own add
 181:Drivers/STM32F4xx_HAL_Driver/Inc/stm32f4xx_ll_i2c.h **** #define LL_I2C_OWNADDRESS1_10BIT            (uint32_t)(I2C_OAR1_ADDMODE | 0x00004000U) /*!< Own add
 182:Drivers/STM32F4xx_HAL_Driver/Inc/stm32f4xx_ll_i2c.h **** /**
 183:Drivers/STM32F4xx_HAL_Driver/Inc/stm32f4xx_ll_i2c.h ****   * @}
 184:Drivers/STM32F4xx_HAL_Driver/Inc/stm32f4xx_ll_i2c.h ****   */
 185:Drivers/STM32F4xx_HAL_Driver/Inc/stm32f4xx_ll_i2c.h **** 
 186:Drivers/STM32F4xx_HAL_Driver/Inc/stm32f4xx_ll_i2c.h **** /** @defgroup I2C_LL_EC_DUTYCYCLE Fast Mode Duty Cycle
 187:Drivers/STM32F4xx_HAL_Driver/Inc/stm32f4xx_ll_i2c.h ****   * @{
 188:Drivers/STM32F4xx_HAL_Driver/Inc/stm32f4xx_ll_i2c.h ****   */
 189:Drivers/STM32F4xx_HAL_Driver/Inc/stm32f4xx_ll_i2c.h **** #define LL_I2C_DUTYCYCLE_2                  0x00000000U             /*!< I2C fast mode Tlow/Thigh =
 190:Drivers/STM32F4xx_HAL_Driver/Inc/stm32f4xx_ll_i2c.h **** #define LL_I2C_DUTYCYCLE_16_9               I2C_CCR_DUTY            /*!< I2C fast mode Tlow/Thigh =
 191:Drivers/STM32F4xx_HAL_Driver/Inc/stm32f4xx_ll_i2c.h **** /**
 192:Drivers/STM32F4xx_HAL_Driver/Inc/stm32f4xx_ll_i2c.h ****   * @}
 193:Drivers/STM32F4xx_HAL_Driver/Inc/stm32f4xx_ll_i2c.h ****   */
 194:Drivers/STM32F4xx_HAL_Driver/Inc/stm32f4xx_ll_i2c.h **** 
 195:Drivers/STM32F4xx_HAL_Driver/Inc/stm32f4xx_ll_i2c.h **** /** @defgroup I2C_LL_EC_CLOCK_SPEED_MODE Master Clock Speed Mode
 196:Drivers/STM32F4xx_HAL_Driver/Inc/stm32f4xx_ll_i2c.h ****   * @{
 197:Drivers/STM32F4xx_HAL_Driver/Inc/stm32f4xx_ll_i2c.h ****   */
 198:Drivers/STM32F4xx_HAL_Driver/Inc/stm32f4xx_ll_i2c.h **** #define LL_I2C_CLOCK_SPEED_STANDARD_MODE    0x00000000U             /*!< Master clock speed range i
 199:Drivers/STM32F4xx_HAL_Driver/Inc/stm32f4xx_ll_i2c.h **** #define LL_I2C_CLOCK_SPEED_FAST_MODE        I2C_CCR_FS              /*!< Master clock speed range i
 200:Drivers/STM32F4xx_HAL_Driver/Inc/stm32f4xx_ll_i2c.h **** /**
ARM GAS  C:\Users\chris\AppData\Local\Temp\ccHvCGBe.s 			page 5


 201:Drivers/STM32F4xx_HAL_Driver/Inc/stm32f4xx_ll_i2c.h ****   * @}
 202:Drivers/STM32F4xx_HAL_Driver/Inc/stm32f4xx_ll_i2c.h ****   */
 203:Drivers/STM32F4xx_HAL_Driver/Inc/stm32f4xx_ll_i2c.h **** 
 204:Drivers/STM32F4xx_HAL_Driver/Inc/stm32f4xx_ll_i2c.h **** /** @defgroup I2C_LL_EC_PERIPHERAL_MODE Peripheral Mode
 205:Drivers/STM32F4xx_HAL_Driver/Inc/stm32f4xx_ll_i2c.h ****   * @{
 206:Drivers/STM32F4xx_HAL_Driver/Inc/stm32f4xx_ll_i2c.h ****   */
 207:Drivers/STM32F4xx_HAL_Driver/Inc/stm32f4xx_ll_i2c.h **** #define LL_I2C_MODE_I2C                     0x00000000U                                            
 208:Drivers/STM32F4xx_HAL_Driver/Inc/stm32f4xx_ll_i2c.h **** #define LL_I2C_MODE_SMBUS_HOST              (uint32_t)(I2C_CR1_SMBUS | I2C_CR1_SMBTYPE | I2C_CR1_EN
 209:Drivers/STM32F4xx_HAL_Driver/Inc/stm32f4xx_ll_i2c.h **** #define LL_I2C_MODE_SMBUS_DEVICE            I2C_CR1_SMBUS                                          
 210:Drivers/STM32F4xx_HAL_Driver/Inc/stm32f4xx_ll_i2c.h **** #define LL_I2C_MODE_SMBUS_DEVICE_ARP        (uint32_t)(I2C_CR1_SMBUS | I2C_CR1_ENARP)              
 211:Drivers/STM32F4xx_HAL_Driver/Inc/stm32f4xx_ll_i2c.h **** /**
 212:Drivers/STM32F4xx_HAL_Driver/Inc/stm32f4xx_ll_i2c.h ****   * @}
 213:Drivers/STM32F4xx_HAL_Driver/Inc/stm32f4xx_ll_i2c.h ****   */
 214:Drivers/STM32F4xx_HAL_Driver/Inc/stm32f4xx_ll_i2c.h **** 
 215:Drivers/STM32F4xx_HAL_Driver/Inc/stm32f4xx_ll_i2c.h **** /** @defgroup I2C_LL_EC_I2C_ACKNOWLEDGE Acknowledge Generation
 216:Drivers/STM32F4xx_HAL_Driver/Inc/stm32f4xx_ll_i2c.h ****   * @{
 217:Drivers/STM32F4xx_HAL_Driver/Inc/stm32f4xx_ll_i2c.h ****   */
 218:Drivers/STM32F4xx_HAL_Driver/Inc/stm32f4xx_ll_i2c.h **** #define LL_I2C_ACK                          I2C_CR1_ACK             /*!< ACK is sent after current 
 219:Drivers/STM32F4xx_HAL_Driver/Inc/stm32f4xx_ll_i2c.h **** #define LL_I2C_NACK                         0x00000000U             /*!< NACK is sent after current
 220:Drivers/STM32F4xx_HAL_Driver/Inc/stm32f4xx_ll_i2c.h **** /**
 221:Drivers/STM32F4xx_HAL_Driver/Inc/stm32f4xx_ll_i2c.h ****   * @}
 222:Drivers/STM32F4xx_HAL_Driver/Inc/stm32f4xx_ll_i2c.h ****   */
 223:Drivers/STM32F4xx_HAL_Driver/Inc/stm32f4xx_ll_i2c.h **** 
 224:Drivers/STM32F4xx_HAL_Driver/Inc/stm32f4xx_ll_i2c.h **** /** @defgroup I2C_LL_EC_DIRECTION Read Write Direction
 225:Drivers/STM32F4xx_HAL_Driver/Inc/stm32f4xx_ll_i2c.h ****   * @{
 226:Drivers/STM32F4xx_HAL_Driver/Inc/stm32f4xx_ll_i2c.h ****   */
 227:Drivers/STM32F4xx_HAL_Driver/Inc/stm32f4xx_ll_i2c.h **** #define LL_I2C_DIRECTION_WRITE              I2C_SR2_TRA             /*!< Bus is in write transfer *
 228:Drivers/STM32F4xx_HAL_Driver/Inc/stm32f4xx_ll_i2c.h **** #define LL_I2C_DIRECTION_READ               0x00000000U             /*!< Bus is in read transfer  *
 229:Drivers/STM32F4xx_HAL_Driver/Inc/stm32f4xx_ll_i2c.h **** /**
 230:Drivers/STM32F4xx_HAL_Driver/Inc/stm32f4xx_ll_i2c.h ****   * @}
 231:Drivers/STM32F4xx_HAL_Driver/Inc/stm32f4xx_ll_i2c.h ****   */
 232:Drivers/STM32F4xx_HAL_Driver/Inc/stm32f4xx_ll_i2c.h **** 
 233:Drivers/STM32F4xx_HAL_Driver/Inc/stm32f4xx_ll_i2c.h **** /**
 234:Drivers/STM32F4xx_HAL_Driver/Inc/stm32f4xx_ll_i2c.h ****   * @}
 235:Drivers/STM32F4xx_HAL_Driver/Inc/stm32f4xx_ll_i2c.h ****   */
 236:Drivers/STM32F4xx_HAL_Driver/Inc/stm32f4xx_ll_i2c.h **** 
 237:Drivers/STM32F4xx_HAL_Driver/Inc/stm32f4xx_ll_i2c.h **** /* Exported macro ------------------------------------------------------------*/
 238:Drivers/STM32F4xx_HAL_Driver/Inc/stm32f4xx_ll_i2c.h **** /** @defgroup I2C_LL_Exported_Macros I2C Exported Macros
 239:Drivers/STM32F4xx_HAL_Driver/Inc/stm32f4xx_ll_i2c.h ****   * @{
 240:Drivers/STM32F4xx_HAL_Driver/Inc/stm32f4xx_ll_i2c.h ****   */
 241:Drivers/STM32F4xx_HAL_Driver/Inc/stm32f4xx_ll_i2c.h **** 
 242:Drivers/STM32F4xx_HAL_Driver/Inc/stm32f4xx_ll_i2c.h **** /** @defgroup I2C_LL_EM_WRITE_READ Common Write and read registers Macros
 243:Drivers/STM32F4xx_HAL_Driver/Inc/stm32f4xx_ll_i2c.h ****   * @{
 244:Drivers/STM32F4xx_HAL_Driver/Inc/stm32f4xx_ll_i2c.h ****   */
 245:Drivers/STM32F4xx_HAL_Driver/Inc/stm32f4xx_ll_i2c.h **** 
 246:Drivers/STM32F4xx_HAL_Driver/Inc/stm32f4xx_ll_i2c.h **** /**
 247:Drivers/STM32F4xx_HAL_Driver/Inc/stm32f4xx_ll_i2c.h ****   * @brief  Write a value in I2C register
 248:Drivers/STM32F4xx_HAL_Driver/Inc/stm32f4xx_ll_i2c.h ****   * @param  __INSTANCE__ I2C Instance
 249:Drivers/STM32F4xx_HAL_Driver/Inc/stm32f4xx_ll_i2c.h ****   * @param  __REG__ Register to be written
 250:Drivers/STM32F4xx_HAL_Driver/Inc/stm32f4xx_ll_i2c.h ****   * @param  __VALUE__ Value to be written in the register
 251:Drivers/STM32F4xx_HAL_Driver/Inc/stm32f4xx_ll_i2c.h ****   * @retval None
 252:Drivers/STM32F4xx_HAL_Driver/Inc/stm32f4xx_ll_i2c.h ****   */
 253:Drivers/STM32F4xx_HAL_Driver/Inc/stm32f4xx_ll_i2c.h **** #define LL_I2C_WriteReg(__INSTANCE__, __REG__, __VALUE__) WRITE_REG(__INSTANCE__->__REG__, (__VALUE
 254:Drivers/STM32F4xx_HAL_Driver/Inc/stm32f4xx_ll_i2c.h **** 
 255:Drivers/STM32F4xx_HAL_Driver/Inc/stm32f4xx_ll_i2c.h **** /**
 256:Drivers/STM32F4xx_HAL_Driver/Inc/stm32f4xx_ll_i2c.h ****   * @brief  Read a value in I2C register
 257:Drivers/STM32F4xx_HAL_Driver/Inc/stm32f4xx_ll_i2c.h ****   * @param  __INSTANCE__ I2C Instance
ARM GAS  C:\Users\chris\AppData\Local\Temp\ccHvCGBe.s 			page 6


 258:Drivers/STM32F4xx_HAL_Driver/Inc/stm32f4xx_ll_i2c.h ****   * @param  __REG__ Register to be read
 259:Drivers/STM32F4xx_HAL_Driver/Inc/stm32f4xx_ll_i2c.h ****   * @retval Register value
 260:Drivers/STM32F4xx_HAL_Driver/Inc/stm32f4xx_ll_i2c.h ****   */
 261:Drivers/STM32F4xx_HAL_Driver/Inc/stm32f4xx_ll_i2c.h **** #define LL_I2C_ReadReg(__INSTANCE__, __REG__) READ_REG(__INSTANCE__->__REG__)
 262:Drivers/STM32F4xx_HAL_Driver/Inc/stm32f4xx_ll_i2c.h **** /**
 263:Drivers/STM32F4xx_HAL_Driver/Inc/stm32f4xx_ll_i2c.h ****   * @}
 264:Drivers/STM32F4xx_HAL_Driver/Inc/stm32f4xx_ll_i2c.h ****   */
 265:Drivers/STM32F4xx_HAL_Driver/Inc/stm32f4xx_ll_i2c.h **** 
 266:Drivers/STM32F4xx_HAL_Driver/Inc/stm32f4xx_ll_i2c.h **** /** @defgroup I2C_LL_EM_Exported_Macros_Helper Exported Macros Helper
 267:Drivers/STM32F4xx_HAL_Driver/Inc/stm32f4xx_ll_i2c.h ****   * @{
 268:Drivers/STM32F4xx_HAL_Driver/Inc/stm32f4xx_ll_i2c.h ****   */
 269:Drivers/STM32F4xx_HAL_Driver/Inc/stm32f4xx_ll_i2c.h **** 
 270:Drivers/STM32F4xx_HAL_Driver/Inc/stm32f4xx_ll_i2c.h **** /**
 271:Drivers/STM32F4xx_HAL_Driver/Inc/stm32f4xx_ll_i2c.h ****   * @brief  Convert Peripheral Clock Frequency in Mhz.
 272:Drivers/STM32F4xx_HAL_Driver/Inc/stm32f4xx_ll_i2c.h ****   * @param  __PCLK__ This parameter must be a value of peripheral clock (in Hz).
 273:Drivers/STM32F4xx_HAL_Driver/Inc/stm32f4xx_ll_i2c.h ****   * @retval Value of peripheral clock (in Mhz)
 274:Drivers/STM32F4xx_HAL_Driver/Inc/stm32f4xx_ll_i2c.h ****   */
 275:Drivers/STM32F4xx_HAL_Driver/Inc/stm32f4xx_ll_i2c.h **** #define __LL_I2C_FREQ_HZ_TO_MHZ(__PCLK__)                               (uint32_t)((__PCLK__)/10000
 276:Drivers/STM32F4xx_HAL_Driver/Inc/stm32f4xx_ll_i2c.h **** 
 277:Drivers/STM32F4xx_HAL_Driver/Inc/stm32f4xx_ll_i2c.h **** /**
 278:Drivers/STM32F4xx_HAL_Driver/Inc/stm32f4xx_ll_i2c.h ****   * @brief  Convert Peripheral Clock Frequency in Hz.
 279:Drivers/STM32F4xx_HAL_Driver/Inc/stm32f4xx_ll_i2c.h ****   * @param  __PCLK__ This parameter must be a value of peripheral clock (in Mhz).
 280:Drivers/STM32F4xx_HAL_Driver/Inc/stm32f4xx_ll_i2c.h ****   * @retval Value of peripheral clock (in Hz)
 281:Drivers/STM32F4xx_HAL_Driver/Inc/stm32f4xx_ll_i2c.h ****   */
 282:Drivers/STM32F4xx_HAL_Driver/Inc/stm32f4xx_ll_i2c.h **** #define __LL_I2C_FREQ_MHZ_TO_HZ(__PCLK__)                               (uint32_t)((__PCLK__)*10000
 283:Drivers/STM32F4xx_HAL_Driver/Inc/stm32f4xx_ll_i2c.h **** 
 284:Drivers/STM32F4xx_HAL_Driver/Inc/stm32f4xx_ll_i2c.h **** /**
 285:Drivers/STM32F4xx_HAL_Driver/Inc/stm32f4xx_ll_i2c.h ****   * @brief  Compute I2C Clock rising time.
 286:Drivers/STM32F4xx_HAL_Driver/Inc/stm32f4xx_ll_i2c.h ****   * @param  __FREQRANGE__ This parameter must be a value of peripheral clock (in Mhz).
 287:Drivers/STM32F4xx_HAL_Driver/Inc/stm32f4xx_ll_i2c.h ****   * @param  __SPEED__ This parameter must be a value lower than 400kHz (in Hz).
 288:Drivers/STM32F4xx_HAL_Driver/Inc/stm32f4xx_ll_i2c.h ****   * @retval Value between Min_Data=0x02 and Max_Data=0x3F
 289:Drivers/STM32F4xx_HAL_Driver/Inc/stm32f4xx_ll_i2c.h ****   */
 290:Drivers/STM32F4xx_HAL_Driver/Inc/stm32f4xx_ll_i2c.h **** #define __LL_I2C_RISE_TIME(__FREQRANGE__, __SPEED__)                    (uint32_t)(((__SPEED__) <= 
 291:Drivers/STM32F4xx_HAL_Driver/Inc/stm32f4xx_ll_i2c.h **** 
 292:Drivers/STM32F4xx_HAL_Driver/Inc/stm32f4xx_ll_i2c.h **** /**
 293:Drivers/STM32F4xx_HAL_Driver/Inc/stm32f4xx_ll_i2c.h ****   * @brief  Compute Speed clock range to a Clock Control Register (I2C_CCR_CCR) value.
 294:Drivers/STM32F4xx_HAL_Driver/Inc/stm32f4xx_ll_i2c.h ****   * @param  __PCLK__ This parameter must be a value of peripheral clock (in Hz).
 295:Drivers/STM32F4xx_HAL_Driver/Inc/stm32f4xx_ll_i2c.h ****   * @param  __SPEED__ This parameter must be a value lower than 400kHz (in Hz).
 296:Drivers/STM32F4xx_HAL_Driver/Inc/stm32f4xx_ll_i2c.h ****   * @param  __DUTYCYCLE__ This parameter can be one of the following values:
 297:Drivers/STM32F4xx_HAL_Driver/Inc/stm32f4xx_ll_i2c.h ****   *         @arg @ref LL_I2C_DUTYCYCLE_2
 298:Drivers/STM32F4xx_HAL_Driver/Inc/stm32f4xx_ll_i2c.h ****   *         @arg @ref LL_I2C_DUTYCYCLE_16_9
 299:Drivers/STM32F4xx_HAL_Driver/Inc/stm32f4xx_ll_i2c.h ****   * @retval Value between Min_Data=0x004 and Max_Data=0xFFF, except in FAST DUTY mode where Min_Dat
 300:Drivers/STM32F4xx_HAL_Driver/Inc/stm32f4xx_ll_i2c.h ****   */
 301:Drivers/STM32F4xx_HAL_Driver/Inc/stm32f4xx_ll_i2c.h **** #define __LL_I2C_SPEED_TO_CCR(__PCLK__, __SPEED__, __DUTYCYCLE__)       (uint32_t)(((__SPEED__) <= 
 302:Drivers/STM32F4xx_HAL_Driver/Inc/stm32f4xx_ll_i2c.h ****                                                                                   (__LL_I2C_SPEED_S
 303:Drivers/STM32F4xx_HAL_Driver/Inc/stm32f4xx_ll_i2c.h ****                                                                                   (__LL_I2C_SPEED_F
 304:Drivers/STM32F4xx_HAL_Driver/Inc/stm32f4xx_ll_i2c.h **** 
 305:Drivers/STM32F4xx_HAL_Driver/Inc/stm32f4xx_ll_i2c.h **** /**
 306:Drivers/STM32F4xx_HAL_Driver/Inc/stm32f4xx_ll_i2c.h ****   * @brief  Compute Speed Standard clock range to a Clock Control Register (I2C_CCR_CCR) value.
 307:Drivers/STM32F4xx_HAL_Driver/Inc/stm32f4xx_ll_i2c.h ****   * @param  __PCLK__ This parameter must be a value of peripheral clock (in Hz).
 308:Drivers/STM32F4xx_HAL_Driver/Inc/stm32f4xx_ll_i2c.h ****   * @param  __SPEED__ This parameter must be a value lower than 100kHz (in Hz).
 309:Drivers/STM32F4xx_HAL_Driver/Inc/stm32f4xx_ll_i2c.h ****   * @retval Value between Min_Data=0x004 and Max_Data=0xFFF.
 310:Drivers/STM32F4xx_HAL_Driver/Inc/stm32f4xx_ll_i2c.h ****   */
 311:Drivers/STM32F4xx_HAL_Driver/Inc/stm32f4xx_ll_i2c.h **** #define __LL_I2C_SPEED_STANDARD_TO_CCR(__PCLK__, __SPEED__)             (uint32_t)(((((__PCLK__)/((
 312:Drivers/STM32F4xx_HAL_Driver/Inc/stm32f4xx_ll_i2c.h **** 
 313:Drivers/STM32F4xx_HAL_Driver/Inc/stm32f4xx_ll_i2c.h **** /**
 314:Drivers/STM32F4xx_HAL_Driver/Inc/stm32f4xx_ll_i2c.h ****   * @brief  Compute Speed Fast clock range to a Clock Control Register (I2C_CCR_CCR) value.
ARM GAS  C:\Users\chris\AppData\Local\Temp\ccHvCGBe.s 			page 7


 315:Drivers/STM32F4xx_HAL_Driver/Inc/stm32f4xx_ll_i2c.h ****   * @param  __PCLK__ This parameter must be a value of peripheral clock (in Hz).
 316:Drivers/STM32F4xx_HAL_Driver/Inc/stm32f4xx_ll_i2c.h ****   * @param  __SPEED__ This parameter must be a value between Min_Data=100Khz and Max_Data=400Khz (i
 317:Drivers/STM32F4xx_HAL_Driver/Inc/stm32f4xx_ll_i2c.h ****   * @param  __DUTYCYCLE__ This parameter can be one of the following values:
 318:Drivers/STM32F4xx_HAL_Driver/Inc/stm32f4xx_ll_i2c.h ****   *         @arg @ref LL_I2C_DUTYCYCLE_2
 319:Drivers/STM32F4xx_HAL_Driver/Inc/stm32f4xx_ll_i2c.h ****   *         @arg @ref LL_I2C_DUTYCYCLE_16_9
 320:Drivers/STM32F4xx_HAL_Driver/Inc/stm32f4xx_ll_i2c.h ****   * @retval Value between Min_Data=0x001 and Max_Data=0xFFF
 321:Drivers/STM32F4xx_HAL_Driver/Inc/stm32f4xx_ll_i2c.h ****   */
 322:Drivers/STM32F4xx_HAL_Driver/Inc/stm32f4xx_ll_i2c.h **** #define __LL_I2C_SPEED_FAST_TO_CCR(__PCLK__, __SPEED__, __DUTYCYCLE__)  (uint32_t)(((__DUTYCYCLE__)
 323:Drivers/STM32F4xx_HAL_Driver/Inc/stm32f4xx_ll_i2c.h ****                                                                             (((((__PCLK__) / ((__SP
 324:Drivers/STM32F4xx_HAL_Driver/Inc/stm32f4xx_ll_i2c.h ****                                                                             (((((__PCLK__) / ((__SP
 325:Drivers/STM32F4xx_HAL_Driver/Inc/stm32f4xx_ll_i2c.h **** 
 326:Drivers/STM32F4xx_HAL_Driver/Inc/stm32f4xx_ll_i2c.h **** /**
 327:Drivers/STM32F4xx_HAL_Driver/Inc/stm32f4xx_ll_i2c.h ****   * @brief  Get the Least significant bits of a 10-Bits address.
 328:Drivers/STM32F4xx_HAL_Driver/Inc/stm32f4xx_ll_i2c.h ****   * @param  __ADDRESS__ This parameter must be a value of a 10-Bits slave address.
 329:Drivers/STM32F4xx_HAL_Driver/Inc/stm32f4xx_ll_i2c.h ****   * @retval Value between Min_Data=0x00 and Max_Data=0xFF
 330:Drivers/STM32F4xx_HAL_Driver/Inc/stm32f4xx_ll_i2c.h ****   */
 331:Drivers/STM32F4xx_HAL_Driver/Inc/stm32f4xx_ll_i2c.h **** #define __LL_I2C_10BIT_ADDRESS(__ADDRESS__)                             ((uint8_t)((uint16_t)((__AD
 332:Drivers/STM32F4xx_HAL_Driver/Inc/stm32f4xx_ll_i2c.h **** 
 333:Drivers/STM32F4xx_HAL_Driver/Inc/stm32f4xx_ll_i2c.h **** /**
 334:Drivers/STM32F4xx_HAL_Driver/Inc/stm32f4xx_ll_i2c.h ****   * @brief  Convert a 10-Bits address to a 10-Bits header with Write direction.
 335:Drivers/STM32F4xx_HAL_Driver/Inc/stm32f4xx_ll_i2c.h ****   * @param  __ADDRESS__ This parameter must be a value of a 10-Bits slave address.
 336:Drivers/STM32F4xx_HAL_Driver/Inc/stm32f4xx_ll_i2c.h ****   * @retval Value between Min_Data=0xF0 and Max_Data=0xF6
 337:Drivers/STM32F4xx_HAL_Driver/Inc/stm32f4xx_ll_i2c.h ****   */
 338:Drivers/STM32F4xx_HAL_Driver/Inc/stm32f4xx_ll_i2c.h **** #define __LL_I2C_10BIT_HEADER_WRITE(__ADDRESS__)                        ((uint8_t)((uint16_t)((uint
 339:Drivers/STM32F4xx_HAL_Driver/Inc/stm32f4xx_ll_i2c.h **** 
 340:Drivers/STM32F4xx_HAL_Driver/Inc/stm32f4xx_ll_i2c.h **** /**
 341:Drivers/STM32F4xx_HAL_Driver/Inc/stm32f4xx_ll_i2c.h ****   * @brief  Convert a 10-Bits address to a 10-Bits header with Read direction.
 342:Drivers/STM32F4xx_HAL_Driver/Inc/stm32f4xx_ll_i2c.h ****   * @param  __ADDRESS__ This parameter must be a value of a 10-Bits slave address.
 343:Drivers/STM32F4xx_HAL_Driver/Inc/stm32f4xx_ll_i2c.h ****   * @retval Value between Min_Data=0xF1 and Max_Data=0xF7
 344:Drivers/STM32F4xx_HAL_Driver/Inc/stm32f4xx_ll_i2c.h ****   */
 345:Drivers/STM32F4xx_HAL_Driver/Inc/stm32f4xx_ll_i2c.h **** #define __LL_I2C_10BIT_HEADER_READ(__ADDRESS__)                         ((uint8_t)((uint16_t)((uint
 346:Drivers/STM32F4xx_HAL_Driver/Inc/stm32f4xx_ll_i2c.h **** 
 347:Drivers/STM32F4xx_HAL_Driver/Inc/stm32f4xx_ll_i2c.h **** /**
 348:Drivers/STM32F4xx_HAL_Driver/Inc/stm32f4xx_ll_i2c.h ****   * @}
 349:Drivers/STM32F4xx_HAL_Driver/Inc/stm32f4xx_ll_i2c.h ****   */
 350:Drivers/STM32F4xx_HAL_Driver/Inc/stm32f4xx_ll_i2c.h **** 
 351:Drivers/STM32F4xx_HAL_Driver/Inc/stm32f4xx_ll_i2c.h **** /**
 352:Drivers/STM32F4xx_HAL_Driver/Inc/stm32f4xx_ll_i2c.h ****   * @}
 353:Drivers/STM32F4xx_HAL_Driver/Inc/stm32f4xx_ll_i2c.h ****   */
 354:Drivers/STM32F4xx_HAL_Driver/Inc/stm32f4xx_ll_i2c.h **** 
 355:Drivers/STM32F4xx_HAL_Driver/Inc/stm32f4xx_ll_i2c.h **** /* Exported functions --------------------------------------------------------*/
 356:Drivers/STM32F4xx_HAL_Driver/Inc/stm32f4xx_ll_i2c.h **** 
 357:Drivers/STM32F4xx_HAL_Driver/Inc/stm32f4xx_ll_i2c.h **** /** @defgroup I2C_LL_Exported_Functions I2C Exported Functions
 358:Drivers/STM32F4xx_HAL_Driver/Inc/stm32f4xx_ll_i2c.h ****   * @{
 359:Drivers/STM32F4xx_HAL_Driver/Inc/stm32f4xx_ll_i2c.h ****   */
 360:Drivers/STM32F4xx_HAL_Driver/Inc/stm32f4xx_ll_i2c.h **** 
 361:Drivers/STM32F4xx_HAL_Driver/Inc/stm32f4xx_ll_i2c.h **** /** @defgroup I2C_LL_EF_Configuration Configuration
 362:Drivers/STM32F4xx_HAL_Driver/Inc/stm32f4xx_ll_i2c.h ****   * @{
 363:Drivers/STM32F4xx_HAL_Driver/Inc/stm32f4xx_ll_i2c.h ****   */
 364:Drivers/STM32F4xx_HAL_Driver/Inc/stm32f4xx_ll_i2c.h **** 
 365:Drivers/STM32F4xx_HAL_Driver/Inc/stm32f4xx_ll_i2c.h **** /**
 366:Drivers/STM32F4xx_HAL_Driver/Inc/stm32f4xx_ll_i2c.h ****   * @brief  Enable I2C peripheral (PE = 1).
 367:Drivers/STM32F4xx_HAL_Driver/Inc/stm32f4xx_ll_i2c.h ****   * @rmtoll CR1          PE            LL_I2C_Enable
 368:Drivers/STM32F4xx_HAL_Driver/Inc/stm32f4xx_ll_i2c.h ****   * @param  I2Cx I2C Instance.
 369:Drivers/STM32F4xx_HAL_Driver/Inc/stm32f4xx_ll_i2c.h ****   * @retval None
 370:Drivers/STM32F4xx_HAL_Driver/Inc/stm32f4xx_ll_i2c.h ****   */
 371:Drivers/STM32F4xx_HAL_Driver/Inc/stm32f4xx_ll_i2c.h **** __STATIC_INLINE void LL_I2C_Enable(I2C_TypeDef *I2Cx)
ARM GAS  C:\Users\chris\AppData\Local\Temp\ccHvCGBe.s 			page 8


 372:Drivers/STM32F4xx_HAL_Driver/Inc/stm32f4xx_ll_i2c.h **** {
 373:Drivers/STM32F4xx_HAL_Driver/Inc/stm32f4xx_ll_i2c.h ****   SET_BIT(I2Cx->CR1, I2C_CR1_PE);
 374:Drivers/STM32F4xx_HAL_Driver/Inc/stm32f4xx_ll_i2c.h **** }
 375:Drivers/STM32F4xx_HAL_Driver/Inc/stm32f4xx_ll_i2c.h **** 
 376:Drivers/STM32F4xx_HAL_Driver/Inc/stm32f4xx_ll_i2c.h **** /**
 377:Drivers/STM32F4xx_HAL_Driver/Inc/stm32f4xx_ll_i2c.h ****   * @brief  Disable I2C peripheral (PE = 0).
 378:Drivers/STM32F4xx_HAL_Driver/Inc/stm32f4xx_ll_i2c.h ****   * @rmtoll CR1          PE            LL_I2C_Disable
 379:Drivers/STM32F4xx_HAL_Driver/Inc/stm32f4xx_ll_i2c.h ****   * @param  I2Cx I2C Instance.
 380:Drivers/STM32F4xx_HAL_Driver/Inc/stm32f4xx_ll_i2c.h ****   * @retval None
 381:Drivers/STM32F4xx_HAL_Driver/Inc/stm32f4xx_ll_i2c.h ****   */
 382:Drivers/STM32F4xx_HAL_Driver/Inc/stm32f4xx_ll_i2c.h **** __STATIC_INLINE void LL_I2C_Disable(I2C_TypeDef *I2Cx)
 383:Drivers/STM32F4xx_HAL_Driver/Inc/stm32f4xx_ll_i2c.h **** {
 384:Drivers/STM32F4xx_HAL_Driver/Inc/stm32f4xx_ll_i2c.h ****   CLEAR_BIT(I2Cx->CR1, I2C_CR1_PE);
 385:Drivers/STM32F4xx_HAL_Driver/Inc/stm32f4xx_ll_i2c.h **** }
 386:Drivers/STM32F4xx_HAL_Driver/Inc/stm32f4xx_ll_i2c.h **** 
 387:Drivers/STM32F4xx_HAL_Driver/Inc/stm32f4xx_ll_i2c.h **** /**
 388:Drivers/STM32F4xx_HAL_Driver/Inc/stm32f4xx_ll_i2c.h ****   * @brief  Check if the I2C peripheral is enabled or disabled.
 389:Drivers/STM32F4xx_HAL_Driver/Inc/stm32f4xx_ll_i2c.h ****   * @rmtoll CR1          PE            LL_I2C_IsEnabled
 390:Drivers/STM32F4xx_HAL_Driver/Inc/stm32f4xx_ll_i2c.h ****   * @param  I2Cx I2C Instance.
 391:Drivers/STM32F4xx_HAL_Driver/Inc/stm32f4xx_ll_i2c.h ****   * @retval State of bit (1 or 0).
 392:Drivers/STM32F4xx_HAL_Driver/Inc/stm32f4xx_ll_i2c.h ****   */
 393:Drivers/STM32F4xx_HAL_Driver/Inc/stm32f4xx_ll_i2c.h **** __STATIC_INLINE uint32_t LL_I2C_IsEnabled(I2C_TypeDef *I2Cx)
 394:Drivers/STM32F4xx_HAL_Driver/Inc/stm32f4xx_ll_i2c.h **** {
 395:Drivers/STM32F4xx_HAL_Driver/Inc/stm32f4xx_ll_i2c.h ****   return (READ_BIT(I2Cx->CR1, I2C_CR1_PE) == (I2C_CR1_PE));
 396:Drivers/STM32F4xx_HAL_Driver/Inc/stm32f4xx_ll_i2c.h **** }
 397:Drivers/STM32F4xx_HAL_Driver/Inc/stm32f4xx_ll_i2c.h **** 
 398:Drivers/STM32F4xx_HAL_Driver/Inc/stm32f4xx_ll_i2c.h **** #if  defined(I2C_FLTR_ANOFF)&&defined(I2C_FLTR_DNF)
 399:Drivers/STM32F4xx_HAL_Driver/Inc/stm32f4xx_ll_i2c.h **** /**
 400:Drivers/STM32F4xx_HAL_Driver/Inc/stm32f4xx_ll_i2c.h ****   * @brief  Configure Noise Filters (Analog and Digital).
 401:Drivers/STM32F4xx_HAL_Driver/Inc/stm32f4xx_ll_i2c.h ****   * @note   If the analog filter is also enabled, the digital filter is added to analog filter.
 402:Drivers/STM32F4xx_HAL_Driver/Inc/stm32f4xx_ll_i2c.h ****   *         The filters can only be programmed when the I2C is disabled (PE = 0).
 403:Drivers/STM32F4xx_HAL_Driver/Inc/stm32f4xx_ll_i2c.h ****   * @rmtoll FLTR         ANOFF         LL_I2C_ConfigFilters\n
 404:Drivers/STM32F4xx_HAL_Driver/Inc/stm32f4xx_ll_i2c.h ****   *         FLTR         DNF           LL_I2C_ConfigFilters
 405:Drivers/STM32F4xx_HAL_Driver/Inc/stm32f4xx_ll_i2c.h ****   * @param  I2Cx I2C Instance.
 406:Drivers/STM32F4xx_HAL_Driver/Inc/stm32f4xx_ll_i2c.h ****   * @param  AnalogFilter This parameter can be one of the following values:
 407:Drivers/STM32F4xx_HAL_Driver/Inc/stm32f4xx_ll_i2c.h ****   *         @arg @ref LL_I2C_ANALOGFILTER_ENABLE
 408:Drivers/STM32F4xx_HAL_Driver/Inc/stm32f4xx_ll_i2c.h ****   *         @arg @ref LL_I2C_ANALOGFILTER_DISABLE
 409:Drivers/STM32F4xx_HAL_Driver/Inc/stm32f4xx_ll_i2c.h ****   * @param  DigitalFilter This parameter must be a value between Min_Data=0x00 (Digital filter disa
 410:Drivers/STM32F4xx_HAL_Driver/Inc/stm32f4xx_ll_i2c.h ****   *               This parameter is used to configure the digital noise filter on SDA and SCL input
 411:Drivers/STM32F4xx_HAL_Driver/Inc/stm32f4xx_ll_i2c.h ****   * @retval None
 412:Drivers/STM32F4xx_HAL_Driver/Inc/stm32f4xx_ll_i2c.h ****   */
 413:Drivers/STM32F4xx_HAL_Driver/Inc/stm32f4xx_ll_i2c.h **** __STATIC_INLINE void LL_I2C_ConfigFilters(I2C_TypeDef *I2Cx, uint32_t AnalogFilter, uint32_t Digita
 414:Drivers/STM32F4xx_HAL_Driver/Inc/stm32f4xx_ll_i2c.h **** {
 415:Drivers/STM32F4xx_HAL_Driver/Inc/stm32f4xx_ll_i2c.h ****   MODIFY_REG(I2Cx->FLTR, I2C_FLTR_ANOFF | I2C_FLTR_DNF, AnalogFilter | DigitalFilter);
 416:Drivers/STM32F4xx_HAL_Driver/Inc/stm32f4xx_ll_i2c.h **** }
 417:Drivers/STM32F4xx_HAL_Driver/Inc/stm32f4xx_ll_i2c.h **** #endif
 418:Drivers/STM32F4xx_HAL_Driver/Inc/stm32f4xx_ll_i2c.h **** #if defined(I2C_FLTR_DNF)
 419:Drivers/STM32F4xx_HAL_Driver/Inc/stm32f4xx_ll_i2c.h **** 
 420:Drivers/STM32F4xx_HAL_Driver/Inc/stm32f4xx_ll_i2c.h **** /**
 421:Drivers/STM32F4xx_HAL_Driver/Inc/stm32f4xx_ll_i2c.h ****   * @brief  Configure Digital Noise Filter.
 422:Drivers/STM32F4xx_HAL_Driver/Inc/stm32f4xx_ll_i2c.h ****   * @note   If the analog filter is also enabled, the digital filter is added to analog filter.
 423:Drivers/STM32F4xx_HAL_Driver/Inc/stm32f4xx_ll_i2c.h ****   *         This filter can only be programmed when the I2C is disabled (PE = 0).
 424:Drivers/STM32F4xx_HAL_Driver/Inc/stm32f4xx_ll_i2c.h ****   * @rmtoll FLTR         DNF           LL_I2C_SetDigitalFilter
 425:Drivers/STM32F4xx_HAL_Driver/Inc/stm32f4xx_ll_i2c.h ****   * @param  I2Cx I2C Instance.
 426:Drivers/STM32F4xx_HAL_Driver/Inc/stm32f4xx_ll_i2c.h ****   * @param  DigitalFilter This parameter must be a value between Min_Data=0x00 (Digital filter disa
 427:Drivers/STM32F4xx_HAL_Driver/Inc/stm32f4xx_ll_i2c.h ****   *               This parameter is used to configure the digital noise filter on SDA and SCL input
 428:Drivers/STM32F4xx_HAL_Driver/Inc/stm32f4xx_ll_i2c.h ****   * @retval None
ARM GAS  C:\Users\chris\AppData\Local\Temp\ccHvCGBe.s 			page 9


 429:Drivers/STM32F4xx_HAL_Driver/Inc/stm32f4xx_ll_i2c.h ****   */
 430:Drivers/STM32F4xx_HAL_Driver/Inc/stm32f4xx_ll_i2c.h **** __STATIC_INLINE void LL_I2C_SetDigitalFilter(I2C_TypeDef *I2Cx, uint32_t DigitalFilter)
 431:Drivers/STM32F4xx_HAL_Driver/Inc/stm32f4xx_ll_i2c.h **** {
 432:Drivers/STM32F4xx_HAL_Driver/Inc/stm32f4xx_ll_i2c.h ****   MODIFY_REG(I2Cx->FLTR, I2C_FLTR_DNF, DigitalFilter);
 433:Drivers/STM32F4xx_HAL_Driver/Inc/stm32f4xx_ll_i2c.h **** }
 434:Drivers/STM32F4xx_HAL_Driver/Inc/stm32f4xx_ll_i2c.h **** 
 435:Drivers/STM32F4xx_HAL_Driver/Inc/stm32f4xx_ll_i2c.h **** /**
 436:Drivers/STM32F4xx_HAL_Driver/Inc/stm32f4xx_ll_i2c.h ****   * @brief  Get the current Digital Noise Filter configuration.
 437:Drivers/STM32F4xx_HAL_Driver/Inc/stm32f4xx_ll_i2c.h ****   * @rmtoll FLTR         DNF           LL_I2C_GetDigitalFilter
 438:Drivers/STM32F4xx_HAL_Driver/Inc/stm32f4xx_ll_i2c.h ****   * @param  I2Cx I2C Instance.
 439:Drivers/STM32F4xx_HAL_Driver/Inc/stm32f4xx_ll_i2c.h ****   * @retval Value between Min_Data=0x0 and Max_Data=0xF
 440:Drivers/STM32F4xx_HAL_Driver/Inc/stm32f4xx_ll_i2c.h ****   */
 441:Drivers/STM32F4xx_HAL_Driver/Inc/stm32f4xx_ll_i2c.h **** __STATIC_INLINE uint32_t LL_I2C_GetDigitalFilter(I2C_TypeDef *I2Cx)
 442:Drivers/STM32F4xx_HAL_Driver/Inc/stm32f4xx_ll_i2c.h **** {
 443:Drivers/STM32F4xx_HAL_Driver/Inc/stm32f4xx_ll_i2c.h ****   return (uint32_t)(READ_BIT(I2Cx->FLTR, I2C_FLTR_DNF));
 444:Drivers/STM32F4xx_HAL_Driver/Inc/stm32f4xx_ll_i2c.h **** }
 445:Drivers/STM32F4xx_HAL_Driver/Inc/stm32f4xx_ll_i2c.h **** #endif
 446:Drivers/STM32F4xx_HAL_Driver/Inc/stm32f4xx_ll_i2c.h **** #if defined(I2C_FLTR_ANOFF)
 447:Drivers/STM32F4xx_HAL_Driver/Inc/stm32f4xx_ll_i2c.h **** 
 448:Drivers/STM32F4xx_HAL_Driver/Inc/stm32f4xx_ll_i2c.h **** /**
 449:Drivers/STM32F4xx_HAL_Driver/Inc/stm32f4xx_ll_i2c.h ****   * @brief  Enable Analog Noise Filter.
 450:Drivers/STM32F4xx_HAL_Driver/Inc/stm32f4xx_ll_i2c.h ****   * @note   This filter can only be programmed when the I2C is disabled (PE = 0).
 451:Drivers/STM32F4xx_HAL_Driver/Inc/stm32f4xx_ll_i2c.h ****   * @rmtoll FLTR         ANOFF         LL_I2C_EnableAnalogFilter
 452:Drivers/STM32F4xx_HAL_Driver/Inc/stm32f4xx_ll_i2c.h ****   * @param  I2Cx I2C Instance.
 453:Drivers/STM32F4xx_HAL_Driver/Inc/stm32f4xx_ll_i2c.h ****   * @retval None
 454:Drivers/STM32F4xx_HAL_Driver/Inc/stm32f4xx_ll_i2c.h ****   */
 455:Drivers/STM32F4xx_HAL_Driver/Inc/stm32f4xx_ll_i2c.h **** __STATIC_INLINE void LL_I2C_EnableAnalogFilter(I2C_TypeDef *I2Cx)
 456:Drivers/STM32F4xx_HAL_Driver/Inc/stm32f4xx_ll_i2c.h **** {
 457:Drivers/STM32F4xx_HAL_Driver/Inc/stm32f4xx_ll_i2c.h ****   CLEAR_BIT(I2Cx->FLTR, I2C_FLTR_ANOFF);
 458:Drivers/STM32F4xx_HAL_Driver/Inc/stm32f4xx_ll_i2c.h **** }
 459:Drivers/STM32F4xx_HAL_Driver/Inc/stm32f4xx_ll_i2c.h **** 
 460:Drivers/STM32F4xx_HAL_Driver/Inc/stm32f4xx_ll_i2c.h **** /**
 461:Drivers/STM32F4xx_HAL_Driver/Inc/stm32f4xx_ll_i2c.h ****   * @brief  Disable Analog Noise Filter.
 462:Drivers/STM32F4xx_HAL_Driver/Inc/stm32f4xx_ll_i2c.h ****   * @note   This filter can only be programmed when the I2C is disabled (PE = 0).
 463:Drivers/STM32F4xx_HAL_Driver/Inc/stm32f4xx_ll_i2c.h ****   * @rmtoll FLTR         ANOFF         LL_I2C_DisableAnalogFilter
 464:Drivers/STM32F4xx_HAL_Driver/Inc/stm32f4xx_ll_i2c.h ****   * @param  I2Cx I2C Instance.
 465:Drivers/STM32F4xx_HAL_Driver/Inc/stm32f4xx_ll_i2c.h ****   * @retval None
 466:Drivers/STM32F4xx_HAL_Driver/Inc/stm32f4xx_ll_i2c.h ****   */
 467:Drivers/STM32F4xx_HAL_Driver/Inc/stm32f4xx_ll_i2c.h **** __STATIC_INLINE void LL_I2C_DisableAnalogFilter(I2C_TypeDef *I2Cx)
 468:Drivers/STM32F4xx_HAL_Driver/Inc/stm32f4xx_ll_i2c.h **** {
 469:Drivers/STM32F4xx_HAL_Driver/Inc/stm32f4xx_ll_i2c.h ****   SET_BIT(I2Cx->FLTR, I2C_FLTR_ANOFF);
 470:Drivers/STM32F4xx_HAL_Driver/Inc/stm32f4xx_ll_i2c.h **** }
 471:Drivers/STM32F4xx_HAL_Driver/Inc/stm32f4xx_ll_i2c.h **** 
 472:Drivers/STM32F4xx_HAL_Driver/Inc/stm32f4xx_ll_i2c.h **** /**
 473:Drivers/STM32F4xx_HAL_Driver/Inc/stm32f4xx_ll_i2c.h ****   * @brief  Check if Analog Noise Filter is enabled or disabled.
 474:Drivers/STM32F4xx_HAL_Driver/Inc/stm32f4xx_ll_i2c.h ****   * @rmtoll FLTR         ANOFF         LL_I2C_IsEnabledAnalogFilter
 475:Drivers/STM32F4xx_HAL_Driver/Inc/stm32f4xx_ll_i2c.h ****   * @param  I2Cx I2C Instance.
 476:Drivers/STM32F4xx_HAL_Driver/Inc/stm32f4xx_ll_i2c.h ****   * @retval State of bit (1 or 0).
 477:Drivers/STM32F4xx_HAL_Driver/Inc/stm32f4xx_ll_i2c.h ****   */
 478:Drivers/STM32F4xx_HAL_Driver/Inc/stm32f4xx_ll_i2c.h **** __STATIC_INLINE uint32_t LL_I2C_IsEnabledAnalogFilter(I2C_TypeDef *I2Cx)
 479:Drivers/STM32F4xx_HAL_Driver/Inc/stm32f4xx_ll_i2c.h **** {
 480:Drivers/STM32F4xx_HAL_Driver/Inc/stm32f4xx_ll_i2c.h ****   return (READ_BIT(I2Cx->FLTR, I2C_FLTR_ANOFF) == (I2C_FLTR_ANOFF));
 481:Drivers/STM32F4xx_HAL_Driver/Inc/stm32f4xx_ll_i2c.h **** }
 482:Drivers/STM32F4xx_HAL_Driver/Inc/stm32f4xx_ll_i2c.h **** #endif
 483:Drivers/STM32F4xx_HAL_Driver/Inc/stm32f4xx_ll_i2c.h **** 
 484:Drivers/STM32F4xx_HAL_Driver/Inc/stm32f4xx_ll_i2c.h **** /**
 485:Drivers/STM32F4xx_HAL_Driver/Inc/stm32f4xx_ll_i2c.h ****   * @brief  Enable DMA transmission requests.
ARM GAS  C:\Users\chris\AppData\Local\Temp\ccHvCGBe.s 			page 10


 486:Drivers/STM32F4xx_HAL_Driver/Inc/stm32f4xx_ll_i2c.h ****   * @rmtoll CR2          DMAEN         LL_I2C_EnableDMAReq_TX
 487:Drivers/STM32F4xx_HAL_Driver/Inc/stm32f4xx_ll_i2c.h ****   * @param  I2Cx I2C Instance.
 488:Drivers/STM32F4xx_HAL_Driver/Inc/stm32f4xx_ll_i2c.h ****   * @retval None
 489:Drivers/STM32F4xx_HAL_Driver/Inc/stm32f4xx_ll_i2c.h ****   */
 490:Drivers/STM32F4xx_HAL_Driver/Inc/stm32f4xx_ll_i2c.h **** __STATIC_INLINE void LL_I2C_EnableDMAReq_TX(I2C_TypeDef *I2Cx)
 491:Drivers/STM32F4xx_HAL_Driver/Inc/stm32f4xx_ll_i2c.h **** {
 492:Drivers/STM32F4xx_HAL_Driver/Inc/stm32f4xx_ll_i2c.h ****   SET_BIT(I2Cx->CR2, I2C_CR2_DMAEN);
 493:Drivers/STM32F4xx_HAL_Driver/Inc/stm32f4xx_ll_i2c.h **** }
 494:Drivers/STM32F4xx_HAL_Driver/Inc/stm32f4xx_ll_i2c.h **** 
 495:Drivers/STM32F4xx_HAL_Driver/Inc/stm32f4xx_ll_i2c.h **** /**
 496:Drivers/STM32F4xx_HAL_Driver/Inc/stm32f4xx_ll_i2c.h ****   * @brief  Disable DMA transmission requests.
 497:Drivers/STM32F4xx_HAL_Driver/Inc/stm32f4xx_ll_i2c.h ****   * @rmtoll CR2          DMAEN         LL_I2C_DisableDMAReq_TX
 498:Drivers/STM32F4xx_HAL_Driver/Inc/stm32f4xx_ll_i2c.h ****   * @param  I2Cx I2C Instance.
 499:Drivers/STM32F4xx_HAL_Driver/Inc/stm32f4xx_ll_i2c.h ****   * @retval None
 500:Drivers/STM32F4xx_HAL_Driver/Inc/stm32f4xx_ll_i2c.h ****   */
 501:Drivers/STM32F4xx_HAL_Driver/Inc/stm32f4xx_ll_i2c.h **** __STATIC_INLINE void LL_I2C_DisableDMAReq_TX(I2C_TypeDef *I2Cx)
 502:Drivers/STM32F4xx_HAL_Driver/Inc/stm32f4xx_ll_i2c.h **** {
 503:Drivers/STM32F4xx_HAL_Driver/Inc/stm32f4xx_ll_i2c.h ****   CLEAR_BIT(I2Cx->CR2, I2C_CR2_DMAEN);
 504:Drivers/STM32F4xx_HAL_Driver/Inc/stm32f4xx_ll_i2c.h **** }
 505:Drivers/STM32F4xx_HAL_Driver/Inc/stm32f4xx_ll_i2c.h **** 
 506:Drivers/STM32F4xx_HAL_Driver/Inc/stm32f4xx_ll_i2c.h **** /**
 507:Drivers/STM32F4xx_HAL_Driver/Inc/stm32f4xx_ll_i2c.h ****   * @brief  Check if DMA transmission requests are enabled or disabled.
 508:Drivers/STM32F4xx_HAL_Driver/Inc/stm32f4xx_ll_i2c.h ****   * @rmtoll CR2          DMAEN         LL_I2C_IsEnabledDMAReq_TX
 509:Drivers/STM32F4xx_HAL_Driver/Inc/stm32f4xx_ll_i2c.h ****   * @param  I2Cx I2C Instance.
 510:Drivers/STM32F4xx_HAL_Driver/Inc/stm32f4xx_ll_i2c.h ****   * @retval State of bit (1 or 0).
 511:Drivers/STM32F4xx_HAL_Driver/Inc/stm32f4xx_ll_i2c.h ****   */
 512:Drivers/STM32F4xx_HAL_Driver/Inc/stm32f4xx_ll_i2c.h **** __STATIC_INLINE uint32_t LL_I2C_IsEnabledDMAReq_TX(I2C_TypeDef *I2Cx)
 513:Drivers/STM32F4xx_HAL_Driver/Inc/stm32f4xx_ll_i2c.h **** {
 514:Drivers/STM32F4xx_HAL_Driver/Inc/stm32f4xx_ll_i2c.h ****   return (READ_BIT(I2Cx->CR2, I2C_CR2_DMAEN) == (I2C_CR2_DMAEN));
 515:Drivers/STM32F4xx_HAL_Driver/Inc/stm32f4xx_ll_i2c.h **** }
 516:Drivers/STM32F4xx_HAL_Driver/Inc/stm32f4xx_ll_i2c.h **** 
 517:Drivers/STM32F4xx_HAL_Driver/Inc/stm32f4xx_ll_i2c.h **** /**
 518:Drivers/STM32F4xx_HAL_Driver/Inc/stm32f4xx_ll_i2c.h ****   * @brief  Enable DMA reception requests.
 519:Drivers/STM32F4xx_HAL_Driver/Inc/stm32f4xx_ll_i2c.h ****   * @rmtoll CR2          DMAEN         LL_I2C_EnableDMAReq_RX
 520:Drivers/STM32F4xx_HAL_Driver/Inc/stm32f4xx_ll_i2c.h ****   * @param  I2Cx I2C Instance.
 521:Drivers/STM32F4xx_HAL_Driver/Inc/stm32f4xx_ll_i2c.h ****   * @retval None
 522:Drivers/STM32F4xx_HAL_Driver/Inc/stm32f4xx_ll_i2c.h ****   */
 523:Drivers/STM32F4xx_HAL_Driver/Inc/stm32f4xx_ll_i2c.h **** __STATIC_INLINE void LL_I2C_EnableDMAReq_RX(I2C_TypeDef *I2Cx)
 524:Drivers/STM32F4xx_HAL_Driver/Inc/stm32f4xx_ll_i2c.h **** {
 525:Drivers/STM32F4xx_HAL_Driver/Inc/stm32f4xx_ll_i2c.h ****   SET_BIT(I2Cx->CR2, I2C_CR2_DMAEN);
 526:Drivers/STM32F4xx_HAL_Driver/Inc/stm32f4xx_ll_i2c.h **** }
 527:Drivers/STM32F4xx_HAL_Driver/Inc/stm32f4xx_ll_i2c.h **** 
 528:Drivers/STM32F4xx_HAL_Driver/Inc/stm32f4xx_ll_i2c.h **** /**
 529:Drivers/STM32F4xx_HAL_Driver/Inc/stm32f4xx_ll_i2c.h ****   * @brief  Disable DMA reception requests.
 530:Drivers/STM32F4xx_HAL_Driver/Inc/stm32f4xx_ll_i2c.h ****   * @rmtoll CR2          DMAEN         LL_I2C_DisableDMAReq_RX
 531:Drivers/STM32F4xx_HAL_Driver/Inc/stm32f4xx_ll_i2c.h ****   * @param  I2Cx I2C Instance.
 532:Drivers/STM32F4xx_HAL_Driver/Inc/stm32f4xx_ll_i2c.h ****   * @retval None
 533:Drivers/STM32F4xx_HAL_Driver/Inc/stm32f4xx_ll_i2c.h ****   */
 534:Drivers/STM32F4xx_HAL_Driver/Inc/stm32f4xx_ll_i2c.h **** __STATIC_INLINE void LL_I2C_DisableDMAReq_RX(I2C_TypeDef *I2Cx)
 535:Drivers/STM32F4xx_HAL_Driver/Inc/stm32f4xx_ll_i2c.h **** {
 536:Drivers/STM32F4xx_HAL_Driver/Inc/stm32f4xx_ll_i2c.h ****   CLEAR_BIT(I2Cx->CR2, I2C_CR2_DMAEN);
 537:Drivers/STM32F4xx_HAL_Driver/Inc/stm32f4xx_ll_i2c.h **** }
 538:Drivers/STM32F4xx_HAL_Driver/Inc/stm32f4xx_ll_i2c.h **** 
 539:Drivers/STM32F4xx_HAL_Driver/Inc/stm32f4xx_ll_i2c.h **** /**
 540:Drivers/STM32F4xx_HAL_Driver/Inc/stm32f4xx_ll_i2c.h ****   * @brief  Check if DMA reception requests are enabled or disabled.
 541:Drivers/STM32F4xx_HAL_Driver/Inc/stm32f4xx_ll_i2c.h ****   * @rmtoll CR2          DMAEN         LL_I2C_IsEnabledDMAReq_RX
 542:Drivers/STM32F4xx_HAL_Driver/Inc/stm32f4xx_ll_i2c.h ****   * @param  I2Cx I2C Instance.
ARM GAS  C:\Users\chris\AppData\Local\Temp\ccHvCGBe.s 			page 11


 543:Drivers/STM32F4xx_HAL_Driver/Inc/stm32f4xx_ll_i2c.h ****   * @retval State of bit (1 or 0).
 544:Drivers/STM32F4xx_HAL_Driver/Inc/stm32f4xx_ll_i2c.h ****   */
 545:Drivers/STM32F4xx_HAL_Driver/Inc/stm32f4xx_ll_i2c.h **** __STATIC_INLINE uint32_t LL_I2C_IsEnabledDMAReq_RX(I2C_TypeDef *I2Cx)
 546:Drivers/STM32F4xx_HAL_Driver/Inc/stm32f4xx_ll_i2c.h **** {
 547:Drivers/STM32F4xx_HAL_Driver/Inc/stm32f4xx_ll_i2c.h ****   return (READ_BIT(I2Cx->CR2, I2C_CR2_DMAEN) == (I2C_CR2_DMAEN));
 548:Drivers/STM32F4xx_HAL_Driver/Inc/stm32f4xx_ll_i2c.h **** }
 549:Drivers/STM32F4xx_HAL_Driver/Inc/stm32f4xx_ll_i2c.h **** 
 550:Drivers/STM32F4xx_HAL_Driver/Inc/stm32f4xx_ll_i2c.h **** /**
 551:Drivers/STM32F4xx_HAL_Driver/Inc/stm32f4xx_ll_i2c.h ****   * @brief  Get the data register address used for DMA transfer.
 552:Drivers/STM32F4xx_HAL_Driver/Inc/stm32f4xx_ll_i2c.h ****   * @rmtoll DR           DR            LL_I2C_DMA_GetRegAddr
 553:Drivers/STM32F4xx_HAL_Driver/Inc/stm32f4xx_ll_i2c.h ****   * @param  I2Cx I2C Instance.
 554:Drivers/STM32F4xx_HAL_Driver/Inc/stm32f4xx_ll_i2c.h ****   * @retval Address of data register
 555:Drivers/STM32F4xx_HAL_Driver/Inc/stm32f4xx_ll_i2c.h ****   */
 556:Drivers/STM32F4xx_HAL_Driver/Inc/stm32f4xx_ll_i2c.h **** __STATIC_INLINE uint32_t LL_I2C_DMA_GetRegAddr(I2C_TypeDef *I2Cx)
 557:Drivers/STM32F4xx_HAL_Driver/Inc/stm32f4xx_ll_i2c.h **** {
 558:Drivers/STM32F4xx_HAL_Driver/Inc/stm32f4xx_ll_i2c.h ****   return (uint32_t) & (I2Cx->DR);
 559:Drivers/STM32F4xx_HAL_Driver/Inc/stm32f4xx_ll_i2c.h **** }
 560:Drivers/STM32F4xx_HAL_Driver/Inc/stm32f4xx_ll_i2c.h **** 
 561:Drivers/STM32F4xx_HAL_Driver/Inc/stm32f4xx_ll_i2c.h **** /**
 562:Drivers/STM32F4xx_HAL_Driver/Inc/stm32f4xx_ll_i2c.h ****   * @brief  Enable Clock stretching.
 563:Drivers/STM32F4xx_HAL_Driver/Inc/stm32f4xx_ll_i2c.h ****   * @note   This bit can only be programmed when the I2C is disabled (PE = 0).
 564:Drivers/STM32F4xx_HAL_Driver/Inc/stm32f4xx_ll_i2c.h ****   * @rmtoll CR1          NOSTRETCH     LL_I2C_EnableClockStretching
 565:Drivers/STM32F4xx_HAL_Driver/Inc/stm32f4xx_ll_i2c.h ****   * @param  I2Cx I2C Instance.
 566:Drivers/STM32F4xx_HAL_Driver/Inc/stm32f4xx_ll_i2c.h ****   * @retval None
 567:Drivers/STM32F4xx_HAL_Driver/Inc/stm32f4xx_ll_i2c.h ****   */
 568:Drivers/STM32F4xx_HAL_Driver/Inc/stm32f4xx_ll_i2c.h **** __STATIC_INLINE void LL_I2C_EnableClockStretching(I2C_TypeDef *I2Cx)
 569:Drivers/STM32F4xx_HAL_Driver/Inc/stm32f4xx_ll_i2c.h **** {
 570:Drivers/STM32F4xx_HAL_Driver/Inc/stm32f4xx_ll_i2c.h ****   CLEAR_BIT(I2Cx->CR1, I2C_CR1_NOSTRETCH);
 571:Drivers/STM32F4xx_HAL_Driver/Inc/stm32f4xx_ll_i2c.h **** }
 572:Drivers/STM32F4xx_HAL_Driver/Inc/stm32f4xx_ll_i2c.h **** 
 573:Drivers/STM32F4xx_HAL_Driver/Inc/stm32f4xx_ll_i2c.h **** /**
 574:Drivers/STM32F4xx_HAL_Driver/Inc/stm32f4xx_ll_i2c.h ****   * @brief  Disable Clock stretching.
 575:Drivers/STM32F4xx_HAL_Driver/Inc/stm32f4xx_ll_i2c.h ****   * @note   This bit can only be programmed when the I2C is disabled (PE = 0).
 576:Drivers/STM32F4xx_HAL_Driver/Inc/stm32f4xx_ll_i2c.h ****   * @rmtoll CR1          NOSTRETCH     LL_I2C_DisableClockStretching
 577:Drivers/STM32F4xx_HAL_Driver/Inc/stm32f4xx_ll_i2c.h ****   * @param  I2Cx I2C Instance.
 578:Drivers/STM32F4xx_HAL_Driver/Inc/stm32f4xx_ll_i2c.h ****   * @retval None
 579:Drivers/STM32F4xx_HAL_Driver/Inc/stm32f4xx_ll_i2c.h ****   */
 580:Drivers/STM32F4xx_HAL_Driver/Inc/stm32f4xx_ll_i2c.h **** __STATIC_INLINE void LL_I2C_DisableClockStretching(I2C_TypeDef *I2Cx)
 581:Drivers/STM32F4xx_HAL_Driver/Inc/stm32f4xx_ll_i2c.h **** {
 582:Drivers/STM32F4xx_HAL_Driver/Inc/stm32f4xx_ll_i2c.h ****   SET_BIT(I2Cx->CR1, I2C_CR1_NOSTRETCH);
 583:Drivers/STM32F4xx_HAL_Driver/Inc/stm32f4xx_ll_i2c.h **** }
 584:Drivers/STM32F4xx_HAL_Driver/Inc/stm32f4xx_ll_i2c.h **** 
 585:Drivers/STM32F4xx_HAL_Driver/Inc/stm32f4xx_ll_i2c.h **** /**
 586:Drivers/STM32F4xx_HAL_Driver/Inc/stm32f4xx_ll_i2c.h ****   * @brief  Check if Clock stretching is enabled or disabled.
 587:Drivers/STM32F4xx_HAL_Driver/Inc/stm32f4xx_ll_i2c.h ****   * @rmtoll CR1          NOSTRETCH     LL_I2C_IsEnabledClockStretching
 588:Drivers/STM32F4xx_HAL_Driver/Inc/stm32f4xx_ll_i2c.h ****   * @param  I2Cx I2C Instance.
 589:Drivers/STM32F4xx_HAL_Driver/Inc/stm32f4xx_ll_i2c.h ****   * @retval State of bit (1 or 0).
 590:Drivers/STM32F4xx_HAL_Driver/Inc/stm32f4xx_ll_i2c.h ****   */
 591:Drivers/STM32F4xx_HAL_Driver/Inc/stm32f4xx_ll_i2c.h **** __STATIC_INLINE uint32_t LL_I2C_IsEnabledClockStretching(I2C_TypeDef *I2Cx)
 592:Drivers/STM32F4xx_HAL_Driver/Inc/stm32f4xx_ll_i2c.h **** {
 593:Drivers/STM32F4xx_HAL_Driver/Inc/stm32f4xx_ll_i2c.h ****   return (READ_BIT(I2Cx->CR1, I2C_CR1_NOSTRETCH) != (I2C_CR1_NOSTRETCH));
 594:Drivers/STM32F4xx_HAL_Driver/Inc/stm32f4xx_ll_i2c.h **** }
 595:Drivers/STM32F4xx_HAL_Driver/Inc/stm32f4xx_ll_i2c.h **** 
 596:Drivers/STM32F4xx_HAL_Driver/Inc/stm32f4xx_ll_i2c.h **** /**
 597:Drivers/STM32F4xx_HAL_Driver/Inc/stm32f4xx_ll_i2c.h ****   * @brief  Enable General Call.
 598:Drivers/STM32F4xx_HAL_Driver/Inc/stm32f4xx_ll_i2c.h ****   * @note   When enabled the Address 0x00 is ACKed.
 599:Drivers/STM32F4xx_HAL_Driver/Inc/stm32f4xx_ll_i2c.h ****   * @rmtoll CR1          ENGC          LL_I2C_EnableGeneralCall
ARM GAS  C:\Users\chris\AppData\Local\Temp\ccHvCGBe.s 			page 12


 600:Drivers/STM32F4xx_HAL_Driver/Inc/stm32f4xx_ll_i2c.h ****   * @param  I2Cx I2C Instance.
 601:Drivers/STM32F4xx_HAL_Driver/Inc/stm32f4xx_ll_i2c.h ****   * @retval None
 602:Drivers/STM32F4xx_HAL_Driver/Inc/stm32f4xx_ll_i2c.h ****   */
 603:Drivers/STM32F4xx_HAL_Driver/Inc/stm32f4xx_ll_i2c.h **** __STATIC_INLINE void LL_I2C_EnableGeneralCall(I2C_TypeDef *I2Cx)
 604:Drivers/STM32F4xx_HAL_Driver/Inc/stm32f4xx_ll_i2c.h **** {
 605:Drivers/STM32F4xx_HAL_Driver/Inc/stm32f4xx_ll_i2c.h ****   SET_BIT(I2Cx->CR1, I2C_CR1_ENGC);
 606:Drivers/STM32F4xx_HAL_Driver/Inc/stm32f4xx_ll_i2c.h **** }
 607:Drivers/STM32F4xx_HAL_Driver/Inc/stm32f4xx_ll_i2c.h **** 
 608:Drivers/STM32F4xx_HAL_Driver/Inc/stm32f4xx_ll_i2c.h **** /**
 609:Drivers/STM32F4xx_HAL_Driver/Inc/stm32f4xx_ll_i2c.h ****   * @brief  Disable General Call.
 610:Drivers/STM32F4xx_HAL_Driver/Inc/stm32f4xx_ll_i2c.h ****   * @note   When disabled the Address 0x00 is NACKed.
 611:Drivers/STM32F4xx_HAL_Driver/Inc/stm32f4xx_ll_i2c.h ****   * @rmtoll CR1          ENGC          LL_I2C_DisableGeneralCall
 612:Drivers/STM32F4xx_HAL_Driver/Inc/stm32f4xx_ll_i2c.h ****   * @param  I2Cx I2C Instance.
 613:Drivers/STM32F4xx_HAL_Driver/Inc/stm32f4xx_ll_i2c.h ****   * @retval None
 614:Drivers/STM32F4xx_HAL_Driver/Inc/stm32f4xx_ll_i2c.h ****   */
 615:Drivers/STM32F4xx_HAL_Driver/Inc/stm32f4xx_ll_i2c.h **** __STATIC_INLINE void LL_I2C_DisableGeneralCall(I2C_TypeDef *I2Cx)
 616:Drivers/STM32F4xx_HAL_Driver/Inc/stm32f4xx_ll_i2c.h **** {
 617:Drivers/STM32F4xx_HAL_Driver/Inc/stm32f4xx_ll_i2c.h ****   CLEAR_BIT(I2Cx->CR1, I2C_CR1_ENGC);
 618:Drivers/STM32F4xx_HAL_Driver/Inc/stm32f4xx_ll_i2c.h **** }
 619:Drivers/STM32F4xx_HAL_Driver/Inc/stm32f4xx_ll_i2c.h **** 
 620:Drivers/STM32F4xx_HAL_Driver/Inc/stm32f4xx_ll_i2c.h **** /**
 621:Drivers/STM32F4xx_HAL_Driver/Inc/stm32f4xx_ll_i2c.h ****   * @brief  Check if General Call is enabled or disabled.
 622:Drivers/STM32F4xx_HAL_Driver/Inc/stm32f4xx_ll_i2c.h ****   * @rmtoll CR1          ENGC          LL_I2C_IsEnabledGeneralCall
 623:Drivers/STM32F4xx_HAL_Driver/Inc/stm32f4xx_ll_i2c.h ****   * @param  I2Cx I2C Instance.
 624:Drivers/STM32F4xx_HAL_Driver/Inc/stm32f4xx_ll_i2c.h ****   * @retval State of bit (1 or 0).
 625:Drivers/STM32F4xx_HAL_Driver/Inc/stm32f4xx_ll_i2c.h ****   */
 626:Drivers/STM32F4xx_HAL_Driver/Inc/stm32f4xx_ll_i2c.h **** __STATIC_INLINE uint32_t LL_I2C_IsEnabledGeneralCall(I2C_TypeDef *I2Cx)
 627:Drivers/STM32F4xx_HAL_Driver/Inc/stm32f4xx_ll_i2c.h **** {
 628:Drivers/STM32F4xx_HAL_Driver/Inc/stm32f4xx_ll_i2c.h ****   return (READ_BIT(I2Cx->CR1, I2C_CR1_ENGC) == (I2C_CR1_ENGC));
 629:Drivers/STM32F4xx_HAL_Driver/Inc/stm32f4xx_ll_i2c.h **** }
 630:Drivers/STM32F4xx_HAL_Driver/Inc/stm32f4xx_ll_i2c.h **** 
 631:Drivers/STM32F4xx_HAL_Driver/Inc/stm32f4xx_ll_i2c.h **** /**
 632:Drivers/STM32F4xx_HAL_Driver/Inc/stm32f4xx_ll_i2c.h ****   * @brief  Set the Own Address1.
 633:Drivers/STM32F4xx_HAL_Driver/Inc/stm32f4xx_ll_i2c.h ****   * @rmtoll OAR1         ADD0          LL_I2C_SetOwnAddress1\n
 634:Drivers/STM32F4xx_HAL_Driver/Inc/stm32f4xx_ll_i2c.h ****   *         OAR1         ADD1_7        LL_I2C_SetOwnAddress1\n
 635:Drivers/STM32F4xx_HAL_Driver/Inc/stm32f4xx_ll_i2c.h ****   *         OAR1         ADD8_9        LL_I2C_SetOwnAddress1\n
 636:Drivers/STM32F4xx_HAL_Driver/Inc/stm32f4xx_ll_i2c.h ****   *         OAR1         ADDMODE       LL_I2C_SetOwnAddress1
 637:Drivers/STM32F4xx_HAL_Driver/Inc/stm32f4xx_ll_i2c.h ****   * @param  I2Cx I2C Instance.
 638:Drivers/STM32F4xx_HAL_Driver/Inc/stm32f4xx_ll_i2c.h ****   * @param  OwnAddress1 This parameter must be a value between Min_Data=0 and Max_Data=0x3FF.
 639:Drivers/STM32F4xx_HAL_Driver/Inc/stm32f4xx_ll_i2c.h ****   * @param  OwnAddrSize This parameter can be one of the following values:
 640:Drivers/STM32F4xx_HAL_Driver/Inc/stm32f4xx_ll_i2c.h ****   *         @arg @ref LL_I2C_OWNADDRESS1_7BIT
 641:Drivers/STM32F4xx_HAL_Driver/Inc/stm32f4xx_ll_i2c.h ****   *         @arg @ref LL_I2C_OWNADDRESS1_10BIT
 642:Drivers/STM32F4xx_HAL_Driver/Inc/stm32f4xx_ll_i2c.h ****   * @retval None
 643:Drivers/STM32F4xx_HAL_Driver/Inc/stm32f4xx_ll_i2c.h ****   */
 644:Drivers/STM32F4xx_HAL_Driver/Inc/stm32f4xx_ll_i2c.h **** __STATIC_INLINE void LL_I2C_SetOwnAddress1(I2C_TypeDef *I2Cx, uint32_t OwnAddress1, uint32_t OwnAdd
 645:Drivers/STM32F4xx_HAL_Driver/Inc/stm32f4xx_ll_i2c.h **** {
 646:Drivers/STM32F4xx_HAL_Driver/Inc/stm32f4xx_ll_i2c.h ****   MODIFY_REG(I2Cx->OAR1, I2C_OAR1_ADD0 | I2C_OAR1_ADD1_7 | I2C_OAR1_ADD8_9 | I2C_OAR1_ADDMODE, OwnA
 647:Drivers/STM32F4xx_HAL_Driver/Inc/stm32f4xx_ll_i2c.h **** }
 648:Drivers/STM32F4xx_HAL_Driver/Inc/stm32f4xx_ll_i2c.h **** 
 649:Drivers/STM32F4xx_HAL_Driver/Inc/stm32f4xx_ll_i2c.h **** /**
 650:Drivers/STM32F4xx_HAL_Driver/Inc/stm32f4xx_ll_i2c.h ****   * @brief  Set the 7bits Own Address2.
 651:Drivers/STM32F4xx_HAL_Driver/Inc/stm32f4xx_ll_i2c.h ****   * @note   This action has no effect if own address2 is enabled.
 652:Drivers/STM32F4xx_HAL_Driver/Inc/stm32f4xx_ll_i2c.h ****   * @rmtoll OAR2         ADD2          LL_I2C_SetOwnAddress2
 653:Drivers/STM32F4xx_HAL_Driver/Inc/stm32f4xx_ll_i2c.h ****   * @param  I2Cx I2C Instance.
 654:Drivers/STM32F4xx_HAL_Driver/Inc/stm32f4xx_ll_i2c.h ****   * @param  OwnAddress2 This parameter must be a value between Min_Data=0 and Max_Data=0x7F.
 655:Drivers/STM32F4xx_HAL_Driver/Inc/stm32f4xx_ll_i2c.h ****   * @retval None
 656:Drivers/STM32F4xx_HAL_Driver/Inc/stm32f4xx_ll_i2c.h ****   */
ARM GAS  C:\Users\chris\AppData\Local\Temp\ccHvCGBe.s 			page 13


 657:Drivers/STM32F4xx_HAL_Driver/Inc/stm32f4xx_ll_i2c.h **** __STATIC_INLINE void LL_I2C_SetOwnAddress2(I2C_TypeDef *I2Cx, uint32_t OwnAddress2)
 658:Drivers/STM32F4xx_HAL_Driver/Inc/stm32f4xx_ll_i2c.h **** {
 659:Drivers/STM32F4xx_HAL_Driver/Inc/stm32f4xx_ll_i2c.h ****   MODIFY_REG(I2Cx->OAR2, I2C_OAR2_ADD2, OwnAddress2);
 660:Drivers/STM32F4xx_HAL_Driver/Inc/stm32f4xx_ll_i2c.h **** }
 661:Drivers/STM32F4xx_HAL_Driver/Inc/stm32f4xx_ll_i2c.h **** 
 662:Drivers/STM32F4xx_HAL_Driver/Inc/stm32f4xx_ll_i2c.h **** /**
 663:Drivers/STM32F4xx_HAL_Driver/Inc/stm32f4xx_ll_i2c.h ****   * @brief  Enable acknowledge on Own Address2 match address.
 664:Drivers/STM32F4xx_HAL_Driver/Inc/stm32f4xx_ll_i2c.h ****   * @rmtoll OAR2         ENDUAL        LL_I2C_EnableOwnAddress2
 665:Drivers/STM32F4xx_HAL_Driver/Inc/stm32f4xx_ll_i2c.h ****   * @param  I2Cx I2C Instance.
 666:Drivers/STM32F4xx_HAL_Driver/Inc/stm32f4xx_ll_i2c.h ****   * @retval None
 667:Drivers/STM32F4xx_HAL_Driver/Inc/stm32f4xx_ll_i2c.h ****   */
 668:Drivers/STM32F4xx_HAL_Driver/Inc/stm32f4xx_ll_i2c.h **** __STATIC_INLINE void LL_I2C_EnableOwnAddress2(I2C_TypeDef *I2Cx)
 669:Drivers/STM32F4xx_HAL_Driver/Inc/stm32f4xx_ll_i2c.h **** {
 670:Drivers/STM32F4xx_HAL_Driver/Inc/stm32f4xx_ll_i2c.h ****   SET_BIT(I2Cx->OAR2, I2C_OAR2_ENDUAL);
 671:Drivers/STM32F4xx_HAL_Driver/Inc/stm32f4xx_ll_i2c.h **** }
 672:Drivers/STM32F4xx_HAL_Driver/Inc/stm32f4xx_ll_i2c.h **** 
 673:Drivers/STM32F4xx_HAL_Driver/Inc/stm32f4xx_ll_i2c.h **** /**
 674:Drivers/STM32F4xx_HAL_Driver/Inc/stm32f4xx_ll_i2c.h ****   * @brief  Disable  acknowledge on Own Address2 match address.
 675:Drivers/STM32F4xx_HAL_Driver/Inc/stm32f4xx_ll_i2c.h ****   * @rmtoll OAR2         ENDUAL        LL_I2C_DisableOwnAddress2
 676:Drivers/STM32F4xx_HAL_Driver/Inc/stm32f4xx_ll_i2c.h ****   * @param  I2Cx I2C Instance.
 677:Drivers/STM32F4xx_HAL_Driver/Inc/stm32f4xx_ll_i2c.h ****   * @retval None
 678:Drivers/STM32F4xx_HAL_Driver/Inc/stm32f4xx_ll_i2c.h ****   */
 679:Drivers/STM32F4xx_HAL_Driver/Inc/stm32f4xx_ll_i2c.h **** __STATIC_INLINE void LL_I2C_DisableOwnAddress2(I2C_TypeDef *I2Cx)
 680:Drivers/STM32F4xx_HAL_Driver/Inc/stm32f4xx_ll_i2c.h **** {
 681:Drivers/STM32F4xx_HAL_Driver/Inc/stm32f4xx_ll_i2c.h ****   CLEAR_BIT(I2Cx->OAR2, I2C_OAR2_ENDUAL);
 682:Drivers/STM32F4xx_HAL_Driver/Inc/stm32f4xx_ll_i2c.h **** }
 683:Drivers/STM32F4xx_HAL_Driver/Inc/stm32f4xx_ll_i2c.h **** 
 684:Drivers/STM32F4xx_HAL_Driver/Inc/stm32f4xx_ll_i2c.h **** /**
 685:Drivers/STM32F4xx_HAL_Driver/Inc/stm32f4xx_ll_i2c.h ****   * @brief  Check if Own Address1 acknowledge is enabled or disabled.
 686:Drivers/STM32F4xx_HAL_Driver/Inc/stm32f4xx_ll_i2c.h ****   * @rmtoll OAR2         ENDUAL        LL_I2C_IsEnabledOwnAddress2
 687:Drivers/STM32F4xx_HAL_Driver/Inc/stm32f4xx_ll_i2c.h ****   * @param  I2Cx I2C Instance.
 688:Drivers/STM32F4xx_HAL_Driver/Inc/stm32f4xx_ll_i2c.h ****   * @retval State of bit (1 or 0).
 689:Drivers/STM32F4xx_HAL_Driver/Inc/stm32f4xx_ll_i2c.h ****   */
 690:Drivers/STM32F4xx_HAL_Driver/Inc/stm32f4xx_ll_i2c.h **** __STATIC_INLINE uint32_t LL_I2C_IsEnabledOwnAddress2(I2C_TypeDef *I2Cx)
 691:Drivers/STM32F4xx_HAL_Driver/Inc/stm32f4xx_ll_i2c.h **** {
 692:Drivers/STM32F4xx_HAL_Driver/Inc/stm32f4xx_ll_i2c.h ****   return (READ_BIT(I2Cx->OAR2, I2C_OAR2_ENDUAL) == (I2C_OAR2_ENDUAL));
 693:Drivers/STM32F4xx_HAL_Driver/Inc/stm32f4xx_ll_i2c.h **** }
 694:Drivers/STM32F4xx_HAL_Driver/Inc/stm32f4xx_ll_i2c.h **** 
 695:Drivers/STM32F4xx_HAL_Driver/Inc/stm32f4xx_ll_i2c.h **** /**
 696:Drivers/STM32F4xx_HAL_Driver/Inc/stm32f4xx_ll_i2c.h ****   * @brief  Configure the Peripheral clock frequency.
 697:Drivers/STM32F4xx_HAL_Driver/Inc/stm32f4xx_ll_i2c.h ****   * @rmtoll CR2          FREQ          LL_I2C_SetPeriphClock
 698:Drivers/STM32F4xx_HAL_Driver/Inc/stm32f4xx_ll_i2c.h ****   * @param  I2Cx I2C Instance.
 699:Drivers/STM32F4xx_HAL_Driver/Inc/stm32f4xx_ll_i2c.h ****   * @param  PeriphClock Peripheral Clock (in Hz)
 700:Drivers/STM32F4xx_HAL_Driver/Inc/stm32f4xx_ll_i2c.h ****   * @retval None
 701:Drivers/STM32F4xx_HAL_Driver/Inc/stm32f4xx_ll_i2c.h ****   */
 702:Drivers/STM32F4xx_HAL_Driver/Inc/stm32f4xx_ll_i2c.h **** __STATIC_INLINE void LL_I2C_SetPeriphClock(I2C_TypeDef *I2Cx, uint32_t PeriphClock)
 703:Drivers/STM32F4xx_HAL_Driver/Inc/stm32f4xx_ll_i2c.h **** {
 704:Drivers/STM32F4xx_HAL_Driver/Inc/stm32f4xx_ll_i2c.h ****   MODIFY_REG(I2Cx->CR2, I2C_CR2_FREQ, __LL_I2C_FREQ_HZ_TO_MHZ(PeriphClock));
 705:Drivers/STM32F4xx_HAL_Driver/Inc/stm32f4xx_ll_i2c.h **** }
 706:Drivers/STM32F4xx_HAL_Driver/Inc/stm32f4xx_ll_i2c.h **** 
 707:Drivers/STM32F4xx_HAL_Driver/Inc/stm32f4xx_ll_i2c.h **** /**
 708:Drivers/STM32F4xx_HAL_Driver/Inc/stm32f4xx_ll_i2c.h ****   * @brief  Get the Peripheral clock frequency.
 709:Drivers/STM32F4xx_HAL_Driver/Inc/stm32f4xx_ll_i2c.h ****   * @rmtoll CR2          FREQ          LL_I2C_GetPeriphClock
 710:Drivers/STM32F4xx_HAL_Driver/Inc/stm32f4xx_ll_i2c.h ****   * @param  I2Cx I2C Instance.
 711:Drivers/STM32F4xx_HAL_Driver/Inc/stm32f4xx_ll_i2c.h ****   * @retval Value of Peripheral Clock (in Hz)
 712:Drivers/STM32F4xx_HAL_Driver/Inc/stm32f4xx_ll_i2c.h ****   */
 713:Drivers/STM32F4xx_HAL_Driver/Inc/stm32f4xx_ll_i2c.h **** __STATIC_INLINE uint32_t LL_I2C_GetPeriphClock(I2C_TypeDef *I2Cx)
ARM GAS  C:\Users\chris\AppData\Local\Temp\ccHvCGBe.s 			page 14


 714:Drivers/STM32F4xx_HAL_Driver/Inc/stm32f4xx_ll_i2c.h **** {
 715:Drivers/STM32F4xx_HAL_Driver/Inc/stm32f4xx_ll_i2c.h ****   return (uint32_t)(__LL_I2C_FREQ_MHZ_TO_HZ(READ_BIT(I2Cx->CR2, I2C_CR2_FREQ)));
 716:Drivers/STM32F4xx_HAL_Driver/Inc/stm32f4xx_ll_i2c.h **** }
 717:Drivers/STM32F4xx_HAL_Driver/Inc/stm32f4xx_ll_i2c.h **** 
 718:Drivers/STM32F4xx_HAL_Driver/Inc/stm32f4xx_ll_i2c.h **** /**
 719:Drivers/STM32F4xx_HAL_Driver/Inc/stm32f4xx_ll_i2c.h ****   * @brief  Configure the Duty cycle (Fast mode only).
 720:Drivers/STM32F4xx_HAL_Driver/Inc/stm32f4xx_ll_i2c.h ****   * @rmtoll CCR          DUTY          LL_I2C_SetDutyCycle
 721:Drivers/STM32F4xx_HAL_Driver/Inc/stm32f4xx_ll_i2c.h ****   * @param  I2Cx I2C Instance.
 722:Drivers/STM32F4xx_HAL_Driver/Inc/stm32f4xx_ll_i2c.h ****   * @param  DutyCycle This parameter can be one of the following values:
 723:Drivers/STM32F4xx_HAL_Driver/Inc/stm32f4xx_ll_i2c.h ****   *         @arg @ref LL_I2C_DUTYCYCLE_2
 724:Drivers/STM32F4xx_HAL_Driver/Inc/stm32f4xx_ll_i2c.h ****   *         @arg @ref LL_I2C_DUTYCYCLE_16_9
 725:Drivers/STM32F4xx_HAL_Driver/Inc/stm32f4xx_ll_i2c.h ****   * @retval None
 726:Drivers/STM32F4xx_HAL_Driver/Inc/stm32f4xx_ll_i2c.h ****   */
 727:Drivers/STM32F4xx_HAL_Driver/Inc/stm32f4xx_ll_i2c.h **** __STATIC_INLINE void LL_I2C_SetDutyCycle(I2C_TypeDef *I2Cx, uint32_t DutyCycle)
 728:Drivers/STM32F4xx_HAL_Driver/Inc/stm32f4xx_ll_i2c.h **** {
 729:Drivers/STM32F4xx_HAL_Driver/Inc/stm32f4xx_ll_i2c.h ****   MODIFY_REG(I2Cx->CCR, I2C_CCR_DUTY, DutyCycle);
 730:Drivers/STM32F4xx_HAL_Driver/Inc/stm32f4xx_ll_i2c.h **** }
 731:Drivers/STM32F4xx_HAL_Driver/Inc/stm32f4xx_ll_i2c.h **** 
 732:Drivers/STM32F4xx_HAL_Driver/Inc/stm32f4xx_ll_i2c.h **** /**
 733:Drivers/STM32F4xx_HAL_Driver/Inc/stm32f4xx_ll_i2c.h ****   * @brief  Get the Duty cycle (Fast mode only).
 734:Drivers/STM32F4xx_HAL_Driver/Inc/stm32f4xx_ll_i2c.h ****   * @rmtoll CCR          DUTY          LL_I2C_GetDutyCycle
 735:Drivers/STM32F4xx_HAL_Driver/Inc/stm32f4xx_ll_i2c.h ****   * @param  I2Cx I2C Instance.
 736:Drivers/STM32F4xx_HAL_Driver/Inc/stm32f4xx_ll_i2c.h ****   * @retval Returned value can be one of the following values:
 737:Drivers/STM32F4xx_HAL_Driver/Inc/stm32f4xx_ll_i2c.h ****   *         @arg @ref LL_I2C_DUTYCYCLE_2
 738:Drivers/STM32F4xx_HAL_Driver/Inc/stm32f4xx_ll_i2c.h ****   *         @arg @ref LL_I2C_DUTYCYCLE_16_9
 739:Drivers/STM32F4xx_HAL_Driver/Inc/stm32f4xx_ll_i2c.h ****   */
 740:Drivers/STM32F4xx_HAL_Driver/Inc/stm32f4xx_ll_i2c.h **** __STATIC_INLINE uint32_t LL_I2C_GetDutyCycle(I2C_TypeDef *I2Cx)
 741:Drivers/STM32F4xx_HAL_Driver/Inc/stm32f4xx_ll_i2c.h **** {
 742:Drivers/STM32F4xx_HAL_Driver/Inc/stm32f4xx_ll_i2c.h ****   return (uint32_t)(READ_BIT(I2Cx->CCR, I2C_CCR_DUTY));
 743:Drivers/STM32F4xx_HAL_Driver/Inc/stm32f4xx_ll_i2c.h **** }
 744:Drivers/STM32F4xx_HAL_Driver/Inc/stm32f4xx_ll_i2c.h **** 
 745:Drivers/STM32F4xx_HAL_Driver/Inc/stm32f4xx_ll_i2c.h **** /**
 746:Drivers/STM32F4xx_HAL_Driver/Inc/stm32f4xx_ll_i2c.h ****   * @brief  Configure the I2C master clock speed mode.
 747:Drivers/STM32F4xx_HAL_Driver/Inc/stm32f4xx_ll_i2c.h ****   * @rmtoll CCR          FS            LL_I2C_SetClockSpeedMode
 748:Drivers/STM32F4xx_HAL_Driver/Inc/stm32f4xx_ll_i2c.h ****   * @param  I2Cx I2C Instance.
 749:Drivers/STM32F4xx_HAL_Driver/Inc/stm32f4xx_ll_i2c.h ****   * @param  ClockSpeedMode This parameter can be one of the following values:
 750:Drivers/STM32F4xx_HAL_Driver/Inc/stm32f4xx_ll_i2c.h ****   *         @arg @ref LL_I2C_CLOCK_SPEED_STANDARD_MODE
 751:Drivers/STM32F4xx_HAL_Driver/Inc/stm32f4xx_ll_i2c.h ****   *         @arg @ref LL_I2C_CLOCK_SPEED_FAST_MODE
 752:Drivers/STM32F4xx_HAL_Driver/Inc/stm32f4xx_ll_i2c.h ****   * @retval None
 753:Drivers/STM32F4xx_HAL_Driver/Inc/stm32f4xx_ll_i2c.h ****   */
 754:Drivers/STM32F4xx_HAL_Driver/Inc/stm32f4xx_ll_i2c.h **** __STATIC_INLINE void LL_I2C_SetClockSpeedMode(I2C_TypeDef *I2Cx, uint32_t ClockSpeedMode)
 755:Drivers/STM32F4xx_HAL_Driver/Inc/stm32f4xx_ll_i2c.h **** {
 756:Drivers/STM32F4xx_HAL_Driver/Inc/stm32f4xx_ll_i2c.h ****   MODIFY_REG(I2Cx->CCR, I2C_CCR_FS, ClockSpeedMode);
 757:Drivers/STM32F4xx_HAL_Driver/Inc/stm32f4xx_ll_i2c.h **** }
 758:Drivers/STM32F4xx_HAL_Driver/Inc/stm32f4xx_ll_i2c.h **** 
 759:Drivers/STM32F4xx_HAL_Driver/Inc/stm32f4xx_ll_i2c.h **** /**
 760:Drivers/STM32F4xx_HAL_Driver/Inc/stm32f4xx_ll_i2c.h ****   * @brief  Get the the I2C master speed mode.
 761:Drivers/STM32F4xx_HAL_Driver/Inc/stm32f4xx_ll_i2c.h ****   * @rmtoll CCR          FS            LL_I2C_GetClockSpeedMode
 762:Drivers/STM32F4xx_HAL_Driver/Inc/stm32f4xx_ll_i2c.h ****   * @param  I2Cx I2C Instance.
 763:Drivers/STM32F4xx_HAL_Driver/Inc/stm32f4xx_ll_i2c.h ****   * @retval Returned value can be one of the following values:
 764:Drivers/STM32F4xx_HAL_Driver/Inc/stm32f4xx_ll_i2c.h ****   *         @arg @ref LL_I2C_CLOCK_SPEED_STANDARD_MODE
 765:Drivers/STM32F4xx_HAL_Driver/Inc/stm32f4xx_ll_i2c.h ****   *         @arg @ref LL_I2C_CLOCK_SPEED_FAST_MODE
 766:Drivers/STM32F4xx_HAL_Driver/Inc/stm32f4xx_ll_i2c.h ****   */
 767:Drivers/STM32F4xx_HAL_Driver/Inc/stm32f4xx_ll_i2c.h **** __STATIC_INLINE uint32_t LL_I2C_GetClockSpeedMode(I2C_TypeDef *I2Cx)
 768:Drivers/STM32F4xx_HAL_Driver/Inc/stm32f4xx_ll_i2c.h **** {
 769:Drivers/STM32F4xx_HAL_Driver/Inc/stm32f4xx_ll_i2c.h ****   return (uint32_t)(READ_BIT(I2Cx->CCR, I2C_CCR_FS));
 770:Drivers/STM32F4xx_HAL_Driver/Inc/stm32f4xx_ll_i2c.h **** }
ARM GAS  C:\Users\chris\AppData\Local\Temp\ccHvCGBe.s 			page 15


 771:Drivers/STM32F4xx_HAL_Driver/Inc/stm32f4xx_ll_i2c.h **** 
 772:Drivers/STM32F4xx_HAL_Driver/Inc/stm32f4xx_ll_i2c.h **** /**
 773:Drivers/STM32F4xx_HAL_Driver/Inc/stm32f4xx_ll_i2c.h ****   * @brief  Configure the SCL, SDA rising time.
 774:Drivers/STM32F4xx_HAL_Driver/Inc/stm32f4xx_ll_i2c.h ****   * @note   This bit can only be programmed when the I2C is disabled (PE = 0).
 775:Drivers/STM32F4xx_HAL_Driver/Inc/stm32f4xx_ll_i2c.h ****   * @rmtoll TRISE        TRISE         LL_I2C_SetRiseTime
 776:Drivers/STM32F4xx_HAL_Driver/Inc/stm32f4xx_ll_i2c.h ****   * @param  I2Cx I2C Instance.
 777:Drivers/STM32F4xx_HAL_Driver/Inc/stm32f4xx_ll_i2c.h ****   * @param  RiseTime This parameter must be a value between Min_Data=0x02 and Max_Data=0x3F.
 778:Drivers/STM32F4xx_HAL_Driver/Inc/stm32f4xx_ll_i2c.h ****   * @retval None
 779:Drivers/STM32F4xx_HAL_Driver/Inc/stm32f4xx_ll_i2c.h ****   */
 780:Drivers/STM32F4xx_HAL_Driver/Inc/stm32f4xx_ll_i2c.h **** __STATIC_INLINE void LL_I2C_SetRiseTime(I2C_TypeDef *I2Cx, uint32_t RiseTime)
 781:Drivers/STM32F4xx_HAL_Driver/Inc/stm32f4xx_ll_i2c.h **** {
 782:Drivers/STM32F4xx_HAL_Driver/Inc/stm32f4xx_ll_i2c.h ****   MODIFY_REG(I2Cx->TRISE, I2C_TRISE_TRISE, RiseTime);
 783:Drivers/STM32F4xx_HAL_Driver/Inc/stm32f4xx_ll_i2c.h **** }
 784:Drivers/STM32F4xx_HAL_Driver/Inc/stm32f4xx_ll_i2c.h **** 
 785:Drivers/STM32F4xx_HAL_Driver/Inc/stm32f4xx_ll_i2c.h **** /**
 786:Drivers/STM32F4xx_HAL_Driver/Inc/stm32f4xx_ll_i2c.h ****   * @brief  Get the SCL, SDA rising time.
 787:Drivers/STM32F4xx_HAL_Driver/Inc/stm32f4xx_ll_i2c.h ****   * @rmtoll TRISE        TRISE         LL_I2C_GetRiseTime
 788:Drivers/STM32F4xx_HAL_Driver/Inc/stm32f4xx_ll_i2c.h ****   * @param  I2Cx I2C Instance.
 789:Drivers/STM32F4xx_HAL_Driver/Inc/stm32f4xx_ll_i2c.h ****   * @retval Value between Min_Data=0x02 and Max_Data=0x3F
 790:Drivers/STM32F4xx_HAL_Driver/Inc/stm32f4xx_ll_i2c.h ****   */
 791:Drivers/STM32F4xx_HAL_Driver/Inc/stm32f4xx_ll_i2c.h **** __STATIC_INLINE uint32_t LL_I2C_GetRiseTime(I2C_TypeDef *I2Cx)
 792:Drivers/STM32F4xx_HAL_Driver/Inc/stm32f4xx_ll_i2c.h **** {
 793:Drivers/STM32F4xx_HAL_Driver/Inc/stm32f4xx_ll_i2c.h ****   return (uint32_t)(READ_BIT(I2Cx->TRISE, I2C_TRISE_TRISE));
 794:Drivers/STM32F4xx_HAL_Driver/Inc/stm32f4xx_ll_i2c.h **** }
 795:Drivers/STM32F4xx_HAL_Driver/Inc/stm32f4xx_ll_i2c.h **** 
 796:Drivers/STM32F4xx_HAL_Driver/Inc/stm32f4xx_ll_i2c.h **** /**
 797:Drivers/STM32F4xx_HAL_Driver/Inc/stm32f4xx_ll_i2c.h ****   * @brief  Configure the SCL high and low period.
 798:Drivers/STM32F4xx_HAL_Driver/Inc/stm32f4xx_ll_i2c.h ****   * @note   This bit can only be programmed when the I2C is disabled (PE = 0).
 799:Drivers/STM32F4xx_HAL_Driver/Inc/stm32f4xx_ll_i2c.h ****   * @rmtoll CCR          CCR           LL_I2C_SetClockPeriod
 800:Drivers/STM32F4xx_HAL_Driver/Inc/stm32f4xx_ll_i2c.h ****   * @param  I2Cx I2C Instance.
 801:Drivers/STM32F4xx_HAL_Driver/Inc/stm32f4xx_ll_i2c.h ****   * @param  ClockPeriod This parameter must be a value between Min_Data=0x004 and Max_Data=0xFFF, e
 802:Drivers/STM32F4xx_HAL_Driver/Inc/stm32f4xx_ll_i2c.h ****   * @retval None
 803:Drivers/STM32F4xx_HAL_Driver/Inc/stm32f4xx_ll_i2c.h ****   */
 804:Drivers/STM32F4xx_HAL_Driver/Inc/stm32f4xx_ll_i2c.h **** __STATIC_INLINE void LL_I2C_SetClockPeriod(I2C_TypeDef *I2Cx, uint32_t ClockPeriod)
 805:Drivers/STM32F4xx_HAL_Driver/Inc/stm32f4xx_ll_i2c.h **** {
 806:Drivers/STM32F4xx_HAL_Driver/Inc/stm32f4xx_ll_i2c.h ****   MODIFY_REG(I2Cx->CCR, I2C_CCR_CCR, ClockPeriod);
 807:Drivers/STM32F4xx_HAL_Driver/Inc/stm32f4xx_ll_i2c.h **** }
 808:Drivers/STM32F4xx_HAL_Driver/Inc/stm32f4xx_ll_i2c.h **** 
 809:Drivers/STM32F4xx_HAL_Driver/Inc/stm32f4xx_ll_i2c.h **** /**
 810:Drivers/STM32F4xx_HAL_Driver/Inc/stm32f4xx_ll_i2c.h ****   * @brief  Get the SCL high and low period.
 811:Drivers/STM32F4xx_HAL_Driver/Inc/stm32f4xx_ll_i2c.h ****   * @rmtoll CCR          CCR           LL_I2C_GetClockPeriod
 812:Drivers/STM32F4xx_HAL_Driver/Inc/stm32f4xx_ll_i2c.h ****   * @param  I2Cx I2C Instance.
 813:Drivers/STM32F4xx_HAL_Driver/Inc/stm32f4xx_ll_i2c.h ****   * @retval Value between Min_Data=0x004 and Max_Data=0xFFF, except in FAST DUTY mode where Min_Dat
 814:Drivers/STM32F4xx_HAL_Driver/Inc/stm32f4xx_ll_i2c.h ****   */
 815:Drivers/STM32F4xx_HAL_Driver/Inc/stm32f4xx_ll_i2c.h **** __STATIC_INLINE uint32_t LL_I2C_GetClockPeriod(I2C_TypeDef *I2Cx)
 816:Drivers/STM32F4xx_HAL_Driver/Inc/stm32f4xx_ll_i2c.h **** {
 817:Drivers/STM32F4xx_HAL_Driver/Inc/stm32f4xx_ll_i2c.h ****   return (uint32_t)(READ_BIT(I2Cx->CCR, I2C_CCR_CCR));
 818:Drivers/STM32F4xx_HAL_Driver/Inc/stm32f4xx_ll_i2c.h **** }
 819:Drivers/STM32F4xx_HAL_Driver/Inc/stm32f4xx_ll_i2c.h **** 
 820:Drivers/STM32F4xx_HAL_Driver/Inc/stm32f4xx_ll_i2c.h **** /**
 821:Drivers/STM32F4xx_HAL_Driver/Inc/stm32f4xx_ll_i2c.h ****   * @brief  Configure the SCL speed.
 822:Drivers/STM32F4xx_HAL_Driver/Inc/stm32f4xx_ll_i2c.h ****   * @note   This bit can only be programmed when the I2C is disabled (PE = 0).
 823:Drivers/STM32F4xx_HAL_Driver/Inc/stm32f4xx_ll_i2c.h ****   * @rmtoll CR2          FREQ          LL_I2C_ConfigSpeed\n
 824:Drivers/STM32F4xx_HAL_Driver/Inc/stm32f4xx_ll_i2c.h ****   *         TRISE        TRISE         LL_I2C_ConfigSpeed\n
 825:Drivers/STM32F4xx_HAL_Driver/Inc/stm32f4xx_ll_i2c.h ****   *         CCR          FS            LL_I2C_ConfigSpeed\n
 826:Drivers/STM32F4xx_HAL_Driver/Inc/stm32f4xx_ll_i2c.h ****   *         CCR          DUTY          LL_I2C_ConfigSpeed\n
 827:Drivers/STM32F4xx_HAL_Driver/Inc/stm32f4xx_ll_i2c.h ****   *         CCR          CCR           LL_I2C_ConfigSpeed
ARM GAS  C:\Users\chris\AppData\Local\Temp\ccHvCGBe.s 			page 16


 828:Drivers/STM32F4xx_HAL_Driver/Inc/stm32f4xx_ll_i2c.h ****   * @param  I2Cx I2C Instance.
 829:Drivers/STM32F4xx_HAL_Driver/Inc/stm32f4xx_ll_i2c.h ****   * @param  PeriphClock Peripheral Clock (in Hz)
 830:Drivers/STM32F4xx_HAL_Driver/Inc/stm32f4xx_ll_i2c.h ****   * @param  ClockSpeed This parameter must be a value lower than 400kHz (in Hz).
 831:Drivers/STM32F4xx_HAL_Driver/Inc/stm32f4xx_ll_i2c.h ****   * @param  DutyCycle This parameter can be one of the following values:
 832:Drivers/STM32F4xx_HAL_Driver/Inc/stm32f4xx_ll_i2c.h ****   *         @arg @ref LL_I2C_DUTYCYCLE_2
 833:Drivers/STM32F4xx_HAL_Driver/Inc/stm32f4xx_ll_i2c.h ****   *         @arg @ref LL_I2C_DUTYCYCLE_16_9
 834:Drivers/STM32F4xx_HAL_Driver/Inc/stm32f4xx_ll_i2c.h ****   * @retval None
 835:Drivers/STM32F4xx_HAL_Driver/Inc/stm32f4xx_ll_i2c.h ****   */
 836:Drivers/STM32F4xx_HAL_Driver/Inc/stm32f4xx_ll_i2c.h **** __STATIC_INLINE void LL_I2C_ConfigSpeed(I2C_TypeDef *I2Cx, uint32_t PeriphClock, uint32_t ClockSpee
 837:Drivers/STM32F4xx_HAL_Driver/Inc/stm32f4xx_ll_i2c.h ****                                         uint32_t DutyCycle)
 838:Drivers/STM32F4xx_HAL_Driver/Inc/stm32f4xx_ll_i2c.h **** {
  30              		.loc 2 838 1 view -0
  31              		.cfi_startproc
  32              		@ args = 0, pretend = 0, frame = 0
  33              		@ frame_needed = 0, uses_anonymous_args = 0
  34              		.loc 2 838 1 is_stmt 0 view .LVU1
  35 0000 30B5     		push	{r4, r5, lr}
  36              	.LCFI0:
  37              		.cfi_def_cfa_offset 12
  38              		.cfi_offset 4, -12
  39              		.cfi_offset 5, -8
  40              		.cfi_offset 14, -4
 839:Drivers/STM32F4xx_HAL_Driver/Inc/stm32f4xx_ll_i2c.h ****   uint32_t freqrange = 0x0U;
  41              		.loc 2 839 3 is_stmt 1 view .LVU2
  42              	.LVL1:
 840:Drivers/STM32F4xx_HAL_Driver/Inc/stm32f4xx_ll_i2c.h ****   uint32_t clockconfig = 0x0U;
  43              		.loc 2 840 3 view .LVU3
 841:Drivers/STM32F4xx_HAL_Driver/Inc/stm32f4xx_ll_i2c.h **** 
 842:Drivers/STM32F4xx_HAL_Driver/Inc/stm32f4xx_ll_i2c.h ****   /* Compute frequency range */
 843:Drivers/STM32F4xx_HAL_Driver/Inc/stm32f4xx_ll_i2c.h ****   freqrange = __LL_I2C_FREQ_HZ_TO_MHZ(PeriphClock);
  44              		.loc 2 843 3 view .LVU4
  45              		.loc 2 843 13 is_stmt 0 view .LVU5
  46 0002 2A4C     		ldr	r4, .L11
  47 0004 A4FB014E 		umull	r4, lr, r4, r1
  48 0008 4FEA9E4C 		lsr	ip, lr, #18
  49              	.LVL2:
 844:Drivers/STM32F4xx_HAL_Driver/Inc/stm32f4xx_ll_i2c.h **** 
 845:Drivers/STM32F4xx_HAL_Driver/Inc/stm32f4xx_ll_i2c.h ****   /* Configure I2Cx: Frequency range register */
 846:Drivers/STM32F4xx_HAL_Driver/Inc/stm32f4xx_ll_i2c.h ****   MODIFY_REG(I2Cx->CR2, I2C_CR2_FREQ, freqrange);
  50              		.loc 2 846 3 is_stmt 1 view .LVU6
  51 000c 4468     		ldr	r4, [r0, #4]
  52 000e 24F03F04 		bic	r4, r4, #63
  53 0012 44EA9E44 		orr	r4, r4, lr, lsr #18
  54 0016 4460     		str	r4, [r0, #4]
 847:Drivers/STM32F4xx_HAL_Driver/Inc/stm32f4xx_ll_i2c.h **** 
 848:Drivers/STM32F4xx_HAL_Driver/Inc/stm32f4xx_ll_i2c.h ****   /* Configure I2Cx: Rise Time register */
 849:Drivers/STM32F4xx_HAL_Driver/Inc/stm32f4xx_ll_i2c.h ****   MODIFY_REG(I2Cx->TRISE, I2C_TRISE_TRISE, __LL_I2C_RISE_TIME(freqrange, ClockSpeed));
  55              		.loc 2 849 3 view .LVU7
  56 0018 046A     		ldr	r4, [r0, #32]
  57 001a 24F03F04 		bic	r4, r4, #63
  58 001e 244D     		ldr	r5, .L11+4
  59 0020 AA42     		cmp	r2, r5
  60 0022 1BD8     		bhi	.L2
  61              		.loc 2 849 3 is_stmt 0 discriminator 1 view .LVU8
  62 0024 0CF1010C 		add	ip, ip, #1
  63              	.LVL3:
  64              	.L3:
ARM GAS  C:\Users\chris\AppData\Local\Temp\ccHvCGBe.s 			page 17


  65              		.loc 2 849 3 discriminator 4 view .LVU9
  66 0028 44EA0C04 		orr	r4, r4, ip
  67 002c 0462     		str	r4, [r0, #32]
 850:Drivers/STM32F4xx_HAL_Driver/Inc/stm32f4xx_ll_i2c.h **** 
 851:Drivers/STM32F4xx_HAL_Driver/Inc/stm32f4xx_ll_i2c.h ****   /* Configure Speed mode, Duty Cycle and Clock control register value */
 852:Drivers/STM32F4xx_HAL_Driver/Inc/stm32f4xx_ll_i2c.h ****   if (ClockSpeed > LL_I2C_MAX_SPEED_STANDARD)
  68              		.loc 2 852 3 is_stmt 1 view .LVU10
  69              		.loc 2 852 6 is_stmt 0 view .LVU11
  70 002e 204C     		ldr	r4, .L11+4
  71 0030 A242     		cmp	r2, r4
  72 0032 31D9     		bls	.L4
 853:Drivers/STM32F4xx_HAL_Driver/Inc/stm32f4xx_ll_i2c.h ****   {
 854:Drivers/STM32F4xx_HAL_Driver/Inc/stm32f4xx_ll_i2c.h ****     /* Set Speed mode at fast and duty cycle for Clock Speed request in fast clock range */
 855:Drivers/STM32F4xx_HAL_Driver/Inc/stm32f4xx_ll_i2c.h ****     clockconfig = LL_I2C_CLOCK_SPEED_FAST_MODE                                          | \
  73              		.loc 2 855 5 is_stmt 1 view .LVU12
  74              		.loc 2 855 89 is_stmt 0 view .LVU13
  75 0034 F3B9     		cbnz	r3, .L5
 856:Drivers/STM32F4xx_HAL_Driver/Inc/stm32f4xx_ll_i2c.h ****                   __LL_I2C_SPEED_FAST_TO_CCR(PeriphClock, ClockSpeed, DutyCycle)        | \
  76              		.loc 2 856 19 view .LVU14
  77 0036 02EB4202 		add	r2, r2, r2, lsl #1
  78              	.LVL4:
  79              		.loc 2 856 19 view .LVU15
  80 003a B1FBF2F2 		udiv	r2, r1, r2
  81 003e C2F30B01 		ubfx	r1, r2, #0, #12
  82              	.LVL5:
 855:Drivers/STM32F4xx_HAL_Driver/Inc/stm32f4xx_ll_i2c.h ****                   __LL_I2C_SPEED_FAST_TO_CCR(PeriphClock, ClockSpeed, DutyCycle)        | \
  83              		.loc 2 855 89 discriminator 1 view .LVU16
  84 0042 19B3     		cbz	r1, .L8
 855:Drivers/STM32F4xx_HAL_Driver/Inc/stm32f4xx_ll_i2c.h ****                   __LL_I2C_SPEED_FAST_TO_CCR(PeriphClock, ClockSpeed, DutyCycle)        | \
  85              		.loc 2 855 89 discriminator 3 view .LVU17
  86 0044 42F40041 		orr	r1, r2, #32768
  87              	.L6:
 855:Drivers/STM32F4xx_HAL_Driver/Inc/stm32f4xx_ll_i2c.h ****                   __LL_I2C_SPEED_FAST_TO_CCR(PeriphClock, ClockSpeed, DutyCycle)        | \
  88              		.loc 2 855 17 discriminator 12 view .LVU18
  89 0048 0B43     		orrs	r3, r3, r1
  90              	.LVL6:
  91              	.L7:
 857:Drivers/STM32F4xx_HAL_Driver/Inc/stm32f4xx_ll_i2c.h ****                   DutyCycle;
 858:Drivers/STM32F4xx_HAL_Driver/Inc/stm32f4xx_ll_i2c.h ****   }
 859:Drivers/STM32F4xx_HAL_Driver/Inc/stm32f4xx_ll_i2c.h ****   else
 860:Drivers/STM32F4xx_HAL_Driver/Inc/stm32f4xx_ll_i2c.h ****   {
 861:Drivers/STM32F4xx_HAL_Driver/Inc/stm32f4xx_ll_i2c.h ****     /* Set Speed mode at standard for Clock Speed request in standard clock range */
 862:Drivers/STM32F4xx_HAL_Driver/Inc/stm32f4xx_ll_i2c.h ****     clockconfig = LL_I2C_CLOCK_SPEED_STANDARD_MODE                                      | \
 863:Drivers/STM32F4xx_HAL_Driver/Inc/stm32f4xx_ll_i2c.h ****                   __LL_I2C_SPEED_STANDARD_TO_CCR(PeriphClock, ClockSpeed);
 864:Drivers/STM32F4xx_HAL_Driver/Inc/stm32f4xx_ll_i2c.h ****   }
 865:Drivers/STM32F4xx_HAL_Driver/Inc/stm32f4xx_ll_i2c.h **** 
 866:Drivers/STM32F4xx_HAL_Driver/Inc/stm32f4xx_ll_i2c.h ****   /* Configure I2Cx: Clock control register */
 867:Drivers/STM32F4xx_HAL_Driver/Inc/stm32f4xx_ll_i2c.h ****   MODIFY_REG(I2Cx->CCR, (I2C_CCR_FS | I2C_CCR_DUTY | I2C_CCR_CCR), clockconfig);
  92              		.loc 2 867 3 is_stmt 1 view .LVU19
  93 004a C269     		ldr	r2, [r0, #28]
  94 004c 22F44F4C 		bic	ip, r2, #52992
  95 0050 2CF0FF0C 		bic	ip, ip, #255
  96 0054 4CEA0303 		orr	r3, ip, r3
  97              	.LVL7:
  98              		.loc 2 867 3 is_stmt 0 view .LVU20
  99 0058 C361     		str	r3, [r0, #28]
 868:Drivers/STM32F4xx_HAL_Driver/Inc/stm32f4xx_ll_i2c.h **** }
ARM GAS  C:\Users\chris\AppData\Local\Temp\ccHvCGBe.s 			page 18


 100              		.loc 2 868 1 view .LVU21
 101 005a 30BD     		pop	{r4, r5, pc}
 102              	.LVL8:
 103              	.L2:
 849:Drivers/STM32F4xx_HAL_Driver/Inc/stm32f4xx_ll_i2c.h **** 
 104              		.loc 2 849 3 discriminator 2 view .LVU22
 105 005c 4FF49675 		mov	r5, #300
 106 0060 05FB0CFC 		mul	ip, r5, ip
 107              	.LVL9:
 849:Drivers/STM32F4xx_HAL_Driver/Inc/stm32f4xx_ll_i2c.h **** 
 108              		.loc 2 849 3 discriminator 2 view .LVU23
 109 0064 134D     		ldr	r5, .L11+8
 110 0066 A5FB0C5C 		umull	r5, ip, r5, ip
 111 006a 4FEA9C1C 		lsr	ip, ip, #6
 112 006e 0CF1010C 		add	ip, ip, #1
 113 0072 D9E7     		b	.L3
 114              	.L5:
 856:Drivers/STM32F4xx_HAL_Driver/Inc/stm32f4xx_ll_i2c.h ****                   DutyCycle;
 115              		.loc 2 856 19 view .LVU24
 116 0074 02EB8202 		add	r2, r2, r2, lsl #2
 117              	.LVL10:
 856:Drivers/STM32F4xx_HAL_Driver/Inc/stm32f4xx_ll_i2c.h ****                   DutyCycle;
 118              		.loc 2 856 19 view .LVU25
 119 0078 02EB8202 		add	r2, r2, r2, lsl #2
 120 007c B1FBF2F2 		udiv	r2, r1, r2
 121 0080 C2F30B01 		ubfx	r1, r2, #0, #12
 122              	.LVL11:
 855:Drivers/STM32F4xx_HAL_Driver/Inc/stm32f4xx_ll_i2c.h ****                   __LL_I2C_SPEED_FAST_TO_CCR(PeriphClock, ClockSpeed, DutyCycle)        | \
 123              		.loc 2 855 89 discriminator 2 view .LVU26
 124 0084 29B1     		cbz	r1, .L9
 855:Drivers/STM32F4xx_HAL_Driver/Inc/stm32f4xx_ll_i2c.h ****                   __LL_I2C_SPEED_FAST_TO_CCR(PeriphClock, ClockSpeed, DutyCycle)        | \
 125              		.loc 2 855 89 discriminator 8 view .LVU27
 126 0086 42F40041 		orr	r1, r2, #32768
 127 008a DDE7     		b	.L6
 128              	.L8:
 855:Drivers/STM32F4xx_HAL_Driver/Inc/stm32f4xx_ll_i2c.h ****                   __LL_I2C_SPEED_FAST_TO_CCR(PeriphClock, ClockSpeed, DutyCycle)        | \
 129              		.loc 2 855 89 discriminator 4 view .LVU28
 130 008c 48F20101 		movw	r1, #32769
 131 0090 DAE7     		b	.L6
 132              	.L9:
 855:Drivers/STM32F4xx_HAL_Driver/Inc/stm32f4xx_ll_i2c.h ****                   __LL_I2C_SPEED_FAST_TO_CCR(PeriphClock, ClockSpeed, DutyCycle)        | \
 133              		.loc 2 855 89 discriminator 9 view .LVU29
 134 0092 48F20101 		movw	r1, #32769
 135 0096 D7E7     		b	.L6
 136              	.LVL12:
 137              	.L4:
 862:Drivers/STM32F4xx_HAL_Driver/Inc/stm32f4xx_ll_i2c.h ****                   __LL_I2C_SPEED_STANDARD_TO_CCR(PeriphClock, ClockSpeed);
 138              		.loc 2 862 5 is_stmt 1 view .LVU30
 863:Drivers/STM32F4xx_HAL_Driver/Inc/stm32f4xx_ll_i2c.h ****   }
 139              		.loc 2 863 19 is_stmt 0 view .LVU31
 140 0098 5200     		lsls	r2, r2, #1
 141              	.LVL13:
 863:Drivers/STM32F4xx_HAL_Driver/Inc/stm32f4xx_ll_i2c.h ****   }
 142              		.loc 2 863 19 view .LVU32
 143 009a B1FBF2F3 		udiv	r3, r1, r2
 144              	.LVL14:
 862:Drivers/STM32F4xx_HAL_Driver/Inc/stm32f4xx_ll_i2c.h ****                   __LL_I2C_SPEED_STANDARD_TO_CCR(PeriphClock, ClockSpeed);
ARM GAS  C:\Users\chris\AppData\Local\Temp\ccHvCGBe.s 			page 19


 145              		.loc 2 862 89 view .LVU33
 146 009e 40F6FC72 		movw	r2, #4092
 147 00a2 1342     		tst	r3, r2
 148 00a4 D1D1     		bne	.L7
 862:Drivers/STM32F4xx_HAL_Driver/Inc/stm32f4xx_ll_i2c.h ****                   __LL_I2C_SPEED_STANDARD_TO_CCR(PeriphClock, ClockSpeed);
 149              		.loc 2 862 89 discriminator 2 view .LVU34
 150 00a6 0423     		movs	r3, #4
 151 00a8 CFE7     		b	.L7
 152              	.L12:
 153 00aa 00BF     		.align	2
 154              	.L11:
 155 00ac 83DE1B43 		.word	1125899907
 156 00b0 A0860100 		.word	100000
 157 00b4 D34D6210 		.word	274877907
 158              		.cfi_endproc
 159              	.LFE171:
 161              		.section	.text.LL_I2C_DeInit,"ax",%progbits
 162              		.align	1
 163              		.global	LL_I2C_DeInit
 164              		.syntax unified
 165              		.thumb
 166              		.thumb_func
 168              	LL_I2C_DeInit:
 169              	.LVL15:
 170              	.LFB378:
   1:Drivers/STM32F4xx_HAL_Driver/Src/stm32f4xx_ll_i2c.c **** /**
   2:Drivers/STM32F4xx_HAL_Driver/Src/stm32f4xx_ll_i2c.c ****   ******************************************************************************
   3:Drivers/STM32F4xx_HAL_Driver/Src/stm32f4xx_ll_i2c.c ****   * @file    stm32f4xx_ll_i2c.c
   4:Drivers/STM32F4xx_HAL_Driver/Src/stm32f4xx_ll_i2c.c ****   * @author  MCD Application Team
   5:Drivers/STM32F4xx_HAL_Driver/Src/stm32f4xx_ll_i2c.c ****   * @brief   I2C LL module driver.
   6:Drivers/STM32F4xx_HAL_Driver/Src/stm32f4xx_ll_i2c.c ****   ******************************************************************************
   7:Drivers/STM32F4xx_HAL_Driver/Src/stm32f4xx_ll_i2c.c ****   * @attention
   8:Drivers/STM32F4xx_HAL_Driver/Src/stm32f4xx_ll_i2c.c ****   *
   9:Drivers/STM32F4xx_HAL_Driver/Src/stm32f4xx_ll_i2c.c ****   * Copyright (c) 2016 STMicroelectronics.
  10:Drivers/STM32F4xx_HAL_Driver/Src/stm32f4xx_ll_i2c.c ****   * All rights reserved.
  11:Drivers/STM32F4xx_HAL_Driver/Src/stm32f4xx_ll_i2c.c ****   *
  12:Drivers/STM32F4xx_HAL_Driver/Src/stm32f4xx_ll_i2c.c ****   * This software is licensed under terms that can be found in the LICENSE file
  13:Drivers/STM32F4xx_HAL_Driver/Src/stm32f4xx_ll_i2c.c ****   * in the root directory of this software component.
  14:Drivers/STM32F4xx_HAL_Driver/Src/stm32f4xx_ll_i2c.c ****   * If no LICENSE file comes with this software, it is provided AS-IS.
  15:Drivers/STM32F4xx_HAL_Driver/Src/stm32f4xx_ll_i2c.c ****   *
  16:Drivers/STM32F4xx_HAL_Driver/Src/stm32f4xx_ll_i2c.c ****   ******************************************************************************
  17:Drivers/STM32F4xx_HAL_Driver/Src/stm32f4xx_ll_i2c.c ****   */
  18:Drivers/STM32F4xx_HAL_Driver/Src/stm32f4xx_ll_i2c.c **** #if defined(USE_FULL_LL_DRIVER)
  19:Drivers/STM32F4xx_HAL_Driver/Src/stm32f4xx_ll_i2c.c **** 
  20:Drivers/STM32F4xx_HAL_Driver/Src/stm32f4xx_ll_i2c.c **** /* Includes ------------------------------------------------------------------*/
  21:Drivers/STM32F4xx_HAL_Driver/Src/stm32f4xx_ll_i2c.c **** #include "stm32f4xx_ll_i2c.h"
  22:Drivers/STM32F4xx_HAL_Driver/Src/stm32f4xx_ll_i2c.c **** #include "stm32f4xx_ll_bus.h"
  23:Drivers/STM32F4xx_HAL_Driver/Src/stm32f4xx_ll_i2c.c **** #include "stm32f4xx_ll_rcc.h"
  24:Drivers/STM32F4xx_HAL_Driver/Src/stm32f4xx_ll_i2c.c **** #ifdef  USE_FULL_ASSERT
  25:Drivers/STM32F4xx_HAL_Driver/Src/stm32f4xx_ll_i2c.c **** #include "stm32_assert.h"
  26:Drivers/STM32F4xx_HAL_Driver/Src/stm32f4xx_ll_i2c.c **** #else
  27:Drivers/STM32F4xx_HAL_Driver/Src/stm32f4xx_ll_i2c.c **** #define assert_param(expr) ((void)0U)
  28:Drivers/STM32F4xx_HAL_Driver/Src/stm32f4xx_ll_i2c.c **** #endif
  29:Drivers/STM32F4xx_HAL_Driver/Src/stm32f4xx_ll_i2c.c **** 
  30:Drivers/STM32F4xx_HAL_Driver/Src/stm32f4xx_ll_i2c.c **** /** @addtogroup STM32F4xx_LL_Driver
  31:Drivers/STM32F4xx_HAL_Driver/Src/stm32f4xx_ll_i2c.c ****   * @{
  32:Drivers/STM32F4xx_HAL_Driver/Src/stm32f4xx_ll_i2c.c ****   */
ARM GAS  C:\Users\chris\AppData\Local\Temp\ccHvCGBe.s 			page 20


  33:Drivers/STM32F4xx_HAL_Driver/Src/stm32f4xx_ll_i2c.c **** 
  34:Drivers/STM32F4xx_HAL_Driver/Src/stm32f4xx_ll_i2c.c **** #if defined (I2C1) || defined (I2C2) || defined (I2C3)
  35:Drivers/STM32F4xx_HAL_Driver/Src/stm32f4xx_ll_i2c.c **** 
  36:Drivers/STM32F4xx_HAL_Driver/Src/stm32f4xx_ll_i2c.c **** /** @defgroup I2C_LL I2C
  37:Drivers/STM32F4xx_HAL_Driver/Src/stm32f4xx_ll_i2c.c ****   * @{
  38:Drivers/STM32F4xx_HAL_Driver/Src/stm32f4xx_ll_i2c.c ****   */
  39:Drivers/STM32F4xx_HAL_Driver/Src/stm32f4xx_ll_i2c.c **** 
  40:Drivers/STM32F4xx_HAL_Driver/Src/stm32f4xx_ll_i2c.c **** /* Private types -------------------------------------------------------------*/
  41:Drivers/STM32F4xx_HAL_Driver/Src/stm32f4xx_ll_i2c.c **** /* Private variables ---------------------------------------------------------*/
  42:Drivers/STM32F4xx_HAL_Driver/Src/stm32f4xx_ll_i2c.c **** /* Private constants ---------------------------------------------------------*/
  43:Drivers/STM32F4xx_HAL_Driver/Src/stm32f4xx_ll_i2c.c **** /* Private macros ------------------------------------------------------------*/
  44:Drivers/STM32F4xx_HAL_Driver/Src/stm32f4xx_ll_i2c.c **** /** @addtogroup I2C_LL_Private_Macros
  45:Drivers/STM32F4xx_HAL_Driver/Src/stm32f4xx_ll_i2c.c ****   * @{
  46:Drivers/STM32F4xx_HAL_Driver/Src/stm32f4xx_ll_i2c.c ****   */
  47:Drivers/STM32F4xx_HAL_Driver/Src/stm32f4xx_ll_i2c.c **** 
  48:Drivers/STM32F4xx_HAL_Driver/Src/stm32f4xx_ll_i2c.c **** #define IS_LL_I2C_PERIPHERAL_MODE(__VALUE__)    (((__VALUE__) == LL_I2C_MODE_I2C)          || \
  49:Drivers/STM32F4xx_HAL_Driver/Src/stm32f4xx_ll_i2c.c ****                                                  ((__VALUE__) == LL_I2C_MODE_SMBUS_HOST)   || \
  50:Drivers/STM32F4xx_HAL_Driver/Src/stm32f4xx_ll_i2c.c ****                                                  ((__VALUE__) == LL_I2C_MODE_SMBUS_DEVICE) || \
  51:Drivers/STM32F4xx_HAL_Driver/Src/stm32f4xx_ll_i2c.c ****                                                  ((__VALUE__) == LL_I2C_MODE_SMBUS_DEVICE_ARP))
  52:Drivers/STM32F4xx_HAL_Driver/Src/stm32f4xx_ll_i2c.c **** 
  53:Drivers/STM32F4xx_HAL_Driver/Src/stm32f4xx_ll_i2c.c **** #define IS_LL_I2C_CLOCK_SPEED(__VALUE__)           (((__VALUE__) > 0U) && ((__VALUE__) <= LL_I2C_MA
  54:Drivers/STM32F4xx_HAL_Driver/Src/stm32f4xx_ll_i2c.c **** 
  55:Drivers/STM32F4xx_HAL_Driver/Src/stm32f4xx_ll_i2c.c **** #define IS_LL_I2C_DUTY_CYCLE(__VALUE__)            (((__VALUE__) == LL_I2C_DUTYCYCLE_2) || \
  56:Drivers/STM32F4xx_HAL_Driver/Src/stm32f4xx_ll_i2c.c ****                                                  ((__VALUE__) == LL_I2C_DUTYCYCLE_16_9))
  57:Drivers/STM32F4xx_HAL_Driver/Src/stm32f4xx_ll_i2c.c **** 
  58:Drivers/STM32F4xx_HAL_Driver/Src/stm32f4xx_ll_i2c.c **** #if  defined(I2C_FLTR_ANOFF)&&defined(I2C_FLTR_DNF)
  59:Drivers/STM32F4xx_HAL_Driver/Src/stm32f4xx_ll_i2c.c **** #define IS_LL_I2C_ANALOG_FILTER(__VALUE__)      (((__VALUE__) == LL_I2C_ANALOGFILTER_ENABLE) || \
  60:Drivers/STM32F4xx_HAL_Driver/Src/stm32f4xx_ll_i2c.c ****                                                  ((__VALUE__) == LL_I2C_ANALOGFILTER_DISABLE))
  61:Drivers/STM32F4xx_HAL_Driver/Src/stm32f4xx_ll_i2c.c **** 
  62:Drivers/STM32F4xx_HAL_Driver/Src/stm32f4xx_ll_i2c.c **** #define IS_LL_I2C_DIGITAL_FILTER(__VALUE__)     ((__VALUE__) <= 0x0000000FU)
  63:Drivers/STM32F4xx_HAL_Driver/Src/stm32f4xx_ll_i2c.c **** 
  64:Drivers/STM32F4xx_HAL_Driver/Src/stm32f4xx_ll_i2c.c **** #endif
  65:Drivers/STM32F4xx_HAL_Driver/Src/stm32f4xx_ll_i2c.c **** #define IS_LL_I2C_OWN_ADDRESS1(__VALUE__)       ((__VALUE__) <= 0x000003FFU)
  66:Drivers/STM32F4xx_HAL_Driver/Src/stm32f4xx_ll_i2c.c **** 
  67:Drivers/STM32F4xx_HAL_Driver/Src/stm32f4xx_ll_i2c.c **** #define IS_LL_I2C_TYPE_ACKNOWLEDGE(__VALUE__)   (((__VALUE__) == LL_I2C_ACK) || \
  68:Drivers/STM32F4xx_HAL_Driver/Src/stm32f4xx_ll_i2c.c ****                                                  ((__VALUE__) == LL_I2C_NACK))
  69:Drivers/STM32F4xx_HAL_Driver/Src/stm32f4xx_ll_i2c.c **** 
  70:Drivers/STM32F4xx_HAL_Driver/Src/stm32f4xx_ll_i2c.c **** #define IS_LL_I2C_OWN_ADDRSIZE(__VALUE__)       (((__VALUE__) == LL_I2C_OWNADDRESS1_7BIT) || \
  71:Drivers/STM32F4xx_HAL_Driver/Src/stm32f4xx_ll_i2c.c ****                                                  ((__VALUE__) == LL_I2C_OWNADDRESS1_10BIT))
  72:Drivers/STM32F4xx_HAL_Driver/Src/stm32f4xx_ll_i2c.c **** /**
  73:Drivers/STM32F4xx_HAL_Driver/Src/stm32f4xx_ll_i2c.c ****   * @}
  74:Drivers/STM32F4xx_HAL_Driver/Src/stm32f4xx_ll_i2c.c ****   */
  75:Drivers/STM32F4xx_HAL_Driver/Src/stm32f4xx_ll_i2c.c **** 
  76:Drivers/STM32F4xx_HAL_Driver/Src/stm32f4xx_ll_i2c.c **** /* Private function prototypes -----------------------------------------------*/
  77:Drivers/STM32F4xx_HAL_Driver/Src/stm32f4xx_ll_i2c.c **** 
  78:Drivers/STM32F4xx_HAL_Driver/Src/stm32f4xx_ll_i2c.c **** /* Exported functions --------------------------------------------------------*/
  79:Drivers/STM32F4xx_HAL_Driver/Src/stm32f4xx_ll_i2c.c **** /** @addtogroup I2C_LL_Exported_Functions
  80:Drivers/STM32F4xx_HAL_Driver/Src/stm32f4xx_ll_i2c.c ****   * @{
  81:Drivers/STM32F4xx_HAL_Driver/Src/stm32f4xx_ll_i2c.c ****   */
  82:Drivers/STM32F4xx_HAL_Driver/Src/stm32f4xx_ll_i2c.c **** 
  83:Drivers/STM32F4xx_HAL_Driver/Src/stm32f4xx_ll_i2c.c **** /** @addtogroup I2C_LL_EF_Init
  84:Drivers/STM32F4xx_HAL_Driver/Src/stm32f4xx_ll_i2c.c ****   * @{
  85:Drivers/STM32F4xx_HAL_Driver/Src/stm32f4xx_ll_i2c.c ****   */
  86:Drivers/STM32F4xx_HAL_Driver/Src/stm32f4xx_ll_i2c.c **** 
  87:Drivers/STM32F4xx_HAL_Driver/Src/stm32f4xx_ll_i2c.c **** /**
  88:Drivers/STM32F4xx_HAL_Driver/Src/stm32f4xx_ll_i2c.c ****   * @brief  De-initialize the I2C registers to their default reset values.
  89:Drivers/STM32F4xx_HAL_Driver/Src/stm32f4xx_ll_i2c.c ****   * @param  I2Cx I2C Instance.
ARM GAS  C:\Users\chris\AppData\Local\Temp\ccHvCGBe.s 			page 21


  90:Drivers/STM32F4xx_HAL_Driver/Src/stm32f4xx_ll_i2c.c ****   * @retval An ErrorStatus enumeration value:
  91:Drivers/STM32F4xx_HAL_Driver/Src/stm32f4xx_ll_i2c.c ****   *          - SUCCESS  I2C registers are de-initialized
  92:Drivers/STM32F4xx_HAL_Driver/Src/stm32f4xx_ll_i2c.c ****   *          - ERROR  I2C registers are not de-initialized
  93:Drivers/STM32F4xx_HAL_Driver/Src/stm32f4xx_ll_i2c.c ****   */
  94:Drivers/STM32F4xx_HAL_Driver/Src/stm32f4xx_ll_i2c.c **** uint32_t LL_I2C_DeInit(I2C_TypeDef *I2Cx)
  95:Drivers/STM32F4xx_HAL_Driver/Src/stm32f4xx_ll_i2c.c **** {
 171              		.loc 1 95 1 is_stmt 1 view -0
 172              		.cfi_startproc
 173              		@ args = 0, pretend = 0, frame = 0
 174              		@ frame_needed = 0, uses_anonymous_args = 0
 175              		@ link register save eliminated.
  96:Drivers/STM32F4xx_HAL_Driver/Src/stm32f4xx_ll_i2c.c ****   ErrorStatus status = SUCCESS;
 176              		.loc 1 96 3 view .LVU36
  97:Drivers/STM32F4xx_HAL_Driver/Src/stm32f4xx_ll_i2c.c **** 
  98:Drivers/STM32F4xx_HAL_Driver/Src/stm32f4xx_ll_i2c.c ****   /* Check the I2C Instance I2Cx */
  99:Drivers/STM32F4xx_HAL_Driver/Src/stm32f4xx_ll_i2c.c ****   assert_param(IS_I2C_ALL_INSTANCE(I2Cx));
 177              		.loc 1 99 3 view .LVU37
 100:Drivers/STM32F4xx_HAL_Driver/Src/stm32f4xx_ll_i2c.c **** 
 101:Drivers/STM32F4xx_HAL_Driver/Src/stm32f4xx_ll_i2c.c ****   if (I2Cx == I2C1)
 178              		.loc 1 101 3 view .LVU38
 179              		.loc 1 101 6 is_stmt 0 view .LVU39
 180 0000 174B     		ldr	r3, .L21
 181 0002 9842     		cmp	r0, r3
 182 0004 07D0     		beq	.L18
 102:Drivers/STM32F4xx_HAL_Driver/Src/stm32f4xx_ll_i2c.c ****   {
 103:Drivers/STM32F4xx_HAL_Driver/Src/stm32f4xx_ll_i2c.c ****     /* Force reset of I2C clock */
 104:Drivers/STM32F4xx_HAL_Driver/Src/stm32f4xx_ll_i2c.c ****     LL_APB1_GRP1_ForceReset(LL_APB1_GRP1_PERIPH_I2C1);
 105:Drivers/STM32F4xx_HAL_Driver/Src/stm32f4xx_ll_i2c.c **** 
 106:Drivers/STM32F4xx_HAL_Driver/Src/stm32f4xx_ll_i2c.c ****     /* Release reset of I2C clock */
 107:Drivers/STM32F4xx_HAL_Driver/Src/stm32f4xx_ll_i2c.c ****     LL_APB1_GRP1_ReleaseReset(LL_APB1_GRP1_PERIPH_I2C1);
 108:Drivers/STM32F4xx_HAL_Driver/Src/stm32f4xx_ll_i2c.c ****   }
 109:Drivers/STM32F4xx_HAL_Driver/Src/stm32f4xx_ll_i2c.c ****   else if (I2Cx == I2C2)
 183              		.loc 1 109 8 is_stmt 1 view .LVU40
 184              		.loc 1 109 11 is_stmt 0 view .LVU41
 185 0006 174B     		ldr	r3, .L21+4
 186 0008 9842     		cmp	r0, r3
 187 000a 10D0     		beq	.L19
 110:Drivers/STM32F4xx_HAL_Driver/Src/stm32f4xx_ll_i2c.c ****   {
 111:Drivers/STM32F4xx_HAL_Driver/Src/stm32f4xx_ll_i2c.c ****     /* Force reset of I2C clock */
 112:Drivers/STM32F4xx_HAL_Driver/Src/stm32f4xx_ll_i2c.c ****     LL_APB1_GRP1_ForceReset(LL_APB1_GRP1_PERIPH_I2C2);
 113:Drivers/STM32F4xx_HAL_Driver/Src/stm32f4xx_ll_i2c.c **** 
 114:Drivers/STM32F4xx_HAL_Driver/Src/stm32f4xx_ll_i2c.c ****     /* Release reset of I2C clock */
 115:Drivers/STM32F4xx_HAL_Driver/Src/stm32f4xx_ll_i2c.c ****     LL_APB1_GRP1_ReleaseReset(LL_APB1_GRP1_PERIPH_I2C2);
 116:Drivers/STM32F4xx_HAL_Driver/Src/stm32f4xx_ll_i2c.c **** 
 117:Drivers/STM32F4xx_HAL_Driver/Src/stm32f4xx_ll_i2c.c ****   }
 118:Drivers/STM32F4xx_HAL_Driver/Src/stm32f4xx_ll_i2c.c **** #if defined(I2C3)
 119:Drivers/STM32F4xx_HAL_Driver/Src/stm32f4xx_ll_i2c.c ****   else if (I2Cx == I2C3)
 188              		.loc 1 119 8 is_stmt 1 view .LVU42
 189              		.loc 1 119 11 is_stmt 0 view .LVU43
 190 000c 164B     		ldr	r3, .L21+8
 191 000e 9842     		cmp	r0, r3
 192 0010 19D0     		beq	.L20
 120:Drivers/STM32F4xx_HAL_Driver/Src/stm32f4xx_ll_i2c.c ****   {
 121:Drivers/STM32F4xx_HAL_Driver/Src/stm32f4xx_ll_i2c.c ****     /* Force reset of I2C clock */
 122:Drivers/STM32F4xx_HAL_Driver/Src/stm32f4xx_ll_i2c.c ****     LL_APB1_GRP1_ForceReset(LL_APB1_GRP1_PERIPH_I2C3);
 123:Drivers/STM32F4xx_HAL_Driver/Src/stm32f4xx_ll_i2c.c **** 
 124:Drivers/STM32F4xx_HAL_Driver/Src/stm32f4xx_ll_i2c.c ****     /* Release reset of I2C clock */
ARM GAS  C:\Users\chris\AppData\Local\Temp\ccHvCGBe.s 			page 22


 125:Drivers/STM32F4xx_HAL_Driver/Src/stm32f4xx_ll_i2c.c ****     LL_APB1_GRP1_ReleaseReset(LL_APB1_GRP1_PERIPH_I2C3);
 126:Drivers/STM32F4xx_HAL_Driver/Src/stm32f4xx_ll_i2c.c ****   }
 127:Drivers/STM32F4xx_HAL_Driver/Src/stm32f4xx_ll_i2c.c **** #endif
 128:Drivers/STM32F4xx_HAL_Driver/Src/stm32f4xx_ll_i2c.c ****   else
 129:Drivers/STM32F4xx_HAL_Driver/Src/stm32f4xx_ll_i2c.c ****   {
 130:Drivers/STM32F4xx_HAL_Driver/Src/stm32f4xx_ll_i2c.c ****     status = ERROR;
 193              		.loc 1 130 12 view .LVU44
 194 0012 0120     		movs	r0, #1
 195              	.LVL16:
 131:Drivers/STM32F4xx_HAL_Driver/Src/stm32f4xx_ll_i2c.c ****   }
 132:Drivers/STM32F4xx_HAL_Driver/Src/stm32f4xx_ll_i2c.c **** 
 133:Drivers/STM32F4xx_HAL_Driver/Src/stm32f4xx_ll_i2c.c ****   return status;
 196              		.loc 1 133 3 is_stmt 1 view .LVU45
 134:Drivers/STM32F4xx_HAL_Driver/Src/stm32f4xx_ll_i2c.c **** }
 197              		.loc 1 134 1 is_stmt 0 view .LVU46
 198 0014 7047     		bx	lr
 199              	.LVL17:
 200              	.L18:
 104:Drivers/STM32F4xx_HAL_Driver/Src/stm32f4xx_ll_i2c.c **** 
 201              		.loc 1 104 5 is_stmt 1 view .LVU47
 202              	.LBB26:
 203              	.LBI26:
 204              		.file 3 "Drivers/STM32F4xx_HAL_Driver/Inc/stm32f4xx_ll_bus.h"
   1:Drivers/STM32F4xx_HAL_Driver/Inc/stm32f4xx_ll_bus.h **** /**
   2:Drivers/STM32F4xx_HAL_Driver/Inc/stm32f4xx_ll_bus.h ****   ******************************************************************************
   3:Drivers/STM32F4xx_HAL_Driver/Inc/stm32f4xx_ll_bus.h ****   * @file    stm32f4xx_ll_bus.h
   4:Drivers/STM32F4xx_HAL_Driver/Inc/stm32f4xx_ll_bus.h ****   * @author  MCD Application Team
   5:Drivers/STM32F4xx_HAL_Driver/Inc/stm32f4xx_ll_bus.h ****   * @brief   Header file of BUS LL module.
   6:Drivers/STM32F4xx_HAL_Driver/Inc/stm32f4xx_ll_bus.h **** 
   7:Drivers/STM32F4xx_HAL_Driver/Inc/stm32f4xx_ll_bus.h ****   @verbatim
   8:Drivers/STM32F4xx_HAL_Driver/Inc/stm32f4xx_ll_bus.h ****                       ##### RCC Limitations #####
   9:Drivers/STM32F4xx_HAL_Driver/Inc/stm32f4xx_ll_bus.h ****   ==============================================================================
  10:Drivers/STM32F4xx_HAL_Driver/Inc/stm32f4xx_ll_bus.h ****     [..]
  11:Drivers/STM32F4xx_HAL_Driver/Inc/stm32f4xx_ll_bus.h ****       A delay between an RCC peripheral clock enable and the effective peripheral
  12:Drivers/STM32F4xx_HAL_Driver/Inc/stm32f4xx_ll_bus.h ****       enabling should be taken into account in order to manage the peripheral read/write
  13:Drivers/STM32F4xx_HAL_Driver/Inc/stm32f4xx_ll_bus.h ****       from/to registers.
  14:Drivers/STM32F4xx_HAL_Driver/Inc/stm32f4xx_ll_bus.h ****       (+) This delay depends on the peripheral mapping.
  15:Drivers/STM32F4xx_HAL_Driver/Inc/stm32f4xx_ll_bus.h ****         (++) AHB & APB peripherals, 1 dummy read is necessary
  16:Drivers/STM32F4xx_HAL_Driver/Inc/stm32f4xx_ll_bus.h **** 
  17:Drivers/STM32F4xx_HAL_Driver/Inc/stm32f4xx_ll_bus.h ****     [..]
  18:Drivers/STM32F4xx_HAL_Driver/Inc/stm32f4xx_ll_bus.h ****       Workarounds:
  19:Drivers/STM32F4xx_HAL_Driver/Inc/stm32f4xx_ll_bus.h ****       (#) For AHB & APB peripherals, a dummy read to the peripheral register has been
  20:Drivers/STM32F4xx_HAL_Driver/Inc/stm32f4xx_ll_bus.h ****           inserted in each LL_{BUS}_GRP{x}_EnableClock() function.
  21:Drivers/STM32F4xx_HAL_Driver/Inc/stm32f4xx_ll_bus.h **** 
  22:Drivers/STM32F4xx_HAL_Driver/Inc/stm32f4xx_ll_bus.h ****   @endverbatim
  23:Drivers/STM32F4xx_HAL_Driver/Inc/stm32f4xx_ll_bus.h ****   ******************************************************************************
  24:Drivers/STM32F4xx_HAL_Driver/Inc/stm32f4xx_ll_bus.h ****   * @attention
  25:Drivers/STM32F4xx_HAL_Driver/Inc/stm32f4xx_ll_bus.h ****   *
  26:Drivers/STM32F4xx_HAL_Driver/Inc/stm32f4xx_ll_bus.h ****   * Copyright (c) 2017 STMicroelectronics.
  27:Drivers/STM32F4xx_HAL_Driver/Inc/stm32f4xx_ll_bus.h ****   * All rights reserved.
  28:Drivers/STM32F4xx_HAL_Driver/Inc/stm32f4xx_ll_bus.h ****   *
  29:Drivers/STM32F4xx_HAL_Driver/Inc/stm32f4xx_ll_bus.h ****   * This software is licensed under terms that can be found in the LICENSE file in
  30:Drivers/STM32F4xx_HAL_Driver/Inc/stm32f4xx_ll_bus.h ****   * the root directory of this software component.
  31:Drivers/STM32F4xx_HAL_Driver/Inc/stm32f4xx_ll_bus.h ****   * If no LICENSE file comes with this software, it is provided AS-IS.
  32:Drivers/STM32F4xx_HAL_Driver/Inc/stm32f4xx_ll_bus.h ****   ******************************************************************************
  33:Drivers/STM32F4xx_HAL_Driver/Inc/stm32f4xx_ll_bus.h ****   */
  34:Drivers/STM32F4xx_HAL_Driver/Inc/stm32f4xx_ll_bus.h **** 
ARM GAS  C:\Users\chris\AppData\Local\Temp\ccHvCGBe.s 			page 23


  35:Drivers/STM32F4xx_HAL_Driver/Inc/stm32f4xx_ll_bus.h **** /* Define to prevent recursive inclusion -------------------------------------*/
  36:Drivers/STM32F4xx_HAL_Driver/Inc/stm32f4xx_ll_bus.h **** #ifndef __STM32F4xx_LL_BUS_H
  37:Drivers/STM32F4xx_HAL_Driver/Inc/stm32f4xx_ll_bus.h **** #define __STM32F4xx_LL_BUS_H
  38:Drivers/STM32F4xx_HAL_Driver/Inc/stm32f4xx_ll_bus.h **** 
  39:Drivers/STM32F4xx_HAL_Driver/Inc/stm32f4xx_ll_bus.h **** #ifdef __cplusplus
  40:Drivers/STM32F4xx_HAL_Driver/Inc/stm32f4xx_ll_bus.h **** extern "C" {
  41:Drivers/STM32F4xx_HAL_Driver/Inc/stm32f4xx_ll_bus.h **** #endif
  42:Drivers/STM32F4xx_HAL_Driver/Inc/stm32f4xx_ll_bus.h **** 
  43:Drivers/STM32F4xx_HAL_Driver/Inc/stm32f4xx_ll_bus.h **** /* Includes ------------------------------------------------------------------*/
  44:Drivers/STM32F4xx_HAL_Driver/Inc/stm32f4xx_ll_bus.h **** #include "stm32f4xx.h"
  45:Drivers/STM32F4xx_HAL_Driver/Inc/stm32f4xx_ll_bus.h **** 
  46:Drivers/STM32F4xx_HAL_Driver/Inc/stm32f4xx_ll_bus.h **** /** @addtogroup STM32F4xx_LL_Driver
  47:Drivers/STM32F4xx_HAL_Driver/Inc/stm32f4xx_ll_bus.h ****   * @{
  48:Drivers/STM32F4xx_HAL_Driver/Inc/stm32f4xx_ll_bus.h ****   */
  49:Drivers/STM32F4xx_HAL_Driver/Inc/stm32f4xx_ll_bus.h **** 
  50:Drivers/STM32F4xx_HAL_Driver/Inc/stm32f4xx_ll_bus.h **** #if defined(RCC)
  51:Drivers/STM32F4xx_HAL_Driver/Inc/stm32f4xx_ll_bus.h **** 
  52:Drivers/STM32F4xx_HAL_Driver/Inc/stm32f4xx_ll_bus.h **** /** @defgroup BUS_LL BUS
  53:Drivers/STM32F4xx_HAL_Driver/Inc/stm32f4xx_ll_bus.h ****   * @{
  54:Drivers/STM32F4xx_HAL_Driver/Inc/stm32f4xx_ll_bus.h ****   */
  55:Drivers/STM32F4xx_HAL_Driver/Inc/stm32f4xx_ll_bus.h **** 
  56:Drivers/STM32F4xx_HAL_Driver/Inc/stm32f4xx_ll_bus.h **** /* Private types -------------------------------------------------------------*/
  57:Drivers/STM32F4xx_HAL_Driver/Inc/stm32f4xx_ll_bus.h **** /* Private variables ---------------------------------------------------------*/
  58:Drivers/STM32F4xx_HAL_Driver/Inc/stm32f4xx_ll_bus.h **** /* Private constants ---------------------------------------------------------*/
  59:Drivers/STM32F4xx_HAL_Driver/Inc/stm32f4xx_ll_bus.h **** /* Private macros ------------------------------------------------------------*/
  60:Drivers/STM32F4xx_HAL_Driver/Inc/stm32f4xx_ll_bus.h **** /* Exported types ------------------------------------------------------------*/
  61:Drivers/STM32F4xx_HAL_Driver/Inc/stm32f4xx_ll_bus.h **** /* Exported constants --------------------------------------------------------*/
  62:Drivers/STM32F4xx_HAL_Driver/Inc/stm32f4xx_ll_bus.h **** /** @defgroup BUS_LL_Exported_Constants BUS Exported Constants
  63:Drivers/STM32F4xx_HAL_Driver/Inc/stm32f4xx_ll_bus.h ****   * @{
  64:Drivers/STM32F4xx_HAL_Driver/Inc/stm32f4xx_ll_bus.h ****   */
  65:Drivers/STM32F4xx_HAL_Driver/Inc/stm32f4xx_ll_bus.h **** 
  66:Drivers/STM32F4xx_HAL_Driver/Inc/stm32f4xx_ll_bus.h **** /** @defgroup BUS_LL_EC_AHB1_GRP1_PERIPH  AHB1 GRP1 PERIPH
  67:Drivers/STM32F4xx_HAL_Driver/Inc/stm32f4xx_ll_bus.h ****   * @{
  68:Drivers/STM32F4xx_HAL_Driver/Inc/stm32f4xx_ll_bus.h ****   */
  69:Drivers/STM32F4xx_HAL_Driver/Inc/stm32f4xx_ll_bus.h **** #define LL_AHB1_GRP1_PERIPH_ALL             0xFFFFFFFFU
  70:Drivers/STM32F4xx_HAL_Driver/Inc/stm32f4xx_ll_bus.h **** #define LL_AHB1_GRP1_PERIPH_GPIOA           RCC_AHB1ENR_GPIOAEN
  71:Drivers/STM32F4xx_HAL_Driver/Inc/stm32f4xx_ll_bus.h **** #define LL_AHB1_GRP1_PERIPH_GPIOB           RCC_AHB1ENR_GPIOBEN
  72:Drivers/STM32F4xx_HAL_Driver/Inc/stm32f4xx_ll_bus.h **** #define LL_AHB1_GRP1_PERIPH_GPIOC           RCC_AHB1ENR_GPIOCEN
  73:Drivers/STM32F4xx_HAL_Driver/Inc/stm32f4xx_ll_bus.h **** #if defined(GPIOD)
  74:Drivers/STM32F4xx_HAL_Driver/Inc/stm32f4xx_ll_bus.h **** #define LL_AHB1_GRP1_PERIPH_GPIOD           RCC_AHB1ENR_GPIODEN
  75:Drivers/STM32F4xx_HAL_Driver/Inc/stm32f4xx_ll_bus.h **** #endif /* GPIOD */
  76:Drivers/STM32F4xx_HAL_Driver/Inc/stm32f4xx_ll_bus.h **** #if defined(GPIOE)
  77:Drivers/STM32F4xx_HAL_Driver/Inc/stm32f4xx_ll_bus.h **** #define LL_AHB1_GRP1_PERIPH_GPIOE           RCC_AHB1ENR_GPIOEEN
  78:Drivers/STM32F4xx_HAL_Driver/Inc/stm32f4xx_ll_bus.h **** #endif /* GPIOE */
  79:Drivers/STM32F4xx_HAL_Driver/Inc/stm32f4xx_ll_bus.h **** #if defined(GPIOF)
  80:Drivers/STM32F4xx_HAL_Driver/Inc/stm32f4xx_ll_bus.h **** #define LL_AHB1_GRP1_PERIPH_GPIOF           RCC_AHB1ENR_GPIOFEN
  81:Drivers/STM32F4xx_HAL_Driver/Inc/stm32f4xx_ll_bus.h **** #endif /* GPIOF */
  82:Drivers/STM32F4xx_HAL_Driver/Inc/stm32f4xx_ll_bus.h **** #if defined(GPIOG)
  83:Drivers/STM32F4xx_HAL_Driver/Inc/stm32f4xx_ll_bus.h **** #define LL_AHB1_GRP1_PERIPH_GPIOG           RCC_AHB1ENR_GPIOGEN
  84:Drivers/STM32F4xx_HAL_Driver/Inc/stm32f4xx_ll_bus.h **** #endif /* GPIOG */
  85:Drivers/STM32F4xx_HAL_Driver/Inc/stm32f4xx_ll_bus.h **** #if defined(GPIOH)
  86:Drivers/STM32F4xx_HAL_Driver/Inc/stm32f4xx_ll_bus.h **** #define LL_AHB1_GRP1_PERIPH_GPIOH           RCC_AHB1ENR_GPIOHEN
  87:Drivers/STM32F4xx_HAL_Driver/Inc/stm32f4xx_ll_bus.h **** #endif /* GPIOH */
  88:Drivers/STM32F4xx_HAL_Driver/Inc/stm32f4xx_ll_bus.h **** #if defined(GPIOI)
  89:Drivers/STM32F4xx_HAL_Driver/Inc/stm32f4xx_ll_bus.h **** #define LL_AHB1_GRP1_PERIPH_GPIOI           RCC_AHB1ENR_GPIOIEN
  90:Drivers/STM32F4xx_HAL_Driver/Inc/stm32f4xx_ll_bus.h **** #endif /* GPIOI */
  91:Drivers/STM32F4xx_HAL_Driver/Inc/stm32f4xx_ll_bus.h **** #if defined(GPIOJ)
ARM GAS  C:\Users\chris\AppData\Local\Temp\ccHvCGBe.s 			page 24


  92:Drivers/STM32F4xx_HAL_Driver/Inc/stm32f4xx_ll_bus.h **** #define LL_AHB1_GRP1_PERIPH_GPIOJ           RCC_AHB1ENR_GPIOJEN
  93:Drivers/STM32F4xx_HAL_Driver/Inc/stm32f4xx_ll_bus.h **** #endif /* GPIOJ */
  94:Drivers/STM32F4xx_HAL_Driver/Inc/stm32f4xx_ll_bus.h **** #if defined(GPIOK)
  95:Drivers/STM32F4xx_HAL_Driver/Inc/stm32f4xx_ll_bus.h **** #define LL_AHB1_GRP1_PERIPH_GPIOK           RCC_AHB1ENR_GPIOKEN
  96:Drivers/STM32F4xx_HAL_Driver/Inc/stm32f4xx_ll_bus.h **** #endif /* GPIOK */
  97:Drivers/STM32F4xx_HAL_Driver/Inc/stm32f4xx_ll_bus.h **** #define LL_AHB1_GRP1_PERIPH_CRC             RCC_AHB1ENR_CRCEN
  98:Drivers/STM32F4xx_HAL_Driver/Inc/stm32f4xx_ll_bus.h **** #if defined(RCC_AHB1ENR_BKPSRAMEN)
  99:Drivers/STM32F4xx_HAL_Driver/Inc/stm32f4xx_ll_bus.h **** #define LL_AHB1_GRP1_PERIPH_BKPSRAM         RCC_AHB1ENR_BKPSRAMEN
 100:Drivers/STM32F4xx_HAL_Driver/Inc/stm32f4xx_ll_bus.h **** #endif /* RCC_AHB1ENR_BKPSRAMEN */
 101:Drivers/STM32F4xx_HAL_Driver/Inc/stm32f4xx_ll_bus.h **** #if defined(RCC_AHB1ENR_CCMDATARAMEN)
 102:Drivers/STM32F4xx_HAL_Driver/Inc/stm32f4xx_ll_bus.h **** #define LL_AHB1_GRP1_PERIPH_CCMDATARAM      RCC_AHB1ENR_CCMDATARAMEN
 103:Drivers/STM32F4xx_HAL_Driver/Inc/stm32f4xx_ll_bus.h **** #endif /* RCC_AHB1ENR_CCMDATARAMEN */
 104:Drivers/STM32F4xx_HAL_Driver/Inc/stm32f4xx_ll_bus.h **** #define LL_AHB1_GRP1_PERIPH_DMA1            RCC_AHB1ENR_DMA1EN
 105:Drivers/STM32F4xx_HAL_Driver/Inc/stm32f4xx_ll_bus.h **** #define LL_AHB1_GRP1_PERIPH_DMA2            RCC_AHB1ENR_DMA2EN
 106:Drivers/STM32F4xx_HAL_Driver/Inc/stm32f4xx_ll_bus.h **** #if defined(RCC_AHB1ENR_RNGEN)
 107:Drivers/STM32F4xx_HAL_Driver/Inc/stm32f4xx_ll_bus.h **** #define LL_AHB1_GRP1_PERIPH_RNG             RCC_AHB1ENR_RNGEN
 108:Drivers/STM32F4xx_HAL_Driver/Inc/stm32f4xx_ll_bus.h **** #endif /* RCC_AHB1ENR_RNGEN */
 109:Drivers/STM32F4xx_HAL_Driver/Inc/stm32f4xx_ll_bus.h **** #if defined(DMA2D)
 110:Drivers/STM32F4xx_HAL_Driver/Inc/stm32f4xx_ll_bus.h **** #define LL_AHB1_GRP1_PERIPH_DMA2D           RCC_AHB1ENR_DMA2DEN
 111:Drivers/STM32F4xx_HAL_Driver/Inc/stm32f4xx_ll_bus.h **** #endif /* DMA2D */
 112:Drivers/STM32F4xx_HAL_Driver/Inc/stm32f4xx_ll_bus.h **** #if defined(ETH)
 113:Drivers/STM32F4xx_HAL_Driver/Inc/stm32f4xx_ll_bus.h **** #define LL_AHB1_GRP1_PERIPH_ETHMAC          RCC_AHB1ENR_ETHMACEN
 114:Drivers/STM32F4xx_HAL_Driver/Inc/stm32f4xx_ll_bus.h **** #define LL_AHB1_GRP1_PERIPH_ETHMACTX        RCC_AHB1ENR_ETHMACTXEN
 115:Drivers/STM32F4xx_HAL_Driver/Inc/stm32f4xx_ll_bus.h **** #define LL_AHB1_GRP1_PERIPH_ETHMACRX        RCC_AHB1ENR_ETHMACRXEN
 116:Drivers/STM32F4xx_HAL_Driver/Inc/stm32f4xx_ll_bus.h **** #define LL_AHB1_GRP1_PERIPH_ETHMACPTP       RCC_AHB1ENR_ETHMACPTPEN
 117:Drivers/STM32F4xx_HAL_Driver/Inc/stm32f4xx_ll_bus.h **** #endif /* ETH */
 118:Drivers/STM32F4xx_HAL_Driver/Inc/stm32f4xx_ll_bus.h **** #if defined(USB_OTG_HS)
 119:Drivers/STM32F4xx_HAL_Driver/Inc/stm32f4xx_ll_bus.h **** #define LL_AHB1_GRP1_PERIPH_OTGHS           RCC_AHB1ENR_OTGHSEN
 120:Drivers/STM32F4xx_HAL_Driver/Inc/stm32f4xx_ll_bus.h **** #define LL_AHB1_GRP1_PERIPH_OTGHSULPI       RCC_AHB1ENR_OTGHSULPIEN
 121:Drivers/STM32F4xx_HAL_Driver/Inc/stm32f4xx_ll_bus.h **** #endif /* USB_OTG_HS */
 122:Drivers/STM32F4xx_HAL_Driver/Inc/stm32f4xx_ll_bus.h **** #define LL_AHB1_GRP1_PERIPH_FLITF           RCC_AHB1LPENR_FLITFLPEN
 123:Drivers/STM32F4xx_HAL_Driver/Inc/stm32f4xx_ll_bus.h **** #define LL_AHB1_GRP1_PERIPH_SRAM1           RCC_AHB1LPENR_SRAM1LPEN
 124:Drivers/STM32F4xx_HAL_Driver/Inc/stm32f4xx_ll_bus.h **** #if defined(RCC_AHB1LPENR_SRAM2LPEN)
 125:Drivers/STM32F4xx_HAL_Driver/Inc/stm32f4xx_ll_bus.h **** #define LL_AHB1_GRP1_PERIPH_SRAM2           RCC_AHB1LPENR_SRAM2LPEN
 126:Drivers/STM32F4xx_HAL_Driver/Inc/stm32f4xx_ll_bus.h **** #endif /* RCC_AHB1LPENR_SRAM2LPEN */
 127:Drivers/STM32F4xx_HAL_Driver/Inc/stm32f4xx_ll_bus.h **** #if defined(RCC_AHB1LPENR_SRAM3LPEN)
 128:Drivers/STM32F4xx_HAL_Driver/Inc/stm32f4xx_ll_bus.h **** #define LL_AHB1_GRP1_PERIPH_SRAM3           RCC_AHB1LPENR_SRAM3LPEN
 129:Drivers/STM32F4xx_HAL_Driver/Inc/stm32f4xx_ll_bus.h **** #endif /* RCC_AHB1LPENR_SRAM3LPEN */
 130:Drivers/STM32F4xx_HAL_Driver/Inc/stm32f4xx_ll_bus.h **** /**
 131:Drivers/STM32F4xx_HAL_Driver/Inc/stm32f4xx_ll_bus.h ****   * @}
 132:Drivers/STM32F4xx_HAL_Driver/Inc/stm32f4xx_ll_bus.h ****   */
 133:Drivers/STM32F4xx_HAL_Driver/Inc/stm32f4xx_ll_bus.h **** 
 134:Drivers/STM32F4xx_HAL_Driver/Inc/stm32f4xx_ll_bus.h **** #if defined(RCC_AHB2_SUPPORT)
 135:Drivers/STM32F4xx_HAL_Driver/Inc/stm32f4xx_ll_bus.h **** /** @defgroup BUS_LL_EC_AHB2_GRP1_PERIPH  AHB2 GRP1 PERIPH
 136:Drivers/STM32F4xx_HAL_Driver/Inc/stm32f4xx_ll_bus.h ****   * @{
 137:Drivers/STM32F4xx_HAL_Driver/Inc/stm32f4xx_ll_bus.h ****   */
 138:Drivers/STM32F4xx_HAL_Driver/Inc/stm32f4xx_ll_bus.h **** #define LL_AHB2_GRP1_PERIPH_ALL            0xFFFFFFFFU
 139:Drivers/STM32F4xx_HAL_Driver/Inc/stm32f4xx_ll_bus.h **** #if defined(DCMI)
 140:Drivers/STM32F4xx_HAL_Driver/Inc/stm32f4xx_ll_bus.h **** #define LL_AHB2_GRP1_PERIPH_DCMI           RCC_AHB2ENR_DCMIEN
 141:Drivers/STM32F4xx_HAL_Driver/Inc/stm32f4xx_ll_bus.h **** #endif /* DCMI */
 142:Drivers/STM32F4xx_HAL_Driver/Inc/stm32f4xx_ll_bus.h **** #if defined(CRYP)
 143:Drivers/STM32F4xx_HAL_Driver/Inc/stm32f4xx_ll_bus.h **** #define LL_AHB2_GRP1_PERIPH_CRYP           RCC_AHB2ENR_CRYPEN
 144:Drivers/STM32F4xx_HAL_Driver/Inc/stm32f4xx_ll_bus.h **** #endif /* CRYP */
 145:Drivers/STM32F4xx_HAL_Driver/Inc/stm32f4xx_ll_bus.h **** #if defined(AES)
 146:Drivers/STM32F4xx_HAL_Driver/Inc/stm32f4xx_ll_bus.h **** #define LL_AHB2_GRP1_PERIPH_AES            RCC_AHB2ENR_AESEN
 147:Drivers/STM32F4xx_HAL_Driver/Inc/stm32f4xx_ll_bus.h **** #endif /* AES */
 148:Drivers/STM32F4xx_HAL_Driver/Inc/stm32f4xx_ll_bus.h **** #if defined(HASH)
ARM GAS  C:\Users\chris\AppData\Local\Temp\ccHvCGBe.s 			page 25


 149:Drivers/STM32F4xx_HAL_Driver/Inc/stm32f4xx_ll_bus.h **** #define LL_AHB2_GRP1_PERIPH_HASH           RCC_AHB2ENR_HASHEN
 150:Drivers/STM32F4xx_HAL_Driver/Inc/stm32f4xx_ll_bus.h **** #endif /* HASH */
 151:Drivers/STM32F4xx_HAL_Driver/Inc/stm32f4xx_ll_bus.h **** #if defined(RCC_AHB2ENR_RNGEN)
 152:Drivers/STM32F4xx_HAL_Driver/Inc/stm32f4xx_ll_bus.h **** #define LL_AHB2_GRP1_PERIPH_RNG            RCC_AHB2ENR_RNGEN
 153:Drivers/STM32F4xx_HAL_Driver/Inc/stm32f4xx_ll_bus.h **** #endif /* RCC_AHB2ENR_RNGEN */
 154:Drivers/STM32F4xx_HAL_Driver/Inc/stm32f4xx_ll_bus.h **** #if defined(USB_OTG_FS)
 155:Drivers/STM32F4xx_HAL_Driver/Inc/stm32f4xx_ll_bus.h **** #define LL_AHB2_GRP1_PERIPH_OTGFS          RCC_AHB2ENR_OTGFSEN
 156:Drivers/STM32F4xx_HAL_Driver/Inc/stm32f4xx_ll_bus.h **** #endif /* USB_OTG_FS */
 157:Drivers/STM32F4xx_HAL_Driver/Inc/stm32f4xx_ll_bus.h **** /**
 158:Drivers/STM32F4xx_HAL_Driver/Inc/stm32f4xx_ll_bus.h ****   * @}
 159:Drivers/STM32F4xx_HAL_Driver/Inc/stm32f4xx_ll_bus.h ****   */
 160:Drivers/STM32F4xx_HAL_Driver/Inc/stm32f4xx_ll_bus.h **** #endif /* RCC_AHB2_SUPPORT */
 161:Drivers/STM32F4xx_HAL_Driver/Inc/stm32f4xx_ll_bus.h **** 
 162:Drivers/STM32F4xx_HAL_Driver/Inc/stm32f4xx_ll_bus.h **** #if defined(RCC_AHB3_SUPPORT)
 163:Drivers/STM32F4xx_HAL_Driver/Inc/stm32f4xx_ll_bus.h **** /** @defgroup BUS_LL_EC_AHB3_GRP1_PERIPH  AHB3 GRP1 PERIPH
 164:Drivers/STM32F4xx_HAL_Driver/Inc/stm32f4xx_ll_bus.h ****   * @{
 165:Drivers/STM32F4xx_HAL_Driver/Inc/stm32f4xx_ll_bus.h ****   */
 166:Drivers/STM32F4xx_HAL_Driver/Inc/stm32f4xx_ll_bus.h **** #define LL_AHB3_GRP1_PERIPH_ALL            0xFFFFFFFFU
 167:Drivers/STM32F4xx_HAL_Driver/Inc/stm32f4xx_ll_bus.h **** #if defined(FSMC_Bank1)
 168:Drivers/STM32F4xx_HAL_Driver/Inc/stm32f4xx_ll_bus.h **** #define LL_AHB3_GRP1_PERIPH_FSMC           RCC_AHB3ENR_FSMCEN
 169:Drivers/STM32F4xx_HAL_Driver/Inc/stm32f4xx_ll_bus.h **** #endif /* FSMC_Bank1 */
 170:Drivers/STM32F4xx_HAL_Driver/Inc/stm32f4xx_ll_bus.h **** #if defined(FMC_Bank1)
 171:Drivers/STM32F4xx_HAL_Driver/Inc/stm32f4xx_ll_bus.h **** #define LL_AHB3_GRP1_PERIPH_FMC            RCC_AHB3ENR_FMCEN
 172:Drivers/STM32F4xx_HAL_Driver/Inc/stm32f4xx_ll_bus.h **** #endif /* FMC_Bank1 */
 173:Drivers/STM32F4xx_HAL_Driver/Inc/stm32f4xx_ll_bus.h **** #if defined(QUADSPI)
 174:Drivers/STM32F4xx_HAL_Driver/Inc/stm32f4xx_ll_bus.h **** #define LL_AHB3_GRP1_PERIPH_QSPI           RCC_AHB3ENR_QSPIEN
 175:Drivers/STM32F4xx_HAL_Driver/Inc/stm32f4xx_ll_bus.h **** #endif /* QUADSPI */
 176:Drivers/STM32F4xx_HAL_Driver/Inc/stm32f4xx_ll_bus.h **** /**
 177:Drivers/STM32F4xx_HAL_Driver/Inc/stm32f4xx_ll_bus.h ****   * @}
 178:Drivers/STM32F4xx_HAL_Driver/Inc/stm32f4xx_ll_bus.h ****   */
 179:Drivers/STM32F4xx_HAL_Driver/Inc/stm32f4xx_ll_bus.h **** #endif /* RCC_AHB3_SUPPORT */
 180:Drivers/STM32F4xx_HAL_Driver/Inc/stm32f4xx_ll_bus.h **** 
 181:Drivers/STM32F4xx_HAL_Driver/Inc/stm32f4xx_ll_bus.h **** /** @defgroup BUS_LL_EC_APB1_GRP1_PERIPH  APB1 GRP1 PERIPH
 182:Drivers/STM32F4xx_HAL_Driver/Inc/stm32f4xx_ll_bus.h ****   * @{
 183:Drivers/STM32F4xx_HAL_Driver/Inc/stm32f4xx_ll_bus.h ****   */
 184:Drivers/STM32F4xx_HAL_Driver/Inc/stm32f4xx_ll_bus.h **** #define LL_APB1_GRP1_PERIPH_ALL            0xFFFFFFFFU
 185:Drivers/STM32F4xx_HAL_Driver/Inc/stm32f4xx_ll_bus.h **** #if defined(TIM2)
 186:Drivers/STM32F4xx_HAL_Driver/Inc/stm32f4xx_ll_bus.h **** #define LL_APB1_GRP1_PERIPH_TIM2           RCC_APB1ENR_TIM2EN
 187:Drivers/STM32F4xx_HAL_Driver/Inc/stm32f4xx_ll_bus.h **** #endif /* TIM2 */
 188:Drivers/STM32F4xx_HAL_Driver/Inc/stm32f4xx_ll_bus.h **** #if defined(TIM3)
 189:Drivers/STM32F4xx_HAL_Driver/Inc/stm32f4xx_ll_bus.h **** #define LL_APB1_GRP1_PERIPH_TIM3           RCC_APB1ENR_TIM3EN
 190:Drivers/STM32F4xx_HAL_Driver/Inc/stm32f4xx_ll_bus.h **** #endif /* TIM3 */
 191:Drivers/STM32F4xx_HAL_Driver/Inc/stm32f4xx_ll_bus.h **** #if defined(TIM4)
 192:Drivers/STM32F4xx_HAL_Driver/Inc/stm32f4xx_ll_bus.h **** #define LL_APB1_GRP1_PERIPH_TIM4           RCC_APB1ENR_TIM4EN
 193:Drivers/STM32F4xx_HAL_Driver/Inc/stm32f4xx_ll_bus.h **** #endif /* TIM4 */
 194:Drivers/STM32F4xx_HAL_Driver/Inc/stm32f4xx_ll_bus.h **** #define LL_APB1_GRP1_PERIPH_TIM5           RCC_APB1ENR_TIM5EN
 195:Drivers/STM32F4xx_HAL_Driver/Inc/stm32f4xx_ll_bus.h **** #if defined(TIM6)
 196:Drivers/STM32F4xx_HAL_Driver/Inc/stm32f4xx_ll_bus.h **** #define LL_APB1_GRP1_PERIPH_TIM6           RCC_APB1ENR_TIM6EN
 197:Drivers/STM32F4xx_HAL_Driver/Inc/stm32f4xx_ll_bus.h **** #endif /* TIM6 */
 198:Drivers/STM32F4xx_HAL_Driver/Inc/stm32f4xx_ll_bus.h **** #if defined(TIM7)
 199:Drivers/STM32F4xx_HAL_Driver/Inc/stm32f4xx_ll_bus.h **** #define LL_APB1_GRP1_PERIPH_TIM7           RCC_APB1ENR_TIM7EN
 200:Drivers/STM32F4xx_HAL_Driver/Inc/stm32f4xx_ll_bus.h **** #endif /* TIM7 */
 201:Drivers/STM32F4xx_HAL_Driver/Inc/stm32f4xx_ll_bus.h **** #if defined(TIM12)
 202:Drivers/STM32F4xx_HAL_Driver/Inc/stm32f4xx_ll_bus.h **** #define LL_APB1_GRP1_PERIPH_TIM12          RCC_APB1ENR_TIM12EN
 203:Drivers/STM32F4xx_HAL_Driver/Inc/stm32f4xx_ll_bus.h **** #endif /* TIM12 */
 204:Drivers/STM32F4xx_HAL_Driver/Inc/stm32f4xx_ll_bus.h **** #if defined(TIM13)
 205:Drivers/STM32F4xx_HAL_Driver/Inc/stm32f4xx_ll_bus.h **** #define LL_APB1_GRP1_PERIPH_TIM13          RCC_APB1ENR_TIM13EN
ARM GAS  C:\Users\chris\AppData\Local\Temp\ccHvCGBe.s 			page 26


 206:Drivers/STM32F4xx_HAL_Driver/Inc/stm32f4xx_ll_bus.h **** #endif /* TIM13 */
 207:Drivers/STM32F4xx_HAL_Driver/Inc/stm32f4xx_ll_bus.h **** #if defined(TIM14)
 208:Drivers/STM32F4xx_HAL_Driver/Inc/stm32f4xx_ll_bus.h **** #define LL_APB1_GRP1_PERIPH_TIM14          RCC_APB1ENR_TIM14EN
 209:Drivers/STM32F4xx_HAL_Driver/Inc/stm32f4xx_ll_bus.h **** #endif /* TIM14 */
 210:Drivers/STM32F4xx_HAL_Driver/Inc/stm32f4xx_ll_bus.h **** #if defined(LPTIM1)
 211:Drivers/STM32F4xx_HAL_Driver/Inc/stm32f4xx_ll_bus.h **** #define LL_APB1_GRP1_PERIPH_LPTIM1         RCC_APB1ENR_LPTIM1EN
 212:Drivers/STM32F4xx_HAL_Driver/Inc/stm32f4xx_ll_bus.h **** #endif /* LPTIM1 */
 213:Drivers/STM32F4xx_HAL_Driver/Inc/stm32f4xx_ll_bus.h **** #if defined(RCC_APB1ENR_RTCAPBEN)
 214:Drivers/STM32F4xx_HAL_Driver/Inc/stm32f4xx_ll_bus.h **** #define LL_APB1_GRP1_PERIPH_RTCAPB         RCC_APB1ENR_RTCAPBEN
 215:Drivers/STM32F4xx_HAL_Driver/Inc/stm32f4xx_ll_bus.h **** #endif /* RCC_APB1ENR_RTCAPBEN */
 216:Drivers/STM32F4xx_HAL_Driver/Inc/stm32f4xx_ll_bus.h **** #define LL_APB1_GRP1_PERIPH_WWDG           RCC_APB1ENR_WWDGEN
 217:Drivers/STM32F4xx_HAL_Driver/Inc/stm32f4xx_ll_bus.h **** #if defined(SPI2)
 218:Drivers/STM32F4xx_HAL_Driver/Inc/stm32f4xx_ll_bus.h **** #define LL_APB1_GRP1_PERIPH_SPI2           RCC_APB1ENR_SPI2EN
 219:Drivers/STM32F4xx_HAL_Driver/Inc/stm32f4xx_ll_bus.h **** #endif /* SPI2 */
 220:Drivers/STM32F4xx_HAL_Driver/Inc/stm32f4xx_ll_bus.h **** #if defined(SPI3)
 221:Drivers/STM32F4xx_HAL_Driver/Inc/stm32f4xx_ll_bus.h **** #define LL_APB1_GRP1_PERIPH_SPI3           RCC_APB1ENR_SPI3EN
 222:Drivers/STM32F4xx_HAL_Driver/Inc/stm32f4xx_ll_bus.h **** #endif /* SPI3 */
 223:Drivers/STM32F4xx_HAL_Driver/Inc/stm32f4xx_ll_bus.h **** #if defined(SPDIFRX)
 224:Drivers/STM32F4xx_HAL_Driver/Inc/stm32f4xx_ll_bus.h **** #define LL_APB1_GRP1_PERIPH_SPDIFRX        RCC_APB1ENR_SPDIFRXEN
 225:Drivers/STM32F4xx_HAL_Driver/Inc/stm32f4xx_ll_bus.h **** #endif /* SPDIFRX */
 226:Drivers/STM32F4xx_HAL_Driver/Inc/stm32f4xx_ll_bus.h **** #define LL_APB1_GRP1_PERIPH_USART2         RCC_APB1ENR_USART2EN
 227:Drivers/STM32F4xx_HAL_Driver/Inc/stm32f4xx_ll_bus.h **** #if defined(USART3)
 228:Drivers/STM32F4xx_HAL_Driver/Inc/stm32f4xx_ll_bus.h **** #define LL_APB1_GRP1_PERIPH_USART3         RCC_APB1ENR_USART3EN
 229:Drivers/STM32F4xx_HAL_Driver/Inc/stm32f4xx_ll_bus.h **** #endif /* USART3 */
 230:Drivers/STM32F4xx_HAL_Driver/Inc/stm32f4xx_ll_bus.h **** #if defined(UART4)
 231:Drivers/STM32F4xx_HAL_Driver/Inc/stm32f4xx_ll_bus.h **** #define LL_APB1_GRP1_PERIPH_UART4          RCC_APB1ENR_UART4EN
 232:Drivers/STM32F4xx_HAL_Driver/Inc/stm32f4xx_ll_bus.h **** #endif /* UART4 */
 233:Drivers/STM32F4xx_HAL_Driver/Inc/stm32f4xx_ll_bus.h **** #if defined(UART5)
 234:Drivers/STM32F4xx_HAL_Driver/Inc/stm32f4xx_ll_bus.h **** #define LL_APB1_GRP1_PERIPH_UART5          RCC_APB1ENR_UART5EN
 235:Drivers/STM32F4xx_HAL_Driver/Inc/stm32f4xx_ll_bus.h **** #endif /* UART5 */
 236:Drivers/STM32F4xx_HAL_Driver/Inc/stm32f4xx_ll_bus.h **** #define LL_APB1_GRP1_PERIPH_I2C1           RCC_APB1ENR_I2C1EN
 237:Drivers/STM32F4xx_HAL_Driver/Inc/stm32f4xx_ll_bus.h **** #define LL_APB1_GRP1_PERIPH_I2C2           RCC_APB1ENR_I2C2EN
 238:Drivers/STM32F4xx_HAL_Driver/Inc/stm32f4xx_ll_bus.h **** #if defined(I2C3)
 239:Drivers/STM32F4xx_HAL_Driver/Inc/stm32f4xx_ll_bus.h **** #define LL_APB1_GRP1_PERIPH_I2C3           RCC_APB1ENR_I2C3EN
 240:Drivers/STM32F4xx_HAL_Driver/Inc/stm32f4xx_ll_bus.h **** #endif /* I2C3 */
 241:Drivers/STM32F4xx_HAL_Driver/Inc/stm32f4xx_ll_bus.h **** #if defined(FMPI2C1)
 242:Drivers/STM32F4xx_HAL_Driver/Inc/stm32f4xx_ll_bus.h **** #define LL_APB1_GRP1_PERIPH_FMPI2C1        RCC_APB1ENR_FMPI2C1EN
 243:Drivers/STM32F4xx_HAL_Driver/Inc/stm32f4xx_ll_bus.h **** #endif /* FMPI2C1 */
 244:Drivers/STM32F4xx_HAL_Driver/Inc/stm32f4xx_ll_bus.h **** #if defined(CAN1)
 245:Drivers/STM32F4xx_HAL_Driver/Inc/stm32f4xx_ll_bus.h **** #define LL_APB1_GRP1_PERIPH_CAN1           RCC_APB1ENR_CAN1EN
 246:Drivers/STM32F4xx_HAL_Driver/Inc/stm32f4xx_ll_bus.h **** #endif /* CAN1 */
 247:Drivers/STM32F4xx_HAL_Driver/Inc/stm32f4xx_ll_bus.h **** #if defined(CAN2)
 248:Drivers/STM32F4xx_HAL_Driver/Inc/stm32f4xx_ll_bus.h **** #define LL_APB1_GRP1_PERIPH_CAN2           RCC_APB1ENR_CAN2EN
 249:Drivers/STM32F4xx_HAL_Driver/Inc/stm32f4xx_ll_bus.h **** #endif /* CAN2 */
 250:Drivers/STM32F4xx_HAL_Driver/Inc/stm32f4xx_ll_bus.h **** #if defined(CAN3)
 251:Drivers/STM32F4xx_HAL_Driver/Inc/stm32f4xx_ll_bus.h **** #define LL_APB1_GRP1_PERIPH_CAN3           RCC_APB1ENR_CAN3EN
 252:Drivers/STM32F4xx_HAL_Driver/Inc/stm32f4xx_ll_bus.h **** #endif /* CAN3 */
 253:Drivers/STM32F4xx_HAL_Driver/Inc/stm32f4xx_ll_bus.h **** #if defined(CEC)
 254:Drivers/STM32F4xx_HAL_Driver/Inc/stm32f4xx_ll_bus.h **** #define LL_APB1_GRP1_PERIPH_CEC            RCC_APB1ENR_CECEN
 255:Drivers/STM32F4xx_HAL_Driver/Inc/stm32f4xx_ll_bus.h **** #endif /* CEC */
 256:Drivers/STM32F4xx_HAL_Driver/Inc/stm32f4xx_ll_bus.h **** #define LL_APB1_GRP1_PERIPH_PWR            RCC_APB1ENR_PWREN
 257:Drivers/STM32F4xx_HAL_Driver/Inc/stm32f4xx_ll_bus.h **** #if defined(DAC1)
 258:Drivers/STM32F4xx_HAL_Driver/Inc/stm32f4xx_ll_bus.h **** #define LL_APB1_GRP1_PERIPH_DAC1           RCC_APB1ENR_DACEN
 259:Drivers/STM32F4xx_HAL_Driver/Inc/stm32f4xx_ll_bus.h **** #endif /* DAC1 */
 260:Drivers/STM32F4xx_HAL_Driver/Inc/stm32f4xx_ll_bus.h **** #if defined(UART7)
 261:Drivers/STM32F4xx_HAL_Driver/Inc/stm32f4xx_ll_bus.h **** #define LL_APB1_GRP1_PERIPH_UART7          RCC_APB1ENR_UART7EN
 262:Drivers/STM32F4xx_HAL_Driver/Inc/stm32f4xx_ll_bus.h **** #endif /* UART7 */
ARM GAS  C:\Users\chris\AppData\Local\Temp\ccHvCGBe.s 			page 27


 263:Drivers/STM32F4xx_HAL_Driver/Inc/stm32f4xx_ll_bus.h **** #if defined(UART8)
 264:Drivers/STM32F4xx_HAL_Driver/Inc/stm32f4xx_ll_bus.h **** #define LL_APB1_GRP1_PERIPH_UART8          RCC_APB1ENR_UART8EN
 265:Drivers/STM32F4xx_HAL_Driver/Inc/stm32f4xx_ll_bus.h **** #endif /* UART8 */
 266:Drivers/STM32F4xx_HAL_Driver/Inc/stm32f4xx_ll_bus.h **** /**
 267:Drivers/STM32F4xx_HAL_Driver/Inc/stm32f4xx_ll_bus.h ****   * @}
 268:Drivers/STM32F4xx_HAL_Driver/Inc/stm32f4xx_ll_bus.h ****   */
 269:Drivers/STM32F4xx_HAL_Driver/Inc/stm32f4xx_ll_bus.h **** 
 270:Drivers/STM32F4xx_HAL_Driver/Inc/stm32f4xx_ll_bus.h **** /** @defgroup BUS_LL_EC_APB2_GRP1_PERIPH  APB2 GRP1 PERIPH
 271:Drivers/STM32F4xx_HAL_Driver/Inc/stm32f4xx_ll_bus.h ****   * @{
 272:Drivers/STM32F4xx_HAL_Driver/Inc/stm32f4xx_ll_bus.h ****   */
 273:Drivers/STM32F4xx_HAL_Driver/Inc/stm32f4xx_ll_bus.h **** #define LL_APB2_GRP1_PERIPH_ALL          0xFFFFFFFFU
 274:Drivers/STM32F4xx_HAL_Driver/Inc/stm32f4xx_ll_bus.h **** #define LL_APB2_GRP1_PERIPH_TIM1         RCC_APB2ENR_TIM1EN
 275:Drivers/STM32F4xx_HAL_Driver/Inc/stm32f4xx_ll_bus.h **** #if defined(TIM8)
 276:Drivers/STM32F4xx_HAL_Driver/Inc/stm32f4xx_ll_bus.h **** #define LL_APB2_GRP1_PERIPH_TIM8         RCC_APB2ENR_TIM8EN
 277:Drivers/STM32F4xx_HAL_Driver/Inc/stm32f4xx_ll_bus.h **** #endif /* TIM8 */
 278:Drivers/STM32F4xx_HAL_Driver/Inc/stm32f4xx_ll_bus.h **** #define LL_APB2_GRP1_PERIPH_USART1       RCC_APB2ENR_USART1EN
 279:Drivers/STM32F4xx_HAL_Driver/Inc/stm32f4xx_ll_bus.h **** #if defined(USART6)
 280:Drivers/STM32F4xx_HAL_Driver/Inc/stm32f4xx_ll_bus.h **** #define LL_APB2_GRP1_PERIPH_USART6       RCC_APB2ENR_USART6EN
 281:Drivers/STM32F4xx_HAL_Driver/Inc/stm32f4xx_ll_bus.h **** #endif /* USART6 */
 282:Drivers/STM32F4xx_HAL_Driver/Inc/stm32f4xx_ll_bus.h **** #if defined(UART9)
 283:Drivers/STM32F4xx_HAL_Driver/Inc/stm32f4xx_ll_bus.h **** #define LL_APB2_GRP1_PERIPH_UART9        RCC_APB2ENR_UART9EN
 284:Drivers/STM32F4xx_HAL_Driver/Inc/stm32f4xx_ll_bus.h **** #endif /* UART9 */
 285:Drivers/STM32F4xx_HAL_Driver/Inc/stm32f4xx_ll_bus.h **** #if defined(UART10)
 286:Drivers/STM32F4xx_HAL_Driver/Inc/stm32f4xx_ll_bus.h **** #define LL_APB2_GRP1_PERIPH_UART10       RCC_APB2ENR_UART10EN
 287:Drivers/STM32F4xx_HAL_Driver/Inc/stm32f4xx_ll_bus.h **** #endif /* UART10 */
 288:Drivers/STM32F4xx_HAL_Driver/Inc/stm32f4xx_ll_bus.h **** #define LL_APB2_GRP1_PERIPH_ADC1         RCC_APB2ENR_ADC1EN
 289:Drivers/STM32F4xx_HAL_Driver/Inc/stm32f4xx_ll_bus.h **** #if defined(ADC2)
 290:Drivers/STM32F4xx_HAL_Driver/Inc/stm32f4xx_ll_bus.h **** #define LL_APB2_GRP1_PERIPH_ADC2         RCC_APB2ENR_ADC2EN
 291:Drivers/STM32F4xx_HAL_Driver/Inc/stm32f4xx_ll_bus.h **** #endif /* ADC2 */
 292:Drivers/STM32F4xx_HAL_Driver/Inc/stm32f4xx_ll_bus.h **** #if defined(ADC3)
 293:Drivers/STM32F4xx_HAL_Driver/Inc/stm32f4xx_ll_bus.h **** #define LL_APB2_GRP1_PERIPH_ADC3         RCC_APB2ENR_ADC3EN
 294:Drivers/STM32F4xx_HAL_Driver/Inc/stm32f4xx_ll_bus.h **** #endif /* ADC3 */
 295:Drivers/STM32F4xx_HAL_Driver/Inc/stm32f4xx_ll_bus.h **** #if defined(SDIO)
 296:Drivers/STM32F4xx_HAL_Driver/Inc/stm32f4xx_ll_bus.h **** #define LL_APB2_GRP1_PERIPH_SDIO         RCC_APB2ENR_SDIOEN
 297:Drivers/STM32F4xx_HAL_Driver/Inc/stm32f4xx_ll_bus.h **** #endif /* SDIO */
 298:Drivers/STM32F4xx_HAL_Driver/Inc/stm32f4xx_ll_bus.h **** #define LL_APB2_GRP1_PERIPH_SPI1         RCC_APB2ENR_SPI1EN
 299:Drivers/STM32F4xx_HAL_Driver/Inc/stm32f4xx_ll_bus.h **** #if defined(SPI4)
 300:Drivers/STM32F4xx_HAL_Driver/Inc/stm32f4xx_ll_bus.h **** #define LL_APB2_GRP1_PERIPH_SPI4         RCC_APB2ENR_SPI4EN
 301:Drivers/STM32F4xx_HAL_Driver/Inc/stm32f4xx_ll_bus.h **** #endif /* SPI4 */
 302:Drivers/STM32F4xx_HAL_Driver/Inc/stm32f4xx_ll_bus.h **** #define LL_APB2_GRP1_PERIPH_SYSCFG       RCC_APB2ENR_SYSCFGEN
 303:Drivers/STM32F4xx_HAL_Driver/Inc/stm32f4xx_ll_bus.h **** #if defined(RCC_APB2ENR_EXTITEN)
 304:Drivers/STM32F4xx_HAL_Driver/Inc/stm32f4xx_ll_bus.h **** #define LL_APB2_GRP1_PERIPH_EXTI         RCC_APB2ENR_EXTITEN
 305:Drivers/STM32F4xx_HAL_Driver/Inc/stm32f4xx_ll_bus.h **** #endif /* RCC_APB2ENR_EXTITEN */
 306:Drivers/STM32F4xx_HAL_Driver/Inc/stm32f4xx_ll_bus.h **** #define LL_APB2_GRP1_PERIPH_TIM9         RCC_APB2ENR_TIM9EN
 307:Drivers/STM32F4xx_HAL_Driver/Inc/stm32f4xx_ll_bus.h **** #if defined(TIM10)
 308:Drivers/STM32F4xx_HAL_Driver/Inc/stm32f4xx_ll_bus.h **** #define LL_APB2_GRP1_PERIPH_TIM10        RCC_APB2ENR_TIM10EN
 309:Drivers/STM32F4xx_HAL_Driver/Inc/stm32f4xx_ll_bus.h **** #endif /* TIM10 */
 310:Drivers/STM32F4xx_HAL_Driver/Inc/stm32f4xx_ll_bus.h **** #define LL_APB2_GRP1_PERIPH_TIM11        RCC_APB2ENR_TIM11EN
 311:Drivers/STM32F4xx_HAL_Driver/Inc/stm32f4xx_ll_bus.h **** #if defined(SPI5)
 312:Drivers/STM32F4xx_HAL_Driver/Inc/stm32f4xx_ll_bus.h **** #define LL_APB2_GRP1_PERIPH_SPI5         RCC_APB2ENR_SPI5EN
 313:Drivers/STM32F4xx_HAL_Driver/Inc/stm32f4xx_ll_bus.h **** #endif /* SPI5 */
 314:Drivers/STM32F4xx_HAL_Driver/Inc/stm32f4xx_ll_bus.h **** #if defined(SPI6)
 315:Drivers/STM32F4xx_HAL_Driver/Inc/stm32f4xx_ll_bus.h **** #define LL_APB2_GRP1_PERIPH_SPI6         RCC_APB2ENR_SPI6EN
 316:Drivers/STM32F4xx_HAL_Driver/Inc/stm32f4xx_ll_bus.h **** #endif /* SPI6 */
 317:Drivers/STM32F4xx_HAL_Driver/Inc/stm32f4xx_ll_bus.h **** #if defined(SAI1)
 318:Drivers/STM32F4xx_HAL_Driver/Inc/stm32f4xx_ll_bus.h **** #define LL_APB2_GRP1_PERIPH_SAI1         RCC_APB2ENR_SAI1EN
 319:Drivers/STM32F4xx_HAL_Driver/Inc/stm32f4xx_ll_bus.h **** #endif /* SAI1 */
ARM GAS  C:\Users\chris\AppData\Local\Temp\ccHvCGBe.s 			page 28


 320:Drivers/STM32F4xx_HAL_Driver/Inc/stm32f4xx_ll_bus.h **** #if defined(SAI2)
 321:Drivers/STM32F4xx_HAL_Driver/Inc/stm32f4xx_ll_bus.h **** #define LL_APB2_GRP1_PERIPH_SAI2         RCC_APB2ENR_SAI2EN
 322:Drivers/STM32F4xx_HAL_Driver/Inc/stm32f4xx_ll_bus.h **** #endif /* SAI2 */
 323:Drivers/STM32F4xx_HAL_Driver/Inc/stm32f4xx_ll_bus.h **** #if defined(LTDC)
 324:Drivers/STM32F4xx_HAL_Driver/Inc/stm32f4xx_ll_bus.h **** #define LL_APB2_GRP1_PERIPH_LTDC         RCC_APB2ENR_LTDCEN
 325:Drivers/STM32F4xx_HAL_Driver/Inc/stm32f4xx_ll_bus.h **** #endif /* LTDC */
 326:Drivers/STM32F4xx_HAL_Driver/Inc/stm32f4xx_ll_bus.h **** #if defined(DSI)
 327:Drivers/STM32F4xx_HAL_Driver/Inc/stm32f4xx_ll_bus.h **** #define LL_APB2_GRP1_PERIPH_DSI          RCC_APB2ENR_DSIEN
 328:Drivers/STM32F4xx_HAL_Driver/Inc/stm32f4xx_ll_bus.h **** #endif /* DSI */
 329:Drivers/STM32F4xx_HAL_Driver/Inc/stm32f4xx_ll_bus.h **** #if defined(DFSDM1_Channel0)
 330:Drivers/STM32F4xx_HAL_Driver/Inc/stm32f4xx_ll_bus.h **** #define LL_APB2_GRP1_PERIPH_DFSDM1       RCC_APB2ENR_DFSDM1EN
 331:Drivers/STM32F4xx_HAL_Driver/Inc/stm32f4xx_ll_bus.h **** #endif /* DFSDM1_Channel0 */
 332:Drivers/STM32F4xx_HAL_Driver/Inc/stm32f4xx_ll_bus.h **** #if defined(DFSDM2_Channel0)
 333:Drivers/STM32F4xx_HAL_Driver/Inc/stm32f4xx_ll_bus.h **** #define LL_APB2_GRP1_PERIPH_DFSDM2       RCC_APB2ENR_DFSDM2EN
 334:Drivers/STM32F4xx_HAL_Driver/Inc/stm32f4xx_ll_bus.h **** #endif /* DFSDM2_Channel0 */
 335:Drivers/STM32F4xx_HAL_Driver/Inc/stm32f4xx_ll_bus.h **** #define LL_APB2_GRP1_PERIPH_ADC          RCC_APB2RSTR_ADCRST
 336:Drivers/STM32F4xx_HAL_Driver/Inc/stm32f4xx_ll_bus.h **** /**
 337:Drivers/STM32F4xx_HAL_Driver/Inc/stm32f4xx_ll_bus.h ****   * @}
 338:Drivers/STM32F4xx_HAL_Driver/Inc/stm32f4xx_ll_bus.h ****   */
 339:Drivers/STM32F4xx_HAL_Driver/Inc/stm32f4xx_ll_bus.h **** 
 340:Drivers/STM32F4xx_HAL_Driver/Inc/stm32f4xx_ll_bus.h **** /**
 341:Drivers/STM32F4xx_HAL_Driver/Inc/stm32f4xx_ll_bus.h ****   * @}
 342:Drivers/STM32F4xx_HAL_Driver/Inc/stm32f4xx_ll_bus.h ****   */
 343:Drivers/STM32F4xx_HAL_Driver/Inc/stm32f4xx_ll_bus.h **** 
 344:Drivers/STM32F4xx_HAL_Driver/Inc/stm32f4xx_ll_bus.h **** /* Exported macro ------------------------------------------------------------*/
 345:Drivers/STM32F4xx_HAL_Driver/Inc/stm32f4xx_ll_bus.h **** /* Exported functions --------------------------------------------------------*/
 346:Drivers/STM32F4xx_HAL_Driver/Inc/stm32f4xx_ll_bus.h **** /** @defgroup BUS_LL_Exported_Functions BUS Exported Functions
 347:Drivers/STM32F4xx_HAL_Driver/Inc/stm32f4xx_ll_bus.h ****   * @{
 348:Drivers/STM32F4xx_HAL_Driver/Inc/stm32f4xx_ll_bus.h ****   */
 349:Drivers/STM32F4xx_HAL_Driver/Inc/stm32f4xx_ll_bus.h **** 
 350:Drivers/STM32F4xx_HAL_Driver/Inc/stm32f4xx_ll_bus.h **** /** @defgroup BUS_LL_EF_AHB1 AHB1
 351:Drivers/STM32F4xx_HAL_Driver/Inc/stm32f4xx_ll_bus.h ****   * @{
 352:Drivers/STM32F4xx_HAL_Driver/Inc/stm32f4xx_ll_bus.h ****   */
 353:Drivers/STM32F4xx_HAL_Driver/Inc/stm32f4xx_ll_bus.h **** 
 354:Drivers/STM32F4xx_HAL_Driver/Inc/stm32f4xx_ll_bus.h **** /**
 355:Drivers/STM32F4xx_HAL_Driver/Inc/stm32f4xx_ll_bus.h ****   * @brief  Enable AHB1 peripherals clock.
 356:Drivers/STM32F4xx_HAL_Driver/Inc/stm32f4xx_ll_bus.h ****   * @rmtoll AHB1ENR      GPIOAEN            LL_AHB1_GRP1_EnableClock\n
 357:Drivers/STM32F4xx_HAL_Driver/Inc/stm32f4xx_ll_bus.h ****   *         AHB1ENR      GPIOBEN            LL_AHB1_GRP1_EnableClock\n
 358:Drivers/STM32F4xx_HAL_Driver/Inc/stm32f4xx_ll_bus.h ****   *         AHB1ENR      GPIOCEN            LL_AHB1_GRP1_EnableClock\n
 359:Drivers/STM32F4xx_HAL_Driver/Inc/stm32f4xx_ll_bus.h ****   *         AHB1ENR      GPIODEN            LL_AHB1_GRP1_EnableClock\n
 360:Drivers/STM32F4xx_HAL_Driver/Inc/stm32f4xx_ll_bus.h ****   *         AHB1ENR      GPIOEEN            LL_AHB1_GRP1_EnableClock\n
 361:Drivers/STM32F4xx_HAL_Driver/Inc/stm32f4xx_ll_bus.h ****   *         AHB1ENR      GPIOFEN            LL_AHB1_GRP1_EnableClock\n
 362:Drivers/STM32F4xx_HAL_Driver/Inc/stm32f4xx_ll_bus.h ****   *         AHB1ENR      GPIOGEN            LL_AHB1_GRP1_EnableClock\n
 363:Drivers/STM32F4xx_HAL_Driver/Inc/stm32f4xx_ll_bus.h ****   *         AHB1ENR      GPIOHEN            LL_AHB1_GRP1_EnableClock\n
 364:Drivers/STM32F4xx_HAL_Driver/Inc/stm32f4xx_ll_bus.h ****   *         AHB1ENR      GPIOIEN            LL_AHB1_GRP1_EnableClock\n
 365:Drivers/STM32F4xx_HAL_Driver/Inc/stm32f4xx_ll_bus.h ****   *         AHB1ENR      GPIOJEN            LL_AHB1_GRP1_EnableClock\n
 366:Drivers/STM32F4xx_HAL_Driver/Inc/stm32f4xx_ll_bus.h ****   *         AHB1ENR      GPIOKEN            LL_AHB1_GRP1_EnableClock\n
 367:Drivers/STM32F4xx_HAL_Driver/Inc/stm32f4xx_ll_bus.h ****   *         AHB1ENR      CRCEN              LL_AHB1_GRP1_EnableClock\n
 368:Drivers/STM32F4xx_HAL_Driver/Inc/stm32f4xx_ll_bus.h ****   *         AHB1ENR      BKPSRAMEN          LL_AHB1_GRP1_EnableClock\n
 369:Drivers/STM32F4xx_HAL_Driver/Inc/stm32f4xx_ll_bus.h ****   *         AHB1ENR      CCMDATARAMEN       LL_AHB1_GRP1_EnableClock\n
 370:Drivers/STM32F4xx_HAL_Driver/Inc/stm32f4xx_ll_bus.h ****   *         AHB1ENR      DMA1EN             LL_AHB1_GRP1_EnableClock\n
 371:Drivers/STM32F4xx_HAL_Driver/Inc/stm32f4xx_ll_bus.h ****   *         AHB1ENR      DMA2EN             LL_AHB1_GRP1_EnableClock\n
 372:Drivers/STM32F4xx_HAL_Driver/Inc/stm32f4xx_ll_bus.h ****   *         AHB1ENR      RNGEN              LL_AHB1_GRP1_EnableClock\n
 373:Drivers/STM32F4xx_HAL_Driver/Inc/stm32f4xx_ll_bus.h ****   *         AHB1ENR      DMA2DEN            LL_AHB1_GRP1_EnableClock\n
 374:Drivers/STM32F4xx_HAL_Driver/Inc/stm32f4xx_ll_bus.h ****   *         AHB1ENR      ETHMACEN           LL_AHB1_GRP1_EnableClock\n
 375:Drivers/STM32F4xx_HAL_Driver/Inc/stm32f4xx_ll_bus.h ****   *         AHB1ENR      ETHMACTXEN         LL_AHB1_GRP1_EnableClock\n
 376:Drivers/STM32F4xx_HAL_Driver/Inc/stm32f4xx_ll_bus.h ****   *         AHB1ENR      ETHMACRXEN         LL_AHB1_GRP1_EnableClock\n
ARM GAS  C:\Users\chris\AppData\Local\Temp\ccHvCGBe.s 			page 29


 377:Drivers/STM32F4xx_HAL_Driver/Inc/stm32f4xx_ll_bus.h ****   *         AHB1ENR      ETHMACPTPEN        LL_AHB1_GRP1_EnableClock\n
 378:Drivers/STM32F4xx_HAL_Driver/Inc/stm32f4xx_ll_bus.h ****   *         AHB1ENR      OTGHSEN            LL_AHB1_GRP1_EnableClock\n
 379:Drivers/STM32F4xx_HAL_Driver/Inc/stm32f4xx_ll_bus.h ****   *         AHB1ENR      OTGHSULPIEN        LL_AHB1_GRP1_EnableClock
 380:Drivers/STM32F4xx_HAL_Driver/Inc/stm32f4xx_ll_bus.h ****   * @param  Periphs This parameter can be a combination of the following values:
 381:Drivers/STM32F4xx_HAL_Driver/Inc/stm32f4xx_ll_bus.h ****   *         @arg @ref LL_AHB1_GRP1_PERIPH_GPIOA
 382:Drivers/STM32F4xx_HAL_Driver/Inc/stm32f4xx_ll_bus.h ****   *         @arg @ref LL_AHB1_GRP1_PERIPH_GPIOB
 383:Drivers/STM32F4xx_HAL_Driver/Inc/stm32f4xx_ll_bus.h ****   *         @arg @ref LL_AHB1_GRP1_PERIPH_GPIOC
 384:Drivers/STM32F4xx_HAL_Driver/Inc/stm32f4xx_ll_bus.h ****   *         @arg @ref LL_AHB1_GRP1_PERIPH_GPIOD (*)
 385:Drivers/STM32F4xx_HAL_Driver/Inc/stm32f4xx_ll_bus.h ****   *         @arg @ref LL_AHB1_GRP1_PERIPH_GPIOE (*)
 386:Drivers/STM32F4xx_HAL_Driver/Inc/stm32f4xx_ll_bus.h ****   *         @arg @ref LL_AHB1_GRP1_PERIPH_GPIOF (*)
 387:Drivers/STM32F4xx_HAL_Driver/Inc/stm32f4xx_ll_bus.h ****   *         @arg @ref LL_AHB1_GRP1_PERIPH_GPIOG (*)
 388:Drivers/STM32F4xx_HAL_Driver/Inc/stm32f4xx_ll_bus.h ****   *         @arg @ref LL_AHB1_GRP1_PERIPH_GPIOH (*)
 389:Drivers/STM32F4xx_HAL_Driver/Inc/stm32f4xx_ll_bus.h ****   *         @arg @ref LL_AHB1_GRP1_PERIPH_GPIOI (*)
 390:Drivers/STM32F4xx_HAL_Driver/Inc/stm32f4xx_ll_bus.h ****   *         @arg @ref LL_AHB1_GRP1_PERIPH_GPIOJ (*)
 391:Drivers/STM32F4xx_HAL_Driver/Inc/stm32f4xx_ll_bus.h ****   *         @arg @ref LL_AHB1_GRP1_PERIPH_GPIOK (*)
 392:Drivers/STM32F4xx_HAL_Driver/Inc/stm32f4xx_ll_bus.h ****   *         @arg @ref LL_AHB1_GRP1_PERIPH_CRC
 393:Drivers/STM32F4xx_HAL_Driver/Inc/stm32f4xx_ll_bus.h ****   *         @arg @ref LL_AHB1_GRP1_PERIPH_BKPSRAM (*)
 394:Drivers/STM32F4xx_HAL_Driver/Inc/stm32f4xx_ll_bus.h ****   *         @arg @ref LL_AHB1_GRP1_PERIPH_CCMDATARAM (*)
 395:Drivers/STM32F4xx_HAL_Driver/Inc/stm32f4xx_ll_bus.h ****   *         @arg @ref LL_AHB1_GRP1_PERIPH_DMA1
 396:Drivers/STM32F4xx_HAL_Driver/Inc/stm32f4xx_ll_bus.h ****   *         @arg @ref LL_AHB1_GRP1_PERIPH_DMA2
 397:Drivers/STM32F4xx_HAL_Driver/Inc/stm32f4xx_ll_bus.h ****   *         @arg @ref LL_AHB1_GRP1_PERIPH_RNG (*)
 398:Drivers/STM32F4xx_HAL_Driver/Inc/stm32f4xx_ll_bus.h ****   *         @arg @ref LL_AHB1_GRP1_PERIPH_DMA2D (*)
 399:Drivers/STM32F4xx_HAL_Driver/Inc/stm32f4xx_ll_bus.h ****   *         @arg @ref LL_AHB1_GRP1_PERIPH_ETHMAC (*)
 400:Drivers/STM32F4xx_HAL_Driver/Inc/stm32f4xx_ll_bus.h ****   *         @arg @ref LL_AHB1_GRP1_PERIPH_ETHMACTX (*)
 401:Drivers/STM32F4xx_HAL_Driver/Inc/stm32f4xx_ll_bus.h ****   *         @arg @ref LL_AHB1_GRP1_PERIPH_ETHMACRX (*)
 402:Drivers/STM32F4xx_HAL_Driver/Inc/stm32f4xx_ll_bus.h ****   *         @arg @ref LL_AHB1_GRP1_PERIPH_ETHMACPTP (*)
 403:Drivers/STM32F4xx_HAL_Driver/Inc/stm32f4xx_ll_bus.h ****   *         @arg @ref LL_AHB1_GRP1_PERIPH_OTGHS (*)
 404:Drivers/STM32F4xx_HAL_Driver/Inc/stm32f4xx_ll_bus.h ****   *         @arg @ref LL_AHB1_GRP1_PERIPH_OTGHSULPI (*)
 405:Drivers/STM32F4xx_HAL_Driver/Inc/stm32f4xx_ll_bus.h ****   *
 406:Drivers/STM32F4xx_HAL_Driver/Inc/stm32f4xx_ll_bus.h ****   *         (*) value not defined in all devices.
 407:Drivers/STM32F4xx_HAL_Driver/Inc/stm32f4xx_ll_bus.h ****   * @retval None
 408:Drivers/STM32F4xx_HAL_Driver/Inc/stm32f4xx_ll_bus.h ****   */
 409:Drivers/STM32F4xx_HAL_Driver/Inc/stm32f4xx_ll_bus.h **** __STATIC_INLINE void LL_AHB1_GRP1_EnableClock(uint32_t Periphs)
 410:Drivers/STM32F4xx_HAL_Driver/Inc/stm32f4xx_ll_bus.h **** {
 411:Drivers/STM32F4xx_HAL_Driver/Inc/stm32f4xx_ll_bus.h ****   __IO uint32_t tmpreg;
 412:Drivers/STM32F4xx_HAL_Driver/Inc/stm32f4xx_ll_bus.h ****   SET_BIT(RCC->AHB1ENR, Periphs);
 413:Drivers/STM32F4xx_HAL_Driver/Inc/stm32f4xx_ll_bus.h ****   /* Delay after an RCC peripheral clock enabling */
 414:Drivers/STM32F4xx_HAL_Driver/Inc/stm32f4xx_ll_bus.h ****   tmpreg = READ_BIT(RCC->AHB1ENR, Periphs);
 415:Drivers/STM32F4xx_HAL_Driver/Inc/stm32f4xx_ll_bus.h ****   (void)tmpreg;
 416:Drivers/STM32F4xx_HAL_Driver/Inc/stm32f4xx_ll_bus.h **** }
 417:Drivers/STM32F4xx_HAL_Driver/Inc/stm32f4xx_ll_bus.h **** 
 418:Drivers/STM32F4xx_HAL_Driver/Inc/stm32f4xx_ll_bus.h **** /**
 419:Drivers/STM32F4xx_HAL_Driver/Inc/stm32f4xx_ll_bus.h ****   * @brief  Check if AHB1 peripheral clock is enabled or not
 420:Drivers/STM32F4xx_HAL_Driver/Inc/stm32f4xx_ll_bus.h ****   * @rmtoll AHB1ENR      GPIOAEN            LL_AHB1_GRP1_IsEnabledClock\n
 421:Drivers/STM32F4xx_HAL_Driver/Inc/stm32f4xx_ll_bus.h ****   *         AHB1ENR      GPIOBEN            LL_AHB1_GRP1_IsEnabledClock\n
 422:Drivers/STM32F4xx_HAL_Driver/Inc/stm32f4xx_ll_bus.h ****   *         AHB1ENR      GPIOCEN            LL_AHB1_GRP1_IsEnabledClock\n
 423:Drivers/STM32F4xx_HAL_Driver/Inc/stm32f4xx_ll_bus.h ****   *         AHB1ENR      GPIODEN            LL_AHB1_GRP1_IsEnabledClock\n
 424:Drivers/STM32F4xx_HAL_Driver/Inc/stm32f4xx_ll_bus.h ****   *         AHB1ENR      GPIOEEN            LL_AHB1_GRP1_IsEnabledClock\n
 425:Drivers/STM32F4xx_HAL_Driver/Inc/stm32f4xx_ll_bus.h ****   *         AHB1ENR      GPIOFEN            LL_AHB1_GRP1_IsEnabledClock\n
 426:Drivers/STM32F4xx_HAL_Driver/Inc/stm32f4xx_ll_bus.h ****   *         AHB1ENR      GPIOGEN            LL_AHB1_GRP1_IsEnabledClock\n
 427:Drivers/STM32F4xx_HAL_Driver/Inc/stm32f4xx_ll_bus.h ****   *         AHB1ENR      GPIOHEN            LL_AHB1_GRP1_IsEnabledClock\n
 428:Drivers/STM32F4xx_HAL_Driver/Inc/stm32f4xx_ll_bus.h ****   *         AHB1ENR      GPIOIEN            LL_AHB1_GRP1_IsEnabledClock\n
 429:Drivers/STM32F4xx_HAL_Driver/Inc/stm32f4xx_ll_bus.h ****   *         AHB1ENR      GPIOJEN            LL_AHB1_GRP1_IsEnabledClock\n
 430:Drivers/STM32F4xx_HAL_Driver/Inc/stm32f4xx_ll_bus.h ****   *         AHB1ENR      GPIOKEN            LL_AHB1_GRP1_IsEnabledClock\n
 431:Drivers/STM32F4xx_HAL_Driver/Inc/stm32f4xx_ll_bus.h ****   *         AHB1ENR      CRCEN              LL_AHB1_GRP1_IsEnabledClock\n
 432:Drivers/STM32F4xx_HAL_Driver/Inc/stm32f4xx_ll_bus.h ****   *         AHB1ENR      BKPSRAMEN          LL_AHB1_GRP1_IsEnabledClock\n
 433:Drivers/STM32F4xx_HAL_Driver/Inc/stm32f4xx_ll_bus.h ****   *         AHB1ENR      CCMDATARAMEN       LL_AHB1_GRP1_IsEnabledClock\n
ARM GAS  C:\Users\chris\AppData\Local\Temp\ccHvCGBe.s 			page 30


 434:Drivers/STM32F4xx_HAL_Driver/Inc/stm32f4xx_ll_bus.h ****   *         AHB1ENR      DMA1EN             LL_AHB1_GRP1_IsEnabledClock\n
 435:Drivers/STM32F4xx_HAL_Driver/Inc/stm32f4xx_ll_bus.h ****   *         AHB1ENR      DMA2EN             LL_AHB1_GRP1_IsEnabledClock\n
 436:Drivers/STM32F4xx_HAL_Driver/Inc/stm32f4xx_ll_bus.h ****   *         AHB1ENR      RNGEN              LL_AHB1_GRP1_IsEnabledClock\n
 437:Drivers/STM32F4xx_HAL_Driver/Inc/stm32f4xx_ll_bus.h ****   *         AHB1ENR      DMA2DEN            LL_AHB1_GRP1_IsEnabledClock\n
 438:Drivers/STM32F4xx_HAL_Driver/Inc/stm32f4xx_ll_bus.h ****   *         AHB1ENR      ETHMACEN           LL_AHB1_GRP1_IsEnabledClock\n
 439:Drivers/STM32F4xx_HAL_Driver/Inc/stm32f4xx_ll_bus.h ****   *         AHB1ENR      ETHMACTXEN         LL_AHB1_GRP1_IsEnabledClock\n
 440:Drivers/STM32F4xx_HAL_Driver/Inc/stm32f4xx_ll_bus.h ****   *         AHB1ENR      ETHMACRXEN         LL_AHB1_GRP1_IsEnabledClock\n
 441:Drivers/STM32F4xx_HAL_Driver/Inc/stm32f4xx_ll_bus.h ****   *         AHB1ENR      ETHMACPTPEN        LL_AHB1_GRP1_IsEnabledClock\n
 442:Drivers/STM32F4xx_HAL_Driver/Inc/stm32f4xx_ll_bus.h ****   *         AHB1ENR      OTGHSEN            LL_AHB1_GRP1_IsEnabledClock\n
 443:Drivers/STM32F4xx_HAL_Driver/Inc/stm32f4xx_ll_bus.h ****   *         AHB1ENR      OTGHSULPIEN        LL_AHB1_GRP1_IsEnabledClock
 444:Drivers/STM32F4xx_HAL_Driver/Inc/stm32f4xx_ll_bus.h ****   * @param  Periphs This parameter can be a combination of the following values:
 445:Drivers/STM32F4xx_HAL_Driver/Inc/stm32f4xx_ll_bus.h ****   *         @arg @ref LL_AHB1_GRP1_PERIPH_GPIOA
 446:Drivers/STM32F4xx_HAL_Driver/Inc/stm32f4xx_ll_bus.h ****   *         @arg @ref LL_AHB1_GRP1_PERIPH_GPIOB
 447:Drivers/STM32F4xx_HAL_Driver/Inc/stm32f4xx_ll_bus.h ****   *         @arg @ref LL_AHB1_GRP1_PERIPH_GPIOC
 448:Drivers/STM32F4xx_HAL_Driver/Inc/stm32f4xx_ll_bus.h ****   *         @arg @ref LL_AHB1_GRP1_PERIPH_GPIOD (*)
 449:Drivers/STM32F4xx_HAL_Driver/Inc/stm32f4xx_ll_bus.h ****   *         @arg @ref LL_AHB1_GRP1_PERIPH_GPIOE (*)
 450:Drivers/STM32F4xx_HAL_Driver/Inc/stm32f4xx_ll_bus.h ****   *         @arg @ref LL_AHB1_GRP1_PERIPH_GPIOF (*)
 451:Drivers/STM32F4xx_HAL_Driver/Inc/stm32f4xx_ll_bus.h ****   *         @arg @ref LL_AHB1_GRP1_PERIPH_GPIOG (*)
 452:Drivers/STM32F4xx_HAL_Driver/Inc/stm32f4xx_ll_bus.h ****   *         @arg @ref LL_AHB1_GRP1_PERIPH_GPIOH (*)
 453:Drivers/STM32F4xx_HAL_Driver/Inc/stm32f4xx_ll_bus.h ****   *         @arg @ref LL_AHB1_GRP1_PERIPH_GPIOI (*)
 454:Drivers/STM32F4xx_HAL_Driver/Inc/stm32f4xx_ll_bus.h ****   *         @arg @ref LL_AHB1_GRP1_PERIPH_GPIOJ (*)
 455:Drivers/STM32F4xx_HAL_Driver/Inc/stm32f4xx_ll_bus.h ****   *         @arg @ref LL_AHB1_GRP1_PERIPH_GPIOK (*)
 456:Drivers/STM32F4xx_HAL_Driver/Inc/stm32f4xx_ll_bus.h ****   *         @arg @ref LL_AHB1_GRP1_PERIPH_CRC
 457:Drivers/STM32F4xx_HAL_Driver/Inc/stm32f4xx_ll_bus.h ****   *         @arg @ref LL_AHB1_GRP1_PERIPH_BKPSRAM (*)
 458:Drivers/STM32F4xx_HAL_Driver/Inc/stm32f4xx_ll_bus.h ****   *         @arg @ref LL_AHB1_GRP1_PERIPH_CCMDATARAM (*)
 459:Drivers/STM32F4xx_HAL_Driver/Inc/stm32f4xx_ll_bus.h ****   *         @arg @ref LL_AHB1_GRP1_PERIPH_DMA1
 460:Drivers/STM32F4xx_HAL_Driver/Inc/stm32f4xx_ll_bus.h ****   *         @arg @ref LL_AHB1_GRP1_PERIPH_DMA2
 461:Drivers/STM32F4xx_HAL_Driver/Inc/stm32f4xx_ll_bus.h ****   *         @arg @ref LL_AHB1_GRP1_PERIPH_RNG (*)
 462:Drivers/STM32F4xx_HAL_Driver/Inc/stm32f4xx_ll_bus.h ****   *         @arg @ref LL_AHB1_GRP1_PERIPH_DMA2D (*)
 463:Drivers/STM32F4xx_HAL_Driver/Inc/stm32f4xx_ll_bus.h ****   *         @arg @ref LL_AHB1_GRP1_PERIPH_ETHMAC (*)
 464:Drivers/STM32F4xx_HAL_Driver/Inc/stm32f4xx_ll_bus.h ****   *         @arg @ref LL_AHB1_GRP1_PERIPH_ETHMACTX (*)
 465:Drivers/STM32F4xx_HAL_Driver/Inc/stm32f4xx_ll_bus.h ****   *         @arg @ref LL_AHB1_GRP1_PERIPH_ETHMACRX (*)
 466:Drivers/STM32F4xx_HAL_Driver/Inc/stm32f4xx_ll_bus.h ****   *         @arg @ref LL_AHB1_GRP1_PERIPH_ETHMACPTP (*)
 467:Drivers/STM32F4xx_HAL_Driver/Inc/stm32f4xx_ll_bus.h ****   *         @arg @ref LL_AHB1_GRP1_PERIPH_OTGHS (*)
 468:Drivers/STM32F4xx_HAL_Driver/Inc/stm32f4xx_ll_bus.h ****   *         @arg @ref LL_AHB1_GRP1_PERIPH_OTGHSULPI (*)
 469:Drivers/STM32F4xx_HAL_Driver/Inc/stm32f4xx_ll_bus.h ****   *
 470:Drivers/STM32F4xx_HAL_Driver/Inc/stm32f4xx_ll_bus.h ****   *         (*) value not defined in all devices.
 471:Drivers/STM32F4xx_HAL_Driver/Inc/stm32f4xx_ll_bus.h ****   * @retval State of Periphs (1 or 0).
 472:Drivers/STM32F4xx_HAL_Driver/Inc/stm32f4xx_ll_bus.h ****   */
 473:Drivers/STM32F4xx_HAL_Driver/Inc/stm32f4xx_ll_bus.h **** __STATIC_INLINE uint32_t LL_AHB1_GRP1_IsEnabledClock(uint32_t Periphs)
 474:Drivers/STM32F4xx_HAL_Driver/Inc/stm32f4xx_ll_bus.h **** {
 475:Drivers/STM32F4xx_HAL_Driver/Inc/stm32f4xx_ll_bus.h ****   return (READ_BIT(RCC->AHB1ENR, Periphs) == Periphs);
 476:Drivers/STM32F4xx_HAL_Driver/Inc/stm32f4xx_ll_bus.h **** }
 477:Drivers/STM32F4xx_HAL_Driver/Inc/stm32f4xx_ll_bus.h **** 
 478:Drivers/STM32F4xx_HAL_Driver/Inc/stm32f4xx_ll_bus.h **** /**
 479:Drivers/STM32F4xx_HAL_Driver/Inc/stm32f4xx_ll_bus.h ****   * @brief  Disable AHB1 peripherals clock.
 480:Drivers/STM32F4xx_HAL_Driver/Inc/stm32f4xx_ll_bus.h ****   * @rmtoll AHB1ENR      GPIOAEN            LL_AHB1_GRP1_DisableClock\n
 481:Drivers/STM32F4xx_HAL_Driver/Inc/stm32f4xx_ll_bus.h ****   *         AHB1ENR      GPIOBEN            LL_AHB1_GRP1_DisableClock\n
 482:Drivers/STM32F4xx_HAL_Driver/Inc/stm32f4xx_ll_bus.h ****   *         AHB1ENR      GPIOCEN            LL_AHB1_GRP1_DisableClock\n
 483:Drivers/STM32F4xx_HAL_Driver/Inc/stm32f4xx_ll_bus.h ****   *         AHB1ENR      GPIODEN            LL_AHB1_GRP1_DisableClock\n
 484:Drivers/STM32F4xx_HAL_Driver/Inc/stm32f4xx_ll_bus.h ****   *         AHB1ENR      GPIOEEN            LL_AHB1_GRP1_DisableClock\n
 485:Drivers/STM32F4xx_HAL_Driver/Inc/stm32f4xx_ll_bus.h ****   *         AHB1ENR      GPIOFEN            LL_AHB1_GRP1_DisableClock\n
 486:Drivers/STM32F4xx_HAL_Driver/Inc/stm32f4xx_ll_bus.h ****   *         AHB1ENR      GPIOGEN            LL_AHB1_GRP1_DisableClock\n
 487:Drivers/STM32F4xx_HAL_Driver/Inc/stm32f4xx_ll_bus.h ****   *         AHB1ENR      GPIOHEN            LL_AHB1_GRP1_DisableClock\n
 488:Drivers/STM32F4xx_HAL_Driver/Inc/stm32f4xx_ll_bus.h ****   *         AHB1ENR      GPIOIEN            LL_AHB1_GRP1_DisableClock\n
 489:Drivers/STM32F4xx_HAL_Driver/Inc/stm32f4xx_ll_bus.h ****   *         AHB1ENR      GPIOJEN            LL_AHB1_GRP1_DisableClock\n
 490:Drivers/STM32F4xx_HAL_Driver/Inc/stm32f4xx_ll_bus.h ****   *         AHB1ENR      GPIOKEN            LL_AHB1_GRP1_DisableClock\n
ARM GAS  C:\Users\chris\AppData\Local\Temp\ccHvCGBe.s 			page 31


 491:Drivers/STM32F4xx_HAL_Driver/Inc/stm32f4xx_ll_bus.h ****   *         AHB1ENR      CRCEN              LL_AHB1_GRP1_DisableClock\n
 492:Drivers/STM32F4xx_HAL_Driver/Inc/stm32f4xx_ll_bus.h ****   *         AHB1ENR      BKPSRAMEN          LL_AHB1_GRP1_DisableClock\n
 493:Drivers/STM32F4xx_HAL_Driver/Inc/stm32f4xx_ll_bus.h ****   *         AHB1ENR      CCMDATARAMEN       LL_AHB1_GRP1_DisableClock\n
 494:Drivers/STM32F4xx_HAL_Driver/Inc/stm32f4xx_ll_bus.h ****   *         AHB1ENR      DMA1EN             LL_AHB1_GRP1_DisableClock\n
 495:Drivers/STM32F4xx_HAL_Driver/Inc/stm32f4xx_ll_bus.h ****   *         AHB1ENR      DMA2EN             LL_AHB1_GRP1_DisableClock\n
 496:Drivers/STM32F4xx_HAL_Driver/Inc/stm32f4xx_ll_bus.h ****   *         AHB1ENR      RNGEN              LL_AHB1_GRP1_DisableClock\n
 497:Drivers/STM32F4xx_HAL_Driver/Inc/stm32f4xx_ll_bus.h ****   *         AHB1ENR      DMA2DEN            LL_AHB1_GRP1_DisableClock\n
 498:Drivers/STM32F4xx_HAL_Driver/Inc/stm32f4xx_ll_bus.h ****   *         AHB1ENR      ETHMACEN           LL_AHB1_GRP1_DisableClock\n
 499:Drivers/STM32F4xx_HAL_Driver/Inc/stm32f4xx_ll_bus.h ****   *         AHB1ENR      ETHMACTXEN         LL_AHB1_GRP1_DisableClock\n
 500:Drivers/STM32F4xx_HAL_Driver/Inc/stm32f4xx_ll_bus.h ****   *         AHB1ENR      ETHMACRXEN         LL_AHB1_GRP1_DisableClock\n
 501:Drivers/STM32F4xx_HAL_Driver/Inc/stm32f4xx_ll_bus.h ****   *         AHB1ENR      ETHMACPTPEN        LL_AHB1_GRP1_DisableClock\n
 502:Drivers/STM32F4xx_HAL_Driver/Inc/stm32f4xx_ll_bus.h ****   *         AHB1ENR      OTGHSEN            LL_AHB1_GRP1_DisableClock\n
 503:Drivers/STM32F4xx_HAL_Driver/Inc/stm32f4xx_ll_bus.h ****   *         AHB1ENR      OTGHSULPIEN        LL_AHB1_GRP1_DisableClock
 504:Drivers/STM32F4xx_HAL_Driver/Inc/stm32f4xx_ll_bus.h ****   * @param  Periphs This parameter can be a combination of the following values:
 505:Drivers/STM32F4xx_HAL_Driver/Inc/stm32f4xx_ll_bus.h ****   *         @arg @ref LL_AHB1_GRP1_PERIPH_GPIOA
 506:Drivers/STM32F4xx_HAL_Driver/Inc/stm32f4xx_ll_bus.h ****   *         @arg @ref LL_AHB1_GRP1_PERIPH_GPIOB
 507:Drivers/STM32F4xx_HAL_Driver/Inc/stm32f4xx_ll_bus.h ****   *         @arg @ref LL_AHB1_GRP1_PERIPH_GPIOC
 508:Drivers/STM32F4xx_HAL_Driver/Inc/stm32f4xx_ll_bus.h ****   *         @arg @ref LL_AHB1_GRP1_PERIPH_GPIOD (*)
 509:Drivers/STM32F4xx_HAL_Driver/Inc/stm32f4xx_ll_bus.h ****   *         @arg @ref LL_AHB1_GRP1_PERIPH_GPIOE (*)
 510:Drivers/STM32F4xx_HAL_Driver/Inc/stm32f4xx_ll_bus.h ****   *         @arg @ref LL_AHB1_GRP1_PERIPH_GPIOF (*)
 511:Drivers/STM32F4xx_HAL_Driver/Inc/stm32f4xx_ll_bus.h ****   *         @arg @ref LL_AHB1_GRP1_PERIPH_GPIOG (*)
 512:Drivers/STM32F4xx_HAL_Driver/Inc/stm32f4xx_ll_bus.h ****   *         @arg @ref LL_AHB1_GRP1_PERIPH_GPIOH (*)
 513:Drivers/STM32F4xx_HAL_Driver/Inc/stm32f4xx_ll_bus.h ****   *         @arg @ref LL_AHB1_GRP1_PERIPH_GPIOI (*)
 514:Drivers/STM32F4xx_HAL_Driver/Inc/stm32f4xx_ll_bus.h ****   *         @arg @ref LL_AHB1_GRP1_PERIPH_GPIOJ (*)
 515:Drivers/STM32F4xx_HAL_Driver/Inc/stm32f4xx_ll_bus.h ****   *         @arg @ref LL_AHB1_GRP1_PERIPH_GPIOK (*)
 516:Drivers/STM32F4xx_HAL_Driver/Inc/stm32f4xx_ll_bus.h ****   *         @arg @ref LL_AHB1_GRP1_PERIPH_CRC
 517:Drivers/STM32F4xx_HAL_Driver/Inc/stm32f4xx_ll_bus.h ****   *         @arg @ref LL_AHB1_GRP1_PERIPH_BKPSRAM (*)
 518:Drivers/STM32F4xx_HAL_Driver/Inc/stm32f4xx_ll_bus.h ****   *         @arg @ref LL_AHB1_GRP1_PERIPH_CCMDATARAM (*)
 519:Drivers/STM32F4xx_HAL_Driver/Inc/stm32f4xx_ll_bus.h ****   *         @arg @ref LL_AHB1_GRP1_PERIPH_DMA1
 520:Drivers/STM32F4xx_HAL_Driver/Inc/stm32f4xx_ll_bus.h ****   *         @arg @ref LL_AHB1_GRP1_PERIPH_DMA2
 521:Drivers/STM32F4xx_HAL_Driver/Inc/stm32f4xx_ll_bus.h ****   *         @arg @ref LL_AHB1_GRP1_PERIPH_RNG (*)
 522:Drivers/STM32F4xx_HAL_Driver/Inc/stm32f4xx_ll_bus.h ****   *         @arg @ref LL_AHB1_GRP1_PERIPH_DMA2D (*)
 523:Drivers/STM32F4xx_HAL_Driver/Inc/stm32f4xx_ll_bus.h ****   *         @arg @ref LL_AHB1_GRP1_PERIPH_ETHMAC (*)
 524:Drivers/STM32F4xx_HAL_Driver/Inc/stm32f4xx_ll_bus.h ****   *         @arg @ref LL_AHB1_GRP1_PERIPH_ETHMACTX (*)
 525:Drivers/STM32F4xx_HAL_Driver/Inc/stm32f4xx_ll_bus.h ****   *         @arg @ref LL_AHB1_GRP1_PERIPH_ETHMACRX (*)
 526:Drivers/STM32F4xx_HAL_Driver/Inc/stm32f4xx_ll_bus.h ****   *         @arg @ref LL_AHB1_GRP1_PERIPH_ETHMACPTP (*)
 527:Drivers/STM32F4xx_HAL_Driver/Inc/stm32f4xx_ll_bus.h ****   *         @arg @ref LL_AHB1_GRP1_PERIPH_OTGHS (*)
 528:Drivers/STM32F4xx_HAL_Driver/Inc/stm32f4xx_ll_bus.h ****   *         @arg @ref LL_AHB1_GRP1_PERIPH_OTGHSULPI (*)
 529:Drivers/STM32F4xx_HAL_Driver/Inc/stm32f4xx_ll_bus.h ****   *
 530:Drivers/STM32F4xx_HAL_Driver/Inc/stm32f4xx_ll_bus.h ****   *         (*) value not defined in all devices.
 531:Drivers/STM32F4xx_HAL_Driver/Inc/stm32f4xx_ll_bus.h ****   * @retval None
 532:Drivers/STM32F4xx_HAL_Driver/Inc/stm32f4xx_ll_bus.h ****   */
 533:Drivers/STM32F4xx_HAL_Driver/Inc/stm32f4xx_ll_bus.h **** __STATIC_INLINE void LL_AHB1_GRP1_DisableClock(uint32_t Periphs)
 534:Drivers/STM32F4xx_HAL_Driver/Inc/stm32f4xx_ll_bus.h **** {
 535:Drivers/STM32F4xx_HAL_Driver/Inc/stm32f4xx_ll_bus.h ****   CLEAR_BIT(RCC->AHB1ENR, Periphs);
 536:Drivers/STM32F4xx_HAL_Driver/Inc/stm32f4xx_ll_bus.h **** }
 537:Drivers/STM32F4xx_HAL_Driver/Inc/stm32f4xx_ll_bus.h **** 
 538:Drivers/STM32F4xx_HAL_Driver/Inc/stm32f4xx_ll_bus.h **** /**
 539:Drivers/STM32F4xx_HAL_Driver/Inc/stm32f4xx_ll_bus.h ****   * @brief  Force AHB1 peripherals reset.
 540:Drivers/STM32F4xx_HAL_Driver/Inc/stm32f4xx_ll_bus.h ****   * @rmtoll AHB1RSTR     GPIOARST      LL_AHB1_GRP1_ForceReset\n
 541:Drivers/STM32F4xx_HAL_Driver/Inc/stm32f4xx_ll_bus.h ****   *         AHB1RSTR     GPIOBRST      LL_AHB1_GRP1_ForceReset\n
 542:Drivers/STM32F4xx_HAL_Driver/Inc/stm32f4xx_ll_bus.h ****   *         AHB1RSTR     GPIOCRST      LL_AHB1_GRP1_ForceReset\n
 543:Drivers/STM32F4xx_HAL_Driver/Inc/stm32f4xx_ll_bus.h ****   *         AHB1RSTR     GPIODRST      LL_AHB1_GRP1_ForceReset\n
 544:Drivers/STM32F4xx_HAL_Driver/Inc/stm32f4xx_ll_bus.h ****   *         AHB1RSTR     GPIOERST      LL_AHB1_GRP1_ForceReset\n
 545:Drivers/STM32F4xx_HAL_Driver/Inc/stm32f4xx_ll_bus.h ****   *         AHB1RSTR     GPIOFRST      LL_AHB1_GRP1_ForceReset\n
 546:Drivers/STM32F4xx_HAL_Driver/Inc/stm32f4xx_ll_bus.h ****   *         AHB1RSTR     GPIOGRST      LL_AHB1_GRP1_ForceReset\n
 547:Drivers/STM32F4xx_HAL_Driver/Inc/stm32f4xx_ll_bus.h ****   *         AHB1RSTR     GPIOHRST      LL_AHB1_GRP1_ForceReset\n
ARM GAS  C:\Users\chris\AppData\Local\Temp\ccHvCGBe.s 			page 32


 548:Drivers/STM32F4xx_HAL_Driver/Inc/stm32f4xx_ll_bus.h ****   *         AHB1RSTR     GPIOIRST      LL_AHB1_GRP1_ForceReset\n
 549:Drivers/STM32F4xx_HAL_Driver/Inc/stm32f4xx_ll_bus.h ****   *         AHB1RSTR     GPIOJRST      LL_AHB1_GRP1_ForceReset\n
 550:Drivers/STM32F4xx_HAL_Driver/Inc/stm32f4xx_ll_bus.h ****   *         AHB1RSTR     GPIOKRST      LL_AHB1_GRP1_ForceReset\n
 551:Drivers/STM32F4xx_HAL_Driver/Inc/stm32f4xx_ll_bus.h ****   *         AHB1RSTR     CRCRST        LL_AHB1_GRP1_ForceReset\n
 552:Drivers/STM32F4xx_HAL_Driver/Inc/stm32f4xx_ll_bus.h ****   *         AHB1RSTR     DMA1RST       LL_AHB1_GRP1_ForceReset\n
 553:Drivers/STM32F4xx_HAL_Driver/Inc/stm32f4xx_ll_bus.h ****   *         AHB1RSTR     DMA2RST       LL_AHB1_GRP1_ForceReset\n
 554:Drivers/STM32F4xx_HAL_Driver/Inc/stm32f4xx_ll_bus.h ****   *         AHB1RSTR     RNGRST        LL_AHB1_GRP1_ForceReset\n
 555:Drivers/STM32F4xx_HAL_Driver/Inc/stm32f4xx_ll_bus.h ****   *         AHB1RSTR     DMA2DRST      LL_AHB1_GRP1_ForceReset\n
 556:Drivers/STM32F4xx_HAL_Driver/Inc/stm32f4xx_ll_bus.h ****   *         AHB1RSTR     ETHMACRST     LL_AHB1_GRP1_ForceReset\n
 557:Drivers/STM32F4xx_HAL_Driver/Inc/stm32f4xx_ll_bus.h ****   *         AHB1RSTR     OTGHSRST      LL_AHB1_GRP1_ForceReset
 558:Drivers/STM32F4xx_HAL_Driver/Inc/stm32f4xx_ll_bus.h ****   * @param  Periphs This parameter can be a combination of the following values:
 559:Drivers/STM32F4xx_HAL_Driver/Inc/stm32f4xx_ll_bus.h ****   *         @arg @ref LL_AHB1_GRP1_PERIPH_ALL
 560:Drivers/STM32F4xx_HAL_Driver/Inc/stm32f4xx_ll_bus.h ****   *         @arg @ref LL_AHB1_GRP1_PERIPH_GPIOA
 561:Drivers/STM32F4xx_HAL_Driver/Inc/stm32f4xx_ll_bus.h ****   *         @arg @ref LL_AHB1_GRP1_PERIPH_GPIOB
 562:Drivers/STM32F4xx_HAL_Driver/Inc/stm32f4xx_ll_bus.h ****   *         @arg @ref LL_AHB1_GRP1_PERIPH_GPIOC
 563:Drivers/STM32F4xx_HAL_Driver/Inc/stm32f4xx_ll_bus.h ****   *         @arg @ref LL_AHB1_GRP1_PERIPH_GPIOD (*)
 564:Drivers/STM32F4xx_HAL_Driver/Inc/stm32f4xx_ll_bus.h ****   *         @arg @ref LL_AHB1_GRP1_PERIPH_GPIOE (*)
 565:Drivers/STM32F4xx_HAL_Driver/Inc/stm32f4xx_ll_bus.h ****   *         @arg @ref LL_AHB1_GRP1_PERIPH_GPIOF (*)
 566:Drivers/STM32F4xx_HAL_Driver/Inc/stm32f4xx_ll_bus.h ****   *         @arg @ref LL_AHB1_GRP1_PERIPH_GPIOG (*)
 567:Drivers/STM32F4xx_HAL_Driver/Inc/stm32f4xx_ll_bus.h ****   *         @arg @ref LL_AHB1_GRP1_PERIPH_GPIOH (*)
 568:Drivers/STM32F4xx_HAL_Driver/Inc/stm32f4xx_ll_bus.h ****   *         @arg @ref LL_AHB1_GRP1_PERIPH_GPIOI (*)
 569:Drivers/STM32F4xx_HAL_Driver/Inc/stm32f4xx_ll_bus.h ****   *         @arg @ref LL_AHB1_GRP1_PERIPH_GPIOJ (*)
 570:Drivers/STM32F4xx_HAL_Driver/Inc/stm32f4xx_ll_bus.h ****   *         @arg @ref LL_AHB1_GRP1_PERIPH_GPIOK (*)
 571:Drivers/STM32F4xx_HAL_Driver/Inc/stm32f4xx_ll_bus.h ****   *         @arg @ref LL_AHB1_GRP1_PERIPH_CRC
 572:Drivers/STM32F4xx_HAL_Driver/Inc/stm32f4xx_ll_bus.h ****   *         @arg @ref LL_AHB1_GRP1_PERIPH_DMA1
 573:Drivers/STM32F4xx_HAL_Driver/Inc/stm32f4xx_ll_bus.h ****   *         @arg @ref LL_AHB1_GRP1_PERIPH_DMA2
 574:Drivers/STM32F4xx_HAL_Driver/Inc/stm32f4xx_ll_bus.h ****   *         @arg @ref LL_AHB1_GRP1_PERIPH_RNG (*)
 575:Drivers/STM32F4xx_HAL_Driver/Inc/stm32f4xx_ll_bus.h ****   *         @arg @ref LL_AHB1_GRP1_PERIPH_DMA2D (*)
 576:Drivers/STM32F4xx_HAL_Driver/Inc/stm32f4xx_ll_bus.h ****   *         @arg @ref LL_AHB1_GRP1_PERIPH_ETHMAC (*)
 577:Drivers/STM32F4xx_HAL_Driver/Inc/stm32f4xx_ll_bus.h ****   *         @arg @ref LL_AHB1_GRP1_PERIPH_OTGHS (*)
 578:Drivers/STM32F4xx_HAL_Driver/Inc/stm32f4xx_ll_bus.h ****   *
 579:Drivers/STM32F4xx_HAL_Driver/Inc/stm32f4xx_ll_bus.h ****   *         (*) value not defined in all devices.
 580:Drivers/STM32F4xx_HAL_Driver/Inc/stm32f4xx_ll_bus.h ****   * @retval None
 581:Drivers/STM32F4xx_HAL_Driver/Inc/stm32f4xx_ll_bus.h ****   */
 582:Drivers/STM32F4xx_HAL_Driver/Inc/stm32f4xx_ll_bus.h **** __STATIC_INLINE void LL_AHB1_GRP1_ForceReset(uint32_t Periphs)
 583:Drivers/STM32F4xx_HAL_Driver/Inc/stm32f4xx_ll_bus.h **** {
 584:Drivers/STM32F4xx_HAL_Driver/Inc/stm32f4xx_ll_bus.h ****   SET_BIT(RCC->AHB1RSTR, Periphs);
 585:Drivers/STM32F4xx_HAL_Driver/Inc/stm32f4xx_ll_bus.h **** }
 586:Drivers/STM32F4xx_HAL_Driver/Inc/stm32f4xx_ll_bus.h **** 
 587:Drivers/STM32F4xx_HAL_Driver/Inc/stm32f4xx_ll_bus.h **** /**
 588:Drivers/STM32F4xx_HAL_Driver/Inc/stm32f4xx_ll_bus.h ****   * @brief  Release AHB1 peripherals reset.
 589:Drivers/STM32F4xx_HAL_Driver/Inc/stm32f4xx_ll_bus.h ****   * @rmtoll AHB1RSTR     GPIOARST      LL_AHB1_GRP1_ReleaseReset\n
 590:Drivers/STM32F4xx_HAL_Driver/Inc/stm32f4xx_ll_bus.h ****   *         AHB1RSTR     GPIOBRST      LL_AHB1_GRP1_ReleaseReset\n
 591:Drivers/STM32F4xx_HAL_Driver/Inc/stm32f4xx_ll_bus.h ****   *         AHB1RSTR     GPIOCRST      LL_AHB1_GRP1_ReleaseReset\n
 592:Drivers/STM32F4xx_HAL_Driver/Inc/stm32f4xx_ll_bus.h ****   *         AHB1RSTR     GPIODRST      LL_AHB1_GRP1_ReleaseReset\n
 593:Drivers/STM32F4xx_HAL_Driver/Inc/stm32f4xx_ll_bus.h ****   *         AHB1RSTR     GPIOERST      LL_AHB1_GRP1_ReleaseReset\n
 594:Drivers/STM32F4xx_HAL_Driver/Inc/stm32f4xx_ll_bus.h ****   *         AHB1RSTR     GPIOFRST      LL_AHB1_GRP1_ReleaseReset\n
 595:Drivers/STM32F4xx_HAL_Driver/Inc/stm32f4xx_ll_bus.h ****   *         AHB1RSTR     GPIOGRST      LL_AHB1_GRP1_ReleaseReset\n
 596:Drivers/STM32F4xx_HAL_Driver/Inc/stm32f4xx_ll_bus.h ****   *         AHB1RSTR     GPIOHRST      LL_AHB1_GRP1_ReleaseReset\n
 597:Drivers/STM32F4xx_HAL_Driver/Inc/stm32f4xx_ll_bus.h ****   *         AHB1RSTR     GPIOIRST      LL_AHB1_GRP1_ReleaseReset\n
 598:Drivers/STM32F4xx_HAL_Driver/Inc/stm32f4xx_ll_bus.h ****   *         AHB1RSTR     GPIOJRST      LL_AHB1_GRP1_ReleaseReset\n
 599:Drivers/STM32F4xx_HAL_Driver/Inc/stm32f4xx_ll_bus.h ****   *         AHB1RSTR     GPIOKRST      LL_AHB1_GRP1_ReleaseReset\n
 600:Drivers/STM32F4xx_HAL_Driver/Inc/stm32f4xx_ll_bus.h ****   *         AHB1RSTR     CRCRST        LL_AHB1_GRP1_ReleaseReset\n
 601:Drivers/STM32F4xx_HAL_Driver/Inc/stm32f4xx_ll_bus.h ****   *         AHB1RSTR     DMA1RST       LL_AHB1_GRP1_ReleaseReset\n
 602:Drivers/STM32F4xx_HAL_Driver/Inc/stm32f4xx_ll_bus.h ****   *         AHB1RSTR     DMA2RST       LL_AHB1_GRP1_ReleaseReset\n
 603:Drivers/STM32F4xx_HAL_Driver/Inc/stm32f4xx_ll_bus.h ****   *         AHB1RSTR     RNGRST        LL_AHB1_GRP1_ReleaseReset\n
 604:Drivers/STM32F4xx_HAL_Driver/Inc/stm32f4xx_ll_bus.h ****   *         AHB1RSTR     DMA2DRST      LL_AHB1_GRP1_ReleaseReset\n
ARM GAS  C:\Users\chris\AppData\Local\Temp\ccHvCGBe.s 			page 33


 605:Drivers/STM32F4xx_HAL_Driver/Inc/stm32f4xx_ll_bus.h ****   *         AHB1RSTR     ETHMACRST     LL_AHB1_GRP1_ReleaseReset\n
 606:Drivers/STM32F4xx_HAL_Driver/Inc/stm32f4xx_ll_bus.h ****   *         AHB1RSTR     OTGHSRST      LL_AHB1_GRP1_ReleaseReset
 607:Drivers/STM32F4xx_HAL_Driver/Inc/stm32f4xx_ll_bus.h ****   * @param  Periphs This parameter can be a combination of the following values:
 608:Drivers/STM32F4xx_HAL_Driver/Inc/stm32f4xx_ll_bus.h ****   *         @arg @ref LL_AHB1_GRP1_PERIPH_ALL
 609:Drivers/STM32F4xx_HAL_Driver/Inc/stm32f4xx_ll_bus.h ****   *         @arg @ref LL_AHB1_GRP1_PERIPH_GPIOA
 610:Drivers/STM32F4xx_HAL_Driver/Inc/stm32f4xx_ll_bus.h ****   *         @arg @ref LL_AHB1_GRP1_PERIPH_GPIOB
 611:Drivers/STM32F4xx_HAL_Driver/Inc/stm32f4xx_ll_bus.h ****   *         @arg @ref LL_AHB1_GRP1_PERIPH_GPIOC
 612:Drivers/STM32F4xx_HAL_Driver/Inc/stm32f4xx_ll_bus.h ****   *         @arg @ref LL_AHB1_GRP1_PERIPH_GPIOD (*)
 613:Drivers/STM32F4xx_HAL_Driver/Inc/stm32f4xx_ll_bus.h ****   *         @arg @ref LL_AHB1_GRP1_PERIPH_GPIOE (*)
 614:Drivers/STM32F4xx_HAL_Driver/Inc/stm32f4xx_ll_bus.h ****   *         @arg @ref LL_AHB1_GRP1_PERIPH_GPIOF (*)
 615:Drivers/STM32F4xx_HAL_Driver/Inc/stm32f4xx_ll_bus.h ****   *         @arg @ref LL_AHB1_GRP1_PERIPH_GPIOG (*)
 616:Drivers/STM32F4xx_HAL_Driver/Inc/stm32f4xx_ll_bus.h ****   *         @arg @ref LL_AHB1_GRP1_PERIPH_GPIOH (*)
 617:Drivers/STM32F4xx_HAL_Driver/Inc/stm32f4xx_ll_bus.h ****   *         @arg @ref LL_AHB1_GRP1_PERIPH_GPIOI (*)
 618:Drivers/STM32F4xx_HAL_Driver/Inc/stm32f4xx_ll_bus.h ****   *         @arg @ref LL_AHB1_GRP1_PERIPH_GPIOJ (*)
 619:Drivers/STM32F4xx_HAL_Driver/Inc/stm32f4xx_ll_bus.h ****   *         @arg @ref LL_AHB1_GRP1_PERIPH_GPIOK (*)
 620:Drivers/STM32F4xx_HAL_Driver/Inc/stm32f4xx_ll_bus.h ****   *         @arg @ref LL_AHB1_GRP1_PERIPH_CRC
 621:Drivers/STM32F4xx_HAL_Driver/Inc/stm32f4xx_ll_bus.h ****   *         @arg @ref LL_AHB1_GRP1_PERIPH_DMA1
 622:Drivers/STM32F4xx_HAL_Driver/Inc/stm32f4xx_ll_bus.h ****   *         @arg @ref LL_AHB1_GRP1_PERIPH_DMA2
 623:Drivers/STM32F4xx_HAL_Driver/Inc/stm32f4xx_ll_bus.h ****   *         @arg @ref LL_AHB1_GRP1_PERIPH_RNG (*)
 624:Drivers/STM32F4xx_HAL_Driver/Inc/stm32f4xx_ll_bus.h ****   *         @arg @ref LL_AHB1_GRP1_PERIPH_DMA2D (*)
 625:Drivers/STM32F4xx_HAL_Driver/Inc/stm32f4xx_ll_bus.h ****   *         @arg @ref LL_AHB1_GRP1_PERIPH_ETHMAC (*)
 626:Drivers/STM32F4xx_HAL_Driver/Inc/stm32f4xx_ll_bus.h ****   *         @arg @ref LL_AHB1_GRP1_PERIPH_OTGHS (*)
 627:Drivers/STM32F4xx_HAL_Driver/Inc/stm32f4xx_ll_bus.h ****   *
 628:Drivers/STM32F4xx_HAL_Driver/Inc/stm32f4xx_ll_bus.h ****   *         (*) value not defined in all devices.
 629:Drivers/STM32F4xx_HAL_Driver/Inc/stm32f4xx_ll_bus.h ****   * @retval None
 630:Drivers/STM32F4xx_HAL_Driver/Inc/stm32f4xx_ll_bus.h ****   */
 631:Drivers/STM32F4xx_HAL_Driver/Inc/stm32f4xx_ll_bus.h **** __STATIC_INLINE void LL_AHB1_GRP1_ReleaseReset(uint32_t Periphs)
 632:Drivers/STM32F4xx_HAL_Driver/Inc/stm32f4xx_ll_bus.h **** {
 633:Drivers/STM32F4xx_HAL_Driver/Inc/stm32f4xx_ll_bus.h ****   CLEAR_BIT(RCC->AHB1RSTR, Periphs);
 634:Drivers/STM32F4xx_HAL_Driver/Inc/stm32f4xx_ll_bus.h **** }
 635:Drivers/STM32F4xx_HAL_Driver/Inc/stm32f4xx_ll_bus.h **** 
 636:Drivers/STM32F4xx_HAL_Driver/Inc/stm32f4xx_ll_bus.h **** /**
 637:Drivers/STM32F4xx_HAL_Driver/Inc/stm32f4xx_ll_bus.h ****   * @brief  Enable AHB1 peripheral clocks in low-power mode
 638:Drivers/STM32F4xx_HAL_Driver/Inc/stm32f4xx_ll_bus.h ****   * @rmtoll AHB1LPENR    GPIOALPEN      LL_AHB1_GRP1_EnableClockLowPower\n
 639:Drivers/STM32F4xx_HAL_Driver/Inc/stm32f4xx_ll_bus.h ****   *         AHB1LPENR    GPIOBLPEN      LL_AHB1_GRP1_EnableClockLowPower\n
 640:Drivers/STM32F4xx_HAL_Driver/Inc/stm32f4xx_ll_bus.h ****   *         AHB1LPENR    GPIOCLPEN      LL_AHB1_GRP1_EnableClockLowPower\n
 641:Drivers/STM32F4xx_HAL_Driver/Inc/stm32f4xx_ll_bus.h ****   *         AHB1LPENR    GPIODLPEN      LL_AHB1_GRP1_EnableClockLowPower\n
 642:Drivers/STM32F4xx_HAL_Driver/Inc/stm32f4xx_ll_bus.h ****   *         AHB1LPENR    GPIOELPEN      LL_AHB1_GRP1_EnableClockLowPower\n
 643:Drivers/STM32F4xx_HAL_Driver/Inc/stm32f4xx_ll_bus.h ****   *         AHB1LPENR    GPIOFLPEN      LL_AHB1_GRP1_EnableClockLowPower\n
 644:Drivers/STM32F4xx_HAL_Driver/Inc/stm32f4xx_ll_bus.h ****   *         AHB1LPENR    GPIOGLPEN      LL_AHB1_GRP1_EnableClockLowPower\n
 645:Drivers/STM32F4xx_HAL_Driver/Inc/stm32f4xx_ll_bus.h ****   *         AHB1LPENR    GPIOHLPEN      LL_AHB1_GRP1_EnableClockLowPower\n
 646:Drivers/STM32F4xx_HAL_Driver/Inc/stm32f4xx_ll_bus.h ****   *         AHB1LPENR    GPIOILPEN      LL_AHB1_GRP1_EnableClockLowPower\n
 647:Drivers/STM32F4xx_HAL_Driver/Inc/stm32f4xx_ll_bus.h ****   *         AHB1LPENR    GPIOJLPEN      LL_AHB1_GRP1_EnableClockLowPower\n
 648:Drivers/STM32F4xx_HAL_Driver/Inc/stm32f4xx_ll_bus.h ****   *         AHB1LPENR    GPIOKLPEN      LL_AHB1_GRP1_EnableClockLowPower\n
 649:Drivers/STM32F4xx_HAL_Driver/Inc/stm32f4xx_ll_bus.h ****   *         AHB1LPENR    CRCLPEN        LL_AHB1_GRP1_EnableClockLowPower\n
 650:Drivers/STM32F4xx_HAL_Driver/Inc/stm32f4xx_ll_bus.h ****   *         AHB1LPENR    BKPSRAMLPEN    LL_AHB1_GRP1_EnableClockLowPower\n
 651:Drivers/STM32F4xx_HAL_Driver/Inc/stm32f4xx_ll_bus.h ****   *         AHB1LPENR    FLITFLPEN      LL_AHB1_GRP1_EnableClockLowPower\n
 652:Drivers/STM32F4xx_HAL_Driver/Inc/stm32f4xx_ll_bus.h ****   *         AHB1LPENR    SRAM1LPEN      LL_AHB1_GRP1_EnableClockLowPower\n
 653:Drivers/STM32F4xx_HAL_Driver/Inc/stm32f4xx_ll_bus.h ****   *         AHB1LPENR    SRAM2LPEN      LL_AHB1_GRP1_EnableClockLowPower\n
 654:Drivers/STM32F4xx_HAL_Driver/Inc/stm32f4xx_ll_bus.h ****   *         AHB1LPENR    SRAM3LPEN      LL_AHB1_GRP1_EnableClockLowPower\n
 655:Drivers/STM32F4xx_HAL_Driver/Inc/stm32f4xx_ll_bus.h ****   *         AHB1LPENR    BKPSRAMLPEN    LL_AHB1_GRP1_EnableClockLowPower\n
 656:Drivers/STM32F4xx_HAL_Driver/Inc/stm32f4xx_ll_bus.h ****   *         AHB1LPENR    DMA1LPEN       LL_AHB1_GRP1_EnableClockLowPower\n
 657:Drivers/STM32F4xx_HAL_Driver/Inc/stm32f4xx_ll_bus.h ****   *         AHB1LPENR    DMA2LPEN       LL_AHB1_GRP1_EnableClockLowPower\n
 658:Drivers/STM32F4xx_HAL_Driver/Inc/stm32f4xx_ll_bus.h ****   *         AHB1LPENR    DMA2DLPEN      LL_AHB1_GRP1_EnableClockLowPower\n
 659:Drivers/STM32F4xx_HAL_Driver/Inc/stm32f4xx_ll_bus.h ****   *         AHB1LPENR    RNGLPEN        LL_AHB1_GRP1_EnableClockLowPower\n
 660:Drivers/STM32F4xx_HAL_Driver/Inc/stm32f4xx_ll_bus.h ****   *         AHB1LPENR    ETHMACLPEN     LL_AHB1_GRP1_EnableClockLowPower\n
 661:Drivers/STM32F4xx_HAL_Driver/Inc/stm32f4xx_ll_bus.h ****   *         AHB1LPENR    ETHMACTXLPEN   LL_AHB1_GRP1_EnableClockLowPower\n
ARM GAS  C:\Users\chris\AppData\Local\Temp\ccHvCGBe.s 			page 34


 662:Drivers/STM32F4xx_HAL_Driver/Inc/stm32f4xx_ll_bus.h ****   *         AHB1LPENR    ETHMACRXLPEN   LL_AHB1_GRP1_EnableClockLowPower\n
 663:Drivers/STM32F4xx_HAL_Driver/Inc/stm32f4xx_ll_bus.h ****   *         AHB1LPENR    ETHMACPTPLPEN  LL_AHB1_GRP1_EnableClockLowPower\n
 664:Drivers/STM32F4xx_HAL_Driver/Inc/stm32f4xx_ll_bus.h ****   *         AHB1LPENR    OTGHSLPEN      LL_AHB1_GRP1_EnableClockLowPower\n
 665:Drivers/STM32F4xx_HAL_Driver/Inc/stm32f4xx_ll_bus.h ****   *         AHB1LPENR    OTGHSULPILPEN  LL_AHB1_GRP1_EnableClockLowPower
 666:Drivers/STM32F4xx_HAL_Driver/Inc/stm32f4xx_ll_bus.h ****   * @param  Periphs This parameter can be a combination of the following values:
 667:Drivers/STM32F4xx_HAL_Driver/Inc/stm32f4xx_ll_bus.h ****   *         @arg @ref LL_AHB1_GRP1_PERIPH_GPIOA
 668:Drivers/STM32F4xx_HAL_Driver/Inc/stm32f4xx_ll_bus.h ****   *         @arg @ref LL_AHB1_GRP1_PERIPH_GPIOB
 669:Drivers/STM32F4xx_HAL_Driver/Inc/stm32f4xx_ll_bus.h ****   *         @arg @ref LL_AHB1_GRP1_PERIPH_GPIOC
 670:Drivers/STM32F4xx_HAL_Driver/Inc/stm32f4xx_ll_bus.h ****   *         @arg @ref LL_AHB1_GRP1_PERIPH_GPIOD (*)
 671:Drivers/STM32F4xx_HAL_Driver/Inc/stm32f4xx_ll_bus.h ****   *         @arg @ref LL_AHB1_GRP1_PERIPH_GPIOE (*)
 672:Drivers/STM32F4xx_HAL_Driver/Inc/stm32f4xx_ll_bus.h ****   *         @arg @ref LL_AHB1_GRP1_PERIPH_GPIOF (*)
 673:Drivers/STM32F4xx_HAL_Driver/Inc/stm32f4xx_ll_bus.h ****   *         @arg @ref LL_AHB1_GRP1_PERIPH_GPIOG (*)
 674:Drivers/STM32F4xx_HAL_Driver/Inc/stm32f4xx_ll_bus.h ****   *         @arg @ref LL_AHB1_GRP1_PERIPH_GPIOH (*)
 675:Drivers/STM32F4xx_HAL_Driver/Inc/stm32f4xx_ll_bus.h ****   *         @arg @ref LL_AHB1_GRP1_PERIPH_GPIOI (*)
 676:Drivers/STM32F4xx_HAL_Driver/Inc/stm32f4xx_ll_bus.h ****   *         @arg @ref LL_AHB1_GRP1_PERIPH_GPIOJ (*)
 677:Drivers/STM32F4xx_HAL_Driver/Inc/stm32f4xx_ll_bus.h ****   *         @arg @ref LL_AHB1_GRP1_PERIPH_GPIOK (*)
 678:Drivers/STM32F4xx_HAL_Driver/Inc/stm32f4xx_ll_bus.h ****   *         @arg @ref LL_AHB1_GRP1_PERIPH_CRC
 679:Drivers/STM32F4xx_HAL_Driver/Inc/stm32f4xx_ll_bus.h ****   *         @arg @ref LL_AHB1_GRP1_PERIPH_BKPSRAM (*)
 680:Drivers/STM32F4xx_HAL_Driver/Inc/stm32f4xx_ll_bus.h ****   *         @arg @ref LL_AHB1_GRP1_PERIPH_FLITF
 681:Drivers/STM32F4xx_HAL_Driver/Inc/stm32f4xx_ll_bus.h ****   *         @arg @ref LL_AHB1_GRP1_PERIPH_SRAM1
 682:Drivers/STM32F4xx_HAL_Driver/Inc/stm32f4xx_ll_bus.h ****   *         @arg @ref LL_AHB1_GRP1_PERIPH_SRAM2 (*)
 683:Drivers/STM32F4xx_HAL_Driver/Inc/stm32f4xx_ll_bus.h ****   *         @arg @ref LL_AHB1_GRP1_PERIPH_SRAM3 (*)
 684:Drivers/STM32F4xx_HAL_Driver/Inc/stm32f4xx_ll_bus.h ****   *         @arg @ref LL_AHB1_GRP1_PERIPH_DMA1
 685:Drivers/STM32F4xx_HAL_Driver/Inc/stm32f4xx_ll_bus.h ****   *         @arg @ref LL_AHB1_GRP1_PERIPH_DMA2
 686:Drivers/STM32F4xx_HAL_Driver/Inc/stm32f4xx_ll_bus.h ****   *         @arg @ref LL_AHB1_GRP1_PERIPH_RNG (*)
 687:Drivers/STM32F4xx_HAL_Driver/Inc/stm32f4xx_ll_bus.h ****   *         @arg @ref LL_AHB1_GRP1_PERIPH_DMA2D (*)
 688:Drivers/STM32F4xx_HAL_Driver/Inc/stm32f4xx_ll_bus.h ****   *         @arg @ref LL_AHB1_GRP1_PERIPH_ETHMAC (*)
 689:Drivers/STM32F4xx_HAL_Driver/Inc/stm32f4xx_ll_bus.h ****   *         @arg @ref LL_AHB1_GRP1_PERIPH_ETHMACTX (*)
 690:Drivers/STM32F4xx_HAL_Driver/Inc/stm32f4xx_ll_bus.h ****   *         @arg @ref LL_AHB1_GRP1_PERIPH_ETHMACRX (*)
 691:Drivers/STM32F4xx_HAL_Driver/Inc/stm32f4xx_ll_bus.h ****   *         @arg @ref LL_AHB1_GRP1_PERIPH_ETHMACPTP (*)
 692:Drivers/STM32F4xx_HAL_Driver/Inc/stm32f4xx_ll_bus.h ****   *         @arg @ref LL_AHB1_GRP1_PERIPH_OTGHS (*)
 693:Drivers/STM32F4xx_HAL_Driver/Inc/stm32f4xx_ll_bus.h ****   *         @arg @ref LL_AHB1_GRP1_PERIPH_OTGHSULPI (*)
 694:Drivers/STM32F4xx_HAL_Driver/Inc/stm32f4xx_ll_bus.h ****   *
 695:Drivers/STM32F4xx_HAL_Driver/Inc/stm32f4xx_ll_bus.h ****   *         (*) value not defined in all devices.
 696:Drivers/STM32F4xx_HAL_Driver/Inc/stm32f4xx_ll_bus.h ****   * @retval None
 697:Drivers/STM32F4xx_HAL_Driver/Inc/stm32f4xx_ll_bus.h ****   */
 698:Drivers/STM32F4xx_HAL_Driver/Inc/stm32f4xx_ll_bus.h **** __STATIC_INLINE void LL_AHB1_GRP1_EnableClockLowPower(uint32_t Periphs)
 699:Drivers/STM32F4xx_HAL_Driver/Inc/stm32f4xx_ll_bus.h **** {
 700:Drivers/STM32F4xx_HAL_Driver/Inc/stm32f4xx_ll_bus.h ****   __IO uint32_t tmpreg;
 701:Drivers/STM32F4xx_HAL_Driver/Inc/stm32f4xx_ll_bus.h ****   SET_BIT(RCC->AHB1LPENR, Periphs);
 702:Drivers/STM32F4xx_HAL_Driver/Inc/stm32f4xx_ll_bus.h ****   /* Delay after an RCC peripheral clock enabling */
 703:Drivers/STM32F4xx_HAL_Driver/Inc/stm32f4xx_ll_bus.h ****   tmpreg = READ_BIT(RCC->AHB1LPENR, Periphs);
 704:Drivers/STM32F4xx_HAL_Driver/Inc/stm32f4xx_ll_bus.h ****   (void)tmpreg;
 705:Drivers/STM32F4xx_HAL_Driver/Inc/stm32f4xx_ll_bus.h **** }
 706:Drivers/STM32F4xx_HAL_Driver/Inc/stm32f4xx_ll_bus.h **** 
 707:Drivers/STM32F4xx_HAL_Driver/Inc/stm32f4xx_ll_bus.h **** /**
 708:Drivers/STM32F4xx_HAL_Driver/Inc/stm32f4xx_ll_bus.h ****   * @brief  Disable AHB1 peripheral clocks in low-power mode
 709:Drivers/STM32F4xx_HAL_Driver/Inc/stm32f4xx_ll_bus.h ****   * @rmtoll AHB1LPENR    GPIOALPEN      LL_AHB1_GRP1_DisableClockLowPower\n
 710:Drivers/STM32F4xx_HAL_Driver/Inc/stm32f4xx_ll_bus.h ****   *         AHB1LPENR    GPIOBLPEN      LL_AHB1_GRP1_DisableClockLowPower\n
 711:Drivers/STM32F4xx_HAL_Driver/Inc/stm32f4xx_ll_bus.h ****   *         AHB1LPENR    GPIOCLPEN      LL_AHB1_GRP1_DisableClockLowPower\n
 712:Drivers/STM32F4xx_HAL_Driver/Inc/stm32f4xx_ll_bus.h ****   *         AHB1LPENR    GPIODLPEN      LL_AHB1_GRP1_DisableClockLowPower\n
 713:Drivers/STM32F4xx_HAL_Driver/Inc/stm32f4xx_ll_bus.h ****   *         AHB1LPENR    GPIOELPEN      LL_AHB1_GRP1_DisableClockLowPower\n
 714:Drivers/STM32F4xx_HAL_Driver/Inc/stm32f4xx_ll_bus.h ****   *         AHB1LPENR    GPIOFLPEN      LL_AHB1_GRP1_DisableClockLowPower\n
 715:Drivers/STM32F4xx_HAL_Driver/Inc/stm32f4xx_ll_bus.h ****   *         AHB1LPENR    GPIOGLPEN      LL_AHB1_GRP1_DisableClockLowPower\n
 716:Drivers/STM32F4xx_HAL_Driver/Inc/stm32f4xx_ll_bus.h ****   *         AHB1LPENR    GPIOHLPEN      LL_AHB1_GRP1_DisableClockLowPower\n
 717:Drivers/STM32F4xx_HAL_Driver/Inc/stm32f4xx_ll_bus.h ****   *         AHB1LPENR    GPIOILPEN      LL_AHB1_GRP1_DisableClockLowPower\n
 718:Drivers/STM32F4xx_HAL_Driver/Inc/stm32f4xx_ll_bus.h ****   *         AHB1LPENR    GPIOJLPEN      LL_AHB1_GRP1_DisableClockLowPower\n
ARM GAS  C:\Users\chris\AppData\Local\Temp\ccHvCGBe.s 			page 35


 719:Drivers/STM32F4xx_HAL_Driver/Inc/stm32f4xx_ll_bus.h ****   *         AHB1LPENR    GPIOKLPEN      LL_AHB1_GRP1_DisableClockLowPower\n
 720:Drivers/STM32F4xx_HAL_Driver/Inc/stm32f4xx_ll_bus.h ****   *         AHB1LPENR    CRCLPEN        LL_AHB1_GRP1_DisableClockLowPower\n
 721:Drivers/STM32F4xx_HAL_Driver/Inc/stm32f4xx_ll_bus.h ****   *         AHB1LPENR    BKPSRAMLPEN    LL_AHB1_GRP1_DisableClockLowPower\n
 722:Drivers/STM32F4xx_HAL_Driver/Inc/stm32f4xx_ll_bus.h ****   *         AHB1LPENR    FLITFLPEN      LL_AHB1_GRP1_DisableClockLowPower\n
 723:Drivers/STM32F4xx_HAL_Driver/Inc/stm32f4xx_ll_bus.h ****   *         AHB1LPENR    SRAM1LPEN      LL_AHB1_GRP1_DisableClockLowPower\n
 724:Drivers/STM32F4xx_HAL_Driver/Inc/stm32f4xx_ll_bus.h ****   *         AHB1LPENR    SRAM2LPEN      LL_AHB1_GRP1_DisableClockLowPower\n
 725:Drivers/STM32F4xx_HAL_Driver/Inc/stm32f4xx_ll_bus.h ****   *         AHB1LPENR    SRAM3LPEN      LL_AHB1_GRP1_DisableClockLowPower\n
 726:Drivers/STM32F4xx_HAL_Driver/Inc/stm32f4xx_ll_bus.h ****   *         AHB1LPENR    BKPSRAMLPEN    LL_AHB1_GRP1_DisableClockLowPower\n
 727:Drivers/STM32F4xx_HAL_Driver/Inc/stm32f4xx_ll_bus.h ****   *         AHB1LPENR    DMA1LPEN       LL_AHB1_GRP1_DisableClockLowPower\n
 728:Drivers/STM32F4xx_HAL_Driver/Inc/stm32f4xx_ll_bus.h ****   *         AHB1LPENR    DMA2LPEN       LL_AHB1_GRP1_DisableClockLowPower\n
 729:Drivers/STM32F4xx_HAL_Driver/Inc/stm32f4xx_ll_bus.h ****   *         AHB1LPENR    DMA2DLPEN      LL_AHB1_GRP1_DisableClockLowPower\n
 730:Drivers/STM32F4xx_HAL_Driver/Inc/stm32f4xx_ll_bus.h ****   *         AHB1LPENR    RNGLPEN        LL_AHB1_GRP1_DisableClockLowPower\n
 731:Drivers/STM32F4xx_HAL_Driver/Inc/stm32f4xx_ll_bus.h ****   *         AHB1LPENR    ETHMACLPEN     LL_AHB1_GRP1_DisableClockLowPower\n
 732:Drivers/STM32F4xx_HAL_Driver/Inc/stm32f4xx_ll_bus.h ****   *         AHB1LPENR    ETHMACTXLPEN   LL_AHB1_GRP1_DisableClockLowPower\n
 733:Drivers/STM32F4xx_HAL_Driver/Inc/stm32f4xx_ll_bus.h ****   *         AHB1LPENR    ETHMACRXLPEN   LL_AHB1_GRP1_DisableClockLowPower\n
 734:Drivers/STM32F4xx_HAL_Driver/Inc/stm32f4xx_ll_bus.h ****   *         AHB1LPENR    ETHMACPTPLPEN  LL_AHB1_GRP1_DisableClockLowPower\n
 735:Drivers/STM32F4xx_HAL_Driver/Inc/stm32f4xx_ll_bus.h ****   *         AHB1LPENR    OTGHSLPEN      LL_AHB1_GRP1_DisableClockLowPower\n
 736:Drivers/STM32F4xx_HAL_Driver/Inc/stm32f4xx_ll_bus.h ****   *         AHB1LPENR    OTGHSULPILPEN  LL_AHB1_GRP1_DisableClockLowPower
 737:Drivers/STM32F4xx_HAL_Driver/Inc/stm32f4xx_ll_bus.h ****   * @param  Periphs This parameter can be a combination of the following values:
 738:Drivers/STM32F4xx_HAL_Driver/Inc/stm32f4xx_ll_bus.h ****   *         @arg @ref LL_AHB1_GRP1_PERIPH_GPIOA
 739:Drivers/STM32F4xx_HAL_Driver/Inc/stm32f4xx_ll_bus.h ****   *         @arg @ref LL_AHB1_GRP1_PERIPH_GPIOB
 740:Drivers/STM32F4xx_HAL_Driver/Inc/stm32f4xx_ll_bus.h ****   *         @arg @ref LL_AHB1_GRP1_PERIPH_GPIOC
 741:Drivers/STM32F4xx_HAL_Driver/Inc/stm32f4xx_ll_bus.h ****   *         @arg @ref LL_AHB1_GRP1_PERIPH_GPIOD (*)
 742:Drivers/STM32F4xx_HAL_Driver/Inc/stm32f4xx_ll_bus.h ****   *         @arg @ref LL_AHB1_GRP1_PERIPH_GPIOE (*)
 743:Drivers/STM32F4xx_HAL_Driver/Inc/stm32f4xx_ll_bus.h ****   *         @arg @ref LL_AHB1_GRP1_PERIPH_GPIOF (*)
 744:Drivers/STM32F4xx_HAL_Driver/Inc/stm32f4xx_ll_bus.h ****   *         @arg @ref LL_AHB1_GRP1_PERIPH_GPIOG (*)
 745:Drivers/STM32F4xx_HAL_Driver/Inc/stm32f4xx_ll_bus.h ****   *         @arg @ref LL_AHB1_GRP1_PERIPH_GPIOH (*)
 746:Drivers/STM32F4xx_HAL_Driver/Inc/stm32f4xx_ll_bus.h ****   *         @arg @ref LL_AHB1_GRP1_PERIPH_GPIOI (*)
 747:Drivers/STM32F4xx_HAL_Driver/Inc/stm32f4xx_ll_bus.h ****   *         @arg @ref LL_AHB1_GRP1_PERIPH_GPIOJ (*)
 748:Drivers/STM32F4xx_HAL_Driver/Inc/stm32f4xx_ll_bus.h ****   *         @arg @ref LL_AHB1_GRP1_PERIPH_GPIOK (*)
 749:Drivers/STM32F4xx_HAL_Driver/Inc/stm32f4xx_ll_bus.h ****   *         @arg @ref LL_AHB1_GRP1_PERIPH_CRC
 750:Drivers/STM32F4xx_HAL_Driver/Inc/stm32f4xx_ll_bus.h ****   *         @arg @ref LL_AHB1_GRP1_PERIPH_BKPSRAM (*)
 751:Drivers/STM32F4xx_HAL_Driver/Inc/stm32f4xx_ll_bus.h ****   *         @arg @ref LL_AHB1_GRP1_PERIPH_FLITF
 752:Drivers/STM32F4xx_HAL_Driver/Inc/stm32f4xx_ll_bus.h ****   *         @arg @ref LL_AHB1_GRP1_PERIPH_SRAM1
 753:Drivers/STM32F4xx_HAL_Driver/Inc/stm32f4xx_ll_bus.h ****   *         @arg @ref LL_AHB1_GRP1_PERIPH_SRAM2 (*)
 754:Drivers/STM32F4xx_HAL_Driver/Inc/stm32f4xx_ll_bus.h ****   *         @arg @ref LL_AHB1_GRP1_PERIPH_SRAM3 (*)
 755:Drivers/STM32F4xx_HAL_Driver/Inc/stm32f4xx_ll_bus.h ****   *         @arg @ref LL_AHB1_GRP1_PERIPH_DMA1
 756:Drivers/STM32F4xx_HAL_Driver/Inc/stm32f4xx_ll_bus.h ****   *         @arg @ref LL_AHB1_GRP1_PERIPH_DMA2
 757:Drivers/STM32F4xx_HAL_Driver/Inc/stm32f4xx_ll_bus.h ****   *         @arg @ref LL_AHB1_GRP1_PERIPH_RNG (*)
 758:Drivers/STM32F4xx_HAL_Driver/Inc/stm32f4xx_ll_bus.h ****   *         @arg @ref LL_AHB1_GRP1_PERIPH_DMA2D (*)
 759:Drivers/STM32F4xx_HAL_Driver/Inc/stm32f4xx_ll_bus.h ****   *         @arg @ref LL_AHB1_GRP1_PERIPH_ETHMAC (*)
 760:Drivers/STM32F4xx_HAL_Driver/Inc/stm32f4xx_ll_bus.h ****   *         @arg @ref LL_AHB1_GRP1_PERIPH_ETHMACTX (*)
 761:Drivers/STM32F4xx_HAL_Driver/Inc/stm32f4xx_ll_bus.h ****   *         @arg @ref LL_AHB1_GRP1_PERIPH_ETHMACRX (*)
 762:Drivers/STM32F4xx_HAL_Driver/Inc/stm32f4xx_ll_bus.h ****   *         @arg @ref LL_AHB1_GRP1_PERIPH_ETHMACPTP (*)
 763:Drivers/STM32F4xx_HAL_Driver/Inc/stm32f4xx_ll_bus.h ****   *         @arg @ref LL_AHB1_GRP1_PERIPH_OTGHS (*)
 764:Drivers/STM32F4xx_HAL_Driver/Inc/stm32f4xx_ll_bus.h ****   *         @arg @ref LL_AHB1_GRP1_PERIPH_OTGHSULPI (*)
 765:Drivers/STM32F4xx_HAL_Driver/Inc/stm32f4xx_ll_bus.h ****   *
 766:Drivers/STM32F4xx_HAL_Driver/Inc/stm32f4xx_ll_bus.h ****   *         (*) value not defined in all devices.
 767:Drivers/STM32F4xx_HAL_Driver/Inc/stm32f4xx_ll_bus.h ****   * @retval None
 768:Drivers/STM32F4xx_HAL_Driver/Inc/stm32f4xx_ll_bus.h ****   */
 769:Drivers/STM32F4xx_HAL_Driver/Inc/stm32f4xx_ll_bus.h **** __STATIC_INLINE void LL_AHB1_GRP1_DisableClockLowPower(uint32_t Periphs)
 770:Drivers/STM32F4xx_HAL_Driver/Inc/stm32f4xx_ll_bus.h **** {
 771:Drivers/STM32F4xx_HAL_Driver/Inc/stm32f4xx_ll_bus.h ****   CLEAR_BIT(RCC->AHB1LPENR, Periphs);
 772:Drivers/STM32F4xx_HAL_Driver/Inc/stm32f4xx_ll_bus.h **** }
 773:Drivers/STM32F4xx_HAL_Driver/Inc/stm32f4xx_ll_bus.h **** 
 774:Drivers/STM32F4xx_HAL_Driver/Inc/stm32f4xx_ll_bus.h **** /**
 775:Drivers/STM32F4xx_HAL_Driver/Inc/stm32f4xx_ll_bus.h ****   * @}
ARM GAS  C:\Users\chris\AppData\Local\Temp\ccHvCGBe.s 			page 36


 776:Drivers/STM32F4xx_HAL_Driver/Inc/stm32f4xx_ll_bus.h ****   */
 777:Drivers/STM32F4xx_HAL_Driver/Inc/stm32f4xx_ll_bus.h **** 
 778:Drivers/STM32F4xx_HAL_Driver/Inc/stm32f4xx_ll_bus.h **** #if defined(RCC_AHB2_SUPPORT)
 779:Drivers/STM32F4xx_HAL_Driver/Inc/stm32f4xx_ll_bus.h **** /** @defgroup BUS_LL_EF_AHB2 AHB2
 780:Drivers/STM32F4xx_HAL_Driver/Inc/stm32f4xx_ll_bus.h ****   * @{
 781:Drivers/STM32F4xx_HAL_Driver/Inc/stm32f4xx_ll_bus.h ****   */
 782:Drivers/STM32F4xx_HAL_Driver/Inc/stm32f4xx_ll_bus.h **** 
 783:Drivers/STM32F4xx_HAL_Driver/Inc/stm32f4xx_ll_bus.h **** /**
 784:Drivers/STM32F4xx_HAL_Driver/Inc/stm32f4xx_ll_bus.h ****   * @brief  Enable AHB2 peripherals clock.
 785:Drivers/STM32F4xx_HAL_Driver/Inc/stm32f4xx_ll_bus.h ****   * @rmtoll AHB2ENR      DCMIEN       LL_AHB2_GRP1_EnableClock\n
 786:Drivers/STM32F4xx_HAL_Driver/Inc/stm32f4xx_ll_bus.h ****   *         AHB2ENR      CRYPEN       LL_AHB2_GRP1_EnableClock\n
 787:Drivers/STM32F4xx_HAL_Driver/Inc/stm32f4xx_ll_bus.h ****   *         AHB2ENR      AESEN        LL_AHB2_GRP1_EnableClock\n
 788:Drivers/STM32F4xx_HAL_Driver/Inc/stm32f4xx_ll_bus.h ****   *         AHB2ENR      HASHEN       LL_AHB2_GRP1_EnableClock\n
 789:Drivers/STM32F4xx_HAL_Driver/Inc/stm32f4xx_ll_bus.h ****   *         AHB2ENR      RNGEN        LL_AHB2_GRP1_EnableClock\n
 790:Drivers/STM32F4xx_HAL_Driver/Inc/stm32f4xx_ll_bus.h ****   *         AHB2ENR      OTGFSEN      LL_AHB2_GRP1_EnableClock
 791:Drivers/STM32F4xx_HAL_Driver/Inc/stm32f4xx_ll_bus.h ****   * @param  Periphs This parameter can be a combination of the following values:
 792:Drivers/STM32F4xx_HAL_Driver/Inc/stm32f4xx_ll_bus.h ****   *         @arg @ref LL_AHB2_GRP1_PERIPH_DCMI (*)
 793:Drivers/STM32F4xx_HAL_Driver/Inc/stm32f4xx_ll_bus.h ****   *         @arg @ref LL_AHB2_GRP1_PERIPH_CRYP (*)
 794:Drivers/STM32F4xx_HAL_Driver/Inc/stm32f4xx_ll_bus.h ****   *         @arg @ref LL_AHB2_GRP1_PERIPH_AES  (*)
 795:Drivers/STM32F4xx_HAL_Driver/Inc/stm32f4xx_ll_bus.h ****   *         @arg @ref LL_AHB2_GRP1_PERIPH_HASH (*)
 796:Drivers/STM32F4xx_HAL_Driver/Inc/stm32f4xx_ll_bus.h ****   *         @arg @ref LL_AHB2_GRP1_PERIPH_RNG (*)
 797:Drivers/STM32F4xx_HAL_Driver/Inc/stm32f4xx_ll_bus.h ****   *         @arg @ref LL_AHB2_GRP1_PERIPH_OTGFS (*)
 798:Drivers/STM32F4xx_HAL_Driver/Inc/stm32f4xx_ll_bus.h ****   *
 799:Drivers/STM32F4xx_HAL_Driver/Inc/stm32f4xx_ll_bus.h ****   *         (*) value not defined in all devices.
 800:Drivers/STM32F4xx_HAL_Driver/Inc/stm32f4xx_ll_bus.h ****   * @retval None
 801:Drivers/STM32F4xx_HAL_Driver/Inc/stm32f4xx_ll_bus.h ****   */
 802:Drivers/STM32F4xx_HAL_Driver/Inc/stm32f4xx_ll_bus.h **** __STATIC_INLINE void LL_AHB2_GRP1_EnableClock(uint32_t Periphs)
 803:Drivers/STM32F4xx_HAL_Driver/Inc/stm32f4xx_ll_bus.h **** {
 804:Drivers/STM32F4xx_HAL_Driver/Inc/stm32f4xx_ll_bus.h ****   __IO uint32_t tmpreg;
 805:Drivers/STM32F4xx_HAL_Driver/Inc/stm32f4xx_ll_bus.h ****   SET_BIT(RCC->AHB2ENR, Periphs);
 806:Drivers/STM32F4xx_HAL_Driver/Inc/stm32f4xx_ll_bus.h ****   /* Delay after an RCC peripheral clock enabling */
 807:Drivers/STM32F4xx_HAL_Driver/Inc/stm32f4xx_ll_bus.h ****   tmpreg = READ_BIT(RCC->AHB2ENR, Periphs);
 808:Drivers/STM32F4xx_HAL_Driver/Inc/stm32f4xx_ll_bus.h ****   (void)tmpreg;
 809:Drivers/STM32F4xx_HAL_Driver/Inc/stm32f4xx_ll_bus.h **** }
 810:Drivers/STM32F4xx_HAL_Driver/Inc/stm32f4xx_ll_bus.h **** 
 811:Drivers/STM32F4xx_HAL_Driver/Inc/stm32f4xx_ll_bus.h **** /**
 812:Drivers/STM32F4xx_HAL_Driver/Inc/stm32f4xx_ll_bus.h ****   * @brief  Check if AHB2 peripheral clock is enabled or not
 813:Drivers/STM32F4xx_HAL_Driver/Inc/stm32f4xx_ll_bus.h ****   * @rmtoll AHB2ENR      DCMIEN       LL_AHB2_GRP1_IsEnabledClock\n
 814:Drivers/STM32F4xx_HAL_Driver/Inc/stm32f4xx_ll_bus.h ****   *         AHB2ENR      CRYPEN       LL_AHB2_GRP1_IsEnabledClock\n
 815:Drivers/STM32F4xx_HAL_Driver/Inc/stm32f4xx_ll_bus.h ****   *         AHB2ENR      AESEN        LL_AHB2_GRP1_IsEnabledClock\n
 816:Drivers/STM32F4xx_HAL_Driver/Inc/stm32f4xx_ll_bus.h ****   *         AHB2ENR      HASHEN       LL_AHB2_GRP1_IsEnabledClock\n
 817:Drivers/STM32F4xx_HAL_Driver/Inc/stm32f4xx_ll_bus.h ****   *         AHB2ENR      RNGEN        LL_AHB2_GRP1_IsEnabledClock\n
 818:Drivers/STM32F4xx_HAL_Driver/Inc/stm32f4xx_ll_bus.h ****   *         AHB2ENR      OTGFSEN      LL_AHB2_GRP1_IsEnabledClock
 819:Drivers/STM32F4xx_HAL_Driver/Inc/stm32f4xx_ll_bus.h ****   * @param  Periphs This parameter can be a combination of the following values:
 820:Drivers/STM32F4xx_HAL_Driver/Inc/stm32f4xx_ll_bus.h ****   *         @arg @ref LL_AHB2_GRP1_PERIPH_DCMI (*)
 821:Drivers/STM32F4xx_HAL_Driver/Inc/stm32f4xx_ll_bus.h ****   *         @arg @ref LL_AHB2_GRP1_PERIPH_CRYP (*)
 822:Drivers/STM32F4xx_HAL_Driver/Inc/stm32f4xx_ll_bus.h ****   *         @arg @ref LL_AHB2_GRP1_PERIPH_AES  (*)
 823:Drivers/STM32F4xx_HAL_Driver/Inc/stm32f4xx_ll_bus.h ****   *         @arg @ref LL_AHB2_GRP1_PERIPH_HASH (*)
 824:Drivers/STM32F4xx_HAL_Driver/Inc/stm32f4xx_ll_bus.h ****   *         @arg @ref LL_AHB2_GRP1_PERIPH_RNG (*)
 825:Drivers/STM32F4xx_HAL_Driver/Inc/stm32f4xx_ll_bus.h ****   *         @arg @ref LL_AHB2_GRP1_PERIPH_OTGFS (*)
 826:Drivers/STM32F4xx_HAL_Driver/Inc/stm32f4xx_ll_bus.h ****   *
 827:Drivers/STM32F4xx_HAL_Driver/Inc/stm32f4xx_ll_bus.h ****   *         (*) value not defined in all devices.
 828:Drivers/STM32F4xx_HAL_Driver/Inc/stm32f4xx_ll_bus.h ****   * @retval State of Periphs (1 or 0).
 829:Drivers/STM32F4xx_HAL_Driver/Inc/stm32f4xx_ll_bus.h ****   */
 830:Drivers/STM32F4xx_HAL_Driver/Inc/stm32f4xx_ll_bus.h **** __STATIC_INLINE uint32_t LL_AHB2_GRP1_IsEnabledClock(uint32_t Periphs)
 831:Drivers/STM32F4xx_HAL_Driver/Inc/stm32f4xx_ll_bus.h **** {
 832:Drivers/STM32F4xx_HAL_Driver/Inc/stm32f4xx_ll_bus.h ****   return (READ_BIT(RCC->AHB2ENR, Periphs) == Periphs);
ARM GAS  C:\Users\chris\AppData\Local\Temp\ccHvCGBe.s 			page 37


 833:Drivers/STM32F4xx_HAL_Driver/Inc/stm32f4xx_ll_bus.h **** }
 834:Drivers/STM32F4xx_HAL_Driver/Inc/stm32f4xx_ll_bus.h **** 
 835:Drivers/STM32F4xx_HAL_Driver/Inc/stm32f4xx_ll_bus.h **** /**
 836:Drivers/STM32F4xx_HAL_Driver/Inc/stm32f4xx_ll_bus.h ****   * @brief  Disable AHB2 peripherals clock.
 837:Drivers/STM32F4xx_HAL_Driver/Inc/stm32f4xx_ll_bus.h ****   * @rmtoll AHB2ENR      DCMIEN       LL_AHB2_GRP1_DisableClock\n
 838:Drivers/STM32F4xx_HAL_Driver/Inc/stm32f4xx_ll_bus.h ****   *         AHB2ENR      CRYPEN       LL_AHB2_GRP1_DisableClock\n
 839:Drivers/STM32F4xx_HAL_Driver/Inc/stm32f4xx_ll_bus.h ****   *         AHB2ENR      AESEN        LL_AHB2_GRP1_DisableClock\n
 840:Drivers/STM32F4xx_HAL_Driver/Inc/stm32f4xx_ll_bus.h ****   *         AHB2ENR      HASHEN       LL_AHB2_GRP1_DisableClock\n
 841:Drivers/STM32F4xx_HAL_Driver/Inc/stm32f4xx_ll_bus.h ****   *         AHB2ENR      RNGEN        LL_AHB2_GRP1_DisableClock\n
 842:Drivers/STM32F4xx_HAL_Driver/Inc/stm32f4xx_ll_bus.h ****   *         AHB2ENR      OTGFSEN      LL_AHB2_GRP1_DisableClock
 843:Drivers/STM32F4xx_HAL_Driver/Inc/stm32f4xx_ll_bus.h ****   * @param  Periphs This parameter can be a combination of the following values:
 844:Drivers/STM32F4xx_HAL_Driver/Inc/stm32f4xx_ll_bus.h ****   *         @arg @ref LL_AHB2_GRP1_PERIPH_DCMI (*)
 845:Drivers/STM32F4xx_HAL_Driver/Inc/stm32f4xx_ll_bus.h ****   *         @arg @ref LL_AHB2_GRP1_PERIPH_CRYP (*)
 846:Drivers/STM32F4xx_HAL_Driver/Inc/stm32f4xx_ll_bus.h ****   *         @arg @ref LL_AHB2_GRP1_PERIPH_AES  (*)
 847:Drivers/STM32F4xx_HAL_Driver/Inc/stm32f4xx_ll_bus.h ****   *         @arg @ref LL_AHB2_GRP1_PERIPH_HASH (*)
 848:Drivers/STM32F4xx_HAL_Driver/Inc/stm32f4xx_ll_bus.h ****   *         @arg @ref LL_AHB2_GRP1_PERIPH_RNG (*)
 849:Drivers/STM32F4xx_HAL_Driver/Inc/stm32f4xx_ll_bus.h ****   *         @arg @ref LL_AHB2_GRP1_PERIPH_OTGFS (*)
 850:Drivers/STM32F4xx_HAL_Driver/Inc/stm32f4xx_ll_bus.h ****   *
 851:Drivers/STM32F4xx_HAL_Driver/Inc/stm32f4xx_ll_bus.h ****   *         (*) value not defined in all devices.
 852:Drivers/STM32F4xx_HAL_Driver/Inc/stm32f4xx_ll_bus.h ****   * @retval None
 853:Drivers/STM32F4xx_HAL_Driver/Inc/stm32f4xx_ll_bus.h ****   */
 854:Drivers/STM32F4xx_HAL_Driver/Inc/stm32f4xx_ll_bus.h **** __STATIC_INLINE void LL_AHB2_GRP1_DisableClock(uint32_t Periphs)
 855:Drivers/STM32F4xx_HAL_Driver/Inc/stm32f4xx_ll_bus.h **** {
 856:Drivers/STM32F4xx_HAL_Driver/Inc/stm32f4xx_ll_bus.h ****   CLEAR_BIT(RCC->AHB2ENR, Periphs);
 857:Drivers/STM32F4xx_HAL_Driver/Inc/stm32f4xx_ll_bus.h **** }
 858:Drivers/STM32F4xx_HAL_Driver/Inc/stm32f4xx_ll_bus.h **** 
 859:Drivers/STM32F4xx_HAL_Driver/Inc/stm32f4xx_ll_bus.h **** /**
 860:Drivers/STM32F4xx_HAL_Driver/Inc/stm32f4xx_ll_bus.h ****   * @brief  Force AHB2 peripherals reset.
 861:Drivers/STM32F4xx_HAL_Driver/Inc/stm32f4xx_ll_bus.h ****   * @rmtoll AHB2RSTR     DCMIRST      LL_AHB2_GRP1_ForceReset\n
 862:Drivers/STM32F4xx_HAL_Driver/Inc/stm32f4xx_ll_bus.h ****   *         AHB2RSTR     CRYPRST      LL_AHB2_GRP1_ForceReset\n
 863:Drivers/STM32F4xx_HAL_Driver/Inc/stm32f4xx_ll_bus.h ****   *         AHB2RSTR     AESRST       LL_AHB2_GRP1_ForceReset\n
 864:Drivers/STM32F4xx_HAL_Driver/Inc/stm32f4xx_ll_bus.h ****   *         AHB2RSTR     HASHRST      LL_AHB2_GRP1_ForceReset\n
 865:Drivers/STM32F4xx_HAL_Driver/Inc/stm32f4xx_ll_bus.h ****   *         AHB2RSTR     RNGRST       LL_AHB2_GRP1_ForceReset\n
 866:Drivers/STM32F4xx_HAL_Driver/Inc/stm32f4xx_ll_bus.h ****   *         AHB2RSTR     OTGFSRST     LL_AHB2_GRP1_ForceReset
 867:Drivers/STM32F4xx_HAL_Driver/Inc/stm32f4xx_ll_bus.h ****   * @param  Periphs This parameter can be a combination of the following values:
 868:Drivers/STM32F4xx_HAL_Driver/Inc/stm32f4xx_ll_bus.h ****   *         @arg @ref LL_AHB2_GRP1_PERIPH_ALL
 869:Drivers/STM32F4xx_HAL_Driver/Inc/stm32f4xx_ll_bus.h ****   *         @arg @ref LL_AHB2_GRP1_PERIPH_DCMI (*)
 870:Drivers/STM32F4xx_HAL_Driver/Inc/stm32f4xx_ll_bus.h ****   *         @arg @ref LL_AHB2_GRP1_PERIPH_CRYP (*)
 871:Drivers/STM32F4xx_HAL_Driver/Inc/stm32f4xx_ll_bus.h ****   *         @arg @ref LL_AHB2_GRP1_PERIPH_AES  (*)
 872:Drivers/STM32F4xx_HAL_Driver/Inc/stm32f4xx_ll_bus.h ****   *         @arg @ref LL_AHB2_GRP1_PERIPH_HASH (*)
 873:Drivers/STM32F4xx_HAL_Driver/Inc/stm32f4xx_ll_bus.h ****   *         @arg @ref LL_AHB2_GRP1_PERIPH_RNG (*)
 874:Drivers/STM32F4xx_HAL_Driver/Inc/stm32f4xx_ll_bus.h ****   *         @arg @ref LL_AHB2_GRP1_PERIPH_OTGFS (*)
 875:Drivers/STM32F4xx_HAL_Driver/Inc/stm32f4xx_ll_bus.h ****   *
 876:Drivers/STM32F4xx_HAL_Driver/Inc/stm32f4xx_ll_bus.h ****   *         (*) value not defined in all devices.
 877:Drivers/STM32F4xx_HAL_Driver/Inc/stm32f4xx_ll_bus.h ****   * @retval None
 878:Drivers/STM32F4xx_HAL_Driver/Inc/stm32f4xx_ll_bus.h ****   */
 879:Drivers/STM32F4xx_HAL_Driver/Inc/stm32f4xx_ll_bus.h **** __STATIC_INLINE void LL_AHB2_GRP1_ForceReset(uint32_t Periphs)
 880:Drivers/STM32F4xx_HAL_Driver/Inc/stm32f4xx_ll_bus.h **** {
 881:Drivers/STM32F4xx_HAL_Driver/Inc/stm32f4xx_ll_bus.h ****   SET_BIT(RCC->AHB2RSTR, Periphs);
 882:Drivers/STM32F4xx_HAL_Driver/Inc/stm32f4xx_ll_bus.h **** }
 883:Drivers/STM32F4xx_HAL_Driver/Inc/stm32f4xx_ll_bus.h **** 
 884:Drivers/STM32F4xx_HAL_Driver/Inc/stm32f4xx_ll_bus.h **** /**
 885:Drivers/STM32F4xx_HAL_Driver/Inc/stm32f4xx_ll_bus.h ****   * @brief  Release AHB2 peripherals reset.
 886:Drivers/STM32F4xx_HAL_Driver/Inc/stm32f4xx_ll_bus.h ****   * @rmtoll AHB2RSTR     DCMIRST      LL_AHB2_GRP1_ReleaseReset\n
 887:Drivers/STM32F4xx_HAL_Driver/Inc/stm32f4xx_ll_bus.h ****   *         AHB2RSTR     CRYPRST      LL_AHB2_GRP1_ReleaseReset\n
 888:Drivers/STM32F4xx_HAL_Driver/Inc/stm32f4xx_ll_bus.h ****   *         AHB2RSTR     AESRST       LL_AHB2_GRP1_ReleaseReset\n
 889:Drivers/STM32F4xx_HAL_Driver/Inc/stm32f4xx_ll_bus.h ****   *         AHB2RSTR     HASHRST      LL_AHB2_GRP1_ReleaseReset\n
ARM GAS  C:\Users\chris\AppData\Local\Temp\ccHvCGBe.s 			page 38


 890:Drivers/STM32F4xx_HAL_Driver/Inc/stm32f4xx_ll_bus.h ****   *         AHB2RSTR     RNGRST       LL_AHB2_GRP1_ReleaseReset\n
 891:Drivers/STM32F4xx_HAL_Driver/Inc/stm32f4xx_ll_bus.h ****   *         AHB2RSTR     OTGFSRST     LL_AHB2_GRP1_ReleaseReset
 892:Drivers/STM32F4xx_HAL_Driver/Inc/stm32f4xx_ll_bus.h ****   * @param  Periphs This parameter can be a combination of the following values:
 893:Drivers/STM32F4xx_HAL_Driver/Inc/stm32f4xx_ll_bus.h ****   *         @arg @ref LL_AHB2_GRP1_PERIPH_ALL
 894:Drivers/STM32F4xx_HAL_Driver/Inc/stm32f4xx_ll_bus.h ****   *         @arg @ref LL_AHB2_GRP1_PERIPH_DCMI (*)
 895:Drivers/STM32F4xx_HAL_Driver/Inc/stm32f4xx_ll_bus.h ****   *         @arg @ref LL_AHB2_GRP1_PERIPH_CRYP (*)
 896:Drivers/STM32F4xx_HAL_Driver/Inc/stm32f4xx_ll_bus.h ****   *         @arg @ref LL_AHB2_GRP1_PERIPH_AES  (*)
 897:Drivers/STM32F4xx_HAL_Driver/Inc/stm32f4xx_ll_bus.h ****   *         @arg @ref LL_AHB2_GRP1_PERIPH_HASH (*)
 898:Drivers/STM32F4xx_HAL_Driver/Inc/stm32f4xx_ll_bus.h ****   *         @arg @ref LL_AHB2_GRP1_PERIPH_RNG (*)
 899:Drivers/STM32F4xx_HAL_Driver/Inc/stm32f4xx_ll_bus.h ****   *         @arg @ref LL_AHB2_GRP1_PERIPH_OTGFS (*)
 900:Drivers/STM32F4xx_HAL_Driver/Inc/stm32f4xx_ll_bus.h ****   *
 901:Drivers/STM32F4xx_HAL_Driver/Inc/stm32f4xx_ll_bus.h ****   *         (*) value not defined in all devices.
 902:Drivers/STM32F4xx_HAL_Driver/Inc/stm32f4xx_ll_bus.h ****   * @retval None
 903:Drivers/STM32F4xx_HAL_Driver/Inc/stm32f4xx_ll_bus.h ****   */
 904:Drivers/STM32F4xx_HAL_Driver/Inc/stm32f4xx_ll_bus.h **** __STATIC_INLINE void LL_AHB2_GRP1_ReleaseReset(uint32_t Periphs)
 905:Drivers/STM32F4xx_HAL_Driver/Inc/stm32f4xx_ll_bus.h **** {
 906:Drivers/STM32F4xx_HAL_Driver/Inc/stm32f4xx_ll_bus.h ****   CLEAR_BIT(RCC->AHB2RSTR, Periphs);
 907:Drivers/STM32F4xx_HAL_Driver/Inc/stm32f4xx_ll_bus.h **** }
 908:Drivers/STM32F4xx_HAL_Driver/Inc/stm32f4xx_ll_bus.h **** 
 909:Drivers/STM32F4xx_HAL_Driver/Inc/stm32f4xx_ll_bus.h **** /**
 910:Drivers/STM32F4xx_HAL_Driver/Inc/stm32f4xx_ll_bus.h ****   * @brief  Enable AHB2 peripheral clocks in low-power mode
 911:Drivers/STM32F4xx_HAL_Driver/Inc/stm32f4xx_ll_bus.h ****   * @rmtoll AHB2LPENR    DCMILPEN     LL_AHB2_GRP1_EnableClockLowPower\n
 912:Drivers/STM32F4xx_HAL_Driver/Inc/stm32f4xx_ll_bus.h ****   *         AHB2LPENR    CRYPLPEN     LL_AHB2_GRP1_EnableClockLowPower\n
 913:Drivers/STM32F4xx_HAL_Driver/Inc/stm32f4xx_ll_bus.h ****   *         AHB2LPENR    AESLPEN      LL_AHB2_GRP1_EnableClockLowPower\n
 914:Drivers/STM32F4xx_HAL_Driver/Inc/stm32f4xx_ll_bus.h ****   *         AHB2LPENR    HASHLPEN     LL_AHB2_GRP1_EnableClockLowPower\n
 915:Drivers/STM32F4xx_HAL_Driver/Inc/stm32f4xx_ll_bus.h ****   *         AHB2LPENR    RNGLPEN      LL_AHB2_GRP1_EnableClockLowPower\n
 916:Drivers/STM32F4xx_HAL_Driver/Inc/stm32f4xx_ll_bus.h ****   *         AHB2LPENR    OTGFSLPEN    LL_AHB2_GRP1_EnableClockLowPower
 917:Drivers/STM32F4xx_HAL_Driver/Inc/stm32f4xx_ll_bus.h ****   * @param  Periphs This parameter can be a combination of the following values:
 918:Drivers/STM32F4xx_HAL_Driver/Inc/stm32f4xx_ll_bus.h ****   *         @arg @ref LL_AHB2_GRP1_PERIPH_DCMI (*)
 919:Drivers/STM32F4xx_HAL_Driver/Inc/stm32f4xx_ll_bus.h ****   *         @arg @ref LL_AHB2_GRP1_PERIPH_CRYP (*)
 920:Drivers/STM32F4xx_HAL_Driver/Inc/stm32f4xx_ll_bus.h ****   *         @arg @ref LL_AHB2_GRP1_PERIPH_AES  (*)
 921:Drivers/STM32F4xx_HAL_Driver/Inc/stm32f4xx_ll_bus.h ****   *         @arg @ref LL_AHB2_GRP1_PERIPH_HASH (*)
 922:Drivers/STM32F4xx_HAL_Driver/Inc/stm32f4xx_ll_bus.h ****   *         @arg @ref LL_AHB2_GRP1_PERIPH_RNG (*)
 923:Drivers/STM32F4xx_HAL_Driver/Inc/stm32f4xx_ll_bus.h ****   *         @arg @ref LL_AHB2_GRP1_PERIPH_OTGFS (*)
 924:Drivers/STM32F4xx_HAL_Driver/Inc/stm32f4xx_ll_bus.h ****   *
 925:Drivers/STM32F4xx_HAL_Driver/Inc/stm32f4xx_ll_bus.h ****   *         (*) value not defined in all devices.
 926:Drivers/STM32F4xx_HAL_Driver/Inc/stm32f4xx_ll_bus.h ****   * @retval None
 927:Drivers/STM32F4xx_HAL_Driver/Inc/stm32f4xx_ll_bus.h ****   */
 928:Drivers/STM32F4xx_HAL_Driver/Inc/stm32f4xx_ll_bus.h **** __STATIC_INLINE void LL_AHB2_GRP1_EnableClockLowPower(uint32_t Periphs)
 929:Drivers/STM32F4xx_HAL_Driver/Inc/stm32f4xx_ll_bus.h **** {
 930:Drivers/STM32F4xx_HAL_Driver/Inc/stm32f4xx_ll_bus.h ****   __IO uint32_t tmpreg;
 931:Drivers/STM32F4xx_HAL_Driver/Inc/stm32f4xx_ll_bus.h ****   SET_BIT(RCC->AHB2LPENR, Periphs);
 932:Drivers/STM32F4xx_HAL_Driver/Inc/stm32f4xx_ll_bus.h ****   /* Delay after an RCC peripheral clock enabling */
 933:Drivers/STM32F4xx_HAL_Driver/Inc/stm32f4xx_ll_bus.h ****   tmpreg = READ_BIT(RCC->AHB2LPENR, Periphs);
 934:Drivers/STM32F4xx_HAL_Driver/Inc/stm32f4xx_ll_bus.h ****   (void)tmpreg;
 935:Drivers/STM32F4xx_HAL_Driver/Inc/stm32f4xx_ll_bus.h **** }
 936:Drivers/STM32F4xx_HAL_Driver/Inc/stm32f4xx_ll_bus.h **** 
 937:Drivers/STM32F4xx_HAL_Driver/Inc/stm32f4xx_ll_bus.h **** /**
 938:Drivers/STM32F4xx_HAL_Driver/Inc/stm32f4xx_ll_bus.h ****   * @brief  Disable AHB2 peripheral clocks in low-power mode
 939:Drivers/STM32F4xx_HAL_Driver/Inc/stm32f4xx_ll_bus.h ****   * @rmtoll AHB2LPENR    DCMILPEN     LL_AHB2_GRP1_DisableClockLowPower\n
 940:Drivers/STM32F4xx_HAL_Driver/Inc/stm32f4xx_ll_bus.h ****   *         AHB2LPENR    CRYPLPEN     LL_AHB2_GRP1_DisableClockLowPower\n
 941:Drivers/STM32F4xx_HAL_Driver/Inc/stm32f4xx_ll_bus.h ****   *         AHB2LPENR    AESLPEN      LL_AHB2_GRP1_DisableClockLowPower\n
 942:Drivers/STM32F4xx_HAL_Driver/Inc/stm32f4xx_ll_bus.h ****   *         AHB2LPENR    HASHLPEN     LL_AHB2_GRP1_DisableClockLowPower\n
 943:Drivers/STM32F4xx_HAL_Driver/Inc/stm32f4xx_ll_bus.h ****   *         AHB2LPENR    RNGLPEN      LL_AHB2_GRP1_DisableClockLowPower\n
 944:Drivers/STM32F4xx_HAL_Driver/Inc/stm32f4xx_ll_bus.h ****   *         AHB2LPENR    OTGFSLPEN    LL_AHB2_GRP1_DisableClockLowPower
 945:Drivers/STM32F4xx_HAL_Driver/Inc/stm32f4xx_ll_bus.h ****   * @param  Periphs This parameter can be a combination of the following values:
 946:Drivers/STM32F4xx_HAL_Driver/Inc/stm32f4xx_ll_bus.h ****   *         @arg @ref LL_AHB2_GRP1_PERIPH_DCMI (*)
ARM GAS  C:\Users\chris\AppData\Local\Temp\ccHvCGBe.s 			page 39


 947:Drivers/STM32F4xx_HAL_Driver/Inc/stm32f4xx_ll_bus.h ****   *         @arg @ref LL_AHB2_GRP1_PERIPH_CRYP (*)
 948:Drivers/STM32F4xx_HAL_Driver/Inc/stm32f4xx_ll_bus.h ****   *         @arg @ref LL_AHB2_GRP1_PERIPH_AES  (*)
 949:Drivers/STM32F4xx_HAL_Driver/Inc/stm32f4xx_ll_bus.h ****   *         @arg @ref LL_AHB2_GRP1_PERIPH_HASH (*)
 950:Drivers/STM32F4xx_HAL_Driver/Inc/stm32f4xx_ll_bus.h ****   *         @arg @ref LL_AHB2_GRP1_PERIPH_RNG (*)
 951:Drivers/STM32F4xx_HAL_Driver/Inc/stm32f4xx_ll_bus.h ****   *         @arg @ref LL_AHB2_GRP1_PERIPH_OTGFS (*)
 952:Drivers/STM32F4xx_HAL_Driver/Inc/stm32f4xx_ll_bus.h ****   *
 953:Drivers/STM32F4xx_HAL_Driver/Inc/stm32f4xx_ll_bus.h ****   *         (*) value not defined in all devices.
 954:Drivers/STM32F4xx_HAL_Driver/Inc/stm32f4xx_ll_bus.h ****   * @retval None
 955:Drivers/STM32F4xx_HAL_Driver/Inc/stm32f4xx_ll_bus.h ****   */
 956:Drivers/STM32F4xx_HAL_Driver/Inc/stm32f4xx_ll_bus.h **** __STATIC_INLINE void LL_AHB2_GRP1_DisableClockLowPower(uint32_t Periphs)
 957:Drivers/STM32F4xx_HAL_Driver/Inc/stm32f4xx_ll_bus.h **** {
 958:Drivers/STM32F4xx_HAL_Driver/Inc/stm32f4xx_ll_bus.h ****   CLEAR_BIT(RCC->AHB2LPENR, Periphs);
 959:Drivers/STM32F4xx_HAL_Driver/Inc/stm32f4xx_ll_bus.h **** }
 960:Drivers/STM32F4xx_HAL_Driver/Inc/stm32f4xx_ll_bus.h **** 
 961:Drivers/STM32F4xx_HAL_Driver/Inc/stm32f4xx_ll_bus.h **** /**
 962:Drivers/STM32F4xx_HAL_Driver/Inc/stm32f4xx_ll_bus.h ****   * @}
 963:Drivers/STM32F4xx_HAL_Driver/Inc/stm32f4xx_ll_bus.h ****   */
 964:Drivers/STM32F4xx_HAL_Driver/Inc/stm32f4xx_ll_bus.h **** #endif /* RCC_AHB2_SUPPORT */
 965:Drivers/STM32F4xx_HAL_Driver/Inc/stm32f4xx_ll_bus.h **** 
 966:Drivers/STM32F4xx_HAL_Driver/Inc/stm32f4xx_ll_bus.h **** #if defined(RCC_AHB3_SUPPORT)
 967:Drivers/STM32F4xx_HAL_Driver/Inc/stm32f4xx_ll_bus.h **** /** @defgroup BUS_LL_EF_AHB3 AHB3
 968:Drivers/STM32F4xx_HAL_Driver/Inc/stm32f4xx_ll_bus.h ****   * @{
 969:Drivers/STM32F4xx_HAL_Driver/Inc/stm32f4xx_ll_bus.h ****   */
 970:Drivers/STM32F4xx_HAL_Driver/Inc/stm32f4xx_ll_bus.h **** 
 971:Drivers/STM32F4xx_HAL_Driver/Inc/stm32f4xx_ll_bus.h **** /**
 972:Drivers/STM32F4xx_HAL_Driver/Inc/stm32f4xx_ll_bus.h ****   * @brief  Enable AHB3 peripherals clock.
 973:Drivers/STM32F4xx_HAL_Driver/Inc/stm32f4xx_ll_bus.h ****   * @rmtoll AHB3ENR      FMCEN         LL_AHB3_GRP1_EnableClock\n
 974:Drivers/STM32F4xx_HAL_Driver/Inc/stm32f4xx_ll_bus.h ****   *         AHB3ENR      FSMCEN        LL_AHB3_GRP1_EnableClock\n
 975:Drivers/STM32F4xx_HAL_Driver/Inc/stm32f4xx_ll_bus.h ****   *         AHB3ENR      QSPIEN        LL_AHB3_GRP1_EnableClock
 976:Drivers/STM32F4xx_HAL_Driver/Inc/stm32f4xx_ll_bus.h ****   * @param  Periphs This parameter can be a combination of the following values:
 977:Drivers/STM32F4xx_HAL_Driver/Inc/stm32f4xx_ll_bus.h ****   *         @arg @ref LL_AHB3_GRP1_PERIPH_FMC (*)
 978:Drivers/STM32F4xx_HAL_Driver/Inc/stm32f4xx_ll_bus.h ****   *         @arg @ref LL_AHB3_GRP1_PERIPH_FSMC (*)
 979:Drivers/STM32F4xx_HAL_Driver/Inc/stm32f4xx_ll_bus.h ****   *         @arg @ref LL_AHB3_GRP1_PERIPH_QSPI (*)
 980:Drivers/STM32F4xx_HAL_Driver/Inc/stm32f4xx_ll_bus.h ****   *
 981:Drivers/STM32F4xx_HAL_Driver/Inc/stm32f4xx_ll_bus.h ****   *         (*) value not defined in all devices.
 982:Drivers/STM32F4xx_HAL_Driver/Inc/stm32f4xx_ll_bus.h ****   * @retval None
 983:Drivers/STM32F4xx_HAL_Driver/Inc/stm32f4xx_ll_bus.h ****   */
 984:Drivers/STM32F4xx_HAL_Driver/Inc/stm32f4xx_ll_bus.h **** __STATIC_INLINE void LL_AHB3_GRP1_EnableClock(uint32_t Periphs)
 985:Drivers/STM32F4xx_HAL_Driver/Inc/stm32f4xx_ll_bus.h **** {
 986:Drivers/STM32F4xx_HAL_Driver/Inc/stm32f4xx_ll_bus.h ****   __IO uint32_t tmpreg;
 987:Drivers/STM32F4xx_HAL_Driver/Inc/stm32f4xx_ll_bus.h ****   SET_BIT(RCC->AHB3ENR, Periphs);
 988:Drivers/STM32F4xx_HAL_Driver/Inc/stm32f4xx_ll_bus.h ****   /* Delay after an RCC peripheral clock enabling */
 989:Drivers/STM32F4xx_HAL_Driver/Inc/stm32f4xx_ll_bus.h ****   tmpreg = READ_BIT(RCC->AHB3ENR, Periphs);
 990:Drivers/STM32F4xx_HAL_Driver/Inc/stm32f4xx_ll_bus.h ****   (void)tmpreg;
 991:Drivers/STM32F4xx_HAL_Driver/Inc/stm32f4xx_ll_bus.h **** }
 992:Drivers/STM32F4xx_HAL_Driver/Inc/stm32f4xx_ll_bus.h **** 
 993:Drivers/STM32F4xx_HAL_Driver/Inc/stm32f4xx_ll_bus.h **** /**
 994:Drivers/STM32F4xx_HAL_Driver/Inc/stm32f4xx_ll_bus.h ****   * @brief  Check if AHB3 peripheral clock is enabled or not
 995:Drivers/STM32F4xx_HAL_Driver/Inc/stm32f4xx_ll_bus.h ****   * @rmtoll AHB3ENR      FMCEN         LL_AHB3_GRP1_IsEnabledClock\n
 996:Drivers/STM32F4xx_HAL_Driver/Inc/stm32f4xx_ll_bus.h ****   *         AHB3ENR      FSMCEN        LL_AHB3_GRP1_IsEnabledClock\n
 997:Drivers/STM32F4xx_HAL_Driver/Inc/stm32f4xx_ll_bus.h ****   *         AHB3ENR      QSPIEN        LL_AHB3_GRP1_IsEnabledClock
 998:Drivers/STM32F4xx_HAL_Driver/Inc/stm32f4xx_ll_bus.h ****   * @param  Periphs This parameter can be a combination of the following values:
 999:Drivers/STM32F4xx_HAL_Driver/Inc/stm32f4xx_ll_bus.h ****   *         @arg @ref LL_AHB3_GRP1_PERIPH_FMC (*)
1000:Drivers/STM32F4xx_HAL_Driver/Inc/stm32f4xx_ll_bus.h ****   *         @arg @ref LL_AHB3_GRP1_PERIPH_FSMC (*)
1001:Drivers/STM32F4xx_HAL_Driver/Inc/stm32f4xx_ll_bus.h ****   *         @arg @ref LL_AHB3_GRP1_PERIPH_QSPI (*)
1002:Drivers/STM32F4xx_HAL_Driver/Inc/stm32f4xx_ll_bus.h ****   *
1003:Drivers/STM32F4xx_HAL_Driver/Inc/stm32f4xx_ll_bus.h ****   *         (*) value not defined in all devices.
ARM GAS  C:\Users\chris\AppData\Local\Temp\ccHvCGBe.s 			page 40


1004:Drivers/STM32F4xx_HAL_Driver/Inc/stm32f4xx_ll_bus.h ****   * @retval State of Periphs (1 or 0).
1005:Drivers/STM32F4xx_HAL_Driver/Inc/stm32f4xx_ll_bus.h ****   */
1006:Drivers/STM32F4xx_HAL_Driver/Inc/stm32f4xx_ll_bus.h **** __STATIC_INLINE uint32_t LL_AHB3_GRP1_IsEnabledClock(uint32_t Periphs)
1007:Drivers/STM32F4xx_HAL_Driver/Inc/stm32f4xx_ll_bus.h **** {
1008:Drivers/STM32F4xx_HAL_Driver/Inc/stm32f4xx_ll_bus.h ****   return (READ_BIT(RCC->AHB3ENR, Periphs) == Periphs);
1009:Drivers/STM32F4xx_HAL_Driver/Inc/stm32f4xx_ll_bus.h **** }
1010:Drivers/STM32F4xx_HAL_Driver/Inc/stm32f4xx_ll_bus.h **** 
1011:Drivers/STM32F4xx_HAL_Driver/Inc/stm32f4xx_ll_bus.h **** /**
1012:Drivers/STM32F4xx_HAL_Driver/Inc/stm32f4xx_ll_bus.h ****   * @brief  Disable AHB3 peripherals clock.
1013:Drivers/STM32F4xx_HAL_Driver/Inc/stm32f4xx_ll_bus.h ****   * @rmtoll AHB3ENR      FMCEN         LL_AHB3_GRP1_DisableClock\n
1014:Drivers/STM32F4xx_HAL_Driver/Inc/stm32f4xx_ll_bus.h ****   *         AHB3ENR      FSMCEN        LL_AHB3_GRP1_DisableClock\n
1015:Drivers/STM32F4xx_HAL_Driver/Inc/stm32f4xx_ll_bus.h ****   *         AHB3ENR      QSPIEN        LL_AHB3_GRP1_DisableClock
1016:Drivers/STM32F4xx_HAL_Driver/Inc/stm32f4xx_ll_bus.h ****   * @param  Periphs This parameter can be a combination of the following values:
1017:Drivers/STM32F4xx_HAL_Driver/Inc/stm32f4xx_ll_bus.h ****   *         @arg @ref LL_AHB3_GRP1_PERIPH_FMC (*)
1018:Drivers/STM32F4xx_HAL_Driver/Inc/stm32f4xx_ll_bus.h ****   *         @arg @ref LL_AHB3_GRP1_PERIPH_FSMC (*)
1019:Drivers/STM32F4xx_HAL_Driver/Inc/stm32f4xx_ll_bus.h ****   *         @arg @ref LL_AHB3_GRP1_PERIPH_QSPI (*)
1020:Drivers/STM32F4xx_HAL_Driver/Inc/stm32f4xx_ll_bus.h ****   *
1021:Drivers/STM32F4xx_HAL_Driver/Inc/stm32f4xx_ll_bus.h ****   *         (*) value not defined in all devices.
1022:Drivers/STM32F4xx_HAL_Driver/Inc/stm32f4xx_ll_bus.h ****   * @retval None
1023:Drivers/STM32F4xx_HAL_Driver/Inc/stm32f4xx_ll_bus.h ****   */
1024:Drivers/STM32F4xx_HAL_Driver/Inc/stm32f4xx_ll_bus.h **** __STATIC_INLINE void LL_AHB3_GRP1_DisableClock(uint32_t Periphs)
1025:Drivers/STM32F4xx_HAL_Driver/Inc/stm32f4xx_ll_bus.h **** {
1026:Drivers/STM32F4xx_HAL_Driver/Inc/stm32f4xx_ll_bus.h ****   CLEAR_BIT(RCC->AHB3ENR, Periphs);
1027:Drivers/STM32F4xx_HAL_Driver/Inc/stm32f4xx_ll_bus.h **** }
1028:Drivers/STM32F4xx_HAL_Driver/Inc/stm32f4xx_ll_bus.h **** 
1029:Drivers/STM32F4xx_HAL_Driver/Inc/stm32f4xx_ll_bus.h **** /**
1030:Drivers/STM32F4xx_HAL_Driver/Inc/stm32f4xx_ll_bus.h ****   * @brief  Force AHB3 peripherals reset.
1031:Drivers/STM32F4xx_HAL_Driver/Inc/stm32f4xx_ll_bus.h ****   * @rmtoll AHB3RSTR     FMCRST        LL_AHB3_GRP1_ForceReset\n
1032:Drivers/STM32F4xx_HAL_Driver/Inc/stm32f4xx_ll_bus.h ****   *         AHB3RSTR     FSMCRST       LL_AHB3_GRP1_ForceReset\n
1033:Drivers/STM32F4xx_HAL_Driver/Inc/stm32f4xx_ll_bus.h ****   *         AHB3RSTR     QSPIRST       LL_AHB3_GRP1_ForceReset
1034:Drivers/STM32F4xx_HAL_Driver/Inc/stm32f4xx_ll_bus.h ****   * @param  Periphs This parameter can be a combination of the following values:
1035:Drivers/STM32F4xx_HAL_Driver/Inc/stm32f4xx_ll_bus.h ****   *         @arg @ref LL_AHB3_GRP1_PERIPH_ALL
1036:Drivers/STM32F4xx_HAL_Driver/Inc/stm32f4xx_ll_bus.h ****   *         @arg @ref LL_AHB3_GRP1_PERIPH_FMC (*)
1037:Drivers/STM32F4xx_HAL_Driver/Inc/stm32f4xx_ll_bus.h ****   *         @arg @ref LL_AHB3_GRP1_PERIPH_FSMC (*)
1038:Drivers/STM32F4xx_HAL_Driver/Inc/stm32f4xx_ll_bus.h ****   *         @arg @ref LL_AHB3_GRP1_PERIPH_QSPI (*)
1039:Drivers/STM32F4xx_HAL_Driver/Inc/stm32f4xx_ll_bus.h ****   *
1040:Drivers/STM32F4xx_HAL_Driver/Inc/stm32f4xx_ll_bus.h ****   *         (*) value not defined in all devices.
1041:Drivers/STM32F4xx_HAL_Driver/Inc/stm32f4xx_ll_bus.h ****   * @retval None
1042:Drivers/STM32F4xx_HAL_Driver/Inc/stm32f4xx_ll_bus.h ****   */
1043:Drivers/STM32F4xx_HAL_Driver/Inc/stm32f4xx_ll_bus.h **** __STATIC_INLINE void LL_AHB3_GRP1_ForceReset(uint32_t Periphs)
1044:Drivers/STM32F4xx_HAL_Driver/Inc/stm32f4xx_ll_bus.h **** {
1045:Drivers/STM32F4xx_HAL_Driver/Inc/stm32f4xx_ll_bus.h ****   SET_BIT(RCC->AHB3RSTR, Periphs);
1046:Drivers/STM32F4xx_HAL_Driver/Inc/stm32f4xx_ll_bus.h **** }
1047:Drivers/STM32F4xx_HAL_Driver/Inc/stm32f4xx_ll_bus.h **** 
1048:Drivers/STM32F4xx_HAL_Driver/Inc/stm32f4xx_ll_bus.h **** /**
1049:Drivers/STM32F4xx_HAL_Driver/Inc/stm32f4xx_ll_bus.h ****   * @brief  Release AHB3 peripherals reset.
1050:Drivers/STM32F4xx_HAL_Driver/Inc/stm32f4xx_ll_bus.h ****   * @rmtoll AHB3RSTR     FMCRST        LL_AHB3_GRP1_ReleaseReset\n
1051:Drivers/STM32F4xx_HAL_Driver/Inc/stm32f4xx_ll_bus.h ****   *         AHB3RSTR     FSMCRST       LL_AHB3_GRP1_ReleaseReset\n
1052:Drivers/STM32F4xx_HAL_Driver/Inc/stm32f4xx_ll_bus.h ****   *         AHB3RSTR     QSPIRST       LL_AHB3_GRP1_ReleaseReset
1053:Drivers/STM32F4xx_HAL_Driver/Inc/stm32f4xx_ll_bus.h ****   * @param  Periphs This parameter can be a combination of the following values:
1054:Drivers/STM32F4xx_HAL_Driver/Inc/stm32f4xx_ll_bus.h ****   *         @arg @ref LL_AHB2_GRP1_PERIPH_ALL
1055:Drivers/STM32F4xx_HAL_Driver/Inc/stm32f4xx_ll_bus.h ****   *         @arg @ref LL_AHB3_GRP1_PERIPH_FMC (*)
1056:Drivers/STM32F4xx_HAL_Driver/Inc/stm32f4xx_ll_bus.h ****   *         @arg @ref LL_AHB3_GRP1_PERIPH_FSMC (*)
1057:Drivers/STM32F4xx_HAL_Driver/Inc/stm32f4xx_ll_bus.h ****   *         @arg @ref LL_AHB3_GRP1_PERIPH_QSPI (*)
1058:Drivers/STM32F4xx_HAL_Driver/Inc/stm32f4xx_ll_bus.h ****   *
1059:Drivers/STM32F4xx_HAL_Driver/Inc/stm32f4xx_ll_bus.h ****   *         (*) value not defined in all devices.
1060:Drivers/STM32F4xx_HAL_Driver/Inc/stm32f4xx_ll_bus.h ****   * @retval None
ARM GAS  C:\Users\chris\AppData\Local\Temp\ccHvCGBe.s 			page 41


1061:Drivers/STM32F4xx_HAL_Driver/Inc/stm32f4xx_ll_bus.h ****   */
1062:Drivers/STM32F4xx_HAL_Driver/Inc/stm32f4xx_ll_bus.h **** __STATIC_INLINE void LL_AHB3_GRP1_ReleaseReset(uint32_t Periphs)
1063:Drivers/STM32F4xx_HAL_Driver/Inc/stm32f4xx_ll_bus.h **** {
1064:Drivers/STM32F4xx_HAL_Driver/Inc/stm32f4xx_ll_bus.h ****   CLEAR_BIT(RCC->AHB3RSTR, Periphs);
1065:Drivers/STM32F4xx_HAL_Driver/Inc/stm32f4xx_ll_bus.h **** }
1066:Drivers/STM32F4xx_HAL_Driver/Inc/stm32f4xx_ll_bus.h **** 
1067:Drivers/STM32F4xx_HAL_Driver/Inc/stm32f4xx_ll_bus.h **** /**
1068:Drivers/STM32F4xx_HAL_Driver/Inc/stm32f4xx_ll_bus.h ****   * @brief  Enable AHB3 peripheral clocks in low-power mode
1069:Drivers/STM32F4xx_HAL_Driver/Inc/stm32f4xx_ll_bus.h ****   * @rmtoll AHB3LPENR    FMCLPEN       LL_AHB3_GRP1_EnableClockLowPower\n
1070:Drivers/STM32F4xx_HAL_Driver/Inc/stm32f4xx_ll_bus.h ****   *         AHB3LPENR    FSMCLPEN      LL_AHB3_GRP1_EnableClockLowPower\n
1071:Drivers/STM32F4xx_HAL_Driver/Inc/stm32f4xx_ll_bus.h ****   *         AHB3LPENR    QSPILPEN      LL_AHB3_GRP1_EnableClockLowPower
1072:Drivers/STM32F4xx_HAL_Driver/Inc/stm32f4xx_ll_bus.h ****   * @param  Periphs This parameter can be a combination of the following values:
1073:Drivers/STM32F4xx_HAL_Driver/Inc/stm32f4xx_ll_bus.h ****   *         @arg @ref LL_AHB3_GRP1_PERIPH_FMC (*)
1074:Drivers/STM32F4xx_HAL_Driver/Inc/stm32f4xx_ll_bus.h ****   *         @arg @ref LL_AHB3_GRP1_PERIPH_FSMC (*)
1075:Drivers/STM32F4xx_HAL_Driver/Inc/stm32f4xx_ll_bus.h ****   *         @arg @ref LL_AHB3_GRP1_PERIPH_QSPI (*)
1076:Drivers/STM32F4xx_HAL_Driver/Inc/stm32f4xx_ll_bus.h ****   *
1077:Drivers/STM32F4xx_HAL_Driver/Inc/stm32f4xx_ll_bus.h ****   *         (*) value not defined in all devices.
1078:Drivers/STM32F4xx_HAL_Driver/Inc/stm32f4xx_ll_bus.h ****   * @retval None
1079:Drivers/STM32F4xx_HAL_Driver/Inc/stm32f4xx_ll_bus.h ****   */
1080:Drivers/STM32F4xx_HAL_Driver/Inc/stm32f4xx_ll_bus.h **** __STATIC_INLINE void LL_AHB3_GRP1_EnableClockLowPower(uint32_t Periphs)
1081:Drivers/STM32F4xx_HAL_Driver/Inc/stm32f4xx_ll_bus.h **** {
1082:Drivers/STM32F4xx_HAL_Driver/Inc/stm32f4xx_ll_bus.h ****   __IO uint32_t tmpreg;
1083:Drivers/STM32F4xx_HAL_Driver/Inc/stm32f4xx_ll_bus.h ****   SET_BIT(RCC->AHB3LPENR, Periphs);
1084:Drivers/STM32F4xx_HAL_Driver/Inc/stm32f4xx_ll_bus.h ****   /* Delay after an RCC peripheral clock enabling */
1085:Drivers/STM32F4xx_HAL_Driver/Inc/stm32f4xx_ll_bus.h ****   tmpreg = READ_BIT(RCC->AHB3LPENR, Periphs);
1086:Drivers/STM32F4xx_HAL_Driver/Inc/stm32f4xx_ll_bus.h ****   (void)tmpreg;
1087:Drivers/STM32F4xx_HAL_Driver/Inc/stm32f4xx_ll_bus.h **** }
1088:Drivers/STM32F4xx_HAL_Driver/Inc/stm32f4xx_ll_bus.h **** 
1089:Drivers/STM32F4xx_HAL_Driver/Inc/stm32f4xx_ll_bus.h **** /**
1090:Drivers/STM32F4xx_HAL_Driver/Inc/stm32f4xx_ll_bus.h ****   * @brief  Disable AHB3 peripheral clocks in low-power mode
1091:Drivers/STM32F4xx_HAL_Driver/Inc/stm32f4xx_ll_bus.h ****   * @rmtoll AHB3LPENR    FMCLPEN       LL_AHB3_GRP1_DisableClockLowPower\n
1092:Drivers/STM32F4xx_HAL_Driver/Inc/stm32f4xx_ll_bus.h ****   *         AHB3LPENR    FSMCLPEN      LL_AHB3_GRP1_DisableClockLowPower\n
1093:Drivers/STM32F4xx_HAL_Driver/Inc/stm32f4xx_ll_bus.h ****   *         AHB3LPENR    QSPILPEN      LL_AHB3_GRP1_DisableClockLowPower
1094:Drivers/STM32F4xx_HAL_Driver/Inc/stm32f4xx_ll_bus.h ****   * @param  Periphs This parameter can be a combination of the following values:
1095:Drivers/STM32F4xx_HAL_Driver/Inc/stm32f4xx_ll_bus.h ****   *         @arg @ref LL_AHB3_GRP1_PERIPH_FMC (*)
1096:Drivers/STM32F4xx_HAL_Driver/Inc/stm32f4xx_ll_bus.h ****   *         @arg @ref LL_AHB3_GRP1_PERIPH_FSMC (*)
1097:Drivers/STM32F4xx_HAL_Driver/Inc/stm32f4xx_ll_bus.h ****   *         @arg @ref LL_AHB3_GRP1_PERIPH_QSPI (*)
1098:Drivers/STM32F4xx_HAL_Driver/Inc/stm32f4xx_ll_bus.h ****   *
1099:Drivers/STM32F4xx_HAL_Driver/Inc/stm32f4xx_ll_bus.h ****   *         (*) value not defined in all devices.
1100:Drivers/STM32F4xx_HAL_Driver/Inc/stm32f4xx_ll_bus.h ****   * @retval None
1101:Drivers/STM32F4xx_HAL_Driver/Inc/stm32f4xx_ll_bus.h ****   */
1102:Drivers/STM32F4xx_HAL_Driver/Inc/stm32f4xx_ll_bus.h **** __STATIC_INLINE void LL_AHB3_GRP1_DisableClockLowPower(uint32_t Periphs)
1103:Drivers/STM32F4xx_HAL_Driver/Inc/stm32f4xx_ll_bus.h **** {
1104:Drivers/STM32F4xx_HAL_Driver/Inc/stm32f4xx_ll_bus.h ****   CLEAR_BIT(RCC->AHB3LPENR, Periphs);
1105:Drivers/STM32F4xx_HAL_Driver/Inc/stm32f4xx_ll_bus.h **** }
1106:Drivers/STM32F4xx_HAL_Driver/Inc/stm32f4xx_ll_bus.h **** 
1107:Drivers/STM32F4xx_HAL_Driver/Inc/stm32f4xx_ll_bus.h **** /**
1108:Drivers/STM32F4xx_HAL_Driver/Inc/stm32f4xx_ll_bus.h ****   * @}
1109:Drivers/STM32F4xx_HAL_Driver/Inc/stm32f4xx_ll_bus.h ****   */
1110:Drivers/STM32F4xx_HAL_Driver/Inc/stm32f4xx_ll_bus.h **** #endif /* RCC_AHB3_SUPPORT */
1111:Drivers/STM32F4xx_HAL_Driver/Inc/stm32f4xx_ll_bus.h **** 
1112:Drivers/STM32F4xx_HAL_Driver/Inc/stm32f4xx_ll_bus.h **** /** @defgroup BUS_LL_EF_APB1 APB1
1113:Drivers/STM32F4xx_HAL_Driver/Inc/stm32f4xx_ll_bus.h ****   * @{
1114:Drivers/STM32F4xx_HAL_Driver/Inc/stm32f4xx_ll_bus.h ****   */
1115:Drivers/STM32F4xx_HAL_Driver/Inc/stm32f4xx_ll_bus.h **** 
1116:Drivers/STM32F4xx_HAL_Driver/Inc/stm32f4xx_ll_bus.h **** /**
1117:Drivers/STM32F4xx_HAL_Driver/Inc/stm32f4xx_ll_bus.h ****   * @brief  Enable APB1 peripherals clock.
ARM GAS  C:\Users\chris\AppData\Local\Temp\ccHvCGBe.s 			page 42


1118:Drivers/STM32F4xx_HAL_Driver/Inc/stm32f4xx_ll_bus.h ****   * @rmtoll APB1ENR     TIM2EN        LL_APB1_GRP1_EnableClock\n
1119:Drivers/STM32F4xx_HAL_Driver/Inc/stm32f4xx_ll_bus.h ****   *         APB1ENR     TIM3EN        LL_APB1_GRP1_EnableClock\n
1120:Drivers/STM32F4xx_HAL_Driver/Inc/stm32f4xx_ll_bus.h ****   *         APB1ENR     TIM4EN        LL_APB1_GRP1_EnableClock\n
1121:Drivers/STM32F4xx_HAL_Driver/Inc/stm32f4xx_ll_bus.h ****   *         APB1ENR     TIM5EN        LL_APB1_GRP1_EnableClock\n
1122:Drivers/STM32F4xx_HAL_Driver/Inc/stm32f4xx_ll_bus.h ****   *         APB1ENR     TIM6EN        LL_APB1_GRP1_EnableClock\n
1123:Drivers/STM32F4xx_HAL_Driver/Inc/stm32f4xx_ll_bus.h ****   *         APB1ENR     TIM7EN        LL_APB1_GRP1_EnableClock\n
1124:Drivers/STM32F4xx_HAL_Driver/Inc/stm32f4xx_ll_bus.h ****   *         APB1ENR     TIM12EN       LL_APB1_GRP1_EnableClock\n
1125:Drivers/STM32F4xx_HAL_Driver/Inc/stm32f4xx_ll_bus.h ****   *         APB1ENR     TIM13EN       LL_APB1_GRP1_EnableClock\n
1126:Drivers/STM32F4xx_HAL_Driver/Inc/stm32f4xx_ll_bus.h ****   *         APB1ENR     TIM14EN       LL_APB1_GRP1_EnableClock\n
1127:Drivers/STM32F4xx_HAL_Driver/Inc/stm32f4xx_ll_bus.h ****   *         APB1ENR     LPTIM1EN      LL_APB1_GRP1_EnableClock\n
1128:Drivers/STM32F4xx_HAL_Driver/Inc/stm32f4xx_ll_bus.h ****   *         APB1ENR     WWDGEN        LL_APB1_GRP1_EnableClock\n
1129:Drivers/STM32F4xx_HAL_Driver/Inc/stm32f4xx_ll_bus.h ****   *         APB1ENR     SPI2EN        LL_APB1_GRP1_EnableClock\n
1130:Drivers/STM32F4xx_HAL_Driver/Inc/stm32f4xx_ll_bus.h ****   *         APB1ENR     SPI3EN        LL_APB1_GRP1_EnableClock\n
1131:Drivers/STM32F4xx_HAL_Driver/Inc/stm32f4xx_ll_bus.h ****   *         APB1ENR     SPDIFRXEN     LL_APB1_GRP1_EnableClock\n
1132:Drivers/STM32F4xx_HAL_Driver/Inc/stm32f4xx_ll_bus.h ****   *         APB1ENR     USART2EN      LL_APB1_GRP1_EnableClock\n
1133:Drivers/STM32F4xx_HAL_Driver/Inc/stm32f4xx_ll_bus.h ****   *         APB1ENR     USART3EN      LL_APB1_GRP1_EnableClock\n
1134:Drivers/STM32F4xx_HAL_Driver/Inc/stm32f4xx_ll_bus.h ****   *         APB1ENR     UART4EN       LL_APB1_GRP1_EnableClock\n
1135:Drivers/STM32F4xx_HAL_Driver/Inc/stm32f4xx_ll_bus.h ****   *         APB1ENR     UART5EN       LL_APB1_GRP1_EnableClock\n
1136:Drivers/STM32F4xx_HAL_Driver/Inc/stm32f4xx_ll_bus.h ****   *         APB1ENR     I2C1EN        LL_APB1_GRP1_EnableClock\n
1137:Drivers/STM32F4xx_HAL_Driver/Inc/stm32f4xx_ll_bus.h ****   *         APB1ENR     I2C2EN        LL_APB1_GRP1_EnableClock\n
1138:Drivers/STM32F4xx_HAL_Driver/Inc/stm32f4xx_ll_bus.h ****   *         APB1ENR     I2C3EN        LL_APB1_GRP1_EnableClock\n
1139:Drivers/STM32F4xx_HAL_Driver/Inc/stm32f4xx_ll_bus.h ****   *         APB1ENR     FMPI2C1EN     LL_APB1_GRP1_EnableClock\n
1140:Drivers/STM32F4xx_HAL_Driver/Inc/stm32f4xx_ll_bus.h ****   *         APB1ENR     CAN1EN        LL_APB1_GRP1_EnableClock\n
1141:Drivers/STM32F4xx_HAL_Driver/Inc/stm32f4xx_ll_bus.h ****   *         APB1ENR     CAN2EN        LL_APB1_GRP1_EnableClock\n
1142:Drivers/STM32F4xx_HAL_Driver/Inc/stm32f4xx_ll_bus.h ****   *         APB1ENR     CAN3EN        LL_APB1_GRP1_EnableClock\n
1143:Drivers/STM32F4xx_HAL_Driver/Inc/stm32f4xx_ll_bus.h ****   *         APB1ENR     CECEN         LL_APB1_GRP1_EnableClock\n
1144:Drivers/STM32F4xx_HAL_Driver/Inc/stm32f4xx_ll_bus.h ****   *         APB1ENR     PWREN         LL_APB1_GRP1_EnableClock\n
1145:Drivers/STM32F4xx_HAL_Driver/Inc/stm32f4xx_ll_bus.h ****   *         APB1ENR     DACEN         LL_APB1_GRP1_EnableClock\n
1146:Drivers/STM32F4xx_HAL_Driver/Inc/stm32f4xx_ll_bus.h ****   *         APB1ENR     UART7EN       LL_APB1_GRP1_EnableClock\n
1147:Drivers/STM32F4xx_HAL_Driver/Inc/stm32f4xx_ll_bus.h ****   *         APB1ENR     UART8EN       LL_APB1_GRP1_EnableClock\n
1148:Drivers/STM32F4xx_HAL_Driver/Inc/stm32f4xx_ll_bus.h ****   *         APB1ENR     RTCAPBEN      LL_APB1_GRP1_EnableClock
1149:Drivers/STM32F4xx_HAL_Driver/Inc/stm32f4xx_ll_bus.h ****   * @param  Periphs This parameter can be a combination of the following values:
1150:Drivers/STM32F4xx_HAL_Driver/Inc/stm32f4xx_ll_bus.h ****   *         @arg @ref LL_APB1_GRP1_PERIPH_TIM2 (*)
1151:Drivers/STM32F4xx_HAL_Driver/Inc/stm32f4xx_ll_bus.h ****   *         @arg @ref LL_APB1_GRP1_PERIPH_TIM3 (*)
1152:Drivers/STM32F4xx_HAL_Driver/Inc/stm32f4xx_ll_bus.h ****   *         @arg @ref LL_APB1_GRP1_PERIPH_TIM4 (*)
1153:Drivers/STM32F4xx_HAL_Driver/Inc/stm32f4xx_ll_bus.h ****   *         @arg @ref LL_APB1_GRP1_PERIPH_TIM5
1154:Drivers/STM32F4xx_HAL_Driver/Inc/stm32f4xx_ll_bus.h ****   *         @arg @ref LL_APB1_GRP1_PERIPH_TIM6 (*)
1155:Drivers/STM32F4xx_HAL_Driver/Inc/stm32f4xx_ll_bus.h ****   *         @arg @ref LL_APB1_GRP1_PERIPH_TIM7 (*)
1156:Drivers/STM32F4xx_HAL_Driver/Inc/stm32f4xx_ll_bus.h ****   *         @arg @ref LL_APB1_GRP1_PERIPH_TIM12 (*)
1157:Drivers/STM32F4xx_HAL_Driver/Inc/stm32f4xx_ll_bus.h ****   *         @arg @ref LL_APB1_GRP1_PERIPH_TIM13 (*)
1158:Drivers/STM32F4xx_HAL_Driver/Inc/stm32f4xx_ll_bus.h ****   *         @arg @ref LL_APB1_GRP1_PERIPH_TIM14 (*)
1159:Drivers/STM32F4xx_HAL_Driver/Inc/stm32f4xx_ll_bus.h ****   *         @arg @ref LL_APB1_GRP1_PERIPH_LPTIM1 (*)
1160:Drivers/STM32F4xx_HAL_Driver/Inc/stm32f4xx_ll_bus.h ****   *         @arg @ref LL_APB1_GRP1_PERIPH_WWDG
1161:Drivers/STM32F4xx_HAL_Driver/Inc/stm32f4xx_ll_bus.h ****   *         @arg @ref LL_APB1_GRP1_PERIPH_SPI2 (*)
1162:Drivers/STM32F4xx_HAL_Driver/Inc/stm32f4xx_ll_bus.h ****   *         @arg @ref LL_APB1_GRP1_PERIPH_SPI3 (*)
1163:Drivers/STM32F4xx_HAL_Driver/Inc/stm32f4xx_ll_bus.h ****   *         @arg @ref LL_APB1_GRP1_PERIPH_SPDIFRX (*)
1164:Drivers/STM32F4xx_HAL_Driver/Inc/stm32f4xx_ll_bus.h ****   *         @arg @ref LL_APB1_GRP1_PERIPH_USART2
1165:Drivers/STM32F4xx_HAL_Driver/Inc/stm32f4xx_ll_bus.h ****   *         @arg @ref LL_APB1_GRP1_PERIPH_USART3 (*)
1166:Drivers/STM32F4xx_HAL_Driver/Inc/stm32f4xx_ll_bus.h ****   *         @arg @ref LL_APB1_GRP1_PERIPH_UART4 (*)
1167:Drivers/STM32F4xx_HAL_Driver/Inc/stm32f4xx_ll_bus.h ****   *         @arg @ref LL_APB1_GRP1_PERIPH_UART5 (*)
1168:Drivers/STM32F4xx_HAL_Driver/Inc/stm32f4xx_ll_bus.h ****   *         @arg @ref LL_APB1_GRP1_PERIPH_I2C1
1169:Drivers/STM32F4xx_HAL_Driver/Inc/stm32f4xx_ll_bus.h ****   *         @arg @ref LL_APB1_GRP1_PERIPH_I2C2
1170:Drivers/STM32F4xx_HAL_Driver/Inc/stm32f4xx_ll_bus.h ****   *         @arg @ref LL_APB1_GRP1_PERIPH_I2C3 (*)
1171:Drivers/STM32F4xx_HAL_Driver/Inc/stm32f4xx_ll_bus.h ****   *         @arg @ref LL_APB1_GRP1_PERIPH_FMPI2C1 (*)
1172:Drivers/STM32F4xx_HAL_Driver/Inc/stm32f4xx_ll_bus.h ****   *         @arg @ref LL_APB1_GRP1_PERIPH_CAN1 (*)
1173:Drivers/STM32F4xx_HAL_Driver/Inc/stm32f4xx_ll_bus.h ****   *         @arg @ref LL_APB1_GRP1_PERIPH_CAN2 (*)
1174:Drivers/STM32F4xx_HAL_Driver/Inc/stm32f4xx_ll_bus.h ****   *         @arg @ref LL_APB1_GRP1_PERIPH_CAN3 (*)
ARM GAS  C:\Users\chris\AppData\Local\Temp\ccHvCGBe.s 			page 43


1175:Drivers/STM32F4xx_HAL_Driver/Inc/stm32f4xx_ll_bus.h ****   *         @arg @ref LL_APB1_GRP1_PERIPH_CEC  (*)
1176:Drivers/STM32F4xx_HAL_Driver/Inc/stm32f4xx_ll_bus.h ****   *         @arg @ref LL_APB1_GRP1_PERIPH_PWR
1177:Drivers/STM32F4xx_HAL_Driver/Inc/stm32f4xx_ll_bus.h ****   *         @arg @ref LL_APB1_GRP1_PERIPH_DAC1 (*)
1178:Drivers/STM32F4xx_HAL_Driver/Inc/stm32f4xx_ll_bus.h ****   *         @arg @ref LL_APB1_GRP1_PERIPH_UART7 (*)
1179:Drivers/STM32F4xx_HAL_Driver/Inc/stm32f4xx_ll_bus.h ****   *         @arg @ref LL_APB1_GRP1_PERIPH_UART8 (*)
1180:Drivers/STM32F4xx_HAL_Driver/Inc/stm32f4xx_ll_bus.h ****   *         @arg @ref LL_APB1_GRP1_PERIPH_RTCAPB (*)
1181:Drivers/STM32F4xx_HAL_Driver/Inc/stm32f4xx_ll_bus.h ****   *
1182:Drivers/STM32F4xx_HAL_Driver/Inc/stm32f4xx_ll_bus.h ****   *         (*) value not defined in all devices.
1183:Drivers/STM32F4xx_HAL_Driver/Inc/stm32f4xx_ll_bus.h ****   * @retval None
1184:Drivers/STM32F4xx_HAL_Driver/Inc/stm32f4xx_ll_bus.h ****   */
1185:Drivers/STM32F4xx_HAL_Driver/Inc/stm32f4xx_ll_bus.h **** __STATIC_INLINE void LL_APB1_GRP1_EnableClock(uint32_t Periphs)
1186:Drivers/STM32F4xx_HAL_Driver/Inc/stm32f4xx_ll_bus.h **** {
1187:Drivers/STM32F4xx_HAL_Driver/Inc/stm32f4xx_ll_bus.h ****   __IO uint32_t tmpreg;
1188:Drivers/STM32F4xx_HAL_Driver/Inc/stm32f4xx_ll_bus.h ****   SET_BIT(RCC->APB1ENR, Periphs);
1189:Drivers/STM32F4xx_HAL_Driver/Inc/stm32f4xx_ll_bus.h ****   /* Delay after an RCC peripheral clock enabling */
1190:Drivers/STM32F4xx_HAL_Driver/Inc/stm32f4xx_ll_bus.h ****   tmpreg = READ_BIT(RCC->APB1ENR, Periphs);
1191:Drivers/STM32F4xx_HAL_Driver/Inc/stm32f4xx_ll_bus.h ****   (void)tmpreg;
1192:Drivers/STM32F4xx_HAL_Driver/Inc/stm32f4xx_ll_bus.h **** }
1193:Drivers/STM32F4xx_HAL_Driver/Inc/stm32f4xx_ll_bus.h **** 
1194:Drivers/STM32F4xx_HAL_Driver/Inc/stm32f4xx_ll_bus.h **** /**
1195:Drivers/STM32F4xx_HAL_Driver/Inc/stm32f4xx_ll_bus.h ****   * @brief  Check if APB1 peripheral clock is enabled or not
1196:Drivers/STM32F4xx_HAL_Driver/Inc/stm32f4xx_ll_bus.h ****   * @rmtoll APB1ENR     TIM2EN        LL_APB1_GRP1_IsEnabledClock\n
1197:Drivers/STM32F4xx_HAL_Driver/Inc/stm32f4xx_ll_bus.h ****   *         APB1ENR     TIM3EN        LL_APB1_GRP1_IsEnabledClock\n
1198:Drivers/STM32F4xx_HAL_Driver/Inc/stm32f4xx_ll_bus.h ****   *         APB1ENR     TIM4EN        LL_APB1_GRP1_IsEnabledClock\n
1199:Drivers/STM32F4xx_HAL_Driver/Inc/stm32f4xx_ll_bus.h ****   *         APB1ENR     TIM5EN        LL_APB1_GRP1_IsEnabledClock\n
1200:Drivers/STM32F4xx_HAL_Driver/Inc/stm32f4xx_ll_bus.h ****   *         APB1ENR     TIM6EN        LL_APB1_GRP1_IsEnabledClock\n
1201:Drivers/STM32F4xx_HAL_Driver/Inc/stm32f4xx_ll_bus.h ****   *         APB1ENR     TIM7EN        LL_APB1_GRP1_IsEnabledClock\n
1202:Drivers/STM32F4xx_HAL_Driver/Inc/stm32f4xx_ll_bus.h ****   *         APB1ENR     TIM12EN       LL_APB1_GRP1_IsEnabledClock\n
1203:Drivers/STM32F4xx_HAL_Driver/Inc/stm32f4xx_ll_bus.h ****   *         APB1ENR     TIM13EN       LL_APB1_GRP1_IsEnabledClock\n
1204:Drivers/STM32F4xx_HAL_Driver/Inc/stm32f4xx_ll_bus.h ****   *         APB1ENR     TIM14EN       LL_APB1_GRP1_IsEnabledClock\n
1205:Drivers/STM32F4xx_HAL_Driver/Inc/stm32f4xx_ll_bus.h ****   *         APB1ENR     LPTIM1EN      LL_APB1_GRP1_IsEnabledClock\n
1206:Drivers/STM32F4xx_HAL_Driver/Inc/stm32f4xx_ll_bus.h ****   *         APB1ENR     WWDGEN        LL_APB1_GRP1_IsEnabledClock\n
1207:Drivers/STM32F4xx_HAL_Driver/Inc/stm32f4xx_ll_bus.h ****   *         APB1ENR     SPI2EN        LL_APB1_GRP1_IsEnabledClock\n
1208:Drivers/STM32F4xx_HAL_Driver/Inc/stm32f4xx_ll_bus.h ****   *         APB1ENR     SPI3EN        LL_APB1_GRP1_IsEnabledClock\n
1209:Drivers/STM32F4xx_HAL_Driver/Inc/stm32f4xx_ll_bus.h ****   *         APB1ENR     SPDIFRXEN     LL_APB1_GRP1_IsEnabledClock\n
1210:Drivers/STM32F4xx_HAL_Driver/Inc/stm32f4xx_ll_bus.h ****   *         APB1ENR     USART2EN      LL_APB1_GRP1_IsEnabledClock\n
1211:Drivers/STM32F4xx_HAL_Driver/Inc/stm32f4xx_ll_bus.h ****   *         APB1ENR     USART3EN      LL_APB1_GRP1_IsEnabledClock\n
1212:Drivers/STM32F4xx_HAL_Driver/Inc/stm32f4xx_ll_bus.h ****   *         APB1ENR     UART4EN       LL_APB1_GRP1_IsEnabledClock\n
1213:Drivers/STM32F4xx_HAL_Driver/Inc/stm32f4xx_ll_bus.h ****   *         APB1ENR     UART5EN       LL_APB1_GRP1_IsEnabledClock\n
1214:Drivers/STM32F4xx_HAL_Driver/Inc/stm32f4xx_ll_bus.h ****   *         APB1ENR     I2C1EN        LL_APB1_GRP1_IsEnabledClock\n
1215:Drivers/STM32F4xx_HAL_Driver/Inc/stm32f4xx_ll_bus.h ****   *         APB1ENR     I2C2EN        LL_APB1_GRP1_IsEnabledClock\n
1216:Drivers/STM32F4xx_HAL_Driver/Inc/stm32f4xx_ll_bus.h ****   *         APB1ENR     I2C3EN        LL_APB1_GRP1_IsEnabledClock\n
1217:Drivers/STM32F4xx_HAL_Driver/Inc/stm32f4xx_ll_bus.h ****   *         APB1ENR     FMPI2C1EN     LL_APB1_GRP1_IsEnabledClock\n
1218:Drivers/STM32F4xx_HAL_Driver/Inc/stm32f4xx_ll_bus.h ****   *         APB1ENR     CAN1EN        LL_APB1_GRP1_IsEnabledClock\n
1219:Drivers/STM32F4xx_HAL_Driver/Inc/stm32f4xx_ll_bus.h ****   *         APB1ENR     CAN2EN        LL_APB1_GRP1_IsEnabledClock\n
1220:Drivers/STM32F4xx_HAL_Driver/Inc/stm32f4xx_ll_bus.h ****   *         APB1ENR     CAN3EN        LL_APB1_GRP1_IsEnabledClock\n
1221:Drivers/STM32F4xx_HAL_Driver/Inc/stm32f4xx_ll_bus.h ****   *         APB1ENR     CECEN         LL_APB1_GRP1_IsEnabledClock\n
1222:Drivers/STM32F4xx_HAL_Driver/Inc/stm32f4xx_ll_bus.h ****   *         APB1ENR     PWREN         LL_APB1_GRP1_IsEnabledClock\n
1223:Drivers/STM32F4xx_HAL_Driver/Inc/stm32f4xx_ll_bus.h ****   *         APB1ENR     DACEN         LL_APB1_GRP1_IsEnabledClock\n
1224:Drivers/STM32F4xx_HAL_Driver/Inc/stm32f4xx_ll_bus.h ****   *         APB1ENR     UART7EN       LL_APB1_GRP1_IsEnabledClock\n
1225:Drivers/STM32F4xx_HAL_Driver/Inc/stm32f4xx_ll_bus.h ****   *         APB1ENR     UART8EN       LL_APB1_GRP1_IsEnabledClock\n
1226:Drivers/STM32F4xx_HAL_Driver/Inc/stm32f4xx_ll_bus.h ****   *         APB1ENR     RTCAPBEN      LL_APB1_GRP1_IsEnabledClock
1227:Drivers/STM32F4xx_HAL_Driver/Inc/stm32f4xx_ll_bus.h ****   * @param  Periphs This parameter can be a combination of the following values:
1228:Drivers/STM32F4xx_HAL_Driver/Inc/stm32f4xx_ll_bus.h ****   *         @arg @ref LL_APB1_GRP1_PERIPH_TIM2 (*)
1229:Drivers/STM32F4xx_HAL_Driver/Inc/stm32f4xx_ll_bus.h ****   *         @arg @ref LL_APB1_GRP1_PERIPH_TIM3 (*)
1230:Drivers/STM32F4xx_HAL_Driver/Inc/stm32f4xx_ll_bus.h ****   *         @arg @ref LL_APB1_GRP1_PERIPH_TIM4 (*)
1231:Drivers/STM32F4xx_HAL_Driver/Inc/stm32f4xx_ll_bus.h ****   *         @arg @ref LL_APB1_GRP1_PERIPH_TIM5
ARM GAS  C:\Users\chris\AppData\Local\Temp\ccHvCGBe.s 			page 44


1232:Drivers/STM32F4xx_HAL_Driver/Inc/stm32f4xx_ll_bus.h ****   *         @arg @ref LL_APB1_GRP1_PERIPH_TIM6 (*)
1233:Drivers/STM32F4xx_HAL_Driver/Inc/stm32f4xx_ll_bus.h ****   *         @arg @ref LL_APB1_GRP1_PERIPH_TIM7 (*)
1234:Drivers/STM32F4xx_HAL_Driver/Inc/stm32f4xx_ll_bus.h ****   *         @arg @ref LL_APB1_GRP1_PERIPH_TIM12 (*)
1235:Drivers/STM32F4xx_HAL_Driver/Inc/stm32f4xx_ll_bus.h ****   *         @arg @ref LL_APB1_GRP1_PERIPH_TIM13 (*)
1236:Drivers/STM32F4xx_HAL_Driver/Inc/stm32f4xx_ll_bus.h ****   *         @arg @ref LL_APB1_GRP1_PERIPH_TIM14 (*)
1237:Drivers/STM32F4xx_HAL_Driver/Inc/stm32f4xx_ll_bus.h ****   *         @arg @ref LL_APB1_GRP1_PERIPH_LPTIM1 (*)
1238:Drivers/STM32F4xx_HAL_Driver/Inc/stm32f4xx_ll_bus.h ****   *         @arg @ref LL_APB1_GRP1_PERIPH_WWDG
1239:Drivers/STM32F4xx_HAL_Driver/Inc/stm32f4xx_ll_bus.h ****   *         @arg @ref LL_APB1_GRP1_PERIPH_SPI2 (*)
1240:Drivers/STM32F4xx_HAL_Driver/Inc/stm32f4xx_ll_bus.h ****   *         @arg @ref LL_APB1_GRP1_PERIPH_SPI3 (*)
1241:Drivers/STM32F4xx_HAL_Driver/Inc/stm32f4xx_ll_bus.h ****   *         @arg @ref LL_APB1_GRP1_PERIPH_SPDIFRX (*)
1242:Drivers/STM32F4xx_HAL_Driver/Inc/stm32f4xx_ll_bus.h ****   *         @arg @ref LL_APB1_GRP1_PERIPH_USART2
1243:Drivers/STM32F4xx_HAL_Driver/Inc/stm32f4xx_ll_bus.h ****   *         @arg @ref LL_APB1_GRP1_PERIPH_USART3 (*)
1244:Drivers/STM32F4xx_HAL_Driver/Inc/stm32f4xx_ll_bus.h ****   *         @arg @ref LL_APB1_GRP1_PERIPH_UART4 (*)
1245:Drivers/STM32F4xx_HAL_Driver/Inc/stm32f4xx_ll_bus.h ****   *         @arg @ref LL_APB1_GRP1_PERIPH_UART5 (*)
1246:Drivers/STM32F4xx_HAL_Driver/Inc/stm32f4xx_ll_bus.h ****   *         @arg @ref LL_APB1_GRP1_PERIPH_I2C1
1247:Drivers/STM32F4xx_HAL_Driver/Inc/stm32f4xx_ll_bus.h ****   *         @arg @ref LL_APB1_GRP1_PERIPH_I2C2
1248:Drivers/STM32F4xx_HAL_Driver/Inc/stm32f4xx_ll_bus.h ****   *         @arg @ref LL_APB1_GRP1_PERIPH_I2C3 (*)
1249:Drivers/STM32F4xx_HAL_Driver/Inc/stm32f4xx_ll_bus.h ****   *         @arg @ref LL_APB1_GRP1_PERIPH_FMPI2C1 (*)
1250:Drivers/STM32F4xx_HAL_Driver/Inc/stm32f4xx_ll_bus.h ****   *         @arg @ref LL_APB1_GRP1_PERIPH_CAN1 (*)
1251:Drivers/STM32F4xx_HAL_Driver/Inc/stm32f4xx_ll_bus.h ****   *         @arg @ref LL_APB1_GRP1_PERIPH_CAN2 (*)
1252:Drivers/STM32F4xx_HAL_Driver/Inc/stm32f4xx_ll_bus.h ****   *         @arg @ref LL_APB1_GRP1_PERIPH_CAN3 (*)
1253:Drivers/STM32F4xx_HAL_Driver/Inc/stm32f4xx_ll_bus.h ****   *         @arg @ref LL_APB1_GRP1_PERIPH_CEC (*)
1254:Drivers/STM32F4xx_HAL_Driver/Inc/stm32f4xx_ll_bus.h ****   *         @arg @ref LL_APB1_GRP1_PERIPH_PWR
1255:Drivers/STM32F4xx_HAL_Driver/Inc/stm32f4xx_ll_bus.h ****   *         @arg @ref LL_APB1_GRP1_PERIPH_DAC1 (*)
1256:Drivers/STM32F4xx_HAL_Driver/Inc/stm32f4xx_ll_bus.h ****   *         @arg @ref LL_APB1_GRP1_PERIPH_UART7 (*)
1257:Drivers/STM32F4xx_HAL_Driver/Inc/stm32f4xx_ll_bus.h ****   *         @arg @ref LL_APB1_GRP1_PERIPH_UART8 (*)
1258:Drivers/STM32F4xx_HAL_Driver/Inc/stm32f4xx_ll_bus.h ****   *         @arg @ref LL_APB1_GRP1_PERIPH_RTCAPB (*)
1259:Drivers/STM32F4xx_HAL_Driver/Inc/stm32f4xx_ll_bus.h ****   *
1260:Drivers/STM32F4xx_HAL_Driver/Inc/stm32f4xx_ll_bus.h ****   *         (*) value not defined in all devices.
1261:Drivers/STM32F4xx_HAL_Driver/Inc/stm32f4xx_ll_bus.h ****   * @retval State of Periphs (1 or 0).
1262:Drivers/STM32F4xx_HAL_Driver/Inc/stm32f4xx_ll_bus.h ****   */
1263:Drivers/STM32F4xx_HAL_Driver/Inc/stm32f4xx_ll_bus.h **** __STATIC_INLINE uint32_t LL_APB1_GRP1_IsEnabledClock(uint32_t Periphs)
1264:Drivers/STM32F4xx_HAL_Driver/Inc/stm32f4xx_ll_bus.h **** {
1265:Drivers/STM32F4xx_HAL_Driver/Inc/stm32f4xx_ll_bus.h ****   return (READ_BIT(RCC->APB1ENR, Periphs) == Periphs);
1266:Drivers/STM32F4xx_HAL_Driver/Inc/stm32f4xx_ll_bus.h **** }
1267:Drivers/STM32F4xx_HAL_Driver/Inc/stm32f4xx_ll_bus.h **** 
1268:Drivers/STM32F4xx_HAL_Driver/Inc/stm32f4xx_ll_bus.h **** /**
1269:Drivers/STM32F4xx_HAL_Driver/Inc/stm32f4xx_ll_bus.h ****   * @brief  Disable APB1 peripherals clock.
1270:Drivers/STM32F4xx_HAL_Driver/Inc/stm32f4xx_ll_bus.h ****   * @rmtoll APB1ENR     TIM2EN        LL_APB1_GRP1_DisableClock\n
1271:Drivers/STM32F4xx_HAL_Driver/Inc/stm32f4xx_ll_bus.h ****   *         APB1ENR     TIM3EN        LL_APB1_GRP1_DisableClock\n
1272:Drivers/STM32F4xx_HAL_Driver/Inc/stm32f4xx_ll_bus.h ****   *         APB1ENR     TIM4EN        LL_APB1_GRP1_DisableClock\n
1273:Drivers/STM32F4xx_HAL_Driver/Inc/stm32f4xx_ll_bus.h ****   *         APB1ENR     TIM5EN        LL_APB1_GRP1_DisableClock\n
1274:Drivers/STM32F4xx_HAL_Driver/Inc/stm32f4xx_ll_bus.h ****   *         APB1ENR     TIM6EN        LL_APB1_GRP1_DisableClock\n
1275:Drivers/STM32F4xx_HAL_Driver/Inc/stm32f4xx_ll_bus.h ****   *         APB1ENR     TIM7EN        LL_APB1_GRP1_DisableClock\n
1276:Drivers/STM32F4xx_HAL_Driver/Inc/stm32f4xx_ll_bus.h ****   *         APB1ENR     TIM12EN       LL_APB1_GRP1_DisableClock\n
1277:Drivers/STM32F4xx_HAL_Driver/Inc/stm32f4xx_ll_bus.h ****   *         APB1ENR     TIM13EN       LL_APB1_GRP1_DisableClock\n
1278:Drivers/STM32F4xx_HAL_Driver/Inc/stm32f4xx_ll_bus.h ****   *         APB1ENR     TIM14EN       LL_APB1_GRP1_DisableClock\n
1279:Drivers/STM32F4xx_HAL_Driver/Inc/stm32f4xx_ll_bus.h ****   *         APB1ENR     LPTIM1EN      LL_APB1_GRP1_DisableClock\n
1280:Drivers/STM32F4xx_HAL_Driver/Inc/stm32f4xx_ll_bus.h ****   *         APB1ENR     WWDGEN        LL_APB1_GRP1_DisableClock\n
1281:Drivers/STM32F4xx_HAL_Driver/Inc/stm32f4xx_ll_bus.h ****   *         APB1ENR     SPI2EN        LL_APB1_GRP1_DisableClock\n
1282:Drivers/STM32F4xx_HAL_Driver/Inc/stm32f4xx_ll_bus.h ****   *         APB1ENR     SPI3EN        LL_APB1_GRP1_DisableClock\n
1283:Drivers/STM32F4xx_HAL_Driver/Inc/stm32f4xx_ll_bus.h ****   *         APB1ENR     SPDIFRXEN     LL_APB1_GRP1_DisableClock\n
1284:Drivers/STM32F4xx_HAL_Driver/Inc/stm32f4xx_ll_bus.h ****   *         APB1ENR     USART2EN      LL_APB1_GRP1_DisableClock\n
1285:Drivers/STM32F4xx_HAL_Driver/Inc/stm32f4xx_ll_bus.h ****   *         APB1ENR     USART3EN      LL_APB1_GRP1_DisableClock\n
1286:Drivers/STM32F4xx_HAL_Driver/Inc/stm32f4xx_ll_bus.h ****   *         APB1ENR     UART4EN       LL_APB1_GRP1_DisableClock\n
1287:Drivers/STM32F4xx_HAL_Driver/Inc/stm32f4xx_ll_bus.h ****   *         APB1ENR     UART5EN       LL_APB1_GRP1_DisableClock\n
1288:Drivers/STM32F4xx_HAL_Driver/Inc/stm32f4xx_ll_bus.h ****   *         APB1ENR     I2C1EN        LL_APB1_GRP1_DisableClock\n
ARM GAS  C:\Users\chris\AppData\Local\Temp\ccHvCGBe.s 			page 45


1289:Drivers/STM32F4xx_HAL_Driver/Inc/stm32f4xx_ll_bus.h ****   *         APB1ENR     I2C2EN        LL_APB1_GRP1_DisableClock\n
1290:Drivers/STM32F4xx_HAL_Driver/Inc/stm32f4xx_ll_bus.h ****   *         APB1ENR     I2C3EN        LL_APB1_GRP1_DisableClock\n
1291:Drivers/STM32F4xx_HAL_Driver/Inc/stm32f4xx_ll_bus.h ****   *         APB1ENR     FMPI2C1EN     LL_APB1_GRP1_DisableClock\n
1292:Drivers/STM32F4xx_HAL_Driver/Inc/stm32f4xx_ll_bus.h ****   *         APB1ENR     CAN1EN        LL_APB1_GRP1_DisableClock\n
1293:Drivers/STM32F4xx_HAL_Driver/Inc/stm32f4xx_ll_bus.h ****   *         APB1ENR     CAN2EN        LL_APB1_GRP1_DisableClock\n
1294:Drivers/STM32F4xx_HAL_Driver/Inc/stm32f4xx_ll_bus.h ****   *         APB1ENR     CAN3EN        LL_APB1_GRP1_DisableClock\n
1295:Drivers/STM32F4xx_HAL_Driver/Inc/stm32f4xx_ll_bus.h ****   *         APB1ENR     CECEN         LL_APB1_GRP1_DisableClock\n
1296:Drivers/STM32F4xx_HAL_Driver/Inc/stm32f4xx_ll_bus.h ****   *         APB1ENR     PWREN         LL_APB1_GRP1_DisableClock\n
1297:Drivers/STM32F4xx_HAL_Driver/Inc/stm32f4xx_ll_bus.h ****   *         APB1ENR     DACEN         LL_APB1_GRP1_DisableClock\n
1298:Drivers/STM32F4xx_HAL_Driver/Inc/stm32f4xx_ll_bus.h ****   *         APB1ENR     UART7EN       LL_APB1_GRP1_DisableClock\n
1299:Drivers/STM32F4xx_HAL_Driver/Inc/stm32f4xx_ll_bus.h ****   *         APB1ENR     UART8EN       LL_APB1_GRP1_DisableClock\n
1300:Drivers/STM32F4xx_HAL_Driver/Inc/stm32f4xx_ll_bus.h ****   *         APB1ENR     RTCAPBEN      LL_APB1_GRP1_DisableClock
1301:Drivers/STM32F4xx_HAL_Driver/Inc/stm32f4xx_ll_bus.h ****   * @param  Periphs This parameter can be a combination of the following values:
1302:Drivers/STM32F4xx_HAL_Driver/Inc/stm32f4xx_ll_bus.h ****   *         @arg @ref LL_APB1_GRP1_PERIPH_TIM2 (*)
1303:Drivers/STM32F4xx_HAL_Driver/Inc/stm32f4xx_ll_bus.h ****   *         @arg @ref LL_APB1_GRP1_PERIPH_TIM3 (*)
1304:Drivers/STM32F4xx_HAL_Driver/Inc/stm32f4xx_ll_bus.h ****   *         @arg @ref LL_APB1_GRP1_PERIPH_TIM4 (*)
1305:Drivers/STM32F4xx_HAL_Driver/Inc/stm32f4xx_ll_bus.h ****   *         @arg @ref LL_APB1_GRP1_PERIPH_TIM5
1306:Drivers/STM32F4xx_HAL_Driver/Inc/stm32f4xx_ll_bus.h ****   *         @arg @ref LL_APB1_GRP1_PERIPH_TIM6 (*)
1307:Drivers/STM32F4xx_HAL_Driver/Inc/stm32f4xx_ll_bus.h ****   *         @arg @ref LL_APB1_GRP1_PERIPH_TIM7 (*)
1308:Drivers/STM32F4xx_HAL_Driver/Inc/stm32f4xx_ll_bus.h ****   *         @arg @ref LL_APB1_GRP1_PERIPH_TIM12 (*)
1309:Drivers/STM32F4xx_HAL_Driver/Inc/stm32f4xx_ll_bus.h ****   *         @arg @ref LL_APB1_GRP1_PERIPH_TIM13 (*)
1310:Drivers/STM32F4xx_HAL_Driver/Inc/stm32f4xx_ll_bus.h ****   *         @arg @ref LL_APB1_GRP1_PERIPH_TIM14 (*)
1311:Drivers/STM32F4xx_HAL_Driver/Inc/stm32f4xx_ll_bus.h ****   *         @arg @ref LL_APB1_GRP1_PERIPH_LPTIM1 (*)
1312:Drivers/STM32F4xx_HAL_Driver/Inc/stm32f4xx_ll_bus.h ****   *         @arg @ref LL_APB1_GRP1_PERIPH_WWDG
1313:Drivers/STM32F4xx_HAL_Driver/Inc/stm32f4xx_ll_bus.h ****   *         @arg @ref LL_APB1_GRP1_PERIPH_SPI2 (*)
1314:Drivers/STM32F4xx_HAL_Driver/Inc/stm32f4xx_ll_bus.h ****   *         @arg @ref LL_APB1_GRP1_PERIPH_SPI3 (*)
1315:Drivers/STM32F4xx_HAL_Driver/Inc/stm32f4xx_ll_bus.h ****   *         @arg @ref LL_APB1_GRP1_PERIPH_SPDIFRX (*)
1316:Drivers/STM32F4xx_HAL_Driver/Inc/stm32f4xx_ll_bus.h ****   *         @arg @ref LL_APB1_GRP1_PERIPH_USART2
1317:Drivers/STM32F4xx_HAL_Driver/Inc/stm32f4xx_ll_bus.h ****   *         @arg @ref LL_APB1_GRP1_PERIPH_USART3 (*)
1318:Drivers/STM32F4xx_HAL_Driver/Inc/stm32f4xx_ll_bus.h ****   *         @arg @ref LL_APB1_GRP1_PERIPH_UART4 (*)
1319:Drivers/STM32F4xx_HAL_Driver/Inc/stm32f4xx_ll_bus.h ****   *         @arg @ref LL_APB1_GRP1_PERIPH_UART5 (*)
1320:Drivers/STM32F4xx_HAL_Driver/Inc/stm32f4xx_ll_bus.h ****   *         @arg @ref LL_APB1_GRP1_PERIPH_I2C1
1321:Drivers/STM32F4xx_HAL_Driver/Inc/stm32f4xx_ll_bus.h ****   *         @arg @ref LL_APB1_GRP1_PERIPH_I2C2
1322:Drivers/STM32F4xx_HAL_Driver/Inc/stm32f4xx_ll_bus.h ****   *         @arg @ref LL_APB1_GRP1_PERIPH_I2C3 (*)
1323:Drivers/STM32F4xx_HAL_Driver/Inc/stm32f4xx_ll_bus.h ****   *         @arg @ref LL_APB1_GRP1_PERIPH_FMPI2C1 (*)
1324:Drivers/STM32F4xx_HAL_Driver/Inc/stm32f4xx_ll_bus.h ****   *         @arg @ref LL_APB1_GRP1_PERIPH_CAN1 (*)
1325:Drivers/STM32F4xx_HAL_Driver/Inc/stm32f4xx_ll_bus.h ****   *         @arg @ref LL_APB1_GRP1_PERIPH_CAN2 (*)
1326:Drivers/STM32F4xx_HAL_Driver/Inc/stm32f4xx_ll_bus.h ****   *         @arg @ref LL_APB1_GRP1_PERIPH_CAN3 (*)
1327:Drivers/STM32F4xx_HAL_Driver/Inc/stm32f4xx_ll_bus.h ****   *         @arg @ref LL_APB1_GRP1_PERIPH_CEC (*)
1328:Drivers/STM32F4xx_HAL_Driver/Inc/stm32f4xx_ll_bus.h ****   *         @arg @ref LL_APB1_GRP1_PERIPH_PWR
1329:Drivers/STM32F4xx_HAL_Driver/Inc/stm32f4xx_ll_bus.h ****   *         @arg @ref LL_APB1_GRP1_PERIPH_DAC1 (*)
1330:Drivers/STM32F4xx_HAL_Driver/Inc/stm32f4xx_ll_bus.h ****   *         @arg @ref LL_APB1_GRP1_PERIPH_UART7 (*)
1331:Drivers/STM32F4xx_HAL_Driver/Inc/stm32f4xx_ll_bus.h ****   *         @arg @ref LL_APB1_GRP1_PERIPH_UART8 (*)
1332:Drivers/STM32F4xx_HAL_Driver/Inc/stm32f4xx_ll_bus.h ****   *         @arg @ref LL_APB1_GRP1_PERIPH_RTCAPB (*)
1333:Drivers/STM32F4xx_HAL_Driver/Inc/stm32f4xx_ll_bus.h ****   *
1334:Drivers/STM32F4xx_HAL_Driver/Inc/stm32f4xx_ll_bus.h ****   *         (*) value not defined in all devices.
1335:Drivers/STM32F4xx_HAL_Driver/Inc/stm32f4xx_ll_bus.h ****   * @retval None
1336:Drivers/STM32F4xx_HAL_Driver/Inc/stm32f4xx_ll_bus.h ****   */
1337:Drivers/STM32F4xx_HAL_Driver/Inc/stm32f4xx_ll_bus.h **** __STATIC_INLINE void LL_APB1_GRP1_DisableClock(uint32_t Periphs)
1338:Drivers/STM32F4xx_HAL_Driver/Inc/stm32f4xx_ll_bus.h **** {
1339:Drivers/STM32F4xx_HAL_Driver/Inc/stm32f4xx_ll_bus.h ****   CLEAR_BIT(RCC->APB1ENR, Periphs);
1340:Drivers/STM32F4xx_HAL_Driver/Inc/stm32f4xx_ll_bus.h **** }
1341:Drivers/STM32F4xx_HAL_Driver/Inc/stm32f4xx_ll_bus.h **** 
1342:Drivers/STM32F4xx_HAL_Driver/Inc/stm32f4xx_ll_bus.h **** /**
1343:Drivers/STM32F4xx_HAL_Driver/Inc/stm32f4xx_ll_bus.h ****   * @brief  Force APB1 peripherals reset.
1344:Drivers/STM32F4xx_HAL_Driver/Inc/stm32f4xx_ll_bus.h ****   * @rmtoll APB1RSTR     TIM2RST        LL_APB1_GRP1_ForceReset\n
1345:Drivers/STM32F4xx_HAL_Driver/Inc/stm32f4xx_ll_bus.h ****   *         APB1RSTR     TIM3RST        LL_APB1_GRP1_ForceReset\n
ARM GAS  C:\Users\chris\AppData\Local\Temp\ccHvCGBe.s 			page 46


1346:Drivers/STM32F4xx_HAL_Driver/Inc/stm32f4xx_ll_bus.h ****   *         APB1RSTR     TIM4RST        LL_APB1_GRP1_ForceReset\n
1347:Drivers/STM32F4xx_HAL_Driver/Inc/stm32f4xx_ll_bus.h ****   *         APB1RSTR     TIM5RST        LL_APB1_GRP1_ForceReset\n
1348:Drivers/STM32F4xx_HAL_Driver/Inc/stm32f4xx_ll_bus.h ****   *         APB1RSTR     TIM6RST        LL_APB1_GRP1_ForceReset\n
1349:Drivers/STM32F4xx_HAL_Driver/Inc/stm32f4xx_ll_bus.h ****   *         APB1RSTR     TIM7RST        LL_APB1_GRP1_ForceReset\n
1350:Drivers/STM32F4xx_HAL_Driver/Inc/stm32f4xx_ll_bus.h ****   *         APB1RSTR     TIM12RST       LL_APB1_GRP1_ForceReset\n
1351:Drivers/STM32F4xx_HAL_Driver/Inc/stm32f4xx_ll_bus.h ****   *         APB1RSTR     TIM13RST       LL_APB1_GRP1_ForceReset\n
1352:Drivers/STM32F4xx_HAL_Driver/Inc/stm32f4xx_ll_bus.h ****   *         APB1RSTR     TIM14RST       LL_APB1_GRP1_ForceReset\n
1353:Drivers/STM32F4xx_HAL_Driver/Inc/stm32f4xx_ll_bus.h ****   *         APB1RSTR     LPTIM1RST      LL_APB1_GRP1_ForceReset\n
1354:Drivers/STM32F4xx_HAL_Driver/Inc/stm32f4xx_ll_bus.h ****   *         APB1RSTR     WWDGRST        LL_APB1_GRP1_ForceReset\n
1355:Drivers/STM32F4xx_HAL_Driver/Inc/stm32f4xx_ll_bus.h ****   *         APB1RSTR     SPI2RST        LL_APB1_GRP1_ForceReset\n
1356:Drivers/STM32F4xx_HAL_Driver/Inc/stm32f4xx_ll_bus.h ****   *         APB1RSTR     SPI3RST        LL_APB1_GRP1_ForceReset\n
1357:Drivers/STM32F4xx_HAL_Driver/Inc/stm32f4xx_ll_bus.h ****   *         APB1RSTR     SPDIFRXRST     LL_APB1_GRP1_ForceReset\n
1358:Drivers/STM32F4xx_HAL_Driver/Inc/stm32f4xx_ll_bus.h ****   *         APB1RSTR     USART2RST      LL_APB1_GRP1_ForceReset\n
1359:Drivers/STM32F4xx_HAL_Driver/Inc/stm32f4xx_ll_bus.h ****   *         APB1RSTR     USART3RST      LL_APB1_GRP1_ForceReset\n
1360:Drivers/STM32F4xx_HAL_Driver/Inc/stm32f4xx_ll_bus.h ****   *         APB1RSTR     UART4RST       LL_APB1_GRP1_ForceReset\n
1361:Drivers/STM32F4xx_HAL_Driver/Inc/stm32f4xx_ll_bus.h ****   *         APB1RSTR     UART5RST       LL_APB1_GRP1_ForceReset\n
1362:Drivers/STM32F4xx_HAL_Driver/Inc/stm32f4xx_ll_bus.h ****   *         APB1RSTR     I2C1RST        LL_APB1_GRP1_ForceReset\n
1363:Drivers/STM32F4xx_HAL_Driver/Inc/stm32f4xx_ll_bus.h ****   *         APB1RSTR     I2C2RST        LL_APB1_GRP1_ForceReset\n
1364:Drivers/STM32F4xx_HAL_Driver/Inc/stm32f4xx_ll_bus.h ****   *         APB1RSTR     I2C3RST        LL_APB1_GRP1_ForceReset\n
1365:Drivers/STM32F4xx_HAL_Driver/Inc/stm32f4xx_ll_bus.h ****   *         APB1RSTR     FMPI2C1RST     LL_APB1_GRP1_ForceReset\n
1366:Drivers/STM32F4xx_HAL_Driver/Inc/stm32f4xx_ll_bus.h ****   *         APB1RSTR     CAN1RST        LL_APB1_GRP1_ForceReset\n
1367:Drivers/STM32F4xx_HAL_Driver/Inc/stm32f4xx_ll_bus.h ****   *         APB1RSTR     CAN2RST        LL_APB1_GRP1_ForceReset\n
1368:Drivers/STM32F4xx_HAL_Driver/Inc/stm32f4xx_ll_bus.h ****   *         APB1RSTR     CAN3RST        LL_APB1_GRP1_ForceReset\n
1369:Drivers/STM32F4xx_HAL_Driver/Inc/stm32f4xx_ll_bus.h ****   *         APB1RSTR     CECRST         LL_APB1_GRP1_ForceReset\n
1370:Drivers/STM32F4xx_HAL_Driver/Inc/stm32f4xx_ll_bus.h ****   *         APB1RSTR     PWRRST         LL_APB1_GRP1_ForceReset\n
1371:Drivers/STM32F4xx_HAL_Driver/Inc/stm32f4xx_ll_bus.h ****   *         APB1RSTR     DACRST         LL_APB1_GRP1_ForceReset\n
1372:Drivers/STM32F4xx_HAL_Driver/Inc/stm32f4xx_ll_bus.h ****   *         APB1RSTR     UART7RST       LL_APB1_GRP1_ForceReset\n
1373:Drivers/STM32F4xx_HAL_Driver/Inc/stm32f4xx_ll_bus.h ****   *         APB1RSTR     UART8RST       LL_APB1_GRP1_ForceReset
1374:Drivers/STM32F4xx_HAL_Driver/Inc/stm32f4xx_ll_bus.h ****   * @param  Periphs This parameter can be a combination of the following values:
1375:Drivers/STM32F4xx_HAL_Driver/Inc/stm32f4xx_ll_bus.h ****   *         @arg @ref LL_APB1_GRP1_PERIPH_TIM2 (*)
1376:Drivers/STM32F4xx_HAL_Driver/Inc/stm32f4xx_ll_bus.h ****   *         @arg @ref LL_APB1_GRP1_PERIPH_TIM3 (*)
1377:Drivers/STM32F4xx_HAL_Driver/Inc/stm32f4xx_ll_bus.h ****   *         @arg @ref LL_APB1_GRP1_PERIPH_TIM4 (*)
1378:Drivers/STM32F4xx_HAL_Driver/Inc/stm32f4xx_ll_bus.h ****   *         @arg @ref LL_APB1_GRP1_PERIPH_TIM5
1379:Drivers/STM32F4xx_HAL_Driver/Inc/stm32f4xx_ll_bus.h ****   *         @arg @ref LL_APB1_GRP1_PERIPH_TIM6 (*)
1380:Drivers/STM32F4xx_HAL_Driver/Inc/stm32f4xx_ll_bus.h ****   *         @arg @ref LL_APB1_GRP1_PERIPH_TIM7 (*)
1381:Drivers/STM32F4xx_HAL_Driver/Inc/stm32f4xx_ll_bus.h ****   *         @arg @ref LL_APB1_GRP1_PERIPH_TIM12 (*)
1382:Drivers/STM32F4xx_HAL_Driver/Inc/stm32f4xx_ll_bus.h ****   *         @arg @ref LL_APB1_GRP1_PERIPH_TIM13 (*)
1383:Drivers/STM32F4xx_HAL_Driver/Inc/stm32f4xx_ll_bus.h ****   *         @arg @ref LL_APB1_GRP1_PERIPH_TIM14 (*)
1384:Drivers/STM32F4xx_HAL_Driver/Inc/stm32f4xx_ll_bus.h ****   *         @arg @ref LL_APB1_GRP1_PERIPH_LPTIM1 (*)
1385:Drivers/STM32F4xx_HAL_Driver/Inc/stm32f4xx_ll_bus.h ****   *         @arg @ref LL_APB1_GRP1_PERIPH_WWDG
1386:Drivers/STM32F4xx_HAL_Driver/Inc/stm32f4xx_ll_bus.h ****   *         @arg @ref LL_APB1_GRP1_PERIPH_SPI2 (*)
1387:Drivers/STM32F4xx_HAL_Driver/Inc/stm32f4xx_ll_bus.h ****   *         @arg @ref LL_APB1_GRP1_PERIPH_SPI3 (*)
1388:Drivers/STM32F4xx_HAL_Driver/Inc/stm32f4xx_ll_bus.h ****   *         @arg @ref LL_APB1_GRP1_PERIPH_SPDIFRX (*)
1389:Drivers/STM32F4xx_HAL_Driver/Inc/stm32f4xx_ll_bus.h ****   *         @arg @ref LL_APB1_GRP1_PERIPH_USART2
1390:Drivers/STM32F4xx_HAL_Driver/Inc/stm32f4xx_ll_bus.h ****   *         @arg @ref LL_APB1_GRP1_PERIPH_USART3 (*)
1391:Drivers/STM32F4xx_HAL_Driver/Inc/stm32f4xx_ll_bus.h ****   *         @arg @ref LL_APB1_GRP1_PERIPH_UART4 (*)
1392:Drivers/STM32F4xx_HAL_Driver/Inc/stm32f4xx_ll_bus.h ****   *         @arg @ref LL_APB1_GRP1_PERIPH_UART5 (*)
1393:Drivers/STM32F4xx_HAL_Driver/Inc/stm32f4xx_ll_bus.h ****   *         @arg @ref LL_APB1_GRP1_PERIPH_I2C1
1394:Drivers/STM32F4xx_HAL_Driver/Inc/stm32f4xx_ll_bus.h ****   *         @arg @ref LL_APB1_GRP1_PERIPH_I2C2
1395:Drivers/STM32F4xx_HAL_Driver/Inc/stm32f4xx_ll_bus.h ****   *         @arg @ref LL_APB1_GRP1_PERIPH_I2C3 (*)
1396:Drivers/STM32F4xx_HAL_Driver/Inc/stm32f4xx_ll_bus.h ****   *         @arg @ref LL_APB1_GRP1_PERIPH_FMPI2C1 (*)
1397:Drivers/STM32F4xx_HAL_Driver/Inc/stm32f4xx_ll_bus.h ****   *         @arg @ref LL_APB1_GRP1_PERIPH_CAN1 (*)
1398:Drivers/STM32F4xx_HAL_Driver/Inc/stm32f4xx_ll_bus.h ****   *         @arg @ref LL_APB1_GRP1_PERIPH_CAN2 (*)
1399:Drivers/STM32F4xx_HAL_Driver/Inc/stm32f4xx_ll_bus.h ****   *         @arg @ref LL_APB1_GRP1_PERIPH_CAN3 (*)
1400:Drivers/STM32F4xx_HAL_Driver/Inc/stm32f4xx_ll_bus.h ****   *         @arg @ref LL_APB1_GRP1_PERIPH_CEC (*)
1401:Drivers/STM32F4xx_HAL_Driver/Inc/stm32f4xx_ll_bus.h ****   *         @arg @ref LL_APB1_GRP1_PERIPH_PWR
1402:Drivers/STM32F4xx_HAL_Driver/Inc/stm32f4xx_ll_bus.h ****   *         @arg @ref LL_APB1_GRP1_PERIPH_DAC1 (*)
ARM GAS  C:\Users\chris\AppData\Local\Temp\ccHvCGBe.s 			page 47


1403:Drivers/STM32F4xx_HAL_Driver/Inc/stm32f4xx_ll_bus.h ****   *         @arg @ref LL_APB1_GRP1_PERIPH_UART7 (*)
1404:Drivers/STM32F4xx_HAL_Driver/Inc/stm32f4xx_ll_bus.h ****   *         @arg @ref LL_APB1_GRP1_PERIPH_UART8 (*)
1405:Drivers/STM32F4xx_HAL_Driver/Inc/stm32f4xx_ll_bus.h ****   *
1406:Drivers/STM32F4xx_HAL_Driver/Inc/stm32f4xx_ll_bus.h ****   *         (*) value not defined in all devices.
1407:Drivers/STM32F4xx_HAL_Driver/Inc/stm32f4xx_ll_bus.h ****   * @retval None
1408:Drivers/STM32F4xx_HAL_Driver/Inc/stm32f4xx_ll_bus.h ****   */
1409:Drivers/STM32F4xx_HAL_Driver/Inc/stm32f4xx_ll_bus.h **** __STATIC_INLINE void LL_APB1_GRP1_ForceReset(uint32_t Periphs)
 205              		.loc 3 1409 22 view .LVU48
 206              	.LBB27:
1410:Drivers/STM32F4xx_HAL_Driver/Inc/stm32f4xx_ll_bus.h **** {
1411:Drivers/STM32F4xx_HAL_Driver/Inc/stm32f4xx_ll_bus.h ****   SET_BIT(RCC->APB1RSTR, Periphs);
 207              		.loc 3 1411 3 view .LVU49
 208 0016 03F5F233 		add	r3, r3, #123904
 209 001a 1A6A     		ldr	r2, [r3, #32]
 210 001c 42F40012 		orr	r2, r2, #2097152
 211 0020 1A62     		str	r2, [r3, #32]
 212              	.LVL18:
 213              		.loc 3 1411 3 is_stmt 0 view .LVU50
 214              	.LBE27:
 215              	.LBE26:
 107:Drivers/STM32F4xx_HAL_Driver/Src/stm32f4xx_ll_i2c.c ****   }
 216              		.loc 1 107 5 is_stmt 1 view .LVU51
 217              	.LBB28:
 218              	.LBI28:
1412:Drivers/STM32F4xx_HAL_Driver/Inc/stm32f4xx_ll_bus.h **** }
1413:Drivers/STM32F4xx_HAL_Driver/Inc/stm32f4xx_ll_bus.h **** 
1414:Drivers/STM32F4xx_HAL_Driver/Inc/stm32f4xx_ll_bus.h **** /**
1415:Drivers/STM32F4xx_HAL_Driver/Inc/stm32f4xx_ll_bus.h ****   * @brief  Release APB1 peripherals reset.
1416:Drivers/STM32F4xx_HAL_Driver/Inc/stm32f4xx_ll_bus.h ****   * @rmtoll APB1RSTR     TIM2RST        LL_APB1_GRP1_ReleaseReset\n
1417:Drivers/STM32F4xx_HAL_Driver/Inc/stm32f4xx_ll_bus.h ****   *         APB1RSTR     TIM3RST        LL_APB1_GRP1_ReleaseReset\n
1418:Drivers/STM32F4xx_HAL_Driver/Inc/stm32f4xx_ll_bus.h ****   *         APB1RSTR     TIM4RST        LL_APB1_GRP1_ReleaseReset\n
1419:Drivers/STM32F4xx_HAL_Driver/Inc/stm32f4xx_ll_bus.h ****   *         APB1RSTR     TIM5RST        LL_APB1_GRP1_ReleaseReset\n
1420:Drivers/STM32F4xx_HAL_Driver/Inc/stm32f4xx_ll_bus.h ****   *         APB1RSTR     TIM6RST        LL_APB1_GRP1_ReleaseReset\n
1421:Drivers/STM32F4xx_HAL_Driver/Inc/stm32f4xx_ll_bus.h ****   *         APB1RSTR     TIM7RST        LL_APB1_GRP1_ReleaseReset\n
1422:Drivers/STM32F4xx_HAL_Driver/Inc/stm32f4xx_ll_bus.h ****   *         APB1RSTR     TIM12RST       LL_APB1_GRP1_ReleaseReset\n
1423:Drivers/STM32F4xx_HAL_Driver/Inc/stm32f4xx_ll_bus.h ****   *         APB1RSTR     TIM13RST       LL_APB1_GRP1_ReleaseReset\n
1424:Drivers/STM32F4xx_HAL_Driver/Inc/stm32f4xx_ll_bus.h ****   *         APB1RSTR     TIM14RST       LL_APB1_GRP1_ReleaseReset\n
1425:Drivers/STM32F4xx_HAL_Driver/Inc/stm32f4xx_ll_bus.h ****   *         APB1RSTR     LPTIM1RST      LL_APB1_GRP1_ReleaseReset\n
1426:Drivers/STM32F4xx_HAL_Driver/Inc/stm32f4xx_ll_bus.h ****   *         APB1RSTR     WWDGRST        LL_APB1_GRP1_ReleaseReset\n
1427:Drivers/STM32F4xx_HAL_Driver/Inc/stm32f4xx_ll_bus.h ****   *         APB1RSTR     SPI2RST        LL_APB1_GRP1_ReleaseReset\n
1428:Drivers/STM32F4xx_HAL_Driver/Inc/stm32f4xx_ll_bus.h ****   *         APB1RSTR     SPI3RST        LL_APB1_GRP1_ReleaseReset\n
1429:Drivers/STM32F4xx_HAL_Driver/Inc/stm32f4xx_ll_bus.h ****   *         APB1RSTR     SPDIFRXRST     LL_APB1_GRP1_ReleaseReset\n
1430:Drivers/STM32F4xx_HAL_Driver/Inc/stm32f4xx_ll_bus.h ****   *         APB1RSTR     USART2RST      LL_APB1_GRP1_ReleaseReset\n
1431:Drivers/STM32F4xx_HAL_Driver/Inc/stm32f4xx_ll_bus.h ****   *         APB1RSTR     USART3RST      LL_APB1_GRP1_ReleaseReset\n
1432:Drivers/STM32F4xx_HAL_Driver/Inc/stm32f4xx_ll_bus.h ****   *         APB1RSTR     UART4RST       LL_APB1_GRP1_ReleaseReset\n
1433:Drivers/STM32F4xx_HAL_Driver/Inc/stm32f4xx_ll_bus.h ****   *         APB1RSTR     UART5RST       LL_APB1_GRP1_ReleaseReset\n
1434:Drivers/STM32F4xx_HAL_Driver/Inc/stm32f4xx_ll_bus.h ****   *         APB1RSTR     I2C1RST        LL_APB1_GRP1_ReleaseReset\n
1435:Drivers/STM32F4xx_HAL_Driver/Inc/stm32f4xx_ll_bus.h ****   *         APB1RSTR     I2C2RST        LL_APB1_GRP1_ReleaseReset\n
1436:Drivers/STM32F4xx_HAL_Driver/Inc/stm32f4xx_ll_bus.h ****   *         APB1RSTR     I2C3RST        LL_APB1_GRP1_ReleaseReset\n
1437:Drivers/STM32F4xx_HAL_Driver/Inc/stm32f4xx_ll_bus.h ****   *         APB1RSTR     FMPI2C1RST     LL_APB1_GRP1_ReleaseReset\n
1438:Drivers/STM32F4xx_HAL_Driver/Inc/stm32f4xx_ll_bus.h ****   *         APB1RSTR     CAN1RST        LL_APB1_GRP1_ReleaseReset\n
1439:Drivers/STM32F4xx_HAL_Driver/Inc/stm32f4xx_ll_bus.h ****   *         APB1RSTR     CAN2RST        LL_APB1_GRP1_ReleaseReset\n
1440:Drivers/STM32F4xx_HAL_Driver/Inc/stm32f4xx_ll_bus.h ****   *         APB1RSTR     CAN3RST        LL_APB1_GRP1_ReleaseReset\n
1441:Drivers/STM32F4xx_HAL_Driver/Inc/stm32f4xx_ll_bus.h ****   *         APB1RSTR     CECRST         LL_APB1_GRP1_ReleaseReset\n
1442:Drivers/STM32F4xx_HAL_Driver/Inc/stm32f4xx_ll_bus.h ****   *         APB1RSTR     PWRRST         LL_APB1_GRP1_ReleaseReset\n
1443:Drivers/STM32F4xx_HAL_Driver/Inc/stm32f4xx_ll_bus.h ****   *         APB1RSTR     DACRST         LL_APB1_GRP1_ReleaseReset\n
1444:Drivers/STM32F4xx_HAL_Driver/Inc/stm32f4xx_ll_bus.h ****   *         APB1RSTR     UART7RST       LL_APB1_GRP1_ReleaseReset\n
ARM GAS  C:\Users\chris\AppData\Local\Temp\ccHvCGBe.s 			page 48


1445:Drivers/STM32F4xx_HAL_Driver/Inc/stm32f4xx_ll_bus.h ****   *         APB1RSTR     UART8RST       LL_APB1_GRP1_ReleaseReset
1446:Drivers/STM32F4xx_HAL_Driver/Inc/stm32f4xx_ll_bus.h ****   * @param  Periphs This parameter can be a combination of the following values:
1447:Drivers/STM32F4xx_HAL_Driver/Inc/stm32f4xx_ll_bus.h ****   *         @arg @ref LL_APB1_GRP1_PERIPH_TIM2 (*)
1448:Drivers/STM32F4xx_HAL_Driver/Inc/stm32f4xx_ll_bus.h ****   *         @arg @ref LL_APB1_GRP1_PERIPH_TIM3 (*)
1449:Drivers/STM32F4xx_HAL_Driver/Inc/stm32f4xx_ll_bus.h ****   *         @arg @ref LL_APB1_GRP1_PERIPH_TIM4 (*)
1450:Drivers/STM32F4xx_HAL_Driver/Inc/stm32f4xx_ll_bus.h ****   *         @arg @ref LL_APB1_GRP1_PERIPH_TIM5
1451:Drivers/STM32F4xx_HAL_Driver/Inc/stm32f4xx_ll_bus.h ****   *         @arg @ref LL_APB1_GRP1_PERIPH_TIM6 (*)
1452:Drivers/STM32F4xx_HAL_Driver/Inc/stm32f4xx_ll_bus.h ****   *         @arg @ref LL_APB1_GRP1_PERIPH_TIM7 (*)
1453:Drivers/STM32F4xx_HAL_Driver/Inc/stm32f4xx_ll_bus.h ****   *         @arg @ref LL_APB1_GRP1_PERIPH_TIM12 (*)
1454:Drivers/STM32F4xx_HAL_Driver/Inc/stm32f4xx_ll_bus.h ****   *         @arg @ref LL_APB1_GRP1_PERIPH_TIM13 (*)
1455:Drivers/STM32F4xx_HAL_Driver/Inc/stm32f4xx_ll_bus.h ****   *         @arg @ref LL_APB1_GRP1_PERIPH_TIM14 (*)
1456:Drivers/STM32F4xx_HAL_Driver/Inc/stm32f4xx_ll_bus.h ****   *         @arg @ref LL_APB1_GRP1_PERIPH_LPTIM1 (*)
1457:Drivers/STM32F4xx_HAL_Driver/Inc/stm32f4xx_ll_bus.h ****   *         @arg @ref LL_APB1_GRP1_PERIPH_WWDG
1458:Drivers/STM32F4xx_HAL_Driver/Inc/stm32f4xx_ll_bus.h ****   *         @arg @ref LL_APB1_GRP1_PERIPH_SPI2 (*)
1459:Drivers/STM32F4xx_HAL_Driver/Inc/stm32f4xx_ll_bus.h ****   *         @arg @ref LL_APB1_GRP1_PERIPH_SPI3 (*)
1460:Drivers/STM32F4xx_HAL_Driver/Inc/stm32f4xx_ll_bus.h ****   *         @arg @ref LL_APB1_GRP1_PERIPH_SPDIFRX (*)
1461:Drivers/STM32F4xx_HAL_Driver/Inc/stm32f4xx_ll_bus.h ****   *         @arg @ref LL_APB1_GRP1_PERIPH_USART2
1462:Drivers/STM32F4xx_HAL_Driver/Inc/stm32f4xx_ll_bus.h ****   *         @arg @ref LL_APB1_GRP1_PERIPH_USART3 (*)
1463:Drivers/STM32F4xx_HAL_Driver/Inc/stm32f4xx_ll_bus.h ****   *         @arg @ref LL_APB1_GRP1_PERIPH_UART4 (*)
1464:Drivers/STM32F4xx_HAL_Driver/Inc/stm32f4xx_ll_bus.h ****   *         @arg @ref LL_APB1_GRP1_PERIPH_UART5 (*)
1465:Drivers/STM32F4xx_HAL_Driver/Inc/stm32f4xx_ll_bus.h ****   *         @arg @ref LL_APB1_GRP1_PERIPH_I2C1
1466:Drivers/STM32F4xx_HAL_Driver/Inc/stm32f4xx_ll_bus.h ****   *         @arg @ref LL_APB1_GRP1_PERIPH_I2C2
1467:Drivers/STM32F4xx_HAL_Driver/Inc/stm32f4xx_ll_bus.h ****   *         @arg @ref LL_APB1_GRP1_PERIPH_I2C3 (*)
1468:Drivers/STM32F4xx_HAL_Driver/Inc/stm32f4xx_ll_bus.h ****   *         @arg @ref LL_APB1_GRP1_PERIPH_FMPI2C1 (*)
1469:Drivers/STM32F4xx_HAL_Driver/Inc/stm32f4xx_ll_bus.h ****   *         @arg @ref LL_APB1_GRP1_PERIPH_CAN1 (*)
1470:Drivers/STM32F4xx_HAL_Driver/Inc/stm32f4xx_ll_bus.h ****   *         @arg @ref LL_APB1_GRP1_PERIPH_CAN2 (*)
1471:Drivers/STM32F4xx_HAL_Driver/Inc/stm32f4xx_ll_bus.h ****   *         @arg @ref LL_APB1_GRP1_PERIPH_CAN3 (*)
1472:Drivers/STM32F4xx_HAL_Driver/Inc/stm32f4xx_ll_bus.h ****   *         @arg @ref LL_APB1_GRP1_PERIPH_CEC (*)
1473:Drivers/STM32F4xx_HAL_Driver/Inc/stm32f4xx_ll_bus.h ****   *         @arg @ref LL_APB1_GRP1_PERIPH_PWR
1474:Drivers/STM32F4xx_HAL_Driver/Inc/stm32f4xx_ll_bus.h ****   *         @arg @ref LL_APB1_GRP1_PERIPH_DAC1 (*)
1475:Drivers/STM32F4xx_HAL_Driver/Inc/stm32f4xx_ll_bus.h ****   *         @arg @ref LL_APB1_GRP1_PERIPH_UART7 (*)
1476:Drivers/STM32F4xx_HAL_Driver/Inc/stm32f4xx_ll_bus.h ****   *         @arg @ref LL_APB1_GRP1_PERIPH_UART8 (*)
1477:Drivers/STM32F4xx_HAL_Driver/Inc/stm32f4xx_ll_bus.h ****   *
1478:Drivers/STM32F4xx_HAL_Driver/Inc/stm32f4xx_ll_bus.h ****   *         (*) value not defined in all devices.
1479:Drivers/STM32F4xx_HAL_Driver/Inc/stm32f4xx_ll_bus.h ****   * @retval None
1480:Drivers/STM32F4xx_HAL_Driver/Inc/stm32f4xx_ll_bus.h ****   */
1481:Drivers/STM32F4xx_HAL_Driver/Inc/stm32f4xx_ll_bus.h **** __STATIC_INLINE void LL_APB1_GRP1_ReleaseReset(uint32_t Periphs)
 219              		.loc 3 1481 22 view .LVU52
 220              	.LBB29:
1482:Drivers/STM32F4xx_HAL_Driver/Inc/stm32f4xx_ll_bus.h **** {
1483:Drivers/STM32F4xx_HAL_Driver/Inc/stm32f4xx_ll_bus.h ****   CLEAR_BIT(RCC->APB1RSTR, Periphs);
 221              		.loc 3 1483 3 view .LVU53
 222 0022 1A6A     		ldr	r2, [r3, #32]
 223 0024 22F40012 		bic	r2, r2, #2097152
 224 0028 1A62     		str	r2, [r3, #32]
 225              	.LVL19:
 226              		.loc 3 1483 3 is_stmt 0 view .LVU54
 227              	.LBE29:
 228              	.LBE28:
  96:Drivers/STM32F4xx_HAL_Driver/Src/stm32f4xx_ll_i2c.c **** 
 229              		.loc 1 96 15 view .LVU55
 230 002a 0020     		movs	r0, #0
 231              	.LVL20:
 232              	.LBB31:
 233              	.LBB30:
1484:Drivers/STM32F4xx_HAL_Driver/Inc/stm32f4xx_ll_bus.h **** }
 234              		.loc 3 1484 1 view .LVU56
ARM GAS  C:\Users\chris\AppData\Local\Temp\ccHvCGBe.s 			page 49


 235 002c 7047     		bx	lr
 236              	.LVL21:
 237              	.L19:
 238              		.loc 3 1484 1 view .LVU57
 239              	.LBE30:
 240              	.LBE31:
 112:Drivers/STM32F4xx_HAL_Driver/Src/stm32f4xx_ll_i2c.c **** 
 241              		.loc 1 112 5 is_stmt 1 view .LVU58
 242              	.LBB32:
 243              	.LBI32:
1409:Drivers/STM32F4xx_HAL_Driver/Inc/stm32f4xx_ll_bus.h **** {
 244              		.loc 3 1409 22 view .LVU59
 245              	.LBB33:
1411:Drivers/STM32F4xx_HAL_Driver/Inc/stm32f4xx_ll_bus.h **** }
 246              		.loc 3 1411 3 view .LVU60
 247 002e 03F5F033 		add	r3, r3, #122880
 248 0032 1A6A     		ldr	r2, [r3, #32]
 249 0034 42F48002 		orr	r2, r2, #4194304
 250 0038 1A62     		str	r2, [r3, #32]
 251              	.LVL22:
1411:Drivers/STM32F4xx_HAL_Driver/Inc/stm32f4xx_ll_bus.h **** }
 252              		.loc 3 1411 3 is_stmt 0 view .LVU61
 253              	.LBE33:
 254              	.LBE32:
 115:Drivers/STM32F4xx_HAL_Driver/Src/stm32f4xx_ll_i2c.c **** 
 255              		.loc 1 115 5 is_stmt 1 view .LVU62
 256              	.LBB34:
 257              	.LBI34:
1481:Drivers/STM32F4xx_HAL_Driver/Inc/stm32f4xx_ll_bus.h **** {
 258              		.loc 3 1481 22 view .LVU63
 259              	.LBB35:
1483:Drivers/STM32F4xx_HAL_Driver/Inc/stm32f4xx_ll_bus.h **** }
 260              		.loc 3 1483 3 view .LVU64
 261 003a 1A6A     		ldr	r2, [r3, #32]
 262 003c 22F48002 		bic	r2, r2, #4194304
 263 0040 1A62     		str	r2, [r3, #32]
 264              	.LVL23:
1483:Drivers/STM32F4xx_HAL_Driver/Inc/stm32f4xx_ll_bus.h **** }
 265              		.loc 3 1483 3 is_stmt 0 view .LVU65
 266              	.LBE35:
 267              	.LBE34:
  96:Drivers/STM32F4xx_HAL_Driver/Src/stm32f4xx_ll_i2c.c **** 
 268              		.loc 1 96 15 view .LVU66
 269 0042 0020     		movs	r0, #0
 270              	.LVL24:
 271              	.LBB37:
 272              	.LBB36:
 273              		.loc 3 1484 1 view .LVU67
 274 0044 7047     		bx	lr
 275              	.LVL25:
 276              	.L20:
 277              		.loc 3 1484 1 view .LVU68
 278              	.LBE36:
 279              	.LBE37:
 122:Drivers/STM32F4xx_HAL_Driver/Src/stm32f4xx_ll_i2c.c **** 
 280              		.loc 1 122 5 is_stmt 1 view .LVU69
 281              	.LBB38:
ARM GAS  C:\Users\chris\AppData\Local\Temp\ccHvCGBe.s 			page 50


 282              	.LBI38:
1409:Drivers/STM32F4xx_HAL_Driver/Inc/stm32f4xx_ll_bus.h **** {
 283              		.loc 3 1409 22 view .LVU70
 284              	.LBB39:
1411:Drivers/STM32F4xx_HAL_Driver/Inc/stm32f4xx_ll_bus.h **** }
 285              		.loc 3 1411 3 view .LVU71
 286 0046 03F5EE33 		add	r3, r3, #121856
 287 004a 1A6A     		ldr	r2, [r3, #32]
 288 004c 42F40002 		orr	r2, r2, #8388608
 289 0050 1A62     		str	r2, [r3, #32]
 290              	.LVL26:
1411:Drivers/STM32F4xx_HAL_Driver/Inc/stm32f4xx_ll_bus.h **** }
 291              		.loc 3 1411 3 is_stmt 0 view .LVU72
 292              	.LBE39:
 293              	.LBE38:
 125:Drivers/STM32F4xx_HAL_Driver/Src/stm32f4xx_ll_i2c.c ****   }
 294              		.loc 1 125 5 is_stmt 1 view .LVU73
 295              	.LBB40:
 296              	.LBI40:
1481:Drivers/STM32F4xx_HAL_Driver/Inc/stm32f4xx_ll_bus.h **** {
 297              		.loc 3 1481 22 view .LVU74
 298              	.LBB41:
1483:Drivers/STM32F4xx_HAL_Driver/Inc/stm32f4xx_ll_bus.h **** }
 299              		.loc 3 1483 3 view .LVU75
 300 0052 1A6A     		ldr	r2, [r3, #32]
 301 0054 22F40002 		bic	r2, r2, #8388608
 302 0058 1A62     		str	r2, [r3, #32]
 303              	.LVL27:
1483:Drivers/STM32F4xx_HAL_Driver/Inc/stm32f4xx_ll_bus.h **** }
 304              		.loc 3 1483 3 is_stmt 0 view .LVU76
 305              	.LBE41:
 306              	.LBE40:
  96:Drivers/STM32F4xx_HAL_Driver/Src/stm32f4xx_ll_i2c.c **** 
 307              		.loc 1 96 15 view .LVU77
 308 005a 0020     		movs	r0, #0
 309              	.LVL28:
 310              	.LBB43:
 311              	.LBB42:
 312              		.loc 3 1484 1 view .LVU78
 313 005c 7047     		bx	lr
 314              	.L22:
 315 005e 00BF     		.align	2
 316              	.L21:
 317 0060 00540040 		.word	1073763328
 318 0064 00580040 		.word	1073764352
 319 0068 005C0040 		.word	1073765376
 320              	.LBE42:
 321              	.LBE43:
 322              		.cfi_endproc
 323              	.LFE378:
 325              		.section	.text.LL_I2C_Init,"ax",%progbits
 326              		.align	1
 327              		.global	LL_I2C_Init
 328              		.syntax unified
 329              		.thumb
 330              		.thumb_func
 332              	LL_I2C_Init:
ARM GAS  C:\Users\chris\AppData\Local\Temp\ccHvCGBe.s 			page 51


 333              	.LVL29:
 334              	.LFB379:
 135:Drivers/STM32F4xx_HAL_Driver/Src/stm32f4xx_ll_i2c.c **** 
 136:Drivers/STM32F4xx_HAL_Driver/Src/stm32f4xx_ll_i2c.c **** /**
 137:Drivers/STM32F4xx_HAL_Driver/Src/stm32f4xx_ll_i2c.c ****   * @brief  Initialize the I2C registers according to the specified parameters in I2C_InitStruct.
 138:Drivers/STM32F4xx_HAL_Driver/Src/stm32f4xx_ll_i2c.c ****   * @param  I2Cx I2C Instance.
 139:Drivers/STM32F4xx_HAL_Driver/Src/stm32f4xx_ll_i2c.c ****   * @param  I2C_InitStruct pointer to a @ref LL_I2C_InitTypeDef structure.
 140:Drivers/STM32F4xx_HAL_Driver/Src/stm32f4xx_ll_i2c.c ****   * @retval An ErrorStatus enumeration value:
 141:Drivers/STM32F4xx_HAL_Driver/Src/stm32f4xx_ll_i2c.c ****   *          - SUCCESS  I2C registers are initialized
 142:Drivers/STM32F4xx_HAL_Driver/Src/stm32f4xx_ll_i2c.c ****   *          - ERROR  Not applicable
 143:Drivers/STM32F4xx_HAL_Driver/Src/stm32f4xx_ll_i2c.c ****   */
 144:Drivers/STM32F4xx_HAL_Driver/Src/stm32f4xx_ll_i2c.c **** uint32_t LL_I2C_Init(I2C_TypeDef *I2Cx, LL_I2C_InitTypeDef *I2C_InitStruct)
 145:Drivers/STM32F4xx_HAL_Driver/Src/stm32f4xx_ll_i2c.c **** {
 335              		.loc 1 145 1 is_stmt 1 view -0
 336              		.cfi_startproc
 337              		@ args = 0, pretend = 0, frame = 16
 338              		@ frame_needed = 0, uses_anonymous_args = 0
 339              		.loc 1 145 1 is_stmt 0 view .LVU80
 340 0000 30B5     		push	{r4, r5, lr}
 341              	.LCFI1:
 342              		.cfi_def_cfa_offset 12
 343              		.cfi_offset 4, -12
 344              		.cfi_offset 5, -8
 345              		.cfi_offset 14, -4
 346 0002 85B0     		sub	sp, sp, #20
 347              	.LCFI2:
 348              		.cfi_def_cfa_offset 32
 349 0004 0446     		mov	r4, r0
 350 0006 0D46     		mov	r5, r1
 146:Drivers/STM32F4xx_HAL_Driver/Src/stm32f4xx_ll_i2c.c ****   LL_RCC_ClocksTypeDef rcc_clocks;
 351              		.loc 1 146 3 is_stmt 1 view .LVU81
 147:Drivers/STM32F4xx_HAL_Driver/Src/stm32f4xx_ll_i2c.c **** 
 148:Drivers/STM32F4xx_HAL_Driver/Src/stm32f4xx_ll_i2c.c ****   /* Check the I2C Instance I2Cx */
 149:Drivers/STM32F4xx_HAL_Driver/Src/stm32f4xx_ll_i2c.c ****   assert_param(IS_I2C_ALL_INSTANCE(I2Cx));
 352              		.loc 1 149 3 view .LVU82
 150:Drivers/STM32F4xx_HAL_Driver/Src/stm32f4xx_ll_i2c.c **** 
 151:Drivers/STM32F4xx_HAL_Driver/Src/stm32f4xx_ll_i2c.c ****   /* Check the I2C parameters from I2C_InitStruct */
 152:Drivers/STM32F4xx_HAL_Driver/Src/stm32f4xx_ll_i2c.c ****   assert_param(IS_LL_I2C_PERIPHERAL_MODE(I2C_InitStruct->PeripheralMode));
 353              		.loc 1 152 3 view .LVU83
 153:Drivers/STM32F4xx_HAL_Driver/Src/stm32f4xx_ll_i2c.c ****   assert_param(IS_LL_I2C_CLOCK_SPEED(I2C_InitStruct->ClockSpeed));
 354              		.loc 1 153 3 view .LVU84
 154:Drivers/STM32F4xx_HAL_Driver/Src/stm32f4xx_ll_i2c.c ****   assert_param(IS_LL_I2C_DUTY_CYCLE(I2C_InitStruct->DutyCycle));
 355              		.loc 1 154 3 view .LVU85
 155:Drivers/STM32F4xx_HAL_Driver/Src/stm32f4xx_ll_i2c.c **** #if  defined(I2C_FLTR_ANOFF)&&defined(I2C_FLTR_DNF)
 156:Drivers/STM32F4xx_HAL_Driver/Src/stm32f4xx_ll_i2c.c ****   assert_param(IS_LL_I2C_ANALOG_FILTER(I2C_InitStruct->AnalogFilter));
 356              		.loc 1 156 3 view .LVU86
 157:Drivers/STM32F4xx_HAL_Driver/Src/stm32f4xx_ll_i2c.c ****   assert_param(IS_LL_I2C_DIGITAL_FILTER(I2C_InitStruct->DigitalFilter));
 357              		.loc 1 157 3 view .LVU87
 158:Drivers/STM32F4xx_HAL_Driver/Src/stm32f4xx_ll_i2c.c **** #endif
 159:Drivers/STM32F4xx_HAL_Driver/Src/stm32f4xx_ll_i2c.c ****   assert_param(IS_LL_I2C_OWN_ADDRESS1(I2C_InitStruct->OwnAddress1));
 358              		.loc 1 159 3 view .LVU88
 160:Drivers/STM32F4xx_HAL_Driver/Src/stm32f4xx_ll_i2c.c ****   assert_param(IS_LL_I2C_TYPE_ACKNOWLEDGE(I2C_InitStruct->TypeAcknowledge));
 359              		.loc 1 160 3 view .LVU89
 161:Drivers/STM32F4xx_HAL_Driver/Src/stm32f4xx_ll_i2c.c ****   assert_param(IS_LL_I2C_OWN_ADDRSIZE(I2C_InitStruct->OwnAddrSize));
 360              		.loc 1 161 3 view .LVU90
 162:Drivers/STM32F4xx_HAL_Driver/Src/stm32f4xx_ll_i2c.c **** 
 163:Drivers/STM32F4xx_HAL_Driver/Src/stm32f4xx_ll_i2c.c ****   /* Disable the selected I2Cx Peripheral */
ARM GAS  C:\Users\chris\AppData\Local\Temp\ccHvCGBe.s 			page 52


 164:Drivers/STM32F4xx_HAL_Driver/Src/stm32f4xx_ll_i2c.c ****   LL_I2C_Disable(I2Cx);
 361              		.loc 1 164 3 view .LVU91
 362              	.LVL30:
 363              	.LBB44:
 364              	.LBI44:
 382:Drivers/STM32F4xx_HAL_Driver/Inc/stm32f4xx_ll_i2c.h **** {
 365              		.loc 2 382 22 view .LVU92
 366              	.LBB45:
 384:Drivers/STM32F4xx_HAL_Driver/Inc/stm32f4xx_ll_i2c.h **** }
 367              		.loc 2 384 3 view .LVU93
 368 0008 0368     		ldr	r3, [r0]
 369 000a 23F00103 		bic	r3, r3, #1
 370 000e 0360     		str	r3, [r0]
 371              	.LVL31:
 384:Drivers/STM32F4xx_HAL_Driver/Inc/stm32f4xx_ll_i2c.h **** }
 372              		.loc 2 384 3 is_stmt 0 view .LVU94
 373              	.LBE45:
 374              	.LBE44:
 165:Drivers/STM32F4xx_HAL_Driver/Src/stm32f4xx_ll_i2c.c **** 
 166:Drivers/STM32F4xx_HAL_Driver/Src/stm32f4xx_ll_i2c.c ****   /* Retrieve Clock frequencies */
 167:Drivers/STM32F4xx_HAL_Driver/Src/stm32f4xx_ll_i2c.c ****   LL_RCC_GetSystemClocksFreq(&rcc_clocks);
 375              		.loc 1 167 3 is_stmt 1 view .LVU95
 376 0010 6846     		mov	r0, sp
 377              	.LVL32:
 378              		.loc 1 167 3 is_stmt 0 view .LVU96
 379 0012 FFF7FEFF 		bl	LL_RCC_GetSystemClocksFreq
 380              	.LVL33:
 168:Drivers/STM32F4xx_HAL_Driver/Src/stm32f4xx_ll_i2c.c **** 
 169:Drivers/STM32F4xx_HAL_Driver/Src/stm32f4xx_ll_i2c.c **** #if  defined(I2C_FLTR_ANOFF)&&defined(I2C_FLTR_DNF)
 170:Drivers/STM32F4xx_HAL_Driver/Src/stm32f4xx_ll_i2c.c ****   /*---------------------------- I2Cx FLTR Configuration -----------------------
 171:Drivers/STM32F4xx_HAL_Driver/Src/stm32f4xx_ll_i2c.c ****    * Configure the analog and digital noise filters with parameters :
 172:Drivers/STM32F4xx_HAL_Driver/Src/stm32f4xx_ll_i2c.c ****    * - AnalogFilter: I2C_FLTR_ANFOFF bit
 173:Drivers/STM32F4xx_HAL_Driver/Src/stm32f4xx_ll_i2c.c ****    * - DigitalFilter: I2C_FLTR_DNF[3:0] bits
 174:Drivers/STM32F4xx_HAL_Driver/Src/stm32f4xx_ll_i2c.c ****    */
 175:Drivers/STM32F4xx_HAL_Driver/Src/stm32f4xx_ll_i2c.c ****   LL_I2C_ConfigFilters(I2Cx, I2C_InitStruct->AnalogFilter, I2C_InitStruct->DigitalFilter);
 381              		.loc 1 175 3 is_stmt 1 view .LVU97
 382 0016 EA68     		ldr	r2, [r5, #12]
 383 0018 2969     		ldr	r1, [r5, #16]
 384              	.LVL34:
 385              	.LBB46:
 386              	.LBI46:
 413:Drivers/STM32F4xx_HAL_Driver/Inc/stm32f4xx_ll_i2c.h **** {
 387              		.loc 2 413 22 view .LVU98
 388              	.LBB47:
 415:Drivers/STM32F4xx_HAL_Driver/Inc/stm32f4xx_ll_i2c.h **** }
 389              		.loc 2 415 3 view .LVU99
 390 001a 636A     		ldr	r3, [r4, #36]
 391 001c 23F01F03 		bic	r3, r3, #31
 392 0020 0A43     		orrs	r2, r2, r1
 393              	.LVL35:
 415:Drivers/STM32F4xx_HAL_Driver/Inc/stm32f4xx_ll_i2c.h **** }
 394              		.loc 2 415 3 is_stmt 0 view .LVU100
 395 0022 1343     		orrs	r3, r3, r2
 396 0024 6362     		str	r3, [r4, #36]
 397              	.LVL36:
 415:Drivers/STM32F4xx_HAL_Driver/Inc/stm32f4xx_ll_i2c.h **** }
 398              		.loc 2 415 3 view .LVU101
ARM GAS  C:\Users\chris\AppData\Local\Temp\ccHvCGBe.s 			page 53


 399              	.LBE47:
 400              	.LBE46:
 176:Drivers/STM32F4xx_HAL_Driver/Src/stm32f4xx_ll_i2c.c **** 
 177:Drivers/STM32F4xx_HAL_Driver/Src/stm32f4xx_ll_i2c.c **** #endif
 178:Drivers/STM32F4xx_HAL_Driver/Src/stm32f4xx_ll_i2c.c ****   /*---------------------------- I2Cx SCL Clock Speed Configuration ------------
 179:Drivers/STM32F4xx_HAL_Driver/Src/stm32f4xx_ll_i2c.c ****    * Configure the SCL speed :
 180:Drivers/STM32F4xx_HAL_Driver/Src/stm32f4xx_ll_i2c.c ****    * - ClockSpeed: I2C_CR2_FREQ[5:0], I2C_TRISE_TRISE[5:0], I2C_CCR_FS,
 181:Drivers/STM32F4xx_HAL_Driver/Src/stm32f4xx_ll_i2c.c ****    *           and I2C_CCR_CCR[11:0] bits
 182:Drivers/STM32F4xx_HAL_Driver/Src/stm32f4xx_ll_i2c.c ****    * - DutyCycle: I2C_CCR_DUTY[7:0] bits
 183:Drivers/STM32F4xx_HAL_Driver/Src/stm32f4xx_ll_i2c.c ****    */
 184:Drivers/STM32F4xx_HAL_Driver/Src/stm32f4xx_ll_i2c.c ****   LL_I2C_ConfigSpeed(I2Cx, rcc_clocks.PCLK1_Frequency, I2C_InitStruct->ClockSpeed, I2C_InitStruct->
 401              		.loc 1 184 3 is_stmt 1 view .LVU102
 402 0026 AB68     		ldr	r3, [r5, #8]
 403 0028 6A68     		ldr	r2, [r5, #4]
 404 002a 0299     		ldr	r1, [sp, #8]
 405 002c 2046     		mov	r0, r4
 406 002e FFF7FEFF 		bl	LL_I2C_ConfigSpeed
 407              	.LVL37:
 185:Drivers/STM32F4xx_HAL_Driver/Src/stm32f4xx_ll_i2c.c **** 
 186:Drivers/STM32F4xx_HAL_Driver/Src/stm32f4xx_ll_i2c.c ****   /*---------------------------- I2Cx OAR1 Configuration -----------------------
 187:Drivers/STM32F4xx_HAL_Driver/Src/stm32f4xx_ll_i2c.c ****    * Disable, Configure and Enable I2Cx device own address 1 with parameters :
 188:Drivers/STM32F4xx_HAL_Driver/Src/stm32f4xx_ll_i2c.c ****    * - OwnAddress1:  I2C_OAR1_ADD[9:8], I2C_OAR1_ADD[7:1] and I2C_OAR1_ADD0 bits
 189:Drivers/STM32F4xx_HAL_Driver/Src/stm32f4xx_ll_i2c.c ****    * - OwnAddrSize:  I2C_OAR1_ADDMODE bit
 190:Drivers/STM32F4xx_HAL_Driver/Src/stm32f4xx_ll_i2c.c ****    */
 191:Drivers/STM32F4xx_HAL_Driver/Src/stm32f4xx_ll_i2c.c ****   LL_I2C_SetOwnAddress1(I2Cx, I2C_InitStruct->OwnAddress1, I2C_InitStruct->OwnAddrSize);
 408              		.loc 1 191 3 view .LVU103
 409 0032 6A69     		ldr	r2, [r5, #20]
 410 0034 E969     		ldr	r1, [r5, #28]
 411              	.LVL38:
 412              	.LBB48:
 413              	.LBI48:
 644:Drivers/STM32F4xx_HAL_Driver/Inc/stm32f4xx_ll_i2c.h **** {
 414              		.loc 2 644 22 view .LVU104
 415              	.LBB49:
 646:Drivers/STM32F4xx_HAL_Driver/Inc/stm32f4xx_ll_i2c.h **** }
 416              		.loc 2 646 3 view .LVU105
 417 0036 A368     		ldr	r3, [r4, #8]
 418 0038 23F40343 		bic	r3, r3, #33536
 419 003c 23F0FF03 		bic	r3, r3, #255
 420 0040 0A43     		orrs	r2, r2, r1
 421              	.LVL39:
 646:Drivers/STM32F4xx_HAL_Driver/Inc/stm32f4xx_ll_i2c.h **** }
 422              		.loc 2 646 3 is_stmt 0 view .LVU106
 423 0042 1343     		orrs	r3, r3, r2
 424 0044 A360     		str	r3, [r4, #8]
 425              	.LVL40:
 646:Drivers/STM32F4xx_HAL_Driver/Inc/stm32f4xx_ll_i2c.h **** }
 426              		.loc 2 646 3 view .LVU107
 427              	.LBE49:
 428              	.LBE48:
 192:Drivers/STM32F4xx_HAL_Driver/Src/stm32f4xx_ll_i2c.c **** 
 193:Drivers/STM32F4xx_HAL_Driver/Src/stm32f4xx_ll_i2c.c ****   /*---------------------------- I2Cx MODE Configuration -----------------------
 194:Drivers/STM32F4xx_HAL_Driver/Src/stm32f4xx_ll_i2c.c ****   * Configure I2Cx peripheral mode with parameter :
 195:Drivers/STM32F4xx_HAL_Driver/Src/stm32f4xx_ll_i2c.c ****    * - PeripheralMode: I2C_CR1_SMBUS, I2C_CR1_SMBTYPE and I2C_CR1_ENARP bits
 196:Drivers/STM32F4xx_HAL_Driver/Src/stm32f4xx_ll_i2c.c ****    */
 197:Drivers/STM32F4xx_HAL_Driver/Src/stm32f4xx_ll_i2c.c ****   LL_I2C_SetMode(I2Cx, I2C_InitStruct->PeripheralMode);
 429              		.loc 1 197 3 is_stmt 1 view .LVU108
ARM GAS  C:\Users\chris\AppData\Local\Temp\ccHvCGBe.s 			page 54


 430 0046 2B68     		ldr	r3, [r5]
 431              	.LVL41:
 432              	.LBB50:
 433              	.LBI50:
 869:Drivers/STM32F4xx_HAL_Driver/Inc/stm32f4xx_ll_i2c.h **** 
 870:Drivers/STM32F4xx_HAL_Driver/Inc/stm32f4xx_ll_i2c.h **** /**
 871:Drivers/STM32F4xx_HAL_Driver/Inc/stm32f4xx_ll_i2c.h ****   * @brief  Configure peripheral mode.
 872:Drivers/STM32F4xx_HAL_Driver/Inc/stm32f4xx_ll_i2c.h ****   * @note   Macro IS_SMBUS_ALL_INSTANCE(I2Cx) can be used to check whether or not
 873:Drivers/STM32F4xx_HAL_Driver/Inc/stm32f4xx_ll_i2c.h ****   *         SMBus feature is supported by the I2Cx Instance.
 874:Drivers/STM32F4xx_HAL_Driver/Inc/stm32f4xx_ll_i2c.h ****   * @rmtoll CR1          SMBUS         LL_I2C_SetMode\n
 875:Drivers/STM32F4xx_HAL_Driver/Inc/stm32f4xx_ll_i2c.h ****   *         CR1          SMBTYPE       LL_I2C_SetMode\n
 876:Drivers/STM32F4xx_HAL_Driver/Inc/stm32f4xx_ll_i2c.h ****   *         CR1          ENARP         LL_I2C_SetMode
 877:Drivers/STM32F4xx_HAL_Driver/Inc/stm32f4xx_ll_i2c.h ****   * @param  I2Cx I2C Instance.
 878:Drivers/STM32F4xx_HAL_Driver/Inc/stm32f4xx_ll_i2c.h ****   * @param  PeripheralMode This parameter can be one of the following values:
 879:Drivers/STM32F4xx_HAL_Driver/Inc/stm32f4xx_ll_i2c.h ****   *         @arg @ref LL_I2C_MODE_I2C
 880:Drivers/STM32F4xx_HAL_Driver/Inc/stm32f4xx_ll_i2c.h ****   *         @arg @ref LL_I2C_MODE_SMBUS_HOST
 881:Drivers/STM32F4xx_HAL_Driver/Inc/stm32f4xx_ll_i2c.h ****   *         @arg @ref LL_I2C_MODE_SMBUS_DEVICE
 882:Drivers/STM32F4xx_HAL_Driver/Inc/stm32f4xx_ll_i2c.h ****   *         @arg @ref LL_I2C_MODE_SMBUS_DEVICE_ARP
 883:Drivers/STM32F4xx_HAL_Driver/Inc/stm32f4xx_ll_i2c.h ****   * @retval None
 884:Drivers/STM32F4xx_HAL_Driver/Inc/stm32f4xx_ll_i2c.h ****   */
 885:Drivers/STM32F4xx_HAL_Driver/Inc/stm32f4xx_ll_i2c.h **** __STATIC_INLINE void LL_I2C_SetMode(I2C_TypeDef *I2Cx, uint32_t PeripheralMode)
 434              		.loc 2 885 22 view .LVU109
 435              	.LBB51:
 886:Drivers/STM32F4xx_HAL_Driver/Inc/stm32f4xx_ll_i2c.h **** {
 887:Drivers/STM32F4xx_HAL_Driver/Inc/stm32f4xx_ll_i2c.h ****   MODIFY_REG(I2Cx->CR1, I2C_CR1_SMBUS | I2C_CR1_SMBTYPE | I2C_CR1_ENARP, PeripheralMode);
 436              		.loc 2 887 3 view .LVU110
 437 0048 2268     		ldr	r2, [r4]
 438 004a 22F01A02 		bic	r2, r2, #26
 439 004e 1343     		orrs	r3, r3, r2
 440              	.LVL42:
 441              		.loc 2 887 3 is_stmt 0 view .LVU111
 442 0050 2360     		str	r3, [r4]
 443              	.LVL43:
 444              		.loc 2 887 3 view .LVU112
 445              	.LBE51:
 446              	.LBE50:
 198:Drivers/STM32F4xx_HAL_Driver/Src/stm32f4xx_ll_i2c.c **** 
 199:Drivers/STM32F4xx_HAL_Driver/Src/stm32f4xx_ll_i2c.c ****   /* Enable the selected I2Cx Peripheral */
 200:Drivers/STM32F4xx_HAL_Driver/Src/stm32f4xx_ll_i2c.c ****   LL_I2C_Enable(I2Cx);
 447              		.loc 1 200 3 is_stmt 1 view .LVU113
 448              	.LBB52:
 449              	.LBI52:
 371:Drivers/STM32F4xx_HAL_Driver/Inc/stm32f4xx_ll_i2c.h **** {
 450              		.loc 2 371 22 view .LVU114
 451              	.LBB53:
 373:Drivers/STM32F4xx_HAL_Driver/Inc/stm32f4xx_ll_i2c.h **** }
 452              		.loc 2 373 3 view .LVU115
 453 0052 2368     		ldr	r3, [r4]
 454 0054 43F00103 		orr	r3, r3, #1
 455 0058 2360     		str	r3, [r4]
 456              	.LVL44:
 373:Drivers/STM32F4xx_HAL_Driver/Inc/stm32f4xx_ll_i2c.h **** }
 457              		.loc 2 373 3 is_stmt 0 view .LVU116
 458              	.LBE53:
 459              	.LBE52:
 201:Drivers/STM32F4xx_HAL_Driver/Src/stm32f4xx_ll_i2c.c **** 
 202:Drivers/STM32F4xx_HAL_Driver/Src/stm32f4xx_ll_i2c.c ****   /*---------------------------- I2Cx CR2 Configuration ------------------------
ARM GAS  C:\Users\chris\AppData\Local\Temp\ccHvCGBe.s 			page 55


 203:Drivers/STM32F4xx_HAL_Driver/Src/stm32f4xx_ll_i2c.c ****    * Configure the ACKnowledge or Non ACKnowledge condition
 204:Drivers/STM32F4xx_HAL_Driver/Src/stm32f4xx_ll_i2c.c ****    * after the address receive match code or next received byte with parameter :
 205:Drivers/STM32F4xx_HAL_Driver/Src/stm32f4xx_ll_i2c.c ****    * - TypeAcknowledge: I2C_CR2_NACK bit
 206:Drivers/STM32F4xx_HAL_Driver/Src/stm32f4xx_ll_i2c.c ****    */
 207:Drivers/STM32F4xx_HAL_Driver/Src/stm32f4xx_ll_i2c.c ****   LL_I2C_AcknowledgeNextData(I2Cx, I2C_InitStruct->TypeAcknowledge);
 460              		.loc 1 207 3 is_stmt 1 view .LVU117
 461 005a AB69     		ldr	r3, [r5, #24]
 462              	.LVL45:
 463              	.LBB54:
 464              	.LBI54:
 888:Drivers/STM32F4xx_HAL_Driver/Inc/stm32f4xx_ll_i2c.h **** }
 889:Drivers/STM32F4xx_HAL_Driver/Inc/stm32f4xx_ll_i2c.h **** 
 890:Drivers/STM32F4xx_HAL_Driver/Inc/stm32f4xx_ll_i2c.h **** /**
 891:Drivers/STM32F4xx_HAL_Driver/Inc/stm32f4xx_ll_i2c.h ****   * @brief  Get peripheral mode.
 892:Drivers/STM32F4xx_HAL_Driver/Inc/stm32f4xx_ll_i2c.h ****   * @note   Macro IS_SMBUS_ALL_INSTANCE(I2Cx) can be used to check whether or not
 893:Drivers/STM32F4xx_HAL_Driver/Inc/stm32f4xx_ll_i2c.h ****   *         SMBus feature is supported by the I2Cx Instance.
 894:Drivers/STM32F4xx_HAL_Driver/Inc/stm32f4xx_ll_i2c.h ****   * @rmtoll CR1          SMBUS         LL_I2C_GetMode\n
 895:Drivers/STM32F4xx_HAL_Driver/Inc/stm32f4xx_ll_i2c.h ****   *         CR1          SMBTYPE       LL_I2C_GetMode\n
 896:Drivers/STM32F4xx_HAL_Driver/Inc/stm32f4xx_ll_i2c.h ****   *         CR1          ENARP         LL_I2C_GetMode
 897:Drivers/STM32F4xx_HAL_Driver/Inc/stm32f4xx_ll_i2c.h ****   * @param  I2Cx I2C Instance.
 898:Drivers/STM32F4xx_HAL_Driver/Inc/stm32f4xx_ll_i2c.h ****   * @retval Returned value can be one of the following values:
 899:Drivers/STM32F4xx_HAL_Driver/Inc/stm32f4xx_ll_i2c.h ****   *         @arg @ref LL_I2C_MODE_I2C
 900:Drivers/STM32F4xx_HAL_Driver/Inc/stm32f4xx_ll_i2c.h ****   *         @arg @ref LL_I2C_MODE_SMBUS_HOST
 901:Drivers/STM32F4xx_HAL_Driver/Inc/stm32f4xx_ll_i2c.h ****   *         @arg @ref LL_I2C_MODE_SMBUS_DEVICE
 902:Drivers/STM32F4xx_HAL_Driver/Inc/stm32f4xx_ll_i2c.h ****   *         @arg @ref LL_I2C_MODE_SMBUS_DEVICE_ARP
 903:Drivers/STM32F4xx_HAL_Driver/Inc/stm32f4xx_ll_i2c.h ****   */
 904:Drivers/STM32F4xx_HAL_Driver/Inc/stm32f4xx_ll_i2c.h **** __STATIC_INLINE uint32_t LL_I2C_GetMode(I2C_TypeDef *I2Cx)
 905:Drivers/STM32F4xx_HAL_Driver/Inc/stm32f4xx_ll_i2c.h **** {
 906:Drivers/STM32F4xx_HAL_Driver/Inc/stm32f4xx_ll_i2c.h ****   return (uint32_t)(READ_BIT(I2Cx->CR1, I2C_CR1_SMBUS | I2C_CR1_SMBTYPE | I2C_CR1_ENARP));
 907:Drivers/STM32F4xx_HAL_Driver/Inc/stm32f4xx_ll_i2c.h **** }
 908:Drivers/STM32F4xx_HAL_Driver/Inc/stm32f4xx_ll_i2c.h **** 
 909:Drivers/STM32F4xx_HAL_Driver/Inc/stm32f4xx_ll_i2c.h **** /**
 910:Drivers/STM32F4xx_HAL_Driver/Inc/stm32f4xx_ll_i2c.h ****   * @brief  Enable SMBus alert (Host or Device mode)
 911:Drivers/STM32F4xx_HAL_Driver/Inc/stm32f4xx_ll_i2c.h ****   * @note   Macro IS_SMBUS_ALL_INSTANCE(I2Cx) can be used to check whether or not
 912:Drivers/STM32F4xx_HAL_Driver/Inc/stm32f4xx_ll_i2c.h ****   *         SMBus feature is supported by the I2Cx Instance.
 913:Drivers/STM32F4xx_HAL_Driver/Inc/stm32f4xx_ll_i2c.h ****   * @note   SMBus Device mode:
 914:Drivers/STM32F4xx_HAL_Driver/Inc/stm32f4xx_ll_i2c.h ****   *         - SMBus Alert pin is drived low and
 915:Drivers/STM32F4xx_HAL_Driver/Inc/stm32f4xx_ll_i2c.h ****   *           Alert Response Address Header acknowledge is enabled.
 916:Drivers/STM32F4xx_HAL_Driver/Inc/stm32f4xx_ll_i2c.h ****   *         SMBus Host mode:
 917:Drivers/STM32F4xx_HAL_Driver/Inc/stm32f4xx_ll_i2c.h ****   *         - SMBus Alert pin management is supported.
 918:Drivers/STM32F4xx_HAL_Driver/Inc/stm32f4xx_ll_i2c.h ****   * @rmtoll CR1          ALERT         LL_I2C_EnableSMBusAlert
 919:Drivers/STM32F4xx_HAL_Driver/Inc/stm32f4xx_ll_i2c.h ****   * @param  I2Cx I2C Instance.
 920:Drivers/STM32F4xx_HAL_Driver/Inc/stm32f4xx_ll_i2c.h ****   * @retval None
 921:Drivers/STM32F4xx_HAL_Driver/Inc/stm32f4xx_ll_i2c.h ****   */
 922:Drivers/STM32F4xx_HAL_Driver/Inc/stm32f4xx_ll_i2c.h **** __STATIC_INLINE void LL_I2C_EnableSMBusAlert(I2C_TypeDef *I2Cx)
 923:Drivers/STM32F4xx_HAL_Driver/Inc/stm32f4xx_ll_i2c.h **** {
 924:Drivers/STM32F4xx_HAL_Driver/Inc/stm32f4xx_ll_i2c.h ****   SET_BIT(I2Cx->CR1, I2C_CR1_ALERT);
 925:Drivers/STM32F4xx_HAL_Driver/Inc/stm32f4xx_ll_i2c.h **** }
 926:Drivers/STM32F4xx_HAL_Driver/Inc/stm32f4xx_ll_i2c.h **** 
 927:Drivers/STM32F4xx_HAL_Driver/Inc/stm32f4xx_ll_i2c.h **** /**
 928:Drivers/STM32F4xx_HAL_Driver/Inc/stm32f4xx_ll_i2c.h ****   * @brief  Disable SMBus alert (Host or Device mode)
 929:Drivers/STM32F4xx_HAL_Driver/Inc/stm32f4xx_ll_i2c.h ****   * @note   Macro IS_SMBUS_ALL_INSTANCE(I2Cx) can be used to check whether or not
 930:Drivers/STM32F4xx_HAL_Driver/Inc/stm32f4xx_ll_i2c.h ****   *         SMBus feature is supported by the I2Cx Instance.
 931:Drivers/STM32F4xx_HAL_Driver/Inc/stm32f4xx_ll_i2c.h ****   * @note   SMBus Device mode:
 932:Drivers/STM32F4xx_HAL_Driver/Inc/stm32f4xx_ll_i2c.h ****   *         - SMBus Alert pin is not drived (can be used as a standard GPIO) and
 933:Drivers/STM32F4xx_HAL_Driver/Inc/stm32f4xx_ll_i2c.h ****   *           Alert Response Address Header acknowledge is disabled.
 934:Drivers/STM32F4xx_HAL_Driver/Inc/stm32f4xx_ll_i2c.h ****   *         SMBus Host mode:
ARM GAS  C:\Users\chris\AppData\Local\Temp\ccHvCGBe.s 			page 56


 935:Drivers/STM32F4xx_HAL_Driver/Inc/stm32f4xx_ll_i2c.h ****   *         - SMBus Alert pin management is not supported.
 936:Drivers/STM32F4xx_HAL_Driver/Inc/stm32f4xx_ll_i2c.h ****   * @rmtoll CR1          ALERT         LL_I2C_DisableSMBusAlert
 937:Drivers/STM32F4xx_HAL_Driver/Inc/stm32f4xx_ll_i2c.h ****   * @param  I2Cx I2C Instance.
 938:Drivers/STM32F4xx_HAL_Driver/Inc/stm32f4xx_ll_i2c.h ****   * @retval None
 939:Drivers/STM32F4xx_HAL_Driver/Inc/stm32f4xx_ll_i2c.h ****   */
 940:Drivers/STM32F4xx_HAL_Driver/Inc/stm32f4xx_ll_i2c.h **** __STATIC_INLINE void LL_I2C_DisableSMBusAlert(I2C_TypeDef *I2Cx)
 941:Drivers/STM32F4xx_HAL_Driver/Inc/stm32f4xx_ll_i2c.h **** {
 942:Drivers/STM32F4xx_HAL_Driver/Inc/stm32f4xx_ll_i2c.h ****   CLEAR_BIT(I2Cx->CR1, I2C_CR1_ALERT);
 943:Drivers/STM32F4xx_HAL_Driver/Inc/stm32f4xx_ll_i2c.h **** }
 944:Drivers/STM32F4xx_HAL_Driver/Inc/stm32f4xx_ll_i2c.h **** 
 945:Drivers/STM32F4xx_HAL_Driver/Inc/stm32f4xx_ll_i2c.h **** /**
 946:Drivers/STM32F4xx_HAL_Driver/Inc/stm32f4xx_ll_i2c.h ****   * @brief  Check if SMBus alert (Host or Device mode) is enabled or disabled.
 947:Drivers/STM32F4xx_HAL_Driver/Inc/stm32f4xx_ll_i2c.h ****   * @note   Macro IS_SMBUS_ALL_INSTANCE(I2Cx) can be used to check whether or not
 948:Drivers/STM32F4xx_HAL_Driver/Inc/stm32f4xx_ll_i2c.h ****   *         SMBus feature is supported by the I2Cx Instance.
 949:Drivers/STM32F4xx_HAL_Driver/Inc/stm32f4xx_ll_i2c.h ****   * @rmtoll CR1          ALERT         LL_I2C_IsEnabledSMBusAlert
 950:Drivers/STM32F4xx_HAL_Driver/Inc/stm32f4xx_ll_i2c.h ****   * @param  I2Cx I2C Instance.
 951:Drivers/STM32F4xx_HAL_Driver/Inc/stm32f4xx_ll_i2c.h ****   * @retval State of bit (1 or 0).
 952:Drivers/STM32F4xx_HAL_Driver/Inc/stm32f4xx_ll_i2c.h ****   */
 953:Drivers/STM32F4xx_HAL_Driver/Inc/stm32f4xx_ll_i2c.h **** __STATIC_INLINE uint32_t LL_I2C_IsEnabledSMBusAlert(I2C_TypeDef *I2Cx)
 954:Drivers/STM32F4xx_HAL_Driver/Inc/stm32f4xx_ll_i2c.h **** {
 955:Drivers/STM32F4xx_HAL_Driver/Inc/stm32f4xx_ll_i2c.h ****   return (READ_BIT(I2Cx->CR1, I2C_CR1_ALERT) == (I2C_CR1_ALERT));
 956:Drivers/STM32F4xx_HAL_Driver/Inc/stm32f4xx_ll_i2c.h **** }
 957:Drivers/STM32F4xx_HAL_Driver/Inc/stm32f4xx_ll_i2c.h **** 
 958:Drivers/STM32F4xx_HAL_Driver/Inc/stm32f4xx_ll_i2c.h **** /**
 959:Drivers/STM32F4xx_HAL_Driver/Inc/stm32f4xx_ll_i2c.h ****   * @brief  Enable SMBus Packet Error Calculation (PEC).
 960:Drivers/STM32F4xx_HAL_Driver/Inc/stm32f4xx_ll_i2c.h ****   * @note   Macro IS_SMBUS_ALL_INSTANCE(I2Cx) can be used to check whether or not
 961:Drivers/STM32F4xx_HAL_Driver/Inc/stm32f4xx_ll_i2c.h ****   *         SMBus feature is supported by the I2Cx Instance.
 962:Drivers/STM32F4xx_HAL_Driver/Inc/stm32f4xx_ll_i2c.h ****   * @rmtoll CR1          ENPEC         LL_I2C_EnableSMBusPEC
 963:Drivers/STM32F4xx_HAL_Driver/Inc/stm32f4xx_ll_i2c.h ****   * @param  I2Cx I2C Instance.
 964:Drivers/STM32F4xx_HAL_Driver/Inc/stm32f4xx_ll_i2c.h ****   * @retval None
 965:Drivers/STM32F4xx_HAL_Driver/Inc/stm32f4xx_ll_i2c.h ****   */
 966:Drivers/STM32F4xx_HAL_Driver/Inc/stm32f4xx_ll_i2c.h **** __STATIC_INLINE void LL_I2C_EnableSMBusPEC(I2C_TypeDef *I2Cx)
 967:Drivers/STM32F4xx_HAL_Driver/Inc/stm32f4xx_ll_i2c.h **** {
 968:Drivers/STM32F4xx_HAL_Driver/Inc/stm32f4xx_ll_i2c.h ****   SET_BIT(I2Cx->CR1, I2C_CR1_ENPEC);
 969:Drivers/STM32F4xx_HAL_Driver/Inc/stm32f4xx_ll_i2c.h **** }
 970:Drivers/STM32F4xx_HAL_Driver/Inc/stm32f4xx_ll_i2c.h **** 
 971:Drivers/STM32F4xx_HAL_Driver/Inc/stm32f4xx_ll_i2c.h **** /**
 972:Drivers/STM32F4xx_HAL_Driver/Inc/stm32f4xx_ll_i2c.h ****   * @brief  Disable SMBus Packet Error Calculation (PEC).
 973:Drivers/STM32F4xx_HAL_Driver/Inc/stm32f4xx_ll_i2c.h ****   * @note   Macro IS_SMBUS_ALL_INSTANCE(I2Cx) can be used to check whether or not
 974:Drivers/STM32F4xx_HAL_Driver/Inc/stm32f4xx_ll_i2c.h ****   *         SMBus feature is supported by the I2Cx Instance.
 975:Drivers/STM32F4xx_HAL_Driver/Inc/stm32f4xx_ll_i2c.h ****   * @rmtoll CR1          ENPEC         LL_I2C_DisableSMBusPEC
 976:Drivers/STM32F4xx_HAL_Driver/Inc/stm32f4xx_ll_i2c.h ****   * @param  I2Cx I2C Instance.
 977:Drivers/STM32F4xx_HAL_Driver/Inc/stm32f4xx_ll_i2c.h ****   * @retval None
 978:Drivers/STM32F4xx_HAL_Driver/Inc/stm32f4xx_ll_i2c.h ****   */
 979:Drivers/STM32F4xx_HAL_Driver/Inc/stm32f4xx_ll_i2c.h **** __STATIC_INLINE void LL_I2C_DisableSMBusPEC(I2C_TypeDef *I2Cx)
 980:Drivers/STM32F4xx_HAL_Driver/Inc/stm32f4xx_ll_i2c.h **** {
 981:Drivers/STM32F4xx_HAL_Driver/Inc/stm32f4xx_ll_i2c.h ****   CLEAR_BIT(I2Cx->CR1, I2C_CR1_ENPEC);
 982:Drivers/STM32F4xx_HAL_Driver/Inc/stm32f4xx_ll_i2c.h **** }
 983:Drivers/STM32F4xx_HAL_Driver/Inc/stm32f4xx_ll_i2c.h **** 
 984:Drivers/STM32F4xx_HAL_Driver/Inc/stm32f4xx_ll_i2c.h **** /**
 985:Drivers/STM32F4xx_HAL_Driver/Inc/stm32f4xx_ll_i2c.h ****   * @brief  Check if SMBus Packet Error Calculation (PEC) is enabled or disabled.
 986:Drivers/STM32F4xx_HAL_Driver/Inc/stm32f4xx_ll_i2c.h ****   * @note   Macro IS_SMBUS_ALL_INSTANCE(I2Cx) can be used to check whether or not
 987:Drivers/STM32F4xx_HAL_Driver/Inc/stm32f4xx_ll_i2c.h ****   *         SMBus feature is supported by the I2Cx Instance.
 988:Drivers/STM32F4xx_HAL_Driver/Inc/stm32f4xx_ll_i2c.h ****   * @rmtoll CR1          ENPEC         LL_I2C_IsEnabledSMBusPEC
 989:Drivers/STM32F4xx_HAL_Driver/Inc/stm32f4xx_ll_i2c.h ****   * @param  I2Cx I2C Instance.
 990:Drivers/STM32F4xx_HAL_Driver/Inc/stm32f4xx_ll_i2c.h ****   * @retval State of bit (1 or 0).
 991:Drivers/STM32F4xx_HAL_Driver/Inc/stm32f4xx_ll_i2c.h ****   */
ARM GAS  C:\Users\chris\AppData\Local\Temp\ccHvCGBe.s 			page 57


 992:Drivers/STM32F4xx_HAL_Driver/Inc/stm32f4xx_ll_i2c.h **** __STATIC_INLINE uint32_t LL_I2C_IsEnabledSMBusPEC(I2C_TypeDef *I2Cx)
 993:Drivers/STM32F4xx_HAL_Driver/Inc/stm32f4xx_ll_i2c.h **** {
 994:Drivers/STM32F4xx_HAL_Driver/Inc/stm32f4xx_ll_i2c.h ****   return (READ_BIT(I2Cx->CR1, I2C_CR1_ENPEC) == (I2C_CR1_ENPEC));
 995:Drivers/STM32F4xx_HAL_Driver/Inc/stm32f4xx_ll_i2c.h **** }
 996:Drivers/STM32F4xx_HAL_Driver/Inc/stm32f4xx_ll_i2c.h **** 
 997:Drivers/STM32F4xx_HAL_Driver/Inc/stm32f4xx_ll_i2c.h **** /**
 998:Drivers/STM32F4xx_HAL_Driver/Inc/stm32f4xx_ll_i2c.h ****   * @}
 999:Drivers/STM32F4xx_HAL_Driver/Inc/stm32f4xx_ll_i2c.h ****   */
1000:Drivers/STM32F4xx_HAL_Driver/Inc/stm32f4xx_ll_i2c.h **** 
1001:Drivers/STM32F4xx_HAL_Driver/Inc/stm32f4xx_ll_i2c.h **** /** @defgroup I2C_LL_EF_IT_Management IT_Management
1002:Drivers/STM32F4xx_HAL_Driver/Inc/stm32f4xx_ll_i2c.h ****   * @{
1003:Drivers/STM32F4xx_HAL_Driver/Inc/stm32f4xx_ll_i2c.h ****   */
1004:Drivers/STM32F4xx_HAL_Driver/Inc/stm32f4xx_ll_i2c.h **** 
1005:Drivers/STM32F4xx_HAL_Driver/Inc/stm32f4xx_ll_i2c.h **** /**
1006:Drivers/STM32F4xx_HAL_Driver/Inc/stm32f4xx_ll_i2c.h ****   * @brief  Enable TXE interrupt.
1007:Drivers/STM32F4xx_HAL_Driver/Inc/stm32f4xx_ll_i2c.h ****   * @rmtoll CR2          ITEVTEN       LL_I2C_EnableIT_TX\n
1008:Drivers/STM32F4xx_HAL_Driver/Inc/stm32f4xx_ll_i2c.h ****   *         CR2          ITBUFEN       LL_I2C_EnableIT_TX
1009:Drivers/STM32F4xx_HAL_Driver/Inc/stm32f4xx_ll_i2c.h ****   * @param  I2Cx I2C Instance.
1010:Drivers/STM32F4xx_HAL_Driver/Inc/stm32f4xx_ll_i2c.h ****   * @retval None
1011:Drivers/STM32F4xx_HAL_Driver/Inc/stm32f4xx_ll_i2c.h ****   */
1012:Drivers/STM32F4xx_HAL_Driver/Inc/stm32f4xx_ll_i2c.h **** __STATIC_INLINE void LL_I2C_EnableIT_TX(I2C_TypeDef *I2Cx)
1013:Drivers/STM32F4xx_HAL_Driver/Inc/stm32f4xx_ll_i2c.h **** {
1014:Drivers/STM32F4xx_HAL_Driver/Inc/stm32f4xx_ll_i2c.h ****   SET_BIT(I2Cx->CR2, I2C_CR2_ITEVTEN | I2C_CR2_ITBUFEN);
1015:Drivers/STM32F4xx_HAL_Driver/Inc/stm32f4xx_ll_i2c.h **** }
1016:Drivers/STM32F4xx_HAL_Driver/Inc/stm32f4xx_ll_i2c.h **** 
1017:Drivers/STM32F4xx_HAL_Driver/Inc/stm32f4xx_ll_i2c.h **** /**
1018:Drivers/STM32F4xx_HAL_Driver/Inc/stm32f4xx_ll_i2c.h ****   * @brief  Disable TXE interrupt.
1019:Drivers/STM32F4xx_HAL_Driver/Inc/stm32f4xx_ll_i2c.h ****   * @rmtoll CR2          ITEVTEN       LL_I2C_DisableIT_TX\n
1020:Drivers/STM32F4xx_HAL_Driver/Inc/stm32f4xx_ll_i2c.h ****   *         CR2          ITBUFEN       LL_I2C_DisableIT_TX
1021:Drivers/STM32F4xx_HAL_Driver/Inc/stm32f4xx_ll_i2c.h ****   * @param  I2Cx I2C Instance.
1022:Drivers/STM32F4xx_HAL_Driver/Inc/stm32f4xx_ll_i2c.h ****   * @retval None
1023:Drivers/STM32F4xx_HAL_Driver/Inc/stm32f4xx_ll_i2c.h ****   */
1024:Drivers/STM32F4xx_HAL_Driver/Inc/stm32f4xx_ll_i2c.h **** __STATIC_INLINE void LL_I2C_DisableIT_TX(I2C_TypeDef *I2Cx)
1025:Drivers/STM32F4xx_HAL_Driver/Inc/stm32f4xx_ll_i2c.h **** {
1026:Drivers/STM32F4xx_HAL_Driver/Inc/stm32f4xx_ll_i2c.h ****   CLEAR_BIT(I2Cx->CR2, I2C_CR2_ITEVTEN | I2C_CR2_ITBUFEN);
1027:Drivers/STM32F4xx_HAL_Driver/Inc/stm32f4xx_ll_i2c.h **** }
1028:Drivers/STM32F4xx_HAL_Driver/Inc/stm32f4xx_ll_i2c.h **** 
1029:Drivers/STM32F4xx_HAL_Driver/Inc/stm32f4xx_ll_i2c.h **** /**
1030:Drivers/STM32F4xx_HAL_Driver/Inc/stm32f4xx_ll_i2c.h ****   * @brief  Check if the TXE Interrupt is enabled or disabled.
1031:Drivers/STM32F4xx_HAL_Driver/Inc/stm32f4xx_ll_i2c.h ****   * @rmtoll CR2          ITEVTEN       LL_I2C_IsEnabledIT_TX\n
1032:Drivers/STM32F4xx_HAL_Driver/Inc/stm32f4xx_ll_i2c.h ****   *         CR2          ITBUFEN       LL_I2C_IsEnabledIT_TX
1033:Drivers/STM32F4xx_HAL_Driver/Inc/stm32f4xx_ll_i2c.h ****   * @param  I2Cx I2C Instance.
1034:Drivers/STM32F4xx_HAL_Driver/Inc/stm32f4xx_ll_i2c.h ****   * @retval State of bit (1 or 0).
1035:Drivers/STM32F4xx_HAL_Driver/Inc/stm32f4xx_ll_i2c.h ****   */
1036:Drivers/STM32F4xx_HAL_Driver/Inc/stm32f4xx_ll_i2c.h **** __STATIC_INLINE uint32_t LL_I2C_IsEnabledIT_TX(I2C_TypeDef *I2Cx)
1037:Drivers/STM32F4xx_HAL_Driver/Inc/stm32f4xx_ll_i2c.h **** {
1038:Drivers/STM32F4xx_HAL_Driver/Inc/stm32f4xx_ll_i2c.h ****   return (READ_BIT(I2Cx->CR2, I2C_CR2_ITEVTEN | I2C_CR2_ITBUFEN) == (I2C_CR2_ITEVTEN | I2C_CR2_ITBU
1039:Drivers/STM32F4xx_HAL_Driver/Inc/stm32f4xx_ll_i2c.h **** }
1040:Drivers/STM32F4xx_HAL_Driver/Inc/stm32f4xx_ll_i2c.h **** 
1041:Drivers/STM32F4xx_HAL_Driver/Inc/stm32f4xx_ll_i2c.h **** /**
1042:Drivers/STM32F4xx_HAL_Driver/Inc/stm32f4xx_ll_i2c.h ****   * @brief  Enable RXNE interrupt.
1043:Drivers/STM32F4xx_HAL_Driver/Inc/stm32f4xx_ll_i2c.h ****   * @rmtoll CR2          ITEVTEN       LL_I2C_EnableIT_RX\n
1044:Drivers/STM32F4xx_HAL_Driver/Inc/stm32f4xx_ll_i2c.h ****   *         CR2          ITBUFEN       LL_I2C_EnableIT_RX
1045:Drivers/STM32F4xx_HAL_Driver/Inc/stm32f4xx_ll_i2c.h ****   * @param  I2Cx I2C Instance.
1046:Drivers/STM32F4xx_HAL_Driver/Inc/stm32f4xx_ll_i2c.h ****   * @retval None
1047:Drivers/STM32F4xx_HAL_Driver/Inc/stm32f4xx_ll_i2c.h ****   */
1048:Drivers/STM32F4xx_HAL_Driver/Inc/stm32f4xx_ll_i2c.h **** __STATIC_INLINE void LL_I2C_EnableIT_RX(I2C_TypeDef *I2Cx)
ARM GAS  C:\Users\chris\AppData\Local\Temp\ccHvCGBe.s 			page 58


1049:Drivers/STM32F4xx_HAL_Driver/Inc/stm32f4xx_ll_i2c.h **** {
1050:Drivers/STM32F4xx_HAL_Driver/Inc/stm32f4xx_ll_i2c.h ****   SET_BIT(I2Cx->CR2, I2C_CR2_ITEVTEN | I2C_CR2_ITBUFEN);
1051:Drivers/STM32F4xx_HAL_Driver/Inc/stm32f4xx_ll_i2c.h **** }
1052:Drivers/STM32F4xx_HAL_Driver/Inc/stm32f4xx_ll_i2c.h **** 
1053:Drivers/STM32F4xx_HAL_Driver/Inc/stm32f4xx_ll_i2c.h **** /**
1054:Drivers/STM32F4xx_HAL_Driver/Inc/stm32f4xx_ll_i2c.h ****   * @brief  Disable RXNE interrupt.
1055:Drivers/STM32F4xx_HAL_Driver/Inc/stm32f4xx_ll_i2c.h ****   * @rmtoll CR2          ITEVTEN       LL_I2C_DisableIT_RX\n
1056:Drivers/STM32F4xx_HAL_Driver/Inc/stm32f4xx_ll_i2c.h ****   *         CR2          ITBUFEN       LL_I2C_DisableIT_RX
1057:Drivers/STM32F4xx_HAL_Driver/Inc/stm32f4xx_ll_i2c.h ****   * @param  I2Cx I2C Instance.
1058:Drivers/STM32F4xx_HAL_Driver/Inc/stm32f4xx_ll_i2c.h ****   * @retval None
1059:Drivers/STM32F4xx_HAL_Driver/Inc/stm32f4xx_ll_i2c.h ****   */
1060:Drivers/STM32F4xx_HAL_Driver/Inc/stm32f4xx_ll_i2c.h **** __STATIC_INLINE void LL_I2C_DisableIT_RX(I2C_TypeDef *I2Cx)
1061:Drivers/STM32F4xx_HAL_Driver/Inc/stm32f4xx_ll_i2c.h **** {
1062:Drivers/STM32F4xx_HAL_Driver/Inc/stm32f4xx_ll_i2c.h ****   CLEAR_BIT(I2Cx->CR2, I2C_CR2_ITEVTEN | I2C_CR2_ITBUFEN);
1063:Drivers/STM32F4xx_HAL_Driver/Inc/stm32f4xx_ll_i2c.h **** }
1064:Drivers/STM32F4xx_HAL_Driver/Inc/stm32f4xx_ll_i2c.h **** 
1065:Drivers/STM32F4xx_HAL_Driver/Inc/stm32f4xx_ll_i2c.h **** /**
1066:Drivers/STM32F4xx_HAL_Driver/Inc/stm32f4xx_ll_i2c.h ****   * @brief  Check if the RXNE Interrupt is enabled or disabled.
1067:Drivers/STM32F4xx_HAL_Driver/Inc/stm32f4xx_ll_i2c.h ****   * @rmtoll CR2          ITEVTEN       LL_I2C_IsEnabledIT_RX\n
1068:Drivers/STM32F4xx_HAL_Driver/Inc/stm32f4xx_ll_i2c.h ****   *         CR2          ITBUFEN       LL_I2C_IsEnabledIT_RX
1069:Drivers/STM32F4xx_HAL_Driver/Inc/stm32f4xx_ll_i2c.h ****   * @param  I2Cx I2C Instance.
1070:Drivers/STM32F4xx_HAL_Driver/Inc/stm32f4xx_ll_i2c.h ****   * @retval State of bit (1 or 0).
1071:Drivers/STM32F4xx_HAL_Driver/Inc/stm32f4xx_ll_i2c.h ****   */
1072:Drivers/STM32F4xx_HAL_Driver/Inc/stm32f4xx_ll_i2c.h **** __STATIC_INLINE uint32_t LL_I2C_IsEnabledIT_RX(I2C_TypeDef *I2Cx)
1073:Drivers/STM32F4xx_HAL_Driver/Inc/stm32f4xx_ll_i2c.h **** {
1074:Drivers/STM32F4xx_HAL_Driver/Inc/stm32f4xx_ll_i2c.h ****   return (READ_BIT(I2Cx->CR2, I2C_CR2_ITEVTEN | I2C_CR2_ITBUFEN) == (I2C_CR2_ITEVTEN | I2C_CR2_ITBU
1075:Drivers/STM32F4xx_HAL_Driver/Inc/stm32f4xx_ll_i2c.h **** }
1076:Drivers/STM32F4xx_HAL_Driver/Inc/stm32f4xx_ll_i2c.h **** 
1077:Drivers/STM32F4xx_HAL_Driver/Inc/stm32f4xx_ll_i2c.h **** /**
1078:Drivers/STM32F4xx_HAL_Driver/Inc/stm32f4xx_ll_i2c.h ****   * @brief  Enable Events interrupts.
1079:Drivers/STM32F4xx_HAL_Driver/Inc/stm32f4xx_ll_i2c.h ****   * @note   Any of these events will generate interrupt :
1080:Drivers/STM32F4xx_HAL_Driver/Inc/stm32f4xx_ll_i2c.h ****   *         Start Bit (SB)
1081:Drivers/STM32F4xx_HAL_Driver/Inc/stm32f4xx_ll_i2c.h ****   *         Address sent, Address matched (ADDR)
1082:Drivers/STM32F4xx_HAL_Driver/Inc/stm32f4xx_ll_i2c.h ****   *         10-bit header sent (ADD10)
1083:Drivers/STM32F4xx_HAL_Driver/Inc/stm32f4xx_ll_i2c.h ****   *         Stop detection  (STOPF)
1084:Drivers/STM32F4xx_HAL_Driver/Inc/stm32f4xx_ll_i2c.h ****   *         Byte transfer finished (BTF)
1085:Drivers/STM32F4xx_HAL_Driver/Inc/stm32f4xx_ll_i2c.h ****   *
1086:Drivers/STM32F4xx_HAL_Driver/Inc/stm32f4xx_ll_i2c.h ****   * @note   Any of these events will generate interrupt if Buffer interrupts are enabled too(using 
1087:Drivers/STM32F4xx_HAL_Driver/Inc/stm32f4xx_ll_i2c.h ****   *         Receive buffer not empty (RXNE)
1088:Drivers/STM32F4xx_HAL_Driver/Inc/stm32f4xx_ll_i2c.h ****   *         Transmit buffer empty (TXE)
1089:Drivers/STM32F4xx_HAL_Driver/Inc/stm32f4xx_ll_i2c.h ****   * @rmtoll CR2          ITEVTEN       LL_I2C_EnableIT_EVT
1090:Drivers/STM32F4xx_HAL_Driver/Inc/stm32f4xx_ll_i2c.h ****   * @param  I2Cx I2C Instance.
1091:Drivers/STM32F4xx_HAL_Driver/Inc/stm32f4xx_ll_i2c.h ****   * @retval None
1092:Drivers/STM32F4xx_HAL_Driver/Inc/stm32f4xx_ll_i2c.h ****   */
1093:Drivers/STM32F4xx_HAL_Driver/Inc/stm32f4xx_ll_i2c.h **** __STATIC_INLINE void LL_I2C_EnableIT_EVT(I2C_TypeDef *I2Cx)
1094:Drivers/STM32F4xx_HAL_Driver/Inc/stm32f4xx_ll_i2c.h **** {
1095:Drivers/STM32F4xx_HAL_Driver/Inc/stm32f4xx_ll_i2c.h ****   SET_BIT(I2Cx->CR2, I2C_CR2_ITEVTEN);
1096:Drivers/STM32F4xx_HAL_Driver/Inc/stm32f4xx_ll_i2c.h **** }
1097:Drivers/STM32F4xx_HAL_Driver/Inc/stm32f4xx_ll_i2c.h **** 
1098:Drivers/STM32F4xx_HAL_Driver/Inc/stm32f4xx_ll_i2c.h **** /**
1099:Drivers/STM32F4xx_HAL_Driver/Inc/stm32f4xx_ll_i2c.h ****   * @brief  Disable Events interrupts.
1100:Drivers/STM32F4xx_HAL_Driver/Inc/stm32f4xx_ll_i2c.h ****   * @note   Any of these events will generate interrupt :
1101:Drivers/STM32F4xx_HAL_Driver/Inc/stm32f4xx_ll_i2c.h ****   *         Start Bit (SB)
1102:Drivers/STM32F4xx_HAL_Driver/Inc/stm32f4xx_ll_i2c.h ****   *         Address sent, Address matched (ADDR)
1103:Drivers/STM32F4xx_HAL_Driver/Inc/stm32f4xx_ll_i2c.h ****   *         10-bit header sent (ADD10)
1104:Drivers/STM32F4xx_HAL_Driver/Inc/stm32f4xx_ll_i2c.h ****   *         Stop detection  (STOPF)
1105:Drivers/STM32F4xx_HAL_Driver/Inc/stm32f4xx_ll_i2c.h ****   *         Byte transfer finished (BTF)
ARM GAS  C:\Users\chris\AppData\Local\Temp\ccHvCGBe.s 			page 59


1106:Drivers/STM32F4xx_HAL_Driver/Inc/stm32f4xx_ll_i2c.h ****   *         Receive buffer not empty (RXNE)
1107:Drivers/STM32F4xx_HAL_Driver/Inc/stm32f4xx_ll_i2c.h ****   *         Transmit buffer empty (TXE)
1108:Drivers/STM32F4xx_HAL_Driver/Inc/stm32f4xx_ll_i2c.h ****   * @rmtoll CR2          ITEVTEN       LL_I2C_DisableIT_EVT
1109:Drivers/STM32F4xx_HAL_Driver/Inc/stm32f4xx_ll_i2c.h ****   * @param  I2Cx I2C Instance.
1110:Drivers/STM32F4xx_HAL_Driver/Inc/stm32f4xx_ll_i2c.h ****   * @retval None
1111:Drivers/STM32F4xx_HAL_Driver/Inc/stm32f4xx_ll_i2c.h ****   */
1112:Drivers/STM32F4xx_HAL_Driver/Inc/stm32f4xx_ll_i2c.h **** __STATIC_INLINE void LL_I2C_DisableIT_EVT(I2C_TypeDef *I2Cx)
1113:Drivers/STM32F4xx_HAL_Driver/Inc/stm32f4xx_ll_i2c.h **** {
1114:Drivers/STM32F4xx_HAL_Driver/Inc/stm32f4xx_ll_i2c.h ****   CLEAR_BIT(I2Cx->CR2, I2C_CR2_ITEVTEN);
1115:Drivers/STM32F4xx_HAL_Driver/Inc/stm32f4xx_ll_i2c.h **** }
1116:Drivers/STM32F4xx_HAL_Driver/Inc/stm32f4xx_ll_i2c.h **** 
1117:Drivers/STM32F4xx_HAL_Driver/Inc/stm32f4xx_ll_i2c.h **** /**
1118:Drivers/STM32F4xx_HAL_Driver/Inc/stm32f4xx_ll_i2c.h ****   * @brief  Check if Events interrupts are enabled or disabled.
1119:Drivers/STM32F4xx_HAL_Driver/Inc/stm32f4xx_ll_i2c.h ****   * @rmtoll CR2          ITEVTEN       LL_I2C_IsEnabledIT_EVT
1120:Drivers/STM32F4xx_HAL_Driver/Inc/stm32f4xx_ll_i2c.h ****   * @param  I2Cx I2C Instance.
1121:Drivers/STM32F4xx_HAL_Driver/Inc/stm32f4xx_ll_i2c.h ****   * @retval State of bit (1 or 0).
1122:Drivers/STM32F4xx_HAL_Driver/Inc/stm32f4xx_ll_i2c.h ****   */
1123:Drivers/STM32F4xx_HAL_Driver/Inc/stm32f4xx_ll_i2c.h **** __STATIC_INLINE uint32_t LL_I2C_IsEnabledIT_EVT(I2C_TypeDef *I2Cx)
1124:Drivers/STM32F4xx_HAL_Driver/Inc/stm32f4xx_ll_i2c.h **** {
1125:Drivers/STM32F4xx_HAL_Driver/Inc/stm32f4xx_ll_i2c.h ****   return (READ_BIT(I2Cx->CR2, I2C_CR2_ITEVTEN) == (I2C_CR2_ITEVTEN));
1126:Drivers/STM32F4xx_HAL_Driver/Inc/stm32f4xx_ll_i2c.h **** }
1127:Drivers/STM32F4xx_HAL_Driver/Inc/stm32f4xx_ll_i2c.h **** 
1128:Drivers/STM32F4xx_HAL_Driver/Inc/stm32f4xx_ll_i2c.h **** /**
1129:Drivers/STM32F4xx_HAL_Driver/Inc/stm32f4xx_ll_i2c.h ****   * @brief  Enable Buffer interrupts.
1130:Drivers/STM32F4xx_HAL_Driver/Inc/stm32f4xx_ll_i2c.h ****   * @note   Any of these Buffer events will generate interrupt if Events interrupts are enabled too
1131:Drivers/STM32F4xx_HAL_Driver/Inc/stm32f4xx_ll_i2c.h ****   *         Receive buffer not empty (RXNE)
1132:Drivers/STM32F4xx_HAL_Driver/Inc/stm32f4xx_ll_i2c.h ****   *         Transmit buffer empty (TXE)
1133:Drivers/STM32F4xx_HAL_Driver/Inc/stm32f4xx_ll_i2c.h ****   * @rmtoll CR2          ITBUFEN       LL_I2C_EnableIT_BUF
1134:Drivers/STM32F4xx_HAL_Driver/Inc/stm32f4xx_ll_i2c.h ****   * @param  I2Cx I2C Instance.
1135:Drivers/STM32F4xx_HAL_Driver/Inc/stm32f4xx_ll_i2c.h ****   * @retval None
1136:Drivers/STM32F4xx_HAL_Driver/Inc/stm32f4xx_ll_i2c.h ****   */
1137:Drivers/STM32F4xx_HAL_Driver/Inc/stm32f4xx_ll_i2c.h **** __STATIC_INLINE void LL_I2C_EnableIT_BUF(I2C_TypeDef *I2Cx)
1138:Drivers/STM32F4xx_HAL_Driver/Inc/stm32f4xx_ll_i2c.h **** {
1139:Drivers/STM32F4xx_HAL_Driver/Inc/stm32f4xx_ll_i2c.h ****   SET_BIT(I2Cx->CR2, I2C_CR2_ITBUFEN);
1140:Drivers/STM32F4xx_HAL_Driver/Inc/stm32f4xx_ll_i2c.h **** }
1141:Drivers/STM32F4xx_HAL_Driver/Inc/stm32f4xx_ll_i2c.h **** 
1142:Drivers/STM32F4xx_HAL_Driver/Inc/stm32f4xx_ll_i2c.h **** /**
1143:Drivers/STM32F4xx_HAL_Driver/Inc/stm32f4xx_ll_i2c.h ****   * @brief  Disable Buffer interrupts.
1144:Drivers/STM32F4xx_HAL_Driver/Inc/stm32f4xx_ll_i2c.h ****   * @note   Any of these Buffer events will generate interrupt :
1145:Drivers/STM32F4xx_HAL_Driver/Inc/stm32f4xx_ll_i2c.h ****   *         Receive buffer not empty (RXNE)
1146:Drivers/STM32F4xx_HAL_Driver/Inc/stm32f4xx_ll_i2c.h ****   *         Transmit buffer empty (TXE)
1147:Drivers/STM32F4xx_HAL_Driver/Inc/stm32f4xx_ll_i2c.h ****   * @rmtoll CR2          ITBUFEN       LL_I2C_DisableIT_BUF
1148:Drivers/STM32F4xx_HAL_Driver/Inc/stm32f4xx_ll_i2c.h ****   * @param  I2Cx I2C Instance.
1149:Drivers/STM32F4xx_HAL_Driver/Inc/stm32f4xx_ll_i2c.h ****   * @retval None
1150:Drivers/STM32F4xx_HAL_Driver/Inc/stm32f4xx_ll_i2c.h ****   */
1151:Drivers/STM32F4xx_HAL_Driver/Inc/stm32f4xx_ll_i2c.h **** __STATIC_INLINE void LL_I2C_DisableIT_BUF(I2C_TypeDef *I2Cx)
1152:Drivers/STM32F4xx_HAL_Driver/Inc/stm32f4xx_ll_i2c.h **** {
1153:Drivers/STM32F4xx_HAL_Driver/Inc/stm32f4xx_ll_i2c.h ****   CLEAR_BIT(I2Cx->CR2, I2C_CR2_ITBUFEN);
1154:Drivers/STM32F4xx_HAL_Driver/Inc/stm32f4xx_ll_i2c.h **** }
1155:Drivers/STM32F4xx_HAL_Driver/Inc/stm32f4xx_ll_i2c.h **** 
1156:Drivers/STM32F4xx_HAL_Driver/Inc/stm32f4xx_ll_i2c.h **** /**
1157:Drivers/STM32F4xx_HAL_Driver/Inc/stm32f4xx_ll_i2c.h ****   * @brief  Check if Buffer interrupts are enabled or disabled.
1158:Drivers/STM32F4xx_HAL_Driver/Inc/stm32f4xx_ll_i2c.h ****   * @rmtoll CR2          ITBUFEN       LL_I2C_IsEnabledIT_BUF
1159:Drivers/STM32F4xx_HAL_Driver/Inc/stm32f4xx_ll_i2c.h ****   * @param  I2Cx I2C Instance.
1160:Drivers/STM32F4xx_HAL_Driver/Inc/stm32f4xx_ll_i2c.h ****   * @retval State of bit (1 or 0).
1161:Drivers/STM32F4xx_HAL_Driver/Inc/stm32f4xx_ll_i2c.h ****   */
1162:Drivers/STM32F4xx_HAL_Driver/Inc/stm32f4xx_ll_i2c.h **** __STATIC_INLINE uint32_t LL_I2C_IsEnabledIT_BUF(I2C_TypeDef *I2Cx)
ARM GAS  C:\Users\chris\AppData\Local\Temp\ccHvCGBe.s 			page 60


1163:Drivers/STM32F4xx_HAL_Driver/Inc/stm32f4xx_ll_i2c.h **** {
1164:Drivers/STM32F4xx_HAL_Driver/Inc/stm32f4xx_ll_i2c.h ****   return (READ_BIT(I2Cx->CR2, I2C_CR2_ITBUFEN) == (I2C_CR2_ITBUFEN));
1165:Drivers/STM32F4xx_HAL_Driver/Inc/stm32f4xx_ll_i2c.h **** }
1166:Drivers/STM32F4xx_HAL_Driver/Inc/stm32f4xx_ll_i2c.h **** 
1167:Drivers/STM32F4xx_HAL_Driver/Inc/stm32f4xx_ll_i2c.h **** /**
1168:Drivers/STM32F4xx_HAL_Driver/Inc/stm32f4xx_ll_i2c.h ****   * @brief  Enable Error interrupts.
1169:Drivers/STM32F4xx_HAL_Driver/Inc/stm32f4xx_ll_i2c.h ****   * @note   Macro IS_SMBUS_ALL_INSTANCE(I2Cx) can be used to check whether or not
1170:Drivers/STM32F4xx_HAL_Driver/Inc/stm32f4xx_ll_i2c.h ****   *         SMBus feature is supported by the I2Cx Instance.
1171:Drivers/STM32F4xx_HAL_Driver/Inc/stm32f4xx_ll_i2c.h ****   * @note   Any of these errors will generate interrupt :
1172:Drivers/STM32F4xx_HAL_Driver/Inc/stm32f4xx_ll_i2c.h ****   *         Bus Error detection (BERR)
1173:Drivers/STM32F4xx_HAL_Driver/Inc/stm32f4xx_ll_i2c.h ****   *         Arbitration Loss (ARLO)
1174:Drivers/STM32F4xx_HAL_Driver/Inc/stm32f4xx_ll_i2c.h ****   *         Acknowledge Failure(AF)
1175:Drivers/STM32F4xx_HAL_Driver/Inc/stm32f4xx_ll_i2c.h ****   *         Overrun/Underrun (OVR)
1176:Drivers/STM32F4xx_HAL_Driver/Inc/stm32f4xx_ll_i2c.h ****   *         SMBus Timeout detection (TIMEOUT)
1177:Drivers/STM32F4xx_HAL_Driver/Inc/stm32f4xx_ll_i2c.h ****   *         SMBus PEC error detection (PECERR)
1178:Drivers/STM32F4xx_HAL_Driver/Inc/stm32f4xx_ll_i2c.h ****   *         SMBus Alert pin event detection (SMBALERT)
1179:Drivers/STM32F4xx_HAL_Driver/Inc/stm32f4xx_ll_i2c.h ****   * @rmtoll CR2          ITERREN       LL_I2C_EnableIT_ERR
1180:Drivers/STM32F4xx_HAL_Driver/Inc/stm32f4xx_ll_i2c.h ****   * @param  I2Cx I2C Instance.
1181:Drivers/STM32F4xx_HAL_Driver/Inc/stm32f4xx_ll_i2c.h ****   * @retval None
1182:Drivers/STM32F4xx_HAL_Driver/Inc/stm32f4xx_ll_i2c.h ****   */
1183:Drivers/STM32F4xx_HAL_Driver/Inc/stm32f4xx_ll_i2c.h **** __STATIC_INLINE void LL_I2C_EnableIT_ERR(I2C_TypeDef *I2Cx)
1184:Drivers/STM32F4xx_HAL_Driver/Inc/stm32f4xx_ll_i2c.h **** {
1185:Drivers/STM32F4xx_HAL_Driver/Inc/stm32f4xx_ll_i2c.h ****   SET_BIT(I2Cx->CR2, I2C_CR2_ITERREN);
1186:Drivers/STM32F4xx_HAL_Driver/Inc/stm32f4xx_ll_i2c.h **** }
1187:Drivers/STM32F4xx_HAL_Driver/Inc/stm32f4xx_ll_i2c.h **** 
1188:Drivers/STM32F4xx_HAL_Driver/Inc/stm32f4xx_ll_i2c.h **** /**
1189:Drivers/STM32F4xx_HAL_Driver/Inc/stm32f4xx_ll_i2c.h ****   * @brief  Disable Error interrupts.
1190:Drivers/STM32F4xx_HAL_Driver/Inc/stm32f4xx_ll_i2c.h ****   * @note   Macro IS_SMBUS_ALL_INSTANCE(I2Cx) can be used to check whether or not
1191:Drivers/STM32F4xx_HAL_Driver/Inc/stm32f4xx_ll_i2c.h ****   *         SMBus feature is supported by the I2Cx Instance.
1192:Drivers/STM32F4xx_HAL_Driver/Inc/stm32f4xx_ll_i2c.h ****   * @note   Any of these errors will generate interrupt :
1193:Drivers/STM32F4xx_HAL_Driver/Inc/stm32f4xx_ll_i2c.h ****   *         Bus Error detection (BERR)
1194:Drivers/STM32F4xx_HAL_Driver/Inc/stm32f4xx_ll_i2c.h ****   *         Arbitration Loss (ARLO)
1195:Drivers/STM32F4xx_HAL_Driver/Inc/stm32f4xx_ll_i2c.h ****   *         Acknowledge Failure(AF)
1196:Drivers/STM32F4xx_HAL_Driver/Inc/stm32f4xx_ll_i2c.h ****   *         Overrun/Underrun (OVR)
1197:Drivers/STM32F4xx_HAL_Driver/Inc/stm32f4xx_ll_i2c.h ****   *         SMBus Timeout detection (TIMEOUT)
1198:Drivers/STM32F4xx_HAL_Driver/Inc/stm32f4xx_ll_i2c.h ****   *         SMBus PEC error detection (PECERR)
1199:Drivers/STM32F4xx_HAL_Driver/Inc/stm32f4xx_ll_i2c.h ****   *         SMBus Alert pin event detection (SMBALERT)
1200:Drivers/STM32F4xx_HAL_Driver/Inc/stm32f4xx_ll_i2c.h ****   * @rmtoll CR2          ITERREN       LL_I2C_DisableIT_ERR
1201:Drivers/STM32F4xx_HAL_Driver/Inc/stm32f4xx_ll_i2c.h ****   * @param  I2Cx I2C Instance.
1202:Drivers/STM32F4xx_HAL_Driver/Inc/stm32f4xx_ll_i2c.h ****   * @retval None
1203:Drivers/STM32F4xx_HAL_Driver/Inc/stm32f4xx_ll_i2c.h ****   */
1204:Drivers/STM32F4xx_HAL_Driver/Inc/stm32f4xx_ll_i2c.h **** __STATIC_INLINE void LL_I2C_DisableIT_ERR(I2C_TypeDef *I2Cx)
1205:Drivers/STM32F4xx_HAL_Driver/Inc/stm32f4xx_ll_i2c.h **** {
1206:Drivers/STM32F4xx_HAL_Driver/Inc/stm32f4xx_ll_i2c.h ****   CLEAR_BIT(I2Cx->CR2, I2C_CR2_ITERREN);
1207:Drivers/STM32F4xx_HAL_Driver/Inc/stm32f4xx_ll_i2c.h **** }
1208:Drivers/STM32F4xx_HAL_Driver/Inc/stm32f4xx_ll_i2c.h **** 
1209:Drivers/STM32F4xx_HAL_Driver/Inc/stm32f4xx_ll_i2c.h **** /**
1210:Drivers/STM32F4xx_HAL_Driver/Inc/stm32f4xx_ll_i2c.h ****   * @brief  Check if Error interrupts are enabled or disabled.
1211:Drivers/STM32F4xx_HAL_Driver/Inc/stm32f4xx_ll_i2c.h ****   * @rmtoll CR2          ITERREN       LL_I2C_IsEnabledIT_ERR
1212:Drivers/STM32F4xx_HAL_Driver/Inc/stm32f4xx_ll_i2c.h ****   * @param  I2Cx I2C Instance.
1213:Drivers/STM32F4xx_HAL_Driver/Inc/stm32f4xx_ll_i2c.h ****   * @retval State of bit (1 or 0).
1214:Drivers/STM32F4xx_HAL_Driver/Inc/stm32f4xx_ll_i2c.h ****   */
1215:Drivers/STM32F4xx_HAL_Driver/Inc/stm32f4xx_ll_i2c.h **** __STATIC_INLINE uint32_t LL_I2C_IsEnabledIT_ERR(I2C_TypeDef *I2Cx)
1216:Drivers/STM32F4xx_HAL_Driver/Inc/stm32f4xx_ll_i2c.h **** {
1217:Drivers/STM32F4xx_HAL_Driver/Inc/stm32f4xx_ll_i2c.h ****   return (READ_BIT(I2Cx->CR2, I2C_CR2_ITERREN) == (I2C_CR2_ITERREN));
1218:Drivers/STM32F4xx_HAL_Driver/Inc/stm32f4xx_ll_i2c.h **** }
1219:Drivers/STM32F4xx_HAL_Driver/Inc/stm32f4xx_ll_i2c.h **** 
ARM GAS  C:\Users\chris\AppData\Local\Temp\ccHvCGBe.s 			page 61


1220:Drivers/STM32F4xx_HAL_Driver/Inc/stm32f4xx_ll_i2c.h **** /**
1221:Drivers/STM32F4xx_HAL_Driver/Inc/stm32f4xx_ll_i2c.h ****   * @}
1222:Drivers/STM32F4xx_HAL_Driver/Inc/stm32f4xx_ll_i2c.h ****   */
1223:Drivers/STM32F4xx_HAL_Driver/Inc/stm32f4xx_ll_i2c.h **** 
1224:Drivers/STM32F4xx_HAL_Driver/Inc/stm32f4xx_ll_i2c.h **** /** @defgroup I2C_LL_EF_FLAG_management FLAG_management
1225:Drivers/STM32F4xx_HAL_Driver/Inc/stm32f4xx_ll_i2c.h ****   * @{
1226:Drivers/STM32F4xx_HAL_Driver/Inc/stm32f4xx_ll_i2c.h ****   */
1227:Drivers/STM32F4xx_HAL_Driver/Inc/stm32f4xx_ll_i2c.h **** 
1228:Drivers/STM32F4xx_HAL_Driver/Inc/stm32f4xx_ll_i2c.h **** /**
1229:Drivers/STM32F4xx_HAL_Driver/Inc/stm32f4xx_ll_i2c.h ****   * @brief  Indicate the status of Transmit data register empty flag.
1230:Drivers/STM32F4xx_HAL_Driver/Inc/stm32f4xx_ll_i2c.h ****   * @note   RESET: When next data is written in Transmit data register.
1231:Drivers/STM32F4xx_HAL_Driver/Inc/stm32f4xx_ll_i2c.h ****   *         SET: When Transmit data register is empty.
1232:Drivers/STM32F4xx_HAL_Driver/Inc/stm32f4xx_ll_i2c.h ****   * @rmtoll SR1          TXE           LL_I2C_IsActiveFlag_TXE
1233:Drivers/STM32F4xx_HAL_Driver/Inc/stm32f4xx_ll_i2c.h ****   * @param  I2Cx I2C Instance.
1234:Drivers/STM32F4xx_HAL_Driver/Inc/stm32f4xx_ll_i2c.h ****   * @retval State of bit (1 or 0).
1235:Drivers/STM32F4xx_HAL_Driver/Inc/stm32f4xx_ll_i2c.h ****   */
1236:Drivers/STM32F4xx_HAL_Driver/Inc/stm32f4xx_ll_i2c.h **** __STATIC_INLINE uint32_t LL_I2C_IsActiveFlag_TXE(I2C_TypeDef *I2Cx)
1237:Drivers/STM32F4xx_HAL_Driver/Inc/stm32f4xx_ll_i2c.h **** {
1238:Drivers/STM32F4xx_HAL_Driver/Inc/stm32f4xx_ll_i2c.h ****   return (READ_BIT(I2Cx->SR1, I2C_SR1_TXE) == (I2C_SR1_TXE));
1239:Drivers/STM32F4xx_HAL_Driver/Inc/stm32f4xx_ll_i2c.h **** }
1240:Drivers/STM32F4xx_HAL_Driver/Inc/stm32f4xx_ll_i2c.h **** 
1241:Drivers/STM32F4xx_HAL_Driver/Inc/stm32f4xx_ll_i2c.h **** /**
1242:Drivers/STM32F4xx_HAL_Driver/Inc/stm32f4xx_ll_i2c.h ****   * @brief  Indicate the status of Byte Transfer Finished flag.
1243:Drivers/STM32F4xx_HAL_Driver/Inc/stm32f4xx_ll_i2c.h ****   *         RESET: When Data byte transfer not done.
1244:Drivers/STM32F4xx_HAL_Driver/Inc/stm32f4xx_ll_i2c.h ****   *         SET: When Data byte transfer succeeded.
1245:Drivers/STM32F4xx_HAL_Driver/Inc/stm32f4xx_ll_i2c.h ****   * @rmtoll SR1          BTF           LL_I2C_IsActiveFlag_BTF
1246:Drivers/STM32F4xx_HAL_Driver/Inc/stm32f4xx_ll_i2c.h ****   * @param  I2Cx I2C Instance.
1247:Drivers/STM32F4xx_HAL_Driver/Inc/stm32f4xx_ll_i2c.h ****   * @retval State of bit (1 or 0).
1248:Drivers/STM32F4xx_HAL_Driver/Inc/stm32f4xx_ll_i2c.h ****   */
1249:Drivers/STM32F4xx_HAL_Driver/Inc/stm32f4xx_ll_i2c.h **** __STATIC_INLINE uint32_t LL_I2C_IsActiveFlag_BTF(I2C_TypeDef *I2Cx)
1250:Drivers/STM32F4xx_HAL_Driver/Inc/stm32f4xx_ll_i2c.h **** {
1251:Drivers/STM32F4xx_HAL_Driver/Inc/stm32f4xx_ll_i2c.h ****   return (READ_BIT(I2Cx->SR1, I2C_SR1_BTF) == (I2C_SR1_BTF));
1252:Drivers/STM32F4xx_HAL_Driver/Inc/stm32f4xx_ll_i2c.h **** }
1253:Drivers/STM32F4xx_HAL_Driver/Inc/stm32f4xx_ll_i2c.h **** 
1254:Drivers/STM32F4xx_HAL_Driver/Inc/stm32f4xx_ll_i2c.h **** /**
1255:Drivers/STM32F4xx_HAL_Driver/Inc/stm32f4xx_ll_i2c.h ****   * @brief  Indicate the status of Receive data register not empty flag.
1256:Drivers/STM32F4xx_HAL_Driver/Inc/stm32f4xx_ll_i2c.h ****   * @note   RESET: When Receive data register is read.
1257:Drivers/STM32F4xx_HAL_Driver/Inc/stm32f4xx_ll_i2c.h ****   *         SET: When the received data is copied in Receive data register.
1258:Drivers/STM32F4xx_HAL_Driver/Inc/stm32f4xx_ll_i2c.h ****   * @rmtoll SR1          RXNE          LL_I2C_IsActiveFlag_RXNE
1259:Drivers/STM32F4xx_HAL_Driver/Inc/stm32f4xx_ll_i2c.h ****   * @param  I2Cx I2C Instance.
1260:Drivers/STM32F4xx_HAL_Driver/Inc/stm32f4xx_ll_i2c.h ****   * @retval State of bit (1 or 0).
1261:Drivers/STM32F4xx_HAL_Driver/Inc/stm32f4xx_ll_i2c.h ****   */
1262:Drivers/STM32F4xx_HAL_Driver/Inc/stm32f4xx_ll_i2c.h **** __STATIC_INLINE uint32_t LL_I2C_IsActiveFlag_RXNE(I2C_TypeDef *I2Cx)
1263:Drivers/STM32F4xx_HAL_Driver/Inc/stm32f4xx_ll_i2c.h **** {
1264:Drivers/STM32F4xx_HAL_Driver/Inc/stm32f4xx_ll_i2c.h ****   return (READ_BIT(I2Cx->SR1, I2C_SR1_RXNE) == (I2C_SR1_RXNE));
1265:Drivers/STM32F4xx_HAL_Driver/Inc/stm32f4xx_ll_i2c.h **** }
1266:Drivers/STM32F4xx_HAL_Driver/Inc/stm32f4xx_ll_i2c.h **** 
1267:Drivers/STM32F4xx_HAL_Driver/Inc/stm32f4xx_ll_i2c.h **** /**
1268:Drivers/STM32F4xx_HAL_Driver/Inc/stm32f4xx_ll_i2c.h ****   * @brief  Indicate the status of Start Bit (master mode).
1269:Drivers/STM32F4xx_HAL_Driver/Inc/stm32f4xx_ll_i2c.h ****   * @note   RESET: When No Start condition.
1270:Drivers/STM32F4xx_HAL_Driver/Inc/stm32f4xx_ll_i2c.h ****   *         SET: When Start condition is generated.
1271:Drivers/STM32F4xx_HAL_Driver/Inc/stm32f4xx_ll_i2c.h ****   * @rmtoll SR1          SB            LL_I2C_IsActiveFlag_SB
1272:Drivers/STM32F4xx_HAL_Driver/Inc/stm32f4xx_ll_i2c.h ****   * @param  I2Cx I2C Instance.
1273:Drivers/STM32F4xx_HAL_Driver/Inc/stm32f4xx_ll_i2c.h ****   * @retval State of bit (1 or 0).
1274:Drivers/STM32F4xx_HAL_Driver/Inc/stm32f4xx_ll_i2c.h ****   */
1275:Drivers/STM32F4xx_HAL_Driver/Inc/stm32f4xx_ll_i2c.h **** __STATIC_INLINE uint32_t LL_I2C_IsActiveFlag_SB(I2C_TypeDef *I2Cx)
1276:Drivers/STM32F4xx_HAL_Driver/Inc/stm32f4xx_ll_i2c.h **** {
ARM GAS  C:\Users\chris\AppData\Local\Temp\ccHvCGBe.s 			page 62


1277:Drivers/STM32F4xx_HAL_Driver/Inc/stm32f4xx_ll_i2c.h ****   return (READ_BIT(I2Cx->SR1, I2C_SR1_SB) == (I2C_SR1_SB));
1278:Drivers/STM32F4xx_HAL_Driver/Inc/stm32f4xx_ll_i2c.h **** }
1279:Drivers/STM32F4xx_HAL_Driver/Inc/stm32f4xx_ll_i2c.h **** 
1280:Drivers/STM32F4xx_HAL_Driver/Inc/stm32f4xx_ll_i2c.h **** /**
1281:Drivers/STM32F4xx_HAL_Driver/Inc/stm32f4xx_ll_i2c.h ****   * @brief  Indicate the status of Address sent (master mode) or Address matched flag (slave mode).
1282:Drivers/STM32F4xx_HAL_Driver/Inc/stm32f4xx_ll_i2c.h ****   * @note   RESET: Clear default value.
1283:Drivers/STM32F4xx_HAL_Driver/Inc/stm32f4xx_ll_i2c.h ****   *         SET: When the address is fully sent (master mode) or when the received slave address ma
1284:Drivers/STM32F4xx_HAL_Driver/Inc/stm32f4xx_ll_i2c.h ****   * @rmtoll SR1          ADDR          LL_I2C_IsActiveFlag_ADDR
1285:Drivers/STM32F4xx_HAL_Driver/Inc/stm32f4xx_ll_i2c.h ****   * @param  I2Cx I2C Instance.
1286:Drivers/STM32F4xx_HAL_Driver/Inc/stm32f4xx_ll_i2c.h ****   * @retval State of bit (1 or 0).
1287:Drivers/STM32F4xx_HAL_Driver/Inc/stm32f4xx_ll_i2c.h ****   */
1288:Drivers/STM32F4xx_HAL_Driver/Inc/stm32f4xx_ll_i2c.h **** __STATIC_INLINE uint32_t LL_I2C_IsActiveFlag_ADDR(I2C_TypeDef *I2Cx)
1289:Drivers/STM32F4xx_HAL_Driver/Inc/stm32f4xx_ll_i2c.h **** {
1290:Drivers/STM32F4xx_HAL_Driver/Inc/stm32f4xx_ll_i2c.h ****   return (READ_BIT(I2Cx->SR1, I2C_SR1_ADDR) == (I2C_SR1_ADDR));
1291:Drivers/STM32F4xx_HAL_Driver/Inc/stm32f4xx_ll_i2c.h **** }
1292:Drivers/STM32F4xx_HAL_Driver/Inc/stm32f4xx_ll_i2c.h **** 
1293:Drivers/STM32F4xx_HAL_Driver/Inc/stm32f4xx_ll_i2c.h **** /**
1294:Drivers/STM32F4xx_HAL_Driver/Inc/stm32f4xx_ll_i2c.h ****   * @brief  Indicate the status of 10-bit header sent (master mode).
1295:Drivers/STM32F4xx_HAL_Driver/Inc/stm32f4xx_ll_i2c.h ****   * @note   RESET: When no ADD10 event occurred.
1296:Drivers/STM32F4xx_HAL_Driver/Inc/stm32f4xx_ll_i2c.h ****   *         SET: When the master has sent the first address byte (header).
1297:Drivers/STM32F4xx_HAL_Driver/Inc/stm32f4xx_ll_i2c.h ****   * @rmtoll SR1          ADD10         LL_I2C_IsActiveFlag_ADD10
1298:Drivers/STM32F4xx_HAL_Driver/Inc/stm32f4xx_ll_i2c.h ****   * @param  I2Cx I2C Instance.
1299:Drivers/STM32F4xx_HAL_Driver/Inc/stm32f4xx_ll_i2c.h ****   * @retval State of bit (1 or 0).
1300:Drivers/STM32F4xx_HAL_Driver/Inc/stm32f4xx_ll_i2c.h ****   */
1301:Drivers/STM32F4xx_HAL_Driver/Inc/stm32f4xx_ll_i2c.h **** __STATIC_INLINE uint32_t LL_I2C_IsActiveFlag_ADD10(I2C_TypeDef *I2Cx)
1302:Drivers/STM32F4xx_HAL_Driver/Inc/stm32f4xx_ll_i2c.h **** {
1303:Drivers/STM32F4xx_HAL_Driver/Inc/stm32f4xx_ll_i2c.h ****   return (READ_BIT(I2Cx->SR1, I2C_SR1_ADD10) == (I2C_SR1_ADD10));
1304:Drivers/STM32F4xx_HAL_Driver/Inc/stm32f4xx_ll_i2c.h **** }
1305:Drivers/STM32F4xx_HAL_Driver/Inc/stm32f4xx_ll_i2c.h **** 
1306:Drivers/STM32F4xx_HAL_Driver/Inc/stm32f4xx_ll_i2c.h **** /**
1307:Drivers/STM32F4xx_HAL_Driver/Inc/stm32f4xx_ll_i2c.h ****   * @brief  Indicate the status of Acknowledge failure flag.
1308:Drivers/STM32F4xx_HAL_Driver/Inc/stm32f4xx_ll_i2c.h ****   * @note   RESET: No acknowledge failure.
1309:Drivers/STM32F4xx_HAL_Driver/Inc/stm32f4xx_ll_i2c.h ****   *         SET: When an acknowledge failure is received after a byte transmission.
1310:Drivers/STM32F4xx_HAL_Driver/Inc/stm32f4xx_ll_i2c.h ****   * @rmtoll SR1          AF            LL_I2C_IsActiveFlag_AF
1311:Drivers/STM32F4xx_HAL_Driver/Inc/stm32f4xx_ll_i2c.h ****   * @param  I2Cx I2C Instance.
1312:Drivers/STM32F4xx_HAL_Driver/Inc/stm32f4xx_ll_i2c.h ****   * @retval State of bit (1 or 0).
1313:Drivers/STM32F4xx_HAL_Driver/Inc/stm32f4xx_ll_i2c.h ****   */
1314:Drivers/STM32F4xx_HAL_Driver/Inc/stm32f4xx_ll_i2c.h **** __STATIC_INLINE uint32_t LL_I2C_IsActiveFlag_AF(I2C_TypeDef *I2Cx)
1315:Drivers/STM32F4xx_HAL_Driver/Inc/stm32f4xx_ll_i2c.h **** {
1316:Drivers/STM32F4xx_HAL_Driver/Inc/stm32f4xx_ll_i2c.h ****   return (READ_BIT(I2Cx->SR1, I2C_SR1_AF) == (I2C_SR1_AF));
1317:Drivers/STM32F4xx_HAL_Driver/Inc/stm32f4xx_ll_i2c.h **** }
1318:Drivers/STM32F4xx_HAL_Driver/Inc/stm32f4xx_ll_i2c.h **** 
1319:Drivers/STM32F4xx_HAL_Driver/Inc/stm32f4xx_ll_i2c.h **** /**
1320:Drivers/STM32F4xx_HAL_Driver/Inc/stm32f4xx_ll_i2c.h ****   * @brief  Indicate the status of Stop detection flag (slave mode).
1321:Drivers/STM32F4xx_HAL_Driver/Inc/stm32f4xx_ll_i2c.h ****   * @note   RESET: Clear default value.
1322:Drivers/STM32F4xx_HAL_Driver/Inc/stm32f4xx_ll_i2c.h ****   *         SET: When a Stop condition is detected.
1323:Drivers/STM32F4xx_HAL_Driver/Inc/stm32f4xx_ll_i2c.h ****   * @rmtoll SR1          STOPF         LL_I2C_IsActiveFlag_STOP
1324:Drivers/STM32F4xx_HAL_Driver/Inc/stm32f4xx_ll_i2c.h ****   * @param  I2Cx I2C Instance.
1325:Drivers/STM32F4xx_HAL_Driver/Inc/stm32f4xx_ll_i2c.h ****   * @retval State of bit (1 or 0).
1326:Drivers/STM32F4xx_HAL_Driver/Inc/stm32f4xx_ll_i2c.h ****   */
1327:Drivers/STM32F4xx_HAL_Driver/Inc/stm32f4xx_ll_i2c.h **** __STATIC_INLINE uint32_t LL_I2C_IsActiveFlag_STOP(I2C_TypeDef *I2Cx)
1328:Drivers/STM32F4xx_HAL_Driver/Inc/stm32f4xx_ll_i2c.h **** {
1329:Drivers/STM32F4xx_HAL_Driver/Inc/stm32f4xx_ll_i2c.h ****   return (READ_BIT(I2Cx->SR1, I2C_SR1_STOPF) == (I2C_SR1_STOPF));
1330:Drivers/STM32F4xx_HAL_Driver/Inc/stm32f4xx_ll_i2c.h **** }
1331:Drivers/STM32F4xx_HAL_Driver/Inc/stm32f4xx_ll_i2c.h **** 
1332:Drivers/STM32F4xx_HAL_Driver/Inc/stm32f4xx_ll_i2c.h **** /**
1333:Drivers/STM32F4xx_HAL_Driver/Inc/stm32f4xx_ll_i2c.h ****   * @brief  Indicate the status of Bus error flag.
ARM GAS  C:\Users\chris\AppData\Local\Temp\ccHvCGBe.s 			page 63


1334:Drivers/STM32F4xx_HAL_Driver/Inc/stm32f4xx_ll_i2c.h ****   * @note   RESET: Clear default value.
1335:Drivers/STM32F4xx_HAL_Driver/Inc/stm32f4xx_ll_i2c.h ****   *         SET: When a misplaced Start or Stop condition is detected.
1336:Drivers/STM32F4xx_HAL_Driver/Inc/stm32f4xx_ll_i2c.h ****   * @rmtoll SR1          BERR          LL_I2C_IsActiveFlag_BERR
1337:Drivers/STM32F4xx_HAL_Driver/Inc/stm32f4xx_ll_i2c.h ****   * @param  I2Cx I2C Instance.
1338:Drivers/STM32F4xx_HAL_Driver/Inc/stm32f4xx_ll_i2c.h ****   * @retval State of bit (1 or 0).
1339:Drivers/STM32F4xx_HAL_Driver/Inc/stm32f4xx_ll_i2c.h ****   */
1340:Drivers/STM32F4xx_HAL_Driver/Inc/stm32f4xx_ll_i2c.h **** __STATIC_INLINE uint32_t LL_I2C_IsActiveFlag_BERR(I2C_TypeDef *I2Cx)
1341:Drivers/STM32F4xx_HAL_Driver/Inc/stm32f4xx_ll_i2c.h **** {
1342:Drivers/STM32F4xx_HAL_Driver/Inc/stm32f4xx_ll_i2c.h ****   return (READ_BIT(I2Cx->SR1, I2C_SR1_BERR) == (I2C_SR1_BERR));
1343:Drivers/STM32F4xx_HAL_Driver/Inc/stm32f4xx_ll_i2c.h **** }
1344:Drivers/STM32F4xx_HAL_Driver/Inc/stm32f4xx_ll_i2c.h **** 
1345:Drivers/STM32F4xx_HAL_Driver/Inc/stm32f4xx_ll_i2c.h **** /**
1346:Drivers/STM32F4xx_HAL_Driver/Inc/stm32f4xx_ll_i2c.h ****   * @brief  Indicate the status of Arbitration lost flag.
1347:Drivers/STM32F4xx_HAL_Driver/Inc/stm32f4xx_ll_i2c.h ****   * @note   RESET: Clear default value.
1348:Drivers/STM32F4xx_HAL_Driver/Inc/stm32f4xx_ll_i2c.h ****   *         SET: When arbitration lost.
1349:Drivers/STM32F4xx_HAL_Driver/Inc/stm32f4xx_ll_i2c.h ****   * @rmtoll SR1          ARLO          LL_I2C_IsActiveFlag_ARLO
1350:Drivers/STM32F4xx_HAL_Driver/Inc/stm32f4xx_ll_i2c.h ****   * @param  I2Cx I2C Instance.
1351:Drivers/STM32F4xx_HAL_Driver/Inc/stm32f4xx_ll_i2c.h ****   * @retval State of bit (1 or 0).
1352:Drivers/STM32F4xx_HAL_Driver/Inc/stm32f4xx_ll_i2c.h ****   */
1353:Drivers/STM32F4xx_HAL_Driver/Inc/stm32f4xx_ll_i2c.h **** __STATIC_INLINE uint32_t LL_I2C_IsActiveFlag_ARLO(I2C_TypeDef *I2Cx)
1354:Drivers/STM32F4xx_HAL_Driver/Inc/stm32f4xx_ll_i2c.h **** {
1355:Drivers/STM32F4xx_HAL_Driver/Inc/stm32f4xx_ll_i2c.h ****   return (READ_BIT(I2Cx->SR1, I2C_SR1_ARLO) == (I2C_SR1_ARLO));
1356:Drivers/STM32F4xx_HAL_Driver/Inc/stm32f4xx_ll_i2c.h **** }
1357:Drivers/STM32F4xx_HAL_Driver/Inc/stm32f4xx_ll_i2c.h **** 
1358:Drivers/STM32F4xx_HAL_Driver/Inc/stm32f4xx_ll_i2c.h **** /**
1359:Drivers/STM32F4xx_HAL_Driver/Inc/stm32f4xx_ll_i2c.h ****   * @brief  Indicate the status of Overrun/Underrun flag.
1360:Drivers/STM32F4xx_HAL_Driver/Inc/stm32f4xx_ll_i2c.h ****   * @note   RESET: Clear default value.
1361:Drivers/STM32F4xx_HAL_Driver/Inc/stm32f4xx_ll_i2c.h ****   *         SET: When an overrun/underrun error occurs (Clock Stretching Disabled).
1362:Drivers/STM32F4xx_HAL_Driver/Inc/stm32f4xx_ll_i2c.h ****   * @rmtoll SR1          OVR           LL_I2C_IsActiveFlag_OVR
1363:Drivers/STM32F4xx_HAL_Driver/Inc/stm32f4xx_ll_i2c.h ****   * @param  I2Cx I2C Instance.
1364:Drivers/STM32F4xx_HAL_Driver/Inc/stm32f4xx_ll_i2c.h ****   * @retval State of bit (1 or 0).
1365:Drivers/STM32F4xx_HAL_Driver/Inc/stm32f4xx_ll_i2c.h ****   */
1366:Drivers/STM32F4xx_HAL_Driver/Inc/stm32f4xx_ll_i2c.h **** __STATIC_INLINE uint32_t LL_I2C_IsActiveFlag_OVR(I2C_TypeDef *I2Cx)
1367:Drivers/STM32F4xx_HAL_Driver/Inc/stm32f4xx_ll_i2c.h **** {
1368:Drivers/STM32F4xx_HAL_Driver/Inc/stm32f4xx_ll_i2c.h ****   return (READ_BIT(I2Cx->SR1, I2C_SR1_OVR) == (I2C_SR1_OVR));
1369:Drivers/STM32F4xx_HAL_Driver/Inc/stm32f4xx_ll_i2c.h **** }
1370:Drivers/STM32F4xx_HAL_Driver/Inc/stm32f4xx_ll_i2c.h **** 
1371:Drivers/STM32F4xx_HAL_Driver/Inc/stm32f4xx_ll_i2c.h **** /**
1372:Drivers/STM32F4xx_HAL_Driver/Inc/stm32f4xx_ll_i2c.h ****   * @brief  Indicate the status of SMBus PEC error flag in reception.
1373:Drivers/STM32F4xx_HAL_Driver/Inc/stm32f4xx_ll_i2c.h ****   * @note   Macro IS_SMBUS_ALL_INSTANCE(I2Cx) can be used to check whether or not
1374:Drivers/STM32F4xx_HAL_Driver/Inc/stm32f4xx_ll_i2c.h ****   *         SMBus feature is supported by the I2Cx Instance.
1375:Drivers/STM32F4xx_HAL_Driver/Inc/stm32f4xx_ll_i2c.h ****   * @rmtoll SR1          PECERR        LL_I2C_IsActiveSMBusFlag_PECERR
1376:Drivers/STM32F4xx_HAL_Driver/Inc/stm32f4xx_ll_i2c.h ****   * @param  I2Cx I2C Instance.
1377:Drivers/STM32F4xx_HAL_Driver/Inc/stm32f4xx_ll_i2c.h ****   * @retval State of bit (1 or 0).
1378:Drivers/STM32F4xx_HAL_Driver/Inc/stm32f4xx_ll_i2c.h ****   */
1379:Drivers/STM32F4xx_HAL_Driver/Inc/stm32f4xx_ll_i2c.h **** __STATIC_INLINE uint32_t LL_I2C_IsActiveSMBusFlag_PECERR(I2C_TypeDef *I2Cx)
1380:Drivers/STM32F4xx_HAL_Driver/Inc/stm32f4xx_ll_i2c.h **** {
1381:Drivers/STM32F4xx_HAL_Driver/Inc/stm32f4xx_ll_i2c.h ****   return (READ_BIT(I2Cx->SR1, I2C_SR1_PECERR) == (I2C_SR1_PECERR));
1382:Drivers/STM32F4xx_HAL_Driver/Inc/stm32f4xx_ll_i2c.h **** }
1383:Drivers/STM32F4xx_HAL_Driver/Inc/stm32f4xx_ll_i2c.h **** 
1384:Drivers/STM32F4xx_HAL_Driver/Inc/stm32f4xx_ll_i2c.h **** /**
1385:Drivers/STM32F4xx_HAL_Driver/Inc/stm32f4xx_ll_i2c.h ****   * @brief  Indicate the status of SMBus Timeout detection flag.
1386:Drivers/STM32F4xx_HAL_Driver/Inc/stm32f4xx_ll_i2c.h ****   * @note   Macro IS_SMBUS_ALL_INSTANCE(I2Cx) can be used to check whether or not
1387:Drivers/STM32F4xx_HAL_Driver/Inc/stm32f4xx_ll_i2c.h ****   *         SMBus feature is supported by the I2Cx Instance.
1388:Drivers/STM32F4xx_HAL_Driver/Inc/stm32f4xx_ll_i2c.h ****   * @rmtoll SR1          TIMEOUT       LL_I2C_IsActiveSMBusFlag_TIMEOUT
1389:Drivers/STM32F4xx_HAL_Driver/Inc/stm32f4xx_ll_i2c.h ****   * @param  I2Cx I2C Instance.
1390:Drivers/STM32F4xx_HAL_Driver/Inc/stm32f4xx_ll_i2c.h ****   * @retval State of bit (1 or 0).
ARM GAS  C:\Users\chris\AppData\Local\Temp\ccHvCGBe.s 			page 64


1391:Drivers/STM32F4xx_HAL_Driver/Inc/stm32f4xx_ll_i2c.h ****   */
1392:Drivers/STM32F4xx_HAL_Driver/Inc/stm32f4xx_ll_i2c.h **** __STATIC_INLINE uint32_t LL_I2C_IsActiveSMBusFlag_TIMEOUT(I2C_TypeDef *I2Cx)
1393:Drivers/STM32F4xx_HAL_Driver/Inc/stm32f4xx_ll_i2c.h **** {
1394:Drivers/STM32F4xx_HAL_Driver/Inc/stm32f4xx_ll_i2c.h ****   return (READ_BIT(I2Cx->SR1, I2C_SR1_TIMEOUT) == (I2C_SR1_TIMEOUT));
1395:Drivers/STM32F4xx_HAL_Driver/Inc/stm32f4xx_ll_i2c.h **** }
1396:Drivers/STM32F4xx_HAL_Driver/Inc/stm32f4xx_ll_i2c.h **** 
1397:Drivers/STM32F4xx_HAL_Driver/Inc/stm32f4xx_ll_i2c.h **** /**
1398:Drivers/STM32F4xx_HAL_Driver/Inc/stm32f4xx_ll_i2c.h ****   * @brief  Indicate the status of SMBus alert flag.
1399:Drivers/STM32F4xx_HAL_Driver/Inc/stm32f4xx_ll_i2c.h ****   * @note   Macro IS_SMBUS_ALL_INSTANCE(I2Cx) can be used to check whether or not
1400:Drivers/STM32F4xx_HAL_Driver/Inc/stm32f4xx_ll_i2c.h ****   *         SMBus feature is supported by the I2Cx Instance.
1401:Drivers/STM32F4xx_HAL_Driver/Inc/stm32f4xx_ll_i2c.h ****   * @rmtoll SR1          SMBALERT      LL_I2C_IsActiveSMBusFlag_ALERT
1402:Drivers/STM32F4xx_HAL_Driver/Inc/stm32f4xx_ll_i2c.h ****   * @param  I2Cx I2C Instance.
1403:Drivers/STM32F4xx_HAL_Driver/Inc/stm32f4xx_ll_i2c.h ****   * @retval State of bit (1 or 0).
1404:Drivers/STM32F4xx_HAL_Driver/Inc/stm32f4xx_ll_i2c.h ****   */
1405:Drivers/STM32F4xx_HAL_Driver/Inc/stm32f4xx_ll_i2c.h **** __STATIC_INLINE uint32_t LL_I2C_IsActiveSMBusFlag_ALERT(I2C_TypeDef *I2Cx)
1406:Drivers/STM32F4xx_HAL_Driver/Inc/stm32f4xx_ll_i2c.h **** {
1407:Drivers/STM32F4xx_HAL_Driver/Inc/stm32f4xx_ll_i2c.h ****   return (READ_BIT(I2Cx->SR1, I2C_SR1_SMBALERT) == (I2C_SR1_SMBALERT));
1408:Drivers/STM32F4xx_HAL_Driver/Inc/stm32f4xx_ll_i2c.h **** }
1409:Drivers/STM32F4xx_HAL_Driver/Inc/stm32f4xx_ll_i2c.h **** 
1410:Drivers/STM32F4xx_HAL_Driver/Inc/stm32f4xx_ll_i2c.h **** /**
1411:Drivers/STM32F4xx_HAL_Driver/Inc/stm32f4xx_ll_i2c.h ****   * @brief  Indicate the status of Bus Busy flag.
1412:Drivers/STM32F4xx_HAL_Driver/Inc/stm32f4xx_ll_i2c.h ****   * @note   RESET: Clear default value.
1413:Drivers/STM32F4xx_HAL_Driver/Inc/stm32f4xx_ll_i2c.h ****   *         SET: When a Start condition is detected.
1414:Drivers/STM32F4xx_HAL_Driver/Inc/stm32f4xx_ll_i2c.h ****   * @rmtoll SR2          BUSY          LL_I2C_IsActiveFlag_BUSY
1415:Drivers/STM32F4xx_HAL_Driver/Inc/stm32f4xx_ll_i2c.h ****   * @param  I2Cx I2C Instance.
1416:Drivers/STM32F4xx_HAL_Driver/Inc/stm32f4xx_ll_i2c.h ****   * @retval State of bit (1 or 0).
1417:Drivers/STM32F4xx_HAL_Driver/Inc/stm32f4xx_ll_i2c.h ****   */
1418:Drivers/STM32F4xx_HAL_Driver/Inc/stm32f4xx_ll_i2c.h **** __STATIC_INLINE uint32_t LL_I2C_IsActiveFlag_BUSY(I2C_TypeDef *I2Cx)
1419:Drivers/STM32F4xx_HAL_Driver/Inc/stm32f4xx_ll_i2c.h **** {
1420:Drivers/STM32F4xx_HAL_Driver/Inc/stm32f4xx_ll_i2c.h ****   return (READ_BIT(I2Cx->SR2, I2C_SR2_BUSY) == (I2C_SR2_BUSY));
1421:Drivers/STM32F4xx_HAL_Driver/Inc/stm32f4xx_ll_i2c.h **** }
1422:Drivers/STM32F4xx_HAL_Driver/Inc/stm32f4xx_ll_i2c.h **** 
1423:Drivers/STM32F4xx_HAL_Driver/Inc/stm32f4xx_ll_i2c.h **** /**
1424:Drivers/STM32F4xx_HAL_Driver/Inc/stm32f4xx_ll_i2c.h ****   * @brief  Indicate the status of Dual flag.
1425:Drivers/STM32F4xx_HAL_Driver/Inc/stm32f4xx_ll_i2c.h ****   * @note   RESET: Received address matched with OAR1.
1426:Drivers/STM32F4xx_HAL_Driver/Inc/stm32f4xx_ll_i2c.h ****   *         SET: Received address matched with OAR2.
1427:Drivers/STM32F4xx_HAL_Driver/Inc/stm32f4xx_ll_i2c.h ****   * @rmtoll SR2          DUALF         LL_I2C_IsActiveFlag_DUAL
1428:Drivers/STM32F4xx_HAL_Driver/Inc/stm32f4xx_ll_i2c.h ****   * @param  I2Cx I2C Instance.
1429:Drivers/STM32F4xx_HAL_Driver/Inc/stm32f4xx_ll_i2c.h ****   * @retval State of bit (1 or 0).
1430:Drivers/STM32F4xx_HAL_Driver/Inc/stm32f4xx_ll_i2c.h ****   */
1431:Drivers/STM32F4xx_HAL_Driver/Inc/stm32f4xx_ll_i2c.h **** __STATIC_INLINE uint32_t LL_I2C_IsActiveFlag_DUAL(I2C_TypeDef *I2Cx)
1432:Drivers/STM32F4xx_HAL_Driver/Inc/stm32f4xx_ll_i2c.h **** {
1433:Drivers/STM32F4xx_HAL_Driver/Inc/stm32f4xx_ll_i2c.h ****   return (READ_BIT(I2Cx->SR2, I2C_SR2_DUALF) == (I2C_SR2_DUALF));
1434:Drivers/STM32F4xx_HAL_Driver/Inc/stm32f4xx_ll_i2c.h **** }
1435:Drivers/STM32F4xx_HAL_Driver/Inc/stm32f4xx_ll_i2c.h **** 
1436:Drivers/STM32F4xx_HAL_Driver/Inc/stm32f4xx_ll_i2c.h **** /**
1437:Drivers/STM32F4xx_HAL_Driver/Inc/stm32f4xx_ll_i2c.h ****   * @brief  Indicate the status of SMBus Host address reception (Slave mode).
1438:Drivers/STM32F4xx_HAL_Driver/Inc/stm32f4xx_ll_i2c.h ****   * @note   Macro IS_SMBUS_ALL_INSTANCE(I2Cx) can be used to check whether or not
1439:Drivers/STM32F4xx_HAL_Driver/Inc/stm32f4xx_ll_i2c.h ****   *         SMBus feature is supported by the I2Cx Instance.
1440:Drivers/STM32F4xx_HAL_Driver/Inc/stm32f4xx_ll_i2c.h ****   * @note   RESET: No SMBus Host address
1441:Drivers/STM32F4xx_HAL_Driver/Inc/stm32f4xx_ll_i2c.h ****   *         SET: SMBus Host address received.
1442:Drivers/STM32F4xx_HAL_Driver/Inc/stm32f4xx_ll_i2c.h ****   * @note   This status is cleared by hardware after a STOP condition or repeated START condition.
1443:Drivers/STM32F4xx_HAL_Driver/Inc/stm32f4xx_ll_i2c.h ****   * @rmtoll SR2          SMBHOST       LL_I2C_IsActiveSMBusFlag_SMBHOST
1444:Drivers/STM32F4xx_HAL_Driver/Inc/stm32f4xx_ll_i2c.h ****   * @param  I2Cx I2C Instance.
1445:Drivers/STM32F4xx_HAL_Driver/Inc/stm32f4xx_ll_i2c.h ****   * @retval State of bit (1 or 0).
1446:Drivers/STM32F4xx_HAL_Driver/Inc/stm32f4xx_ll_i2c.h ****   */
1447:Drivers/STM32F4xx_HAL_Driver/Inc/stm32f4xx_ll_i2c.h **** __STATIC_INLINE uint32_t LL_I2C_IsActiveSMBusFlag_SMBHOST(I2C_TypeDef *I2Cx)
ARM GAS  C:\Users\chris\AppData\Local\Temp\ccHvCGBe.s 			page 65


1448:Drivers/STM32F4xx_HAL_Driver/Inc/stm32f4xx_ll_i2c.h **** {
1449:Drivers/STM32F4xx_HAL_Driver/Inc/stm32f4xx_ll_i2c.h ****   return (READ_BIT(I2Cx->SR2, I2C_SR2_SMBHOST) == (I2C_SR2_SMBHOST));
1450:Drivers/STM32F4xx_HAL_Driver/Inc/stm32f4xx_ll_i2c.h **** }
1451:Drivers/STM32F4xx_HAL_Driver/Inc/stm32f4xx_ll_i2c.h **** 
1452:Drivers/STM32F4xx_HAL_Driver/Inc/stm32f4xx_ll_i2c.h **** /**
1453:Drivers/STM32F4xx_HAL_Driver/Inc/stm32f4xx_ll_i2c.h ****   * @brief  Indicate the status of SMBus Device default address reception (Slave mode).
1454:Drivers/STM32F4xx_HAL_Driver/Inc/stm32f4xx_ll_i2c.h ****   * @note   Macro IS_SMBUS_ALL_INSTANCE(I2Cx) can be used to check whether or not
1455:Drivers/STM32F4xx_HAL_Driver/Inc/stm32f4xx_ll_i2c.h ****   *         SMBus feature is supported by the I2Cx Instance.
1456:Drivers/STM32F4xx_HAL_Driver/Inc/stm32f4xx_ll_i2c.h ****   * @note   RESET: No SMBus Device default address
1457:Drivers/STM32F4xx_HAL_Driver/Inc/stm32f4xx_ll_i2c.h ****   *         SET: SMBus Device default address received.
1458:Drivers/STM32F4xx_HAL_Driver/Inc/stm32f4xx_ll_i2c.h ****   * @note   This status is cleared by hardware after a STOP condition or repeated START condition.
1459:Drivers/STM32F4xx_HAL_Driver/Inc/stm32f4xx_ll_i2c.h ****   * @rmtoll SR2          SMBDEFAULT    LL_I2C_IsActiveSMBusFlag_SMBDEFAULT
1460:Drivers/STM32F4xx_HAL_Driver/Inc/stm32f4xx_ll_i2c.h ****   * @param  I2Cx I2C Instance.
1461:Drivers/STM32F4xx_HAL_Driver/Inc/stm32f4xx_ll_i2c.h ****   * @retval State of bit (1 or 0).
1462:Drivers/STM32F4xx_HAL_Driver/Inc/stm32f4xx_ll_i2c.h ****   */
1463:Drivers/STM32F4xx_HAL_Driver/Inc/stm32f4xx_ll_i2c.h **** __STATIC_INLINE uint32_t LL_I2C_IsActiveSMBusFlag_SMBDEFAULT(I2C_TypeDef *I2Cx)
1464:Drivers/STM32F4xx_HAL_Driver/Inc/stm32f4xx_ll_i2c.h **** {
1465:Drivers/STM32F4xx_HAL_Driver/Inc/stm32f4xx_ll_i2c.h ****   return (READ_BIT(I2Cx->SR2, I2C_SR2_SMBDEFAULT) == (I2C_SR2_SMBDEFAULT));
1466:Drivers/STM32F4xx_HAL_Driver/Inc/stm32f4xx_ll_i2c.h **** }
1467:Drivers/STM32F4xx_HAL_Driver/Inc/stm32f4xx_ll_i2c.h **** 
1468:Drivers/STM32F4xx_HAL_Driver/Inc/stm32f4xx_ll_i2c.h **** /**
1469:Drivers/STM32F4xx_HAL_Driver/Inc/stm32f4xx_ll_i2c.h ****   * @brief  Indicate the status of General call address reception (Slave mode).
1470:Drivers/STM32F4xx_HAL_Driver/Inc/stm32f4xx_ll_i2c.h ****   * @note   RESET: No General call address
1471:Drivers/STM32F4xx_HAL_Driver/Inc/stm32f4xx_ll_i2c.h ****   *         SET: General call address received.
1472:Drivers/STM32F4xx_HAL_Driver/Inc/stm32f4xx_ll_i2c.h ****   * @note   This status is cleared by hardware after a STOP condition or repeated START condition.
1473:Drivers/STM32F4xx_HAL_Driver/Inc/stm32f4xx_ll_i2c.h ****   * @rmtoll SR2          GENCALL       LL_I2C_IsActiveFlag_GENCALL
1474:Drivers/STM32F4xx_HAL_Driver/Inc/stm32f4xx_ll_i2c.h ****   * @param  I2Cx I2C Instance.
1475:Drivers/STM32F4xx_HAL_Driver/Inc/stm32f4xx_ll_i2c.h ****   * @retval State of bit (1 or 0).
1476:Drivers/STM32F4xx_HAL_Driver/Inc/stm32f4xx_ll_i2c.h ****   */
1477:Drivers/STM32F4xx_HAL_Driver/Inc/stm32f4xx_ll_i2c.h **** __STATIC_INLINE uint32_t LL_I2C_IsActiveFlag_GENCALL(I2C_TypeDef *I2Cx)
1478:Drivers/STM32F4xx_HAL_Driver/Inc/stm32f4xx_ll_i2c.h **** {
1479:Drivers/STM32F4xx_HAL_Driver/Inc/stm32f4xx_ll_i2c.h ****   return (READ_BIT(I2Cx->SR2, I2C_SR2_GENCALL) == (I2C_SR2_GENCALL));
1480:Drivers/STM32F4xx_HAL_Driver/Inc/stm32f4xx_ll_i2c.h **** }
1481:Drivers/STM32F4xx_HAL_Driver/Inc/stm32f4xx_ll_i2c.h **** 
1482:Drivers/STM32F4xx_HAL_Driver/Inc/stm32f4xx_ll_i2c.h **** /**
1483:Drivers/STM32F4xx_HAL_Driver/Inc/stm32f4xx_ll_i2c.h ****   * @brief  Indicate the status of Master/Slave flag.
1484:Drivers/STM32F4xx_HAL_Driver/Inc/stm32f4xx_ll_i2c.h ****   * @note   RESET: Slave Mode.
1485:Drivers/STM32F4xx_HAL_Driver/Inc/stm32f4xx_ll_i2c.h ****   *         SET: Master Mode.
1486:Drivers/STM32F4xx_HAL_Driver/Inc/stm32f4xx_ll_i2c.h ****   * @rmtoll SR2          MSL           LL_I2C_IsActiveFlag_MSL
1487:Drivers/STM32F4xx_HAL_Driver/Inc/stm32f4xx_ll_i2c.h ****   * @param  I2Cx I2C Instance.
1488:Drivers/STM32F4xx_HAL_Driver/Inc/stm32f4xx_ll_i2c.h ****   * @retval State of bit (1 or 0).
1489:Drivers/STM32F4xx_HAL_Driver/Inc/stm32f4xx_ll_i2c.h ****   */
1490:Drivers/STM32F4xx_HAL_Driver/Inc/stm32f4xx_ll_i2c.h **** __STATIC_INLINE uint32_t LL_I2C_IsActiveFlag_MSL(I2C_TypeDef *I2Cx)
1491:Drivers/STM32F4xx_HAL_Driver/Inc/stm32f4xx_ll_i2c.h **** {
1492:Drivers/STM32F4xx_HAL_Driver/Inc/stm32f4xx_ll_i2c.h ****   return (READ_BIT(I2Cx->SR2, I2C_SR2_MSL) == (I2C_SR2_MSL));
1493:Drivers/STM32F4xx_HAL_Driver/Inc/stm32f4xx_ll_i2c.h **** }
1494:Drivers/STM32F4xx_HAL_Driver/Inc/stm32f4xx_ll_i2c.h **** 
1495:Drivers/STM32F4xx_HAL_Driver/Inc/stm32f4xx_ll_i2c.h **** /**
1496:Drivers/STM32F4xx_HAL_Driver/Inc/stm32f4xx_ll_i2c.h ****   * @brief  Clear Address Matched flag.
1497:Drivers/STM32F4xx_HAL_Driver/Inc/stm32f4xx_ll_i2c.h ****   * @note   Clearing this flag is done by a read access to the I2Cx_SR1
1498:Drivers/STM32F4xx_HAL_Driver/Inc/stm32f4xx_ll_i2c.h ****   *         register followed by a read access to the I2Cx_SR2 register.
1499:Drivers/STM32F4xx_HAL_Driver/Inc/stm32f4xx_ll_i2c.h ****   * @rmtoll SR1          ADDR          LL_I2C_ClearFlag_ADDR
1500:Drivers/STM32F4xx_HAL_Driver/Inc/stm32f4xx_ll_i2c.h ****   * @param  I2Cx I2C Instance.
1501:Drivers/STM32F4xx_HAL_Driver/Inc/stm32f4xx_ll_i2c.h ****   * @retval None
1502:Drivers/STM32F4xx_HAL_Driver/Inc/stm32f4xx_ll_i2c.h ****   */
1503:Drivers/STM32F4xx_HAL_Driver/Inc/stm32f4xx_ll_i2c.h **** __STATIC_INLINE void LL_I2C_ClearFlag_ADDR(I2C_TypeDef *I2Cx)
1504:Drivers/STM32F4xx_HAL_Driver/Inc/stm32f4xx_ll_i2c.h **** {
ARM GAS  C:\Users\chris\AppData\Local\Temp\ccHvCGBe.s 			page 66


1505:Drivers/STM32F4xx_HAL_Driver/Inc/stm32f4xx_ll_i2c.h ****   __IO uint32_t tmpreg;
1506:Drivers/STM32F4xx_HAL_Driver/Inc/stm32f4xx_ll_i2c.h ****   tmpreg = I2Cx->SR1;
1507:Drivers/STM32F4xx_HAL_Driver/Inc/stm32f4xx_ll_i2c.h ****   (void) tmpreg;
1508:Drivers/STM32F4xx_HAL_Driver/Inc/stm32f4xx_ll_i2c.h ****   tmpreg = I2Cx->SR2;
1509:Drivers/STM32F4xx_HAL_Driver/Inc/stm32f4xx_ll_i2c.h ****   (void) tmpreg;
1510:Drivers/STM32F4xx_HAL_Driver/Inc/stm32f4xx_ll_i2c.h **** }
1511:Drivers/STM32F4xx_HAL_Driver/Inc/stm32f4xx_ll_i2c.h **** 
1512:Drivers/STM32F4xx_HAL_Driver/Inc/stm32f4xx_ll_i2c.h **** /**
1513:Drivers/STM32F4xx_HAL_Driver/Inc/stm32f4xx_ll_i2c.h ****   * @brief  Clear Acknowledge failure flag.
1514:Drivers/STM32F4xx_HAL_Driver/Inc/stm32f4xx_ll_i2c.h ****   * @rmtoll SR1          AF            LL_I2C_ClearFlag_AF
1515:Drivers/STM32F4xx_HAL_Driver/Inc/stm32f4xx_ll_i2c.h ****   * @param  I2Cx I2C Instance.
1516:Drivers/STM32F4xx_HAL_Driver/Inc/stm32f4xx_ll_i2c.h ****   * @retval None
1517:Drivers/STM32F4xx_HAL_Driver/Inc/stm32f4xx_ll_i2c.h ****   */
1518:Drivers/STM32F4xx_HAL_Driver/Inc/stm32f4xx_ll_i2c.h **** __STATIC_INLINE void LL_I2C_ClearFlag_AF(I2C_TypeDef *I2Cx)
1519:Drivers/STM32F4xx_HAL_Driver/Inc/stm32f4xx_ll_i2c.h **** {
1520:Drivers/STM32F4xx_HAL_Driver/Inc/stm32f4xx_ll_i2c.h ****   CLEAR_BIT(I2Cx->SR1, I2C_SR1_AF);
1521:Drivers/STM32F4xx_HAL_Driver/Inc/stm32f4xx_ll_i2c.h **** }
1522:Drivers/STM32F4xx_HAL_Driver/Inc/stm32f4xx_ll_i2c.h **** 
1523:Drivers/STM32F4xx_HAL_Driver/Inc/stm32f4xx_ll_i2c.h **** /**
1524:Drivers/STM32F4xx_HAL_Driver/Inc/stm32f4xx_ll_i2c.h ****   * @brief  Clear Stop detection flag.
1525:Drivers/STM32F4xx_HAL_Driver/Inc/stm32f4xx_ll_i2c.h ****   * @note   Clearing this flag is done by a read access to the I2Cx_SR1
1526:Drivers/STM32F4xx_HAL_Driver/Inc/stm32f4xx_ll_i2c.h ****   *         register followed by a write access to I2Cx_CR1 register.
1527:Drivers/STM32F4xx_HAL_Driver/Inc/stm32f4xx_ll_i2c.h ****   * @rmtoll SR1          STOPF         LL_I2C_ClearFlag_STOP\n
1528:Drivers/STM32F4xx_HAL_Driver/Inc/stm32f4xx_ll_i2c.h ****   *         CR1          PE            LL_I2C_ClearFlag_STOP
1529:Drivers/STM32F4xx_HAL_Driver/Inc/stm32f4xx_ll_i2c.h ****   * @param  I2Cx I2C Instance.
1530:Drivers/STM32F4xx_HAL_Driver/Inc/stm32f4xx_ll_i2c.h ****   * @retval None
1531:Drivers/STM32F4xx_HAL_Driver/Inc/stm32f4xx_ll_i2c.h ****   */
1532:Drivers/STM32F4xx_HAL_Driver/Inc/stm32f4xx_ll_i2c.h **** __STATIC_INLINE void LL_I2C_ClearFlag_STOP(I2C_TypeDef *I2Cx)
1533:Drivers/STM32F4xx_HAL_Driver/Inc/stm32f4xx_ll_i2c.h **** {
1534:Drivers/STM32F4xx_HAL_Driver/Inc/stm32f4xx_ll_i2c.h ****   __IO uint32_t tmpreg;
1535:Drivers/STM32F4xx_HAL_Driver/Inc/stm32f4xx_ll_i2c.h ****   tmpreg = I2Cx->SR1;
1536:Drivers/STM32F4xx_HAL_Driver/Inc/stm32f4xx_ll_i2c.h ****   (void) tmpreg;
1537:Drivers/STM32F4xx_HAL_Driver/Inc/stm32f4xx_ll_i2c.h ****   SET_BIT(I2Cx->CR1, I2C_CR1_PE);
1538:Drivers/STM32F4xx_HAL_Driver/Inc/stm32f4xx_ll_i2c.h **** }
1539:Drivers/STM32F4xx_HAL_Driver/Inc/stm32f4xx_ll_i2c.h **** 
1540:Drivers/STM32F4xx_HAL_Driver/Inc/stm32f4xx_ll_i2c.h **** /**
1541:Drivers/STM32F4xx_HAL_Driver/Inc/stm32f4xx_ll_i2c.h ****   * @brief  Clear Bus error flag.
1542:Drivers/STM32F4xx_HAL_Driver/Inc/stm32f4xx_ll_i2c.h ****   * @rmtoll SR1          BERR          LL_I2C_ClearFlag_BERR
1543:Drivers/STM32F4xx_HAL_Driver/Inc/stm32f4xx_ll_i2c.h ****   * @param  I2Cx I2C Instance.
1544:Drivers/STM32F4xx_HAL_Driver/Inc/stm32f4xx_ll_i2c.h ****   * @retval None
1545:Drivers/STM32F4xx_HAL_Driver/Inc/stm32f4xx_ll_i2c.h ****   */
1546:Drivers/STM32F4xx_HAL_Driver/Inc/stm32f4xx_ll_i2c.h **** __STATIC_INLINE void LL_I2C_ClearFlag_BERR(I2C_TypeDef *I2Cx)
1547:Drivers/STM32F4xx_HAL_Driver/Inc/stm32f4xx_ll_i2c.h **** {
1548:Drivers/STM32F4xx_HAL_Driver/Inc/stm32f4xx_ll_i2c.h ****   CLEAR_BIT(I2Cx->SR1, I2C_SR1_BERR);
1549:Drivers/STM32F4xx_HAL_Driver/Inc/stm32f4xx_ll_i2c.h **** }
1550:Drivers/STM32F4xx_HAL_Driver/Inc/stm32f4xx_ll_i2c.h **** 
1551:Drivers/STM32F4xx_HAL_Driver/Inc/stm32f4xx_ll_i2c.h **** /**
1552:Drivers/STM32F4xx_HAL_Driver/Inc/stm32f4xx_ll_i2c.h ****   * @brief  Clear Arbitration lost flag.
1553:Drivers/STM32F4xx_HAL_Driver/Inc/stm32f4xx_ll_i2c.h ****   * @rmtoll SR1          ARLO          LL_I2C_ClearFlag_ARLO
1554:Drivers/STM32F4xx_HAL_Driver/Inc/stm32f4xx_ll_i2c.h ****   * @param  I2Cx I2C Instance.
1555:Drivers/STM32F4xx_HAL_Driver/Inc/stm32f4xx_ll_i2c.h ****   * @retval None
1556:Drivers/STM32F4xx_HAL_Driver/Inc/stm32f4xx_ll_i2c.h ****   */
1557:Drivers/STM32F4xx_HAL_Driver/Inc/stm32f4xx_ll_i2c.h **** __STATIC_INLINE void LL_I2C_ClearFlag_ARLO(I2C_TypeDef *I2Cx)
1558:Drivers/STM32F4xx_HAL_Driver/Inc/stm32f4xx_ll_i2c.h **** {
1559:Drivers/STM32F4xx_HAL_Driver/Inc/stm32f4xx_ll_i2c.h ****   CLEAR_BIT(I2Cx->SR1, I2C_SR1_ARLO);
1560:Drivers/STM32F4xx_HAL_Driver/Inc/stm32f4xx_ll_i2c.h **** }
1561:Drivers/STM32F4xx_HAL_Driver/Inc/stm32f4xx_ll_i2c.h **** 
ARM GAS  C:\Users\chris\AppData\Local\Temp\ccHvCGBe.s 			page 67


1562:Drivers/STM32F4xx_HAL_Driver/Inc/stm32f4xx_ll_i2c.h **** /**
1563:Drivers/STM32F4xx_HAL_Driver/Inc/stm32f4xx_ll_i2c.h ****   * @brief  Clear Overrun/Underrun flag.
1564:Drivers/STM32F4xx_HAL_Driver/Inc/stm32f4xx_ll_i2c.h ****   * @rmtoll SR1          OVR           LL_I2C_ClearFlag_OVR
1565:Drivers/STM32F4xx_HAL_Driver/Inc/stm32f4xx_ll_i2c.h ****   * @param  I2Cx I2C Instance.
1566:Drivers/STM32F4xx_HAL_Driver/Inc/stm32f4xx_ll_i2c.h ****   * @retval None
1567:Drivers/STM32F4xx_HAL_Driver/Inc/stm32f4xx_ll_i2c.h ****   */
1568:Drivers/STM32F4xx_HAL_Driver/Inc/stm32f4xx_ll_i2c.h **** __STATIC_INLINE void LL_I2C_ClearFlag_OVR(I2C_TypeDef *I2Cx)
1569:Drivers/STM32F4xx_HAL_Driver/Inc/stm32f4xx_ll_i2c.h **** {
1570:Drivers/STM32F4xx_HAL_Driver/Inc/stm32f4xx_ll_i2c.h ****   CLEAR_BIT(I2Cx->SR1, I2C_SR1_OVR);
1571:Drivers/STM32F4xx_HAL_Driver/Inc/stm32f4xx_ll_i2c.h **** }
1572:Drivers/STM32F4xx_HAL_Driver/Inc/stm32f4xx_ll_i2c.h **** 
1573:Drivers/STM32F4xx_HAL_Driver/Inc/stm32f4xx_ll_i2c.h **** /**
1574:Drivers/STM32F4xx_HAL_Driver/Inc/stm32f4xx_ll_i2c.h ****   * @brief  Clear SMBus PEC error flag.
1575:Drivers/STM32F4xx_HAL_Driver/Inc/stm32f4xx_ll_i2c.h ****   * @rmtoll SR1          PECERR        LL_I2C_ClearSMBusFlag_PECERR
1576:Drivers/STM32F4xx_HAL_Driver/Inc/stm32f4xx_ll_i2c.h ****   * @param  I2Cx I2C Instance.
1577:Drivers/STM32F4xx_HAL_Driver/Inc/stm32f4xx_ll_i2c.h ****   * @retval None
1578:Drivers/STM32F4xx_HAL_Driver/Inc/stm32f4xx_ll_i2c.h ****   */
1579:Drivers/STM32F4xx_HAL_Driver/Inc/stm32f4xx_ll_i2c.h **** __STATIC_INLINE void LL_I2C_ClearSMBusFlag_PECERR(I2C_TypeDef *I2Cx)
1580:Drivers/STM32F4xx_HAL_Driver/Inc/stm32f4xx_ll_i2c.h **** {
1581:Drivers/STM32F4xx_HAL_Driver/Inc/stm32f4xx_ll_i2c.h ****   CLEAR_BIT(I2Cx->SR1, I2C_SR1_PECERR);
1582:Drivers/STM32F4xx_HAL_Driver/Inc/stm32f4xx_ll_i2c.h **** }
1583:Drivers/STM32F4xx_HAL_Driver/Inc/stm32f4xx_ll_i2c.h **** 
1584:Drivers/STM32F4xx_HAL_Driver/Inc/stm32f4xx_ll_i2c.h **** /**
1585:Drivers/STM32F4xx_HAL_Driver/Inc/stm32f4xx_ll_i2c.h ****   * @brief  Clear SMBus Timeout detection flag.
1586:Drivers/STM32F4xx_HAL_Driver/Inc/stm32f4xx_ll_i2c.h ****   * @note   Macro IS_SMBUS_ALL_INSTANCE(I2Cx) can be used to check whether or not
1587:Drivers/STM32F4xx_HAL_Driver/Inc/stm32f4xx_ll_i2c.h ****   *         SMBus feature is supported by the I2Cx Instance.
1588:Drivers/STM32F4xx_HAL_Driver/Inc/stm32f4xx_ll_i2c.h ****   * @rmtoll SR1          TIMEOUT       LL_I2C_ClearSMBusFlag_TIMEOUT
1589:Drivers/STM32F4xx_HAL_Driver/Inc/stm32f4xx_ll_i2c.h ****   * @param  I2Cx I2C Instance.
1590:Drivers/STM32F4xx_HAL_Driver/Inc/stm32f4xx_ll_i2c.h ****   * @retval None
1591:Drivers/STM32F4xx_HAL_Driver/Inc/stm32f4xx_ll_i2c.h ****   */
1592:Drivers/STM32F4xx_HAL_Driver/Inc/stm32f4xx_ll_i2c.h **** __STATIC_INLINE void LL_I2C_ClearSMBusFlag_TIMEOUT(I2C_TypeDef *I2Cx)
1593:Drivers/STM32F4xx_HAL_Driver/Inc/stm32f4xx_ll_i2c.h **** {
1594:Drivers/STM32F4xx_HAL_Driver/Inc/stm32f4xx_ll_i2c.h ****   CLEAR_BIT(I2Cx->SR1, I2C_SR1_TIMEOUT);
1595:Drivers/STM32F4xx_HAL_Driver/Inc/stm32f4xx_ll_i2c.h **** }
1596:Drivers/STM32F4xx_HAL_Driver/Inc/stm32f4xx_ll_i2c.h **** 
1597:Drivers/STM32F4xx_HAL_Driver/Inc/stm32f4xx_ll_i2c.h **** /**
1598:Drivers/STM32F4xx_HAL_Driver/Inc/stm32f4xx_ll_i2c.h ****   * @brief  Clear SMBus Alert flag.
1599:Drivers/STM32F4xx_HAL_Driver/Inc/stm32f4xx_ll_i2c.h ****   * @note   Macro IS_SMBUS_ALL_INSTANCE(I2Cx) can be used to check whether or not
1600:Drivers/STM32F4xx_HAL_Driver/Inc/stm32f4xx_ll_i2c.h ****   *         SMBus feature is supported by the I2Cx Instance.
1601:Drivers/STM32F4xx_HAL_Driver/Inc/stm32f4xx_ll_i2c.h ****   * @rmtoll SR1          SMBALERT      LL_I2C_ClearSMBusFlag_ALERT
1602:Drivers/STM32F4xx_HAL_Driver/Inc/stm32f4xx_ll_i2c.h ****   * @param  I2Cx I2C Instance.
1603:Drivers/STM32F4xx_HAL_Driver/Inc/stm32f4xx_ll_i2c.h ****   * @retval None
1604:Drivers/STM32F4xx_HAL_Driver/Inc/stm32f4xx_ll_i2c.h ****   */
1605:Drivers/STM32F4xx_HAL_Driver/Inc/stm32f4xx_ll_i2c.h **** __STATIC_INLINE void LL_I2C_ClearSMBusFlag_ALERT(I2C_TypeDef *I2Cx)
1606:Drivers/STM32F4xx_HAL_Driver/Inc/stm32f4xx_ll_i2c.h **** {
1607:Drivers/STM32F4xx_HAL_Driver/Inc/stm32f4xx_ll_i2c.h ****   CLEAR_BIT(I2Cx->SR1, I2C_SR1_SMBALERT);
1608:Drivers/STM32F4xx_HAL_Driver/Inc/stm32f4xx_ll_i2c.h **** }
1609:Drivers/STM32F4xx_HAL_Driver/Inc/stm32f4xx_ll_i2c.h **** 
1610:Drivers/STM32F4xx_HAL_Driver/Inc/stm32f4xx_ll_i2c.h **** /**
1611:Drivers/STM32F4xx_HAL_Driver/Inc/stm32f4xx_ll_i2c.h ****   * @}
1612:Drivers/STM32F4xx_HAL_Driver/Inc/stm32f4xx_ll_i2c.h ****   */
1613:Drivers/STM32F4xx_HAL_Driver/Inc/stm32f4xx_ll_i2c.h **** 
1614:Drivers/STM32F4xx_HAL_Driver/Inc/stm32f4xx_ll_i2c.h **** /** @defgroup I2C_LL_EF_Data_Management Data_Management
1615:Drivers/STM32F4xx_HAL_Driver/Inc/stm32f4xx_ll_i2c.h ****   * @{
1616:Drivers/STM32F4xx_HAL_Driver/Inc/stm32f4xx_ll_i2c.h ****   */
1617:Drivers/STM32F4xx_HAL_Driver/Inc/stm32f4xx_ll_i2c.h **** 
1618:Drivers/STM32F4xx_HAL_Driver/Inc/stm32f4xx_ll_i2c.h **** /**
ARM GAS  C:\Users\chris\AppData\Local\Temp\ccHvCGBe.s 			page 68


1619:Drivers/STM32F4xx_HAL_Driver/Inc/stm32f4xx_ll_i2c.h ****   * @brief  Enable Reset of I2C peripheral.
1620:Drivers/STM32F4xx_HAL_Driver/Inc/stm32f4xx_ll_i2c.h ****   * @rmtoll CR1          SWRST         LL_I2C_EnableReset
1621:Drivers/STM32F4xx_HAL_Driver/Inc/stm32f4xx_ll_i2c.h ****   * @param  I2Cx I2C Instance.
1622:Drivers/STM32F4xx_HAL_Driver/Inc/stm32f4xx_ll_i2c.h ****   * @retval None
1623:Drivers/STM32F4xx_HAL_Driver/Inc/stm32f4xx_ll_i2c.h ****   */
1624:Drivers/STM32F4xx_HAL_Driver/Inc/stm32f4xx_ll_i2c.h **** __STATIC_INLINE void LL_I2C_EnableReset(I2C_TypeDef *I2Cx)
1625:Drivers/STM32F4xx_HAL_Driver/Inc/stm32f4xx_ll_i2c.h **** {
1626:Drivers/STM32F4xx_HAL_Driver/Inc/stm32f4xx_ll_i2c.h ****   SET_BIT(I2Cx->CR1, I2C_CR1_SWRST);
1627:Drivers/STM32F4xx_HAL_Driver/Inc/stm32f4xx_ll_i2c.h **** }
1628:Drivers/STM32F4xx_HAL_Driver/Inc/stm32f4xx_ll_i2c.h **** 
1629:Drivers/STM32F4xx_HAL_Driver/Inc/stm32f4xx_ll_i2c.h **** /**
1630:Drivers/STM32F4xx_HAL_Driver/Inc/stm32f4xx_ll_i2c.h ****   * @brief  Disable Reset of I2C peripheral.
1631:Drivers/STM32F4xx_HAL_Driver/Inc/stm32f4xx_ll_i2c.h ****   * @rmtoll CR1          SWRST         LL_I2C_DisableReset
1632:Drivers/STM32F4xx_HAL_Driver/Inc/stm32f4xx_ll_i2c.h ****   * @param  I2Cx I2C Instance.
1633:Drivers/STM32F4xx_HAL_Driver/Inc/stm32f4xx_ll_i2c.h ****   * @retval None
1634:Drivers/STM32F4xx_HAL_Driver/Inc/stm32f4xx_ll_i2c.h ****   */
1635:Drivers/STM32F4xx_HAL_Driver/Inc/stm32f4xx_ll_i2c.h **** __STATIC_INLINE void LL_I2C_DisableReset(I2C_TypeDef *I2Cx)
1636:Drivers/STM32F4xx_HAL_Driver/Inc/stm32f4xx_ll_i2c.h **** {
1637:Drivers/STM32F4xx_HAL_Driver/Inc/stm32f4xx_ll_i2c.h ****   CLEAR_BIT(I2Cx->CR1, I2C_CR1_SWRST);
1638:Drivers/STM32F4xx_HAL_Driver/Inc/stm32f4xx_ll_i2c.h **** }
1639:Drivers/STM32F4xx_HAL_Driver/Inc/stm32f4xx_ll_i2c.h **** 
1640:Drivers/STM32F4xx_HAL_Driver/Inc/stm32f4xx_ll_i2c.h **** /**
1641:Drivers/STM32F4xx_HAL_Driver/Inc/stm32f4xx_ll_i2c.h ****   * @brief  Check if the I2C peripheral is under reset state or not.
1642:Drivers/STM32F4xx_HAL_Driver/Inc/stm32f4xx_ll_i2c.h ****   * @rmtoll CR1          SWRST         LL_I2C_IsResetEnabled
1643:Drivers/STM32F4xx_HAL_Driver/Inc/stm32f4xx_ll_i2c.h ****   * @param  I2Cx I2C Instance.
1644:Drivers/STM32F4xx_HAL_Driver/Inc/stm32f4xx_ll_i2c.h ****   * @retval State of bit (1 or 0).
1645:Drivers/STM32F4xx_HAL_Driver/Inc/stm32f4xx_ll_i2c.h ****   */
1646:Drivers/STM32F4xx_HAL_Driver/Inc/stm32f4xx_ll_i2c.h **** __STATIC_INLINE uint32_t LL_I2C_IsResetEnabled(I2C_TypeDef *I2Cx)
1647:Drivers/STM32F4xx_HAL_Driver/Inc/stm32f4xx_ll_i2c.h **** {
1648:Drivers/STM32F4xx_HAL_Driver/Inc/stm32f4xx_ll_i2c.h ****   return (READ_BIT(I2Cx->CR1, I2C_CR1_SWRST) == (I2C_CR1_SWRST));
1649:Drivers/STM32F4xx_HAL_Driver/Inc/stm32f4xx_ll_i2c.h **** }
1650:Drivers/STM32F4xx_HAL_Driver/Inc/stm32f4xx_ll_i2c.h **** 
1651:Drivers/STM32F4xx_HAL_Driver/Inc/stm32f4xx_ll_i2c.h **** /**
1652:Drivers/STM32F4xx_HAL_Driver/Inc/stm32f4xx_ll_i2c.h ****   * @brief  Prepare the generation of a ACKnowledge or Non ACKnowledge condition after the address 
1653:Drivers/STM32F4xx_HAL_Driver/Inc/stm32f4xx_ll_i2c.h ****   * @note   Usage in Slave or Master mode.
1654:Drivers/STM32F4xx_HAL_Driver/Inc/stm32f4xx_ll_i2c.h ****   * @rmtoll CR1          ACK           LL_I2C_AcknowledgeNextData
1655:Drivers/STM32F4xx_HAL_Driver/Inc/stm32f4xx_ll_i2c.h ****   * @param  I2Cx I2C Instance.
1656:Drivers/STM32F4xx_HAL_Driver/Inc/stm32f4xx_ll_i2c.h ****   * @param  TypeAcknowledge This parameter can be one of the following values:
1657:Drivers/STM32F4xx_HAL_Driver/Inc/stm32f4xx_ll_i2c.h ****   *         @arg @ref LL_I2C_ACK
1658:Drivers/STM32F4xx_HAL_Driver/Inc/stm32f4xx_ll_i2c.h ****   *         @arg @ref LL_I2C_NACK
1659:Drivers/STM32F4xx_HAL_Driver/Inc/stm32f4xx_ll_i2c.h ****   * @retval None
1660:Drivers/STM32F4xx_HAL_Driver/Inc/stm32f4xx_ll_i2c.h ****   */
1661:Drivers/STM32F4xx_HAL_Driver/Inc/stm32f4xx_ll_i2c.h **** __STATIC_INLINE void LL_I2C_AcknowledgeNextData(I2C_TypeDef *I2Cx, uint32_t TypeAcknowledge)
 465              		.loc 2 1661 22 view .LVU118
 466              	.LBB55:
1662:Drivers/STM32F4xx_HAL_Driver/Inc/stm32f4xx_ll_i2c.h **** {
1663:Drivers/STM32F4xx_HAL_Driver/Inc/stm32f4xx_ll_i2c.h ****   MODIFY_REG(I2Cx->CR1, I2C_CR1_ACK, TypeAcknowledge);
 467              		.loc 2 1663 3 view .LVU119
 468 005c 2268     		ldr	r2, [r4]
 469 005e 22F48062 		bic	r2, r2, #1024
 470 0062 1343     		orrs	r3, r3, r2
 471              	.LVL46:
 472              		.loc 2 1663 3 is_stmt 0 view .LVU120
 473 0064 2360     		str	r3, [r4]
 474              	.LVL47:
 475              		.loc 2 1663 3 view .LVU121
 476              	.LBE55:
ARM GAS  C:\Users\chris\AppData\Local\Temp\ccHvCGBe.s 			page 69


 477              	.LBE54:
 208:Drivers/STM32F4xx_HAL_Driver/Src/stm32f4xx_ll_i2c.c **** 
 209:Drivers/STM32F4xx_HAL_Driver/Src/stm32f4xx_ll_i2c.c ****   return SUCCESS;
 478              		.loc 1 209 3 is_stmt 1 view .LVU122
 210:Drivers/STM32F4xx_HAL_Driver/Src/stm32f4xx_ll_i2c.c **** }
 479              		.loc 1 210 1 is_stmt 0 view .LVU123
 480 0066 0020     		movs	r0, #0
 481 0068 05B0     		add	sp, sp, #20
 482              	.LCFI3:
 483              		.cfi_def_cfa_offset 12
 484              		@ sp needed
 485 006a 30BD     		pop	{r4, r5, pc}
 486              		.loc 1 210 1 view .LVU124
 487              		.cfi_endproc
 488              	.LFE379:
 490              		.section	.text.LL_I2C_StructInit,"ax",%progbits
 491              		.align	1
 492              		.global	LL_I2C_StructInit
 493              		.syntax unified
 494              		.thumb
 495              		.thumb_func
 497              	LL_I2C_StructInit:
 498              	.LVL48:
 499              	.LFB380:
 211:Drivers/STM32F4xx_HAL_Driver/Src/stm32f4xx_ll_i2c.c **** 
 212:Drivers/STM32F4xx_HAL_Driver/Src/stm32f4xx_ll_i2c.c **** /**
 213:Drivers/STM32F4xx_HAL_Driver/Src/stm32f4xx_ll_i2c.c ****   * @brief  Set each @ref LL_I2C_InitTypeDef field to default value.
 214:Drivers/STM32F4xx_HAL_Driver/Src/stm32f4xx_ll_i2c.c ****   * @param  I2C_InitStruct Pointer to a @ref LL_I2C_InitTypeDef structure.
 215:Drivers/STM32F4xx_HAL_Driver/Src/stm32f4xx_ll_i2c.c ****   * @retval None
 216:Drivers/STM32F4xx_HAL_Driver/Src/stm32f4xx_ll_i2c.c ****   */
 217:Drivers/STM32F4xx_HAL_Driver/Src/stm32f4xx_ll_i2c.c **** void LL_I2C_StructInit(LL_I2C_InitTypeDef *I2C_InitStruct)
 218:Drivers/STM32F4xx_HAL_Driver/Src/stm32f4xx_ll_i2c.c **** {
 500              		.loc 1 218 1 is_stmt 1 view -0
 501              		.cfi_startproc
 502              		@ args = 0, pretend = 0, frame = 0
 503              		@ frame_needed = 0, uses_anonymous_args = 0
 504              		@ link register save eliminated.
 219:Drivers/STM32F4xx_HAL_Driver/Src/stm32f4xx_ll_i2c.c ****   /* Set I2C_InitStruct fields to default values */
 220:Drivers/STM32F4xx_HAL_Driver/Src/stm32f4xx_ll_i2c.c ****   I2C_InitStruct->PeripheralMode  = LL_I2C_MODE_I2C;
 505              		.loc 1 220 3 view .LVU126
 506              		.loc 1 220 35 is_stmt 0 view .LVU127
 507 0000 0023     		movs	r3, #0
 508 0002 0360     		str	r3, [r0]
 221:Drivers/STM32F4xx_HAL_Driver/Src/stm32f4xx_ll_i2c.c ****   I2C_InitStruct->ClockSpeed      = 5000U;
 509              		.loc 1 221 3 is_stmt 1 view .LVU128
 510              		.loc 1 221 35 is_stmt 0 view .LVU129
 511 0004 41F28832 		movw	r2, #5000
 512 0008 4260     		str	r2, [r0, #4]
 222:Drivers/STM32F4xx_HAL_Driver/Src/stm32f4xx_ll_i2c.c ****   I2C_InitStruct->DutyCycle       = LL_I2C_DUTYCYCLE_2;
 513              		.loc 1 222 3 is_stmt 1 view .LVU130
 514              		.loc 1 222 35 is_stmt 0 view .LVU131
 515 000a 8360     		str	r3, [r0, #8]
 223:Drivers/STM32F4xx_HAL_Driver/Src/stm32f4xx_ll_i2c.c **** #if  defined(I2C_FLTR_ANOFF)&&defined(I2C_FLTR_DNF)
 224:Drivers/STM32F4xx_HAL_Driver/Src/stm32f4xx_ll_i2c.c ****   I2C_InitStruct->AnalogFilter    = LL_I2C_ANALOGFILTER_ENABLE;
 516              		.loc 1 224 3 is_stmt 1 view .LVU132
 517              		.loc 1 224 35 is_stmt 0 view .LVU133
 518 000c C360     		str	r3, [r0, #12]
ARM GAS  C:\Users\chris\AppData\Local\Temp\ccHvCGBe.s 			page 70


 225:Drivers/STM32F4xx_HAL_Driver/Src/stm32f4xx_ll_i2c.c ****   I2C_InitStruct->DigitalFilter   = 0U;
 519              		.loc 1 225 3 is_stmt 1 view .LVU134
 520              		.loc 1 225 35 is_stmt 0 view .LVU135
 521 000e 0361     		str	r3, [r0, #16]
 226:Drivers/STM32F4xx_HAL_Driver/Src/stm32f4xx_ll_i2c.c **** #endif
 227:Drivers/STM32F4xx_HAL_Driver/Src/stm32f4xx_ll_i2c.c ****   I2C_InitStruct->OwnAddress1     = 0U;
 522              		.loc 1 227 3 is_stmt 1 view .LVU136
 523              		.loc 1 227 35 is_stmt 0 view .LVU137
 524 0010 4361     		str	r3, [r0, #20]
 228:Drivers/STM32F4xx_HAL_Driver/Src/stm32f4xx_ll_i2c.c ****   I2C_InitStruct->TypeAcknowledge = LL_I2C_NACK;
 525              		.loc 1 228 3 is_stmt 1 view .LVU138
 526              		.loc 1 228 35 is_stmt 0 view .LVU139
 527 0012 8361     		str	r3, [r0, #24]
 229:Drivers/STM32F4xx_HAL_Driver/Src/stm32f4xx_ll_i2c.c ****   I2C_InitStruct->OwnAddrSize     = LL_I2C_OWNADDRESS1_7BIT;
 528              		.loc 1 229 3 is_stmt 1 view .LVU140
 529              		.loc 1 229 35 is_stmt 0 view .LVU141
 530 0014 4FF48043 		mov	r3, #16384
 531 0018 C361     		str	r3, [r0, #28]
 230:Drivers/STM32F4xx_HAL_Driver/Src/stm32f4xx_ll_i2c.c **** }
 532              		.loc 1 230 1 view .LVU142
 533 001a 7047     		bx	lr
 534              		.cfi_endproc
 535              	.LFE380:
 537              		.text
 538              	.Letext0:
 539              		.file 4 "c:\\ST\\STM32CubeCLT_1.20.0\\GNU-tools-for-STM32\\bin\\../lib/gcc/arm-none-eabi/13.3.1/..
 540              		.file 5 "c:\\ST\\STM32CubeCLT_1.20.0\\GNU-tools-for-STM32\\bin\\../lib/gcc/arm-none-eabi/13.3.1/..
 541              		.file 6 "Drivers/CMSIS/Device/ST/STM32F4xx/Include/stm32f401xe.h"
 542              		.file 7 "Drivers/CMSIS/Device/ST/STM32F4xx/Include/stm32f4xx.h"
 543              		.file 8 "Drivers/STM32F4xx_HAL_Driver/Inc/stm32f4xx_ll_rcc.h"
ARM GAS  C:\Users\chris\AppData\Local\Temp\ccHvCGBe.s 			page 71


DEFINED SYMBOLS
                            *ABS*:00000000 stm32f4xx_ll_i2c.c
C:\Users\chris\AppData\Local\Temp\ccHvCGBe.s:21     .text.LL_I2C_ConfigSpeed:00000000 $t
C:\Users\chris\AppData\Local\Temp\ccHvCGBe.s:26     .text.LL_I2C_ConfigSpeed:00000000 LL_I2C_ConfigSpeed
C:\Users\chris\AppData\Local\Temp\ccHvCGBe.s:155    .text.LL_I2C_ConfigSpeed:000000ac $d
C:\Users\chris\AppData\Local\Temp\ccHvCGBe.s:162    .text.LL_I2C_DeInit:00000000 $t
C:\Users\chris\AppData\Local\Temp\ccHvCGBe.s:168    .text.LL_I2C_DeInit:00000000 LL_I2C_DeInit
C:\Users\chris\AppData\Local\Temp\ccHvCGBe.s:317    .text.LL_I2C_DeInit:00000060 $d
C:\Users\chris\AppData\Local\Temp\ccHvCGBe.s:326    .text.LL_I2C_Init:00000000 $t
C:\Users\chris\AppData\Local\Temp\ccHvCGBe.s:332    .text.LL_I2C_Init:00000000 LL_I2C_Init
C:\Users\chris\AppData\Local\Temp\ccHvCGBe.s:491    .text.LL_I2C_StructInit:00000000 $t
C:\Users\chris\AppData\Local\Temp\ccHvCGBe.s:497    .text.LL_I2C_StructInit:00000000 LL_I2C_StructInit

UNDEFINED SYMBOLS
LL_RCC_GetSystemClocksFreq
