ARM GAS  C:\Users\chris\AppData\Local\Temp\ccpkeIoa.s 			page 1


   1              		.cpu cortex-m4
   2              		.arch armv7e-m
   3              		.fpu fpv4-sp-d16
   4              		.eabi_attribute 27, 1
   5              		.eabi_attribute 28, 1
   6              		.eabi_attribute 20, 1
   7              		.eabi_attribute 21, 1
   8              		.eabi_attribute 23, 3
   9              		.eabi_attribute 24, 1
  10              		.eabi_attribute 25, 1
  11              		.eabi_attribute 26, 1
  12              		.eabi_attribute 30, 1
  13              		.eabi_attribute 34, 1
  14              		.eabi_attribute 18, 4
  15              		.file	"stm32f4xx_ll_usart.c"
  16              		.text
  17              	.Ltext0:
  18              		.cfi_sections	.debug_frame
  19              		.file 1 "Drivers/STM32F4xx_HAL_Driver/Src/stm32f4xx_ll_usart.c"
  20              		.global	__aeabi_uldivmod
  21              		.section	.text.LL_USART_SetBaudRate,"ax",%progbits
  22              		.align	1
  23              		.syntax unified
  24              		.thumb
  25              		.thumb_func
  27              	LL_USART_SetBaudRate:
  28              	.LVL0:
  29              	.LFB175:
  30              		.file 2 "Drivers/STM32F4xx_HAL_Driver/Inc/stm32f4xx_ll_usart.h"
   1:Drivers/STM32F4xx_HAL_Driver/Inc/stm32f4xx_ll_usart.h **** /**
   2:Drivers/STM32F4xx_HAL_Driver/Inc/stm32f4xx_ll_usart.h ****   ******************************************************************************
   3:Drivers/STM32F4xx_HAL_Driver/Inc/stm32f4xx_ll_usart.h ****   * @file    stm32f4xx_ll_usart.h
   4:Drivers/STM32F4xx_HAL_Driver/Inc/stm32f4xx_ll_usart.h ****   * @author  MCD Application Team
   5:Drivers/STM32F4xx_HAL_Driver/Inc/stm32f4xx_ll_usart.h ****   * @brief   Header file of USART LL module.
   6:Drivers/STM32F4xx_HAL_Driver/Inc/stm32f4xx_ll_usart.h ****   ******************************************************************************
   7:Drivers/STM32F4xx_HAL_Driver/Inc/stm32f4xx_ll_usart.h ****   * @attention
   8:Drivers/STM32F4xx_HAL_Driver/Inc/stm32f4xx_ll_usart.h ****   *
   9:Drivers/STM32F4xx_HAL_Driver/Inc/stm32f4xx_ll_usart.h ****   * Copyright (c) 2016 STMicroelectronics.
  10:Drivers/STM32F4xx_HAL_Driver/Inc/stm32f4xx_ll_usart.h ****   * All rights reserved.
  11:Drivers/STM32F4xx_HAL_Driver/Inc/stm32f4xx_ll_usart.h ****   *
  12:Drivers/STM32F4xx_HAL_Driver/Inc/stm32f4xx_ll_usart.h ****   * This software is licensed under terms that can be found in the LICENSE file
  13:Drivers/STM32F4xx_HAL_Driver/Inc/stm32f4xx_ll_usart.h ****   * in the root directory of this software component.
  14:Drivers/STM32F4xx_HAL_Driver/Inc/stm32f4xx_ll_usart.h ****   * If no LICENSE file comes with this software, it is provided AS-IS.
  15:Drivers/STM32F4xx_HAL_Driver/Inc/stm32f4xx_ll_usart.h ****   *
  16:Drivers/STM32F4xx_HAL_Driver/Inc/stm32f4xx_ll_usart.h ****   ******************************************************************************
  17:Drivers/STM32F4xx_HAL_Driver/Inc/stm32f4xx_ll_usart.h ****   */
  18:Drivers/STM32F4xx_HAL_Driver/Inc/stm32f4xx_ll_usart.h **** 
  19:Drivers/STM32F4xx_HAL_Driver/Inc/stm32f4xx_ll_usart.h **** /* Define to prevent recursive inclusion -------------------------------------*/
  20:Drivers/STM32F4xx_HAL_Driver/Inc/stm32f4xx_ll_usart.h **** #ifndef __STM32F4xx_LL_USART_H
  21:Drivers/STM32F4xx_HAL_Driver/Inc/stm32f4xx_ll_usart.h **** #define __STM32F4xx_LL_USART_H
  22:Drivers/STM32F4xx_HAL_Driver/Inc/stm32f4xx_ll_usart.h **** 
  23:Drivers/STM32F4xx_HAL_Driver/Inc/stm32f4xx_ll_usart.h **** #ifdef __cplusplus
  24:Drivers/STM32F4xx_HAL_Driver/Inc/stm32f4xx_ll_usart.h **** extern "C" {
  25:Drivers/STM32F4xx_HAL_Driver/Inc/stm32f4xx_ll_usart.h **** #endif
  26:Drivers/STM32F4xx_HAL_Driver/Inc/stm32f4xx_ll_usart.h **** 
  27:Drivers/STM32F4xx_HAL_Driver/Inc/stm32f4xx_ll_usart.h **** /* Includes ------------------------------------------------------------------*/
  28:Drivers/STM32F4xx_HAL_Driver/Inc/stm32f4xx_ll_usart.h **** #include "stm32f4xx.h"
ARM GAS  C:\Users\chris\AppData\Local\Temp\ccpkeIoa.s 			page 2


  29:Drivers/STM32F4xx_HAL_Driver/Inc/stm32f4xx_ll_usart.h **** 
  30:Drivers/STM32F4xx_HAL_Driver/Inc/stm32f4xx_ll_usart.h **** /** @addtogroup STM32F4xx_LL_Driver
  31:Drivers/STM32F4xx_HAL_Driver/Inc/stm32f4xx_ll_usart.h ****   * @{
  32:Drivers/STM32F4xx_HAL_Driver/Inc/stm32f4xx_ll_usart.h ****   */
  33:Drivers/STM32F4xx_HAL_Driver/Inc/stm32f4xx_ll_usart.h **** 
  34:Drivers/STM32F4xx_HAL_Driver/Inc/stm32f4xx_ll_usart.h **** #if defined (USART1) || defined (USART2) || defined (USART3) || defined (USART6) || defined (UART4)
  35:Drivers/STM32F4xx_HAL_Driver/Inc/stm32f4xx_ll_usart.h **** 
  36:Drivers/STM32F4xx_HAL_Driver/Inc/stm32f4xx_ll_usart.h **** /** @defgroup USART_LL USART
  37:Drivers/STM32F4xx_HAL_Driver/Inc/stm32f4xx_ll_usart.h ****   * @{
  38:Drivers/STM32F4xx_HAL_Driver/Inc/stm32f4xx_ll_usart.h ****   */
  39:Drivers/STM32F4xx_HAL_Driver/Inc/stm32f4xx_ll_usart.h **** 
  40:Drivers/STM32F4xx_HAL_Driver/Inc/stm32f4xx_ll_usart.h **** /* Private types -------------------------------------------------------------*/
  41:Drivers/STM32F4xx_HAL_Driver/Inc/stm32f4xx_ll_usart.h **** /* Private variables ---------------------------------------------------------*/
  42:Drivers/STM32F4xx_HAL_Driver/Inc/stm32f4xx_ll_usart.h **** 
  43:Drivers/STM32F4xx_HAL_Driver/Inc/stm32f4xx_ll_usart.h **** /* Private constants ---------------------------------------------------------*/
  44:Drivers/STM32F4xx_HAL_Driver/Inc/stm32f4xx_ll_usart.h **** /** @defgroup USART_LL_Private_Constants USART Private Constants
  45:Drivers/STM32F4xx_HAL_Driver/Inc/stm32f4xx_ll_usart.h ****   * @{
  46:Drivers/STM32F4xx_HAL_Driver/Inc/stm32f4xx_ll_usart.h ****   */
  47:Drivers/STM32F4xx_HAL_Driver/Inc/stm32f4xx_ll_usart.h **** 
  48:Drivers/STM32F4xx_HAL_Driver/Inc/stm32f4xx_ll_usart.h **** /* Defines used for the bit position in the register and perform offsets*/
  49:Drivers/STM32F4xx_HAL_Driver/Inc/stm32f4xx_ll_usart.h **** #define USART_POSITION_GTPR_GT                  USART_GTPR_GT_Pos
  50:Drivers/STM32F4xx_HAL_Driver/Inc/stm32f4xx_ll_usart.h **** /**
  51:Drivers/STM32F4xx_HAL_Driver/Inc/stm32f4xx_ll_usart.h ****   * @}
  52:Drivers/STM32F4xx_HAL_Driver/Inc/stm32f4xx_ll_usart.h ****   */
  53:Drivers/STM32F4xx_HAL_Driver/Inc/stm32f4xx_ll_usart.h **** 
  54:Drivers/STM32F4xx_HAL_Driver/Inc/stm32f4xx_ll_usart.h **** /* Private macros ------------------------------------------------------------*/
  55:Drivers/STM32F4xx_HAL_Driver/Inc/stm32f4xx_ll_usart.h **** #if defined(USE_FULL_LL_DRIVER)
  56:Drivers/STM32F4xx_HAL_Driver/Inc/stm32f4xx_ll_usart.h **** /** @defgroup USART_LL_Private_Macros USART Private Macros
  57:Drivers/STM32F4xx_HAL_Driver/Inc/stm32f4xx_ll_usart.h ****   * @{
  58:Drivers/STM32F4xx_HAL_Driver/Inc/stm32f4xx_ll_usart.h ****   */
  59:Drivers/STM32F4xx_HAL_Driver/Inc/stm32f4xx_ll_usart.h **** /**
  60:Drivers/STM32F4xx_HAL_Driver/Inc/stm32f4xx_ll_usart.h ****   * @}
  61:Drivers/STM32F4xx_HAL_Driver/Inc/stm32f4xx_ll_usart.h ****   */
  62:Drivers/STM32F4xx_HAL_Driver/Inc/stm32f4xx_ll_usart.h **** #endif /*USE_FULL_LL_DRIVER*/
  63:Drivers/STM32F4xx_HAL_Driver/Inc/stm32f4xx_ll_usart.h **** 
  64:Drivers/STM32F4xx_HAL_Driver/Inc/stm32f4xx_ll_usart.h **** /* Exported types ------------------------------------------------------------*/
  65:Drivers/STM32F4xx_HAL_Driver/Inc/stm32f4xx_ll_usart.h **** #if defined(USE_FULL_LL_DRIVER)
  66:Drivers/STM32F4xx_HAL_Driver/Inc/stm32f4xx_ll_usart.h **** /** @defgroup USART_LL_ES_INIT USART Exported Init structures
  67:Drivers/STM32F4xx_HAL_Driver/Inc/stm32f4xx_ll_usart.h ****   * @{
  68:Drivers/STM32F4xx_HAL_Driver/Inc/stm32f4xx_ll_usart.h ****   */
  69:Drivers/STM32F4xx_HAL_Driver/Inc/stm32f4xx_ll_usart.h **** 
  70:Drivers/STM32F4xx_HAL_Driver/Inc/stm32f4xx_ll_usart.h **** /**
  71:Drivers/STM32F4xx_HAL_Driver/Inc/stm32f4xx_ll_usart.h ****   * @brief LL USART Init Structure definition
  72:Drivers/STM32F4xx_HAL_Driver/Inc/stm32f4xx_ll_usart.h ****   */
  73:Drivers/STM32F4xx_HAL_Driver/Inc/stm32f4xx_ll_usart.h **** typedef struct
  74:Drivers/STM32F4xx_HAL_Driver/Inc/stm32f4xx_ll_usart.h **** {
  75:Drivers/STM32F4xx_HAL_Driver/Inc/stm32f4xx_ll_usart.h ****   uint32_t BaudRate;                  /*!< This field defines expected Usart communication baud rat
  76:Drivers/STM32F4xx_HAL_Driver/Inc/stm32f4xx_ll_usart.h **** 
  77:Drivers/STM32F4xx_HAL_Driver/Inc/stm32f4xx_ll_usart.h ****                                            This feature can be modified afterwards using unitary fu
  78:Drivers/STM32F4xx_HAL_Driver/Inc/stm32f4xx_ll_usart.h **** 
  79:Drivers/STM32F4xx_HAL_Driver/Inc/stm32f4xx_ll_usart.h ****   uint32_t DataWidth;                 /*!< Specifies the number of data bits transmitted or receive
  80:Drivers/STM32F4xx_HAL_Driver/Inc/stm32f4xx_ll_usart.h ****                                            This parameter can be a value of @ref USART_LL_EC_DATAWI
  81:Drivers/STM32F4xx_HAL_Driver/Inc/stm32f4xx_ll_usart.h **** 
  82:Drivers/STM32F4xx_HAL_Driver/Inc/stm32f4xx_ll_usart.h ****                                            This feature can be modified afterwards using unitary fu
  83:Drivers/STM32F4xx_HAL_Driver/Inc/stm32f4xx_ll_usart.h **** 
  84:Drivers/STM32F4xx_HAL_Driver/Inc/stm32f4xx_ll_usart.h ****   uint32_t StopBits;                  /*!< Specifies the number of stop bits transmitted.
  85:Drivers/STM32F4xx_HAL_Driver/Inc/stm32f4xx_ll_usart.h ****                                            This parameter can be a value of @ref USART_LL_EC_STOPBI
ARM GAS  C:\Users\chris\AppData\Local\Temp\ccpkeIoa.s 			page 3


  86:Drivers/STM32F4xx_HAL_Driver/Inc/stm32f4xx_ll_usart.h **** 
  87:Drivers/STM32F4xx_HAL_Driver/Inc/stm32f4xx_ll_usart.h ****                                            This feature can be modified afterwards using unitary fu
  88:Drivers/STM32F4xx_HAL_Driver/Inc/stm32f4xx_ll_usart.h **** 
  89:Drivers/STM32F4xx_HAL_Driver/Inc/stm32f4xx_ll_usart.h ****   uint32_t Parity;                    /*!< Specifies the parity mode.
  90:Drivers/STM32F4xx_HAL_Driver/Inc/stm32f4xx_ll_usart.h ****                                            This parameter can be a value of @ref USART_LL_EC_PARITY
  91:Drivers/STM32F4xx_HAL_Driver/Inc/stm32f4xx_ll_usart.h **** 
  92:Drivers/STM32F4xx_HAL_Driver/Inc/stm32f4xx_ll_usart.h ****                                            This feature can be modified afterwards using unitary fu
  93:Drivers/STM32F4xx_HAL_Driver/Inc/stm32f4xx_ll_usart.h **** 
  94:Drivers/STM32F4xx_HAL_Driver/Inc/stm32f4xx_ll_usart.h ****   uint32_t TransferDirection;         /*!< Specifies whether the Receive and/or Transmit mode is en
  95:Drivers/STM32F4xx_HAL_Driver/Inc/stm32f4xx_ll_usart.h ****                                            This parameter can be a value of @ref USART_LL_EC_DIRECT
  96:Drivers/STM32F4xx_HAL_Driver/Inc/stm32f4xx_ll_usart.h **** 
  97:Drivers/STM32F4xx_HAL_Driver/Inc/stm32f4xx_ll_usart.h ****                                            This feature can be modified afterwards using unitary fu
  98:Drivers/STM32F4xx_HAL_Driver/Inc/stm32f4xx_ll_usart.h **** 
  99:Drivers/STM32F4xx_HAL_Driver/Inc/stm32f4xx_ll_usart.h ****   uint32_t HardwareFlowControl;       /*!< Specifies whether the hardware flow control mode is enab
 100:Drivers/STM32F4xx_HAL_Driver/Inc/stm32f4xx_ll_usart.h ****                                            This parameter can be a value of @ref USART_LL_EC_HWCONT
 101:Drivers/STM32F4xx_HAL_Driver/Inc/stm32f4xx_ll_usart.h **** 
 102:Drivers/STM32F4xx_HAL_Driver/Inc/stm32f4xx_ll_usart.h ****                                            This feature can be modified afterwards using unitary fu
 103:Drivers/STM32F4xx_HAL_Driver/Inc/stm32f4xx_ll_usart.h **** 
 104:Drivers/STM32F4xx_HAL_Driver/Inc/stm32f4xx_ll_usart.h ****   uint32_t OverSampling;              /*!< Specifies whether USART oversampling mode is 16 or 8.
 105:Drivers/STM32F4xx_HAL_Driver/Inc/stm32f4xx_ll_usart.h ****                                            This parameter can be a value of @ref USART_LL_EC_OVERSA
 106:Drivers/STM32F4xx_HAL_Driver/Inc/stm32f4xx_ll_usart.h **** 
 107:Drivers/STM32F4xx_HAL_Driver/Inc/stm32f4xx_ll_usart.h ****                                            This feature can be modified afterwards using unitary fu
 108:Drivers/STM32F4xx_HAL_Driver/Inc/stm32f4xx_ll_usart.h **** 
 109:Drivers/STM32F4xx_HAL_Driver/Inc/stm32f4xx_ll_usart.h **** } LL_USART_InitTypeDef;
 110:Drivers/STM32F4xx_HAL_Driver/Inc/stm32f4xx_ll_usart.h **** 
 111:Drivers/STM32F4xx_HAL_Driver/Inc/stm32f4xx_ll_usart.h **** /**
 112:Drivers/STM32F4xx_HAL_Driver/Inc/stm32f4xx_ll_usart.h ****   * @brief LL USART Clock Init Structure definition
 113:Drivers/STM32F4xx_HAL_Driver/Inc/stm32f4xx_ll_usart.h ****   */
 114:Drivers/STM32F4xx_HAL_Driver/Inc/stm32f4xx_ll_usart.h **** typedef struct
 115:Drivers/STM32F4xx_HAL_Driver/Inc/stm32f4xx_ll_usart.h **** {
 116:Drivers/STM32F4xx_HAL_Driver/Inc/stm32f4xx_ll_usart.h ****   uint32_t ClockOutput;               /*!< Specifies whether the USART clock is enabled or disabled
 117:Drivers/STM32F4xx_HAL_Driver/Inc/stm32f4xx_ll_usart.h ****                                            This parameter can be a value of @ref USART_LL_EC_CLOCK.
 118:Drivers/STM32F4xx_HAL_Driver/Inc/stm32f4xx_ll_usart.h **** 
 119:Drivers/STM32F4xx_HAL_Driver/Inc/stm32f4xx_ll_usart.h ****                                            USART HW configuration can be modified afterwards using 
 120:Drivers/STM32F4xx_HAL_Driver/Inc/stm32f4xx_ll_usart.h ****                                            @ref LL_USART_EnableSCLKOutput() or @ref LL_USART_Disabl
 121:Drivers/STM32F4xx_HAL_Driver/Inc/stm32f4xx_ll_usart.h ****                                            For more details, refer to description of this function.
 122:Drivers/STM32F4xx_HAL_Driver/Inc/stm32f4xx_ll_usart.h **** 
 123:Drivers/STM32F4xx_HAL_Driver/Inc/stm32f4xx_ll_usart.h ****   uint32_t ClockPolarity;             /*!< Specifies the steady state of the serial clock.
 124:Drivers/STM32F4xx_HAL_Driver/Inc/stm32f4xx_ll_usart.h ****                                            This parameter can be a value of @ref USART_LL_EC_POLARI
 125:Drivers/STM32F4xx_HAL_Driver/Inc/stm32f4xx_ll_usart.h **** 
 126:Drivers/STM32F4xx_HAL_Driver/Inc/stm32f4xx_ll_usart.h ****                                            USART HW configuration can be modified afterwards using 
 127:Drivers/STM32F4xx_HAL_Driver/Inc/stm32f4xx_ll_usart.h ****                                            For more details, refer to description of this function.
 128:Drivers/STM32F4xx_HAL_Driver/Inc/stm32f4xx_ll_usart.h **** 
 129:Drivers/STM32F4xx_HAL_Driver/Inc/stm32f4xx_ll_usart.h ****   uint32_t ClockPhase;                /*!< Specifies the clock transition on which the bit capture 
 130:Drivers/STM32F4xx_HAL_Driver/Inc/stm32f4xx_ll_usart.h ****                                            This parameter can be a value of @ref USART_LL_EC_PHASE.
 131:Drivers/STM32F4xx_HAL_Driver/Inc/stm32f4xx_ll_usart.h **** 
 132:Drivers/STM32F4xx_HAL_Driver/Inc/stm32f4xx_ll_usart.h ****                                            USART HW configuration can be modified afterwards using 
 133:Drivers/STM32F4xx_HAL_Driver/Inc/stm32f4xx_ll_usart.h ****                                            For more details, refer to description of this function.
 134:Drivers/STM32F4xx_HAL_Driver/Inc/stm32f4xx_ll_usart.h **** 
 135:Drivers/STM32F4xx_HAL_Driver/Inc/stm32f4xx_ll_usart.h ****   uint32_t LastBitClockPulse;         /*!< Specifies whether the clock pulse corresponding to the l
 136:Drivers/STM32F4xx_HAL_Driver/Inc/stm32f4xx_ll_usart.h ****                                            data bit (MSB) has to be output on the SCLK pin in synch
 137:Drivers/STM32F4xx_HAL_Driver/Inc/stm32f4xx_ll_usart.h ****                                            This parameter can be a value of @ref USART_LL_EC_LASTCL
 138:Drivers/STM32F4xx_HAL_Driver/Inc/stm32f4xx_ll_usart.h **** 
 139:Drivers/STM32F4xx_HAL_Driver/Inc/stm32f4xx_ll_usart.h ****                                            USART HW configuration can be modified afterwards using 
 140:Drivers/STM32F4xx_HAL_Driver/Inc/stm32f4xx_ll_usart.h ****                                            For more details, refer to description of this function.
 141:Drivers/STM32F4xx_HAL_Driver/Inc/stm32f4xx_ll_usart.h **** 
 142:Drivers/STM32F4xx_HAL_Driver/Inc/stm32f4xx_ll_usart.h **** } LL_USART_ClockInitTypeDef;
ARM GAS  C:\Users\chris\AppData\Local\Temp\ccpkeIoa.s 			page 4


 143:Drivers/STM32F4xx_HAL_Driver/Inc/stm32f4xx_ll_usart.h **** 
 144:Drivers/STM32F4xx_HAL_Driver/Inc/stm32f4xx_ll_usart.h **** /**
 145:Drivers/STM32F4xx_HAL_Driver/Inc/stm32f4xx_ll_usart.h ****   * @}
 146:Drivers/STM32F4xx_HAL_Driver/Inc/stm32f4xx_ll_usart.h ****   */
 147:Drivers/STM32F4xx_HAL_Driver/Inc/stm32f4xx_ll_usart.h **** #endif /* USE_FULL_LL_DRIVER */
 148:Drivers/STM32F4xx_HAL_Driver/Inc/stm32f4xx_ll_usart.h **** 
 149:Drivers/STM32F4xx_HAL_Driver/Inc/stm32f4xx_ll_usart.h **** /* Exported constants --------------------------------------------------------*/
 150:Drivers/STM32F4xx_HAL_Driver/Inc/stm32f4xx_ll_usart.h **** /** @defgroup USART_LL_Exported_Constants USART Exported Constants
 151:Drivers/STM32F4xx_HAL_Driver/Inc/stm32f4xx_ll_usart.h ****   * @{
 152:Drivers/STM32F4xx_HAL_Driver/Inc/stm32f4xx_ll_usart.h ****   */
 153:Drivers/STM32F4xx_HAL_Driver/Inc/stm32f4xx_ll_usart.h **** 
 154:Drivers/STM32F4xx_HAL_Driver/Inc/stm32f4xx_ll_usart.h **** /** @defgroup USART_LL_EC_GET_FLAG Get Flags Defines
 155:Drivers/STM32F4xx_HAL_Driver/Inc/stm32f4xx_ll_usart.h ****   * @brief    Flags defines which can be used with LL_USART_ReadReg function
 156:Drivers/STM32F4xx_HAL_Driver/Inc/stm32f4xx_ll_usart.h ****   * @{
 157:Drivers/STM32F4xx_HAL_Driver/Inc/stm32f4xx_ll_usart.h ****   */
 158:Drivers/STM32F4xx_HAL_Driver/Inc/stm32f4xx_ll_usart.h **** #define LL_USART_SR_PE                          USART_SR_PE                   /*!< Parity error fla
 159:Drivers/STM32F4xx_HAL_Driver/Inc/stm32f4xx_ll_usart.h **** #define LL_USART_SR_FE                          USART_SR_FE                   /*!< Framing error fl
 160:Drivers/STM32F4xx_HAL_Driver/Inc/stm32f4xx_ll_usart.h **** #define LL_USART_SR_NE                          USART_SR_NE                   /*!< Noise detected f
 161:Drivers/STM32F4xx_HAL_Driver/Inc/stm32f4xx_ll_usart.h **** #define LL_USART_SR_ORE                         USART_SR_ORE                  /*!< Overrun error fl
 162:Drivers/STM32F4xx_HAL_Driver/Inc/stm32f4xx_ll_usart.h **** #define LL_USART_SR_IDLE                        USART_SR_IDLE                 /*!< Idle line detect
 163:Drivers/STM32F4xx_HAL_Driver/Inc/stm32f4xx_ll_usart.h **** #define LL_USART_SR_RXNE                        USART_SR_RXNE                 /*!< Read data regist
 164:Drivers/STM32F4xx_HAL_Driver/Inc/stm32f4xx_ll_usart.h **** #define LL_USART_SR_TC                          USART_SR_TC                   /*!< Transmission com
 165:Drivers/STM32F4xx_HAL_Driver/Inc/stm32f4xx_ll_usart.h **** #define LL_USART_SR_TXE                         USART_SR_TXE                  /*!< Transmit data re
 166:Drivers/STM32F4xx_HAL_Driver/Inc/stm32f4xx_ll_usart.h **** #define LL_USART_SR_LBD                         USART_SR_LBD                  /*!< LIN break detect
 167:Drivers/STM32F4xx_HAL_Driver/Inc/stm32f4xx_ll_usart.h **** #define LL_USART_SR_CTS                         USART_SR_CTS                  /*!< CTS flag */
 168:Drivers/STM32F4xx_HAL_Driver/Inc/stm32f4xx_ll_usart.h **** /**
 169:Drivers/STM32F4xx_HAL_Driver/Inc/stm32f4xx_ll_usart.h ****   * @}
 170:Drivers/STM32F4xx_HAL_Driver/Inc/stm32f4xx_ll_usart.h ****   */
 171:Drivers/STM32F4xx_HAL_Driver/Inc/stm32f4xx_ll_usart.h **** 
 172:Drivers/STM32F4xx_HAL_Driver/Inc/stm32f4xx_ll_usart.h **** /** @defgroup USART_LL_EC_IT IT Defines
 173:Drivers/STM32F4xx_HAL_Driver/Inc/stm32f4xx_ll_usart.h ****   * @brief    IT defines which can be used with LL_USART_ReadReg and  LL_USART_WriteReg functions
 174:Drivers/STM32F4xx_HAL_Driver/Inc/stm32f4xx_ll_usart.h ****   * @{
 175:Drivers/STM32F4xx_HAL_Driver/Inc/stm32f4xx_ll_usart.h ****   */
 176:Drivers/STM32F4xx_HAL_Driver/Inc/stm32f4xx_ll_usart.h **** #define LL_USART_CR1_IDLEIE                     USART_CR1_IDLEIE              /*!< IDLE interrupt e
 177:Drivers/STM32F4xx_HAL_Driver/Inc/stm32f4xx_ll_usart.h **** #define LL_USART_CR1_RXNEIE                     USART_CR1_RXNEIE              /*!< Read data regist
 178:Drivers/STM32F4xx_HAL_Driver/Inc/stm32f4xx_ll_usart.h **** #define LL_USART_CR1_TCIE                       USART_CR1_TCIE                /*!< Transmission com
 179:Drivers/STM32F4xx_HAL_Driver/Inc/stm32f4xx_ll_usart.h **** #define LL_USART_CR1_TXEIE                      USART_CR1_TXEIE               /*!< Transmit data re
 180:Drivers/STM32F4xx_HAL_Driver/Inc/stm32f4xx_ll_usart.h **** #define LL_USART_CR1_PEIE                       USART_CR1_PEIE                /*!< Parity error */
 181:Drivers/STM32F4xx_HAL_Driver/Inc/stm32f4xx_ll_usart.h **** #define LL_USART_CR2_LBDIE                      USART_CR2_LBDIE               /*!< LIN break detect
 182:Drivers/STM32F4xx_HAL_Driver/Inc/stm32f4xx_ll_usart.h **** #define LL_USART_CR3_EIE                        USART_CR3_EIE                 /*!< Error interrupt 
 183:Drivers/STM32F4xx_HAL_Driver/Inc/stm32f4xx_ll_usart.h **** #define LL_USART_CR3_CTSIE                      USART_CR3_CTSIE               /*!< CTS interrupt en
 184:Drivers/STM32F4xx_HAL_Driver/Inc/stm32f4xx_ll_usart.h **** /**
 185:Drivers/STM32F4xx_HAL_Driver/Inc/stm32f4xx_ll_usart.h ****   * @}
 186:Drivers/STM32F4xx_HAL_Driver/Inc/stm32f4xx_ll_usart.h ****   */
 187:Drivers/STM32F4xx_HAL_Driver/Inc/stm32f4xx_ll_usart.h **** 
 188:Drivers/STM32F4xx_HAL_Driver/Inc/stm32f4xx_ll_usart.h **** /** @defgroup USART_LL_EC_DIRECTION Communication Direction
 189:Drivers/STM32F4xx_HAL_Driver/Inc/stm32f4xx_ll_usart.h ****   * @{
 190:Drivers/STM32F4xx_HAL_Driver/Inc/stm32f4xx_ll_usart.h ****   */
 191:Drivers/STM32F4xx_HAL_Driver/Inc/stm32f4xx_ll_usart.h **** #define LL_USART_DIRECTION_NONE                 0x00000000U                        /*!< Transmitter
 192:Drivers/STM32F4xx_HAL_Driver/Inc/stm32f4xx_ll_usart.h **** #define LL_USART_DIRECTION_RX                   USART_CR1_RE                       /*!< Transmitter
 193:Drivers/STM32F4xx_HAL_Driver/Inc/stm32f4xx_ll_usart.h **** #define LL_USART_DIRECTION_TX                   USART_CR1_TE                       /*!< Transmitter
 194:Drivers/STM32F4xx_HAL_Driver/Inc/stm32f4xx_ll_usart.h **** #define LL_USART_DIRECTION_TX_RX                (USART_CR1_TE |USART_CR1_RE)       /*!< Transmitter
 195:Drivers/STM32F4xx_HAL_Driver/Inc/stm32f4xx_ll_usart.h **** /**
 196:Drivers/STM32F4xx_HAL_Driver/Inc/stm32f4xx_ll_usart.h ****   * @}
 197:Drivers/STM32F4xx_HAL_Driver/Inc/stm32f4xx_ll_usart.h ****   */
 198:Drivers/STM32F4xx_HAL_Driver/Inc/stm32f4xx_ll_usart.h **** 
 199:Drivers/STM32F4xx_HAL_Driver/Inc/stm32f4xx_ll_usart.h **** /** @defgroup USART_LL_EC_PARITY Parity Control
ARM GAS  C:\Users\chris\AppData\Local\Temp\ccpkeIoa.s 			page 5


 200:Drivers/STM32F4xx_HAL_Driver/Inc/stm32f4xx_ll_usart.h ****   * @{
 201:Drivers/STM32F4xx_HAL_Driver/Inc/stm32f4xx_ll_usart.h ****   */
 202:Drivers/STM32F4xx_HAL_Driver/Inc/stm32f4xx_ll_usart.h **** #define LL_USART_PARITY_NONE                    0x00000000U                          /*!< Parity co
 203:Drivers/STM32F4xx_HAL_Driver/Inc/stm32f4xx_ll_usart.h **** #define LL_USART_PARITY_EVEN                    USART_CR1_PCE                        /*!< Parity co
 204:Drivers/STM32F4xx_HAL_Driver/Inc/stm32f4xx_ll_usart.h **** #define LL_USART_PARITY_ODD                     (USART_CR1_PCE | USART_CR1_PS)       /*!< Parity co
 205:Drivers/STM32F4xx_HAL_Driver/Inc/stm32f4xx_ll_usart.h **** /**
 206:Drivers/STM32F4xx_HAL_Driver/Inc/stm32f4xx_ll_usart.h ****   * @}
 207:Drivers/STM32F4xx_HAL_Driver/Inc/stm32f4xx_ll_usart.h ****   */
 208:Drivers/STM32F4xx_HAL_Driver/Inc/stm32f4xx_ll_usart.h **** 
 209:Drivers/STM32F4xx_HAL_Driver/Inc/stm32f4xx_ll_usart.h **** /** @defgroup USART_LL_EC_WAKEUP Wakeup
 210:Drivers/STM32F4xx_HAL_Driver/Inc/stm32f4xx_ll_usart.h ****   * @{
 211:Drivers/STM32F4xx_HAL_Driver/Inc/stm32f4xx_ll_usart.h ****   */
 212:Drivers/STM32F4xx_HAL_Driver/Inc/stm32f4xx_ll_usart.h **** #define LL_USART_WAKEUP_IDLELINE                0x00000000U           /*!<  USART wake up from Mute
 213:Drivers/STM32F4xx_HAL_Driver/Inc/stm32f4xx_ll_usart.h **** #define LL_USART_WAKEUP_ADDRESSMARK             USART_CR1_WAKE        /*!<  USART wake up from Mute
 214:Drivers/STM32F4xx_HAL_Driver/Inc/stm32f4xx_ll_usart.h **** /**
 215:Drivers/STM32F4xx_HAL_Driver/Inc/stm32f4xx_ll_usart.h ****   * @}
 216:Drivers/STM32F4xx_HAL_Driver/Inc/stm32f4xx_ll_usart.h ****   */
 217:Drivers/STM32F4xx_HAL_Driver/Inc/stm32f4xx_ll_usart.h **** 
 218:Drivers/STM32F4xx_HAL_Driver/Inc/stm32f4xx_ll_usart.h **** /** @defgroup USART_LL_EC_DATAWIDTH Datawidth
 219:Drivers/STM32F4xx_HAL_Driver/Inc/stm32f4xx_ll_usart.h ****   * @{
 220:Drivers/STM32F4xx_HAL_Driver/Inc/stm32f4xx_ll_usart.h ****   */
 221:Drivers/STM32F4xx_HAL_Driver/Inc/stm32f4xx_ll_usart.h **** #define LL_USART_DATAWIDTH_8B                   0x00000000U             /*!< 8 bits word length : S
 222:Drivers/STM32F4xx_HAL_Driver/Inc/stm32f4xx_ll_usart.h **** #define LL_USART_DATAWIDTH_9B                   USART_CR1_M             /*!< 9 bits word length : S
 223:Drivers/STM32F4xx_HAL_Driver/Inc/stm32f4xx_ll_usart.h **** /**
 224:Drivers/STM32F4xx_HAL_Driver/Inc/stm32f4xx_ll_usart.h ****   * @}
 225:Drivers/STM32F4xx_HAL_Driver/Inc/stm32f4xx_ll_usart.h ****   */
 226:Drivers/STM32F4xx_HAL_Driver/Inc/stm32f4xx_ll_usart.h **** 
 227:Drivers/STM32F4xx_HAL_Driver/Inc/stm32f4xx_ll_usart.h **** /** @defgroup USART_LL_EC_OVERSAMPLING Oversampling
 228:Drivers/STM32F4xx_HAL_Driver/Inc/stm32f4xx_ll_usart.h ****   * @{
 229:Drivers/STM32F4xx_HAL_Driver/Inc/stm32f4xx_ll_usart.h ****   */
 230:Drivers/STM32F4xx_HAL_Driver/Inc/stm32f4xx_ll_usart.h **** #define LL_USART_OVERSAMPLING_16                0x00000000U            /*!< Oversampling by 16 */
 231:Drivers/STM32F4xx_HAL_Driver/Inc/stm32f4xx_ll_usart.h **** #define LL_USART_OVERSAMPLING_8                 USART_CR1_OVER8        /*!< Oversampling by 8 */
 232:Drivers/STM32F4xx_HAL_Driver/Inc/stm32f4xx_ll_usart.h **** /**
 233:Drivers/STM32F4xx_HAL_Driver/Inc/stm32f4xx_ll_usart.h ****   * @}
 234:Drivers/STM32F4xx_HAL_Driver/Inc/stm32f4xx_ll_usart.h ****   */
 235:Drivers/STM32F4xx_HAL_Driver/Inc/stm32f4xx_ll_usart.h **** 
 236:Drivers/STM32F4xx_HAL_Driver/Inc/stm32f4xx_ll_usart.h **** #if defined(USE_FULL_LL_DRIVER)
 237:Drivers/STM32F4xx_HAL_Driver/Inc/stm32f4xx_ll_usart.h **** /** @defgroup USART_LL_EC_CLOCK Clock Signal
 238:Drivers/STM32F4xx_HAL_Driver/Inc/stm32f4xx_ll_usart.h ****   * @{
 239:Drivers/STM32F4xx_HAL_Driver/Inc/stm32f4xx_ll_usart.h ****   */
 240:Drivers/STM32F4xx_HAL_Driver/Inc/stm32f4xx_ll_usart.h **** 
 241:Drivers/STM32F4xx_HAL_Driver/Inc/stm32f4xx_ll_usart.h **** #define LL_USART_CLOCK_DISABLE                  0x00000000U            /*!< Clock signal not provid
 242:Drivers/STM32F4xx_HAL_Driver/Inc/stm32f4xx_ll_usart.h **** #define LL_USART_CLOCK_ENABLE                   USART_CR2_CLKEN        /*!< Clock signal provided *
 243:Drivers/STM32F4xx_HAL_Driver/Inc/stm32f4xx_ll_usart.h **** /**
 244:Drivers/STM32F4xx_HAL_Driver/Inc/stm32f4xx_ll_usart.h ****   * @}
 245:Drivers/STM32F4xx_HAL_Driver/Inc/stm32f4xx_ll_usart.h ****   */
 246:Drivers/STM32F4xx_HAL_Driver/Inc/stm32f4xx_ll_usart.h **** #endif /*USE_FULL_LL_DRIVER*/
 247:Drivers/STM32F4xx_HAL_Driver/Inc/stm32f4xx_ll_usart.h **** 
 248:Drivers/STM32F4xx_HAL_Driver/Inc/stm32f4xx_ll_usart.h **** /** @defgroup USART_LL_EC_LASTCLKPULSE Last Clock Pulse
 249:Drivers/STM32F4xx_HAL_Driver/Inc/stm32f4xx_ll_usart.h ****   * @{
 250:Drivers/STM32F4xx_HAL_Driver/Inc/stm32f4xx_ll_usart.h ****   */
 251:Drivers/STM32F4xx_HAL_Driver/Inc/stm32f4xx_ll_usart.h **** #define LL_USART_LASTCLKPULSE_NO_OUTPUT         0x00000000U           /*!< The clock pulse of the l
 252:Drivers/STM32F4xx_HAL_Driver/Inc/stm32f4xx_ll_usart.h **** #define LL_USART_LASTCLKPULSE_OUTPUT            USART_CR2_LBCL        /*!< The clock pulse of the l
 253:Drivers/STM32F4xx_HAL_Driver/Inc/stm32f4xx_ll_usart.h **** /**
 254:Drivers/STM32F4xx_HAL_Driver/Inc/stm32f4xx_ll_usart.h ****   * @}
 255:Drivers/STM32F4xx_HAL_Driver/Inc/stm32f4xx_ll_usart.h ****   */
 256:Drivers/STM32F4xx_HAL_Driver/Inc/stm32f4xx_ll_usart.h **** 
ARM GAS  C:\Users\chris\AppData\Local\Temp\ccpkeIoa.s 			page 6


 257:Drivers/STM32F4xx_HAL_Driver/Inc/stm32f4xx_ll_usart.h **** /** @defgroup USART_LL_EC_PHASE Clock Phase
 258:Drivers/STM32F4xx_HAL_Driver/Inc/stm32f4xx_ll_usart.h ****   * @{
 259:Drivers/STM32F4xx_HAL_Driver/Inc/stm32f4xx_ll_usart.h ****   */
 260:Drivers/STM32F4xx_HAL_Driver/Inc/stm32f4xx_ll_usart.h **** #define LL_USART_PHASE_1EDGE                    0x00000000U           /*!< The first clock transiti
 261:Drivers/STM32F4xx_HAL_Driver/Inc/stm32f4xx_ll_usart.h **** #define LL_USART_PHASE_2EDGE                    USART_CR2_CPHA        /*!< The second clock transit
 262:Drivers/STM32F4xx_HAL_Driver/Inc/stm32f4xx_ll_usart.h **** /**
 263:Drivers/STM32F4xx_HAL_Driver/Inc/stm32f4xx_ll_usart.h ****   * @}
 264:Drivers/STM32F4xx_HAL_Driver/Inc/stm32f4xx_ll_usart.h ****   */
 265:Drivers/STM32F4xx_HAL_Driver/Inc/stm32f4xx_ll_usart.h **** 
 266:Drivers/STM32F4xx_HAL_Driver/Inc/stm32f4xx_ll_usart.h **** /** @defgroup USART_LL_EC_POLARITY Clock Polarity
 267:Drivers/STM32F4xx_HAL_Driver/Inc/stm32f4xx_ll_usart.h ****   * @{
 268:Drivers/STM32F4xx_HAL_Driver/Inc/stm32f4xx_ll_usart.h ****   */
 269:Drivers/STM32F4xx_HAL_Driver/Inc/stm32f4xx_ll_usart.h **** #define LL_USART_POLARITY_LOW                   0x00000000U           /*!< Steady low value on SCLK
 270:Drivers/STM32F4xx_HAL_Driver/Inc/stm32f4xx_ll_usart.h **** #define LL_USART_POLARITY_HIGH                  USART_CR2_CPOL        /*!< Steady high value on SCL
 271:Drivers/STM32F4xx_HAL_Driver/Inc/stm32f4xx_ll_usart.h **** /**
 272:Drivers/STM32F4xx_HAL_Driver/Inc/stm32f4xx_ll_usart.h ****   * @}
 273:Drivers/STM32F4xx_HAL_Driver/Inc/stm32f4xx_ll_usart.h ****   */
 274:Drivers/STM32F4xx_HAL_Driver/Inc/stm32f4xx_ll_usart.h **** 
 275:Drivers/STM32F4xx_HAL_Driver/Inc/stm32f4xx_ll_usart.h **** /** @defgroup USART_LL_EC_STOPBITS Stop Bits
 276:Drivers/STM32F4xx_HAL_Driver/Inc/stm32f4xx_ll_usart.h ****   * @{
 277:Drivers/STM32F4xx_HAL_Driver/Inc/stm32f4xx_ll_usart.h ****   */
 278:Drivers/STM32F4xx_HAL_Driver/Inc/stm32f4xx_ll_usart.h **** #define LL_USART_STOPBITS_0_5                   USART_CR2_STOP_0                           /*!< 0.5
 279:Drivers/STM32F4xx_HAL_Driver/Inc/stm32f4xx_ll_usart.h **** #define LL_USART_STOPBITS_1                     0x00000000U                                /*!< 1 s
 280:Drivers/STM32F4xx_HAL_Driver/Inc/stm32f4xx_ll_usart.h **** #define LL_USART_STOPBITS_1_5                   (USART_CR2_STOP_0 | USART_CR2_STOP_1)      /*!< 1.5
 281:Drivers/STM32F4xx_HAL_Driver/Inc/stm32f4xx_ll_usart.h **** #define LL_USART_STOPBITS_2                     USART_CR2_STOP_1                           /*!< 2 s
 282:Drivers/STM32F4xx_HAL_Driver/Inc/stm32f4xx_ll_usart.h **** /**
 283:Drivers/STM32F4xx_HAL_Driver/Inc/stm32f4xx_ll_usart.h ****   * @}
 284:Drivers/STM32F4xx_HAL_Driver/Inc/stm32f4xx_ll_usart.h ****   */
 285:Drivers/STM32F4xx_HAL_Driver/Inc/stm32f4xx_ll_usart.h **** 
 286:Drivers/STM32F4xx_HAL_Driver/Inc/stm32f4xx_ll_usart.h **** /** @defgroup USART_LL_EC_HWCONTROL Hardware Control
 287:Drivers/STM32F4xx_HAL_Driver/Inc/stm32f4xx_ll_usart.h ****   * @{
 288:Drivers/STM32F4xx_HAL_Driver/Inc/stm32f4xx_ll_usart.h ****   */
 289:Drivers/STM32F4xx_HAL_Driver/Inc/stm32f4xx_ll_usart.h **** #define LL_USART_HWCONTROL_NONE                 0x00000000U                          /*!< CTS and R
 290:Drivers/STM32F4xx_HAL_Driver/Inc/stm32f4xx_ll_usart.h **** #define LL_USART_HWCONTROL_RTS                  USART_CR3_RTSE                       /*!< RTS outpu
 291:Drivers/STM32F4xx_HAL_Driver/Inc/stm32f4xx_ll_usart.h **** #define LL_USART_HWCONTROL_CTS                  USART_CR3_CTSE                       /*!< CTS mode 
 292:Drivers/STM32F4xx_HAL_Driver/Inc/stm32f4xx_ll_usart.h **** #define LL_USART_HWCONTROL_RTS_CTS              (USART_CR3_RTSE | USART_CR3_CTSE)    /*!< CTS and R
 293:Drivers/STM32F4xx_HAL_Driver/Inc/stm32f4xx_ll_usart.h **** /**
 294:Drivers/STM32F4xx_HAL_Driver/Inc/stm32f4xx_ll_usart.h ****   * @}
 295:Drivers/STM32F4xx_HAL_Driver/Inc/stm32f4xx_ll_usart.h ****   */
 296:Drivers/STM32F4xx_HAL_Driver/Inc/stm32f4xx_ll_usart.h **** 
 297:Drivers/STM32F4xx_HAL_Driver/Inc/stm32f4xx_ll_usart.h **** /** @defgroup USART_LL_EC_IRDA_POWER IrDA Power
 298:Drivers/STM32F4xx_HAL_Driver/Inc/stm32f4xx_ll_usart.h ****   * @{
 299:Drivers/STM32F4xx_HAL_Driver/Inc/stm32f4xx_ll_usart.h ****   */
 300:Drivers/STM32F4xx_HAL_Driver/Inc/stm32f4xx_ll_usart.h **** #define LL_USART_IRDA_POWER_NORMAL              0x00000000U           /*!< IrDA normal power mode *
 301:Drivers/STM32F4xx_HAL_Driver/Inc/stm32f4xx_ll_usart.h **** #define LL_USART_IRDA_POWER_LOW                 USART_CR3_IRLP        /*!< IrDA low power mode */
 302:Drivers/STM32F4xx_HAL_Driver/Inc/stm32f4xx_ll_usart.h **** /**
 303:Drivers/STM32F4xx_HAL_Driver/Inc/stm32f4xx_ll_usart.h ****   * @}
 304:Drivers/STM32F4xx_HAL_Driver/Inc/stm32f4xx_ll_usart.h ****   */
 305:Drivers/STM32F4xx_HAL_Driver/Inc/stm32f4xx_ll_usart.h **** 
 306:Drivers/STM32F4xx_HAL_Driver/Inc/stm32f4xx_ll_usart.h **** /** @defgroup USART_LL_EC_LINBREAK_DETECT LIN Break Detection Length
 307:Drivers/STM32F4xx_HAL_Driver/Inc/stm32f4xx_ll_usart.h ****   * @{
 308:Drivers/STM32F4xx_HAL_Driver/Inc/stm32f4xx_ll_usart.h ****   */
 309:Drivers/STM32F4xx_HAL_Driver/Inc/stm32f4xx_ll_usart.h **** #define LL_USART_LINBREAK_DETECT_10B            0x00000000U           /*!< 10-bit break detection m
 310:Drivers/STM32F4xx_HAL_Driver/Inc/stm32f4xx_ll_usart.h **** #define LL_USART_LINBREAK_DETECT_11B            USART_CR2_LBDL        /*!< 11-bit break detection m
 311:Drivers/STM32F4xx_HAL_Driver/Inc/stm32f4xx_ll_usart.h **** /**
 312:Drivers/STM32F4xx_HAL_Driver/Inc/stm32f4xx_ll_usart.h ****   * @}
 313:Drivers/STM32F4xx_HAL_Driver/Inc/stm32f4xx_ll_usart.h ****   */
ARM GAS  C:\Users\chris\AppData\Local\Temp\ccpkeIoa.s 			page 7


 314:Drivers/STM32F4xx_HAL_Driver/Inc/stm32f4xx_ll_usart.h **** 
 315:Drivers/STM32F4xx_HAL_Driver/Inc/stm32f4xx_ll_usart.h **** /**
 316:Drivers/STM32F4xx_HAL_Driver/Inc/stm32f4xx_ll_usart.h ****   * @}
 317:Drivers/STM32F4xx_HAL_Driver/Inc/stm32f4xx_ll_usart.h ****   */
 318:Drivers/STM32F4xx_HAL_Driver/Inc/stm32f4xx_ll_usart.h **** 
 319:Drivers/STM32F4xx_HAL_Driver/Inc/stm32f4xx_ll_usart.h **** /* Exported macro ------------------------------------------------------------*/
 320:Drivers/STM32F4xx_HAL_Driver/Inc/stm32f4xx_ll_usart.h **** /** @defgroup USART_LL_Exported_Macros USART Exported Macros
 321:Drivers/STM32F4xx_HAL_Driver/Inc/stm32f4xx_ll_usart.h ****   * @{
 322:Drivers/STM32F4xx_HAL_Driver/Inc/stm32f4xx_ll_usart.h ****   */
 323:Drivers/STM32F4xx_HAL_Driver/Inc/stm32f4xx_ll_usart.h **** 
 324:Drivers/STM32F4xx_HAL_Driver/Inc/stm32f4xx_ll_usart.h **** /** @defgroup USART_LL_EM_WRITE_READ Common Write and read registers Macros
 325:Drivers/STM32F4xx_HAL_Driver/Inc/stm32f4xx_ll_usart.h ****   * @{
 326:Drivers/STM32F4xx_HAL_Driver/Inc/stm32f4xx_ll_usart.h ****   */
 327:Drivers/STM32F4xx_HAL_Driver/Inc/stm32f4xx_ll_usart.h **** 
 328:Drivers/STM32F4xx_HAL_Driver/Inc/stm32f4xx_ll_usart.h **** /**
 329:Drivers/STM32F4xx_HAL_Driver/Inc/stm32f4xx_ll_usart.h ****   * @brief  Write a value in USART register
 330:Drivers/STM32F4xx_HAL_Driver/Inc/stm32f4xx_ll_usart.h ****   * @param  __INSTANCE__ USART Instance
 331:Drivers/STM32F4xx_HAL_Driver/Inc/stm32f4xx_ll_usart.h ****   * @param  __REG__ Register to be written
 332:Drivers/STM32F4xx_HAL_Driver/Inc/stm32f4xx_ll_usart.h ****   * @param  __VALUE__ Value to be written in the register
 333:Drivers/STM32F4xx_HAL_Driver/Inc/stm32f4xx_ll_usart.h ****   * @retval None
 334:Drivers/STM32F4xx_HAL_Driver/Inc/stm32f4xx_ll_usart.h ****   */
 335:Drivers/STM32F4xx_HAL_Driver/Inc/stm32f4xx_ll_usart.h **** #define LL_USART_WriteReg(__INSTANCE__, __REG__, __VALUE__) WRITE_REG(__INSTANCE__->__REG__, (__VAL
 336:Drivers/STM32F4xx_HAL_Driver/Inc/stm32f4xx_ll_usart.h **** 
 337:Drivers/STM32F4xx_HAL_Driver/Inc/stm32f4xx_ll_usart.h **** /**
 338:Drivers/STM32F4xx_HAL_Driver/Inc/stm32f4xx_ll_usart.h ****   * @brief  Read a value in USART register
 339:Drivers/STM32F4xx_HAL_Driver/Inc/stm32f4xx_ll_usart.h ****   * @param  __INSTANCE__ USART Instance
 340:Drivers/STM32F4xx_HAL_Driver/Inc/stm32f4xx_ll_usart.h ****   * @param  __REG__ Register to be read
 341:Drivers/STM32F4xx_HAL_Driver/Inc/stm32f4xx_ll_usart.h ****   * @retval Register value
 342:Drivers/STM32F4xx_HAL_Driver/Inc/stm32f4xx_ll_usart.h ****   */
 343:Drivers/STM32F4xx_HAL_Driver/Inc/stm32f4xx_ll_usart.h **** #define LL_USART_ReadReg(__INSTANCE__, __REG__) READ_REG(__INSTANCE__->__REG__)
 344:Drivers/STM32F4xx_HAL_Driver/Inc/stm32f4xx_ll_usart.h **** /**
 345:Drivers/STM32F4xx_HAL_Driver/Inc/stm32f4xx_ll_usart.h ****   * @}
 346:Drivers/STM32F4xx_HAL_Driver/Inc/stm32f4xx_ll_usart.h ****   */
 347:Drivers/STM32F4xx_HAL_Driver/Inc/stm32f4xx_ll_usart.h **** 
 348:Drivers/STM32F4xx_HAL_Driver/Inc/stm32f4xx_ll_usart.h **** /** @defgroup USART_LL_EM_Exported_Macros_Helper Exported Macros Helper
 349:Drivers/STM32F4xx_HAL_Driver/Inc/stm32f4xx_ll_usart.h ****   * @{
 350:Drivers/STM32F4xx_HAL_Driver/Inc/stm32f4xx_ll_usart.h ****   */
 351:Drivers/STM32F4xx_HAL_Driver/Inc/stm32f4xx_ll_usart.h **** 
 352:Drivers/STM32F4xx_HAL_Driver/Inc/stm32f4xx_ll_usart.h **** /**
 353:Drivers/STM32F4xx_HAL_Driver/Inc/stm32f4xx_ll_usart.h ****   * @brief  Compute USARTDIV value according to Peripheral Clock and
 354:Drivers/STM32F4xx_HAL_Driver/Inc/stm32f4xx_ll_usart.h ****   *         expected Baud Rate in 8 bits sampling mode (32 bits value of USARTDIV is returned)
 355:Drivers/STM32F4xx_HAL_Driver/Inc/stm32f4xx_ll_usart.h ****   * @param  __PERIPHCLK__ Peripheral Clock frequency used for USART instance
 356:Drivers/STM32F4xx_HAL_Driver/Inc/stm32f4xx_ll_usart.h ****   * @param  __BAUDRATE__ Baud rate value to achieve
 357:Drivers/STM32F4xx_HAL_Driver/Inc/stm32f4xx_ll_usart.h ****   * @retval USARTDIV value to be used for BRR register filling in OverSampling_8 case
 358:Drivers/STM32F4xx_HAL_Driver/Inc/stm32f4xx_ll_usart.h ****   */
 359:Drivers/STM32F4xx_HAL_Driver/Inc/stm32f4xx_ll_usart.h **** #define __LL_USART_DIV_SAMPLING8_100(__PERIPHCLK__, __BAUDRATE__)      ((uint32_t)((((uint64_t)(__P
 360:Drivers/STM32F4xx_HAL_Driver/Inc/stm32f4xx_ll_usart.h **** #define __LL_USART_DIVMANT_SAMPLING8(__PERIPHCLK__, __BAUDRATE__)      (__LL_USART_DIV_SAMPLING8_10
 361:Drivers/STM32F4xx_HAL_Driver/Inc/stm32f4xx_ll_usart.h **** #define __LL_USART_DIVFRAQ_SAMPLING8(__PERIPHCLK__, __BAUDRATE__)      ((((__LL_USART_DIV_SAMPLING8
 362:Drivers/STM32F4xx_HAL_Driver/Inc/stm32f4xx_ll_usart.h ****                                                                          + 50) / 100)
 363:Drivers/STM32F4xx_HAL_Driver/Inc/stm32f4xx_ll_usart.h **** /* UART BRR = mantissa + overflow + fraction
 364:Drivers/STM32F4xx_HAL_Driver/Inc/stm32f4xx_ll_usart.h ****             = (UART DIVMANT << 4) + ((UART DIVFRAQ & 0xF8) << 1) + (UART DIVFRAQ & 0x07) */
 365:Drivers/STM32F4xx_HAL_Driver/Inc/stm32f4xx_ll_usart.h **** #define __LL_USART_DIV_SAMPLING8(__PERIPHCLK__, __BAUDRATE__)             (((__LL_USART_DIVMANT_SAM
 366:Drivers/STM32F4xx_HAL_Driver/Inc/stm32f4xx_ll_usart.h ****                                                                             ((__LL_USART_DIVFRAQ_SA
 367:Drivers/STM32F4xx_HAL_Driver/Inc/stm32f4xx_ll_usart.h ****                                                                            (__LL_USART_DIVFRAQ_SAMP
 368:Drivers/STM32F4xx_HAL_Driver/Inc/stm32f4xx_ll_usart.h **** 
 369:Drivers/STM32F4xx_HAL_Driver/Inc/stm32f4xx_ll_usart.h **** /**
 370:Drivers/STM32F4xx_HAL_Driver/Inc/stm32f4xx_ll_usart.h ****   * @brief  Compute USARTDIV value according to Peripheral Clock and
ARM GAS  C:\Users\chris\AppData\Local\Temp\ccpkeIoa.s 			page 8


 371:Drivers/STM32F4xx_HAL_Driver/Inc/stm32f4xx_ll_usart.h ****   *         expected Baud Rate in 16 bits sampling mode (32 bits value of USARTDIV is returned)
 372:Drivers/STM32F4xx_HAL_Driver/Inc/stm32f4xx_ll_usart.h ****   * @param  __PERIPHCLK__ Peripheral Clock frequency used for USART instance
 373:Drivers/STM32F4xx_HAL_Driver/Inc/stm32f4xx_ll_usart.h ****   * @param  __BAUDRATE__ Baud rate value to achieve
 374:Drivers/STM32F4xx_HAL_Driver/Inc/stm32f4xx_ll_usart.h ****   * @retval USARTDIV value to be used for BRR register filling in OverSampling_16 case
 375:Drivers/STM32F4xx_HAL_Driver/Inc/stm32f4xx_ll_usart.h ****   */
 376:Drivers/STM32F4xx_HAL_Driver/Inc/stm32f4xx_ll_usart.h **** #define __LL_USART_DIV_SAMPLING16_100(__PERIPHCLK__, __BAUDRATE__)     ((uint32_t)((((uint64_t)(__P
 377:Drivers/STM32F4xx_HAL_Driver/Inc/stm32f4xx_ll_usart.h **** #define __LL_USART_DIVMANT_SAMPLING16(__PERIPHCLK__, __BAUDRATE__)     (__LL_USART_DIV_SAMPLING16_1
 378:Drivers/STM32F4xx_HAL_Driver/Inc/stm32f4xx_ll_usart.h **** #define __LL_USART_DIVFRAQ_SAMPLING16(__PERIPHCLK__, __BAUDRATE__)     ((((__LL_USART_DIV_SAMPLING1
 379:Drivers/STM32F4xx_HAL_Driver/Inc/stm32f4xx_ll_usart.h ****                                                                          + 50) / 100)
 380:Drivers/STM32F4xx_HAL_Driver/Inc/stm32f4xx_ll_usart.h **** /* USART BRR = mantissa + overflow + fraction
 381:Drivers/STM32F4xx_HAL_Driver/Inc/stm32f4xx_ll_usart.h ****             = (USART DIVMANT << 4) + (USART DIVFRAQ & 0xF0) + (USART DIVFRAQ & 0x0F) */
 382:Drivers/STM32F4xx_HAL_Driver/Inc/stm32f4xx_ll_usart.h **** #define __LL_USART_DIV_SAMPLING16(__PERIPHCLK__, __BAUDRATE__)            (((__LL_USART_DIVMANT_SAM
 383:Drivers/STM32F4xx_HAL_Driver/Inc/stm32f4xx_ll_usart.h ****                                                                             (__LL_USART_DIVFRAQ_SAM
 384:Drivers/STM32F4xx_HAL_Driver/Inc/stm32f4xx_ll_usart.h ****                                                                            (__LL_USART_DIVFRAQ_SAMP
 385:Drivers/STM32F4xx_HAL_Driver/Inc/stm32f4xx_ll_usart.h **** 
 386:Drivers/STM32F4xx_HAL_Driver/Inc/stm32f4xx_ll_usart.h **** /**
 387:Drivers/STM32F4xx_HAL_Driver/Inc/stm32f4xx_ll_usart.h ****   * @}
 388:Drivers/STM32F4xx_HAL_Driver/Inc/stm32f4xx_ll_usart.h ****   */
 389:Drivers/STM32F4xx_HAL_Driver/Inc/stm32f4xx_ll_usart.h **** 
 390:Drivers/STM32F4xx_HAL_Driver/Inc/stm32f4xx_ll_usart.h **** /**
 391:Drivers/STM32F4xx_HAL_Driver/Inc/stm32f4xx_ll_usart.h ****   * @}
 392:Drivers/STM32F4xx_HAL_Driver/Inc/stm32f4xx_ll_usart.h ****   */
 393:Drivers/STM32F4xx_HAL_Driver/Inc/stm32f4xx_ll_usart.h **** 
 394:Drivers/STM32F4xx_HAL_Driver/Inc/stm32f4xx_ll_usart.h **** /* Exported functions --------------------------------------------------------*/
 395:Drivers/STM32F4xx_HAL_Driver/Inc/stm32f4xx_ll_usart.h **** 
 396:Drivers/STM32F4xx_HAL_Driver/Inc/stm32f4xx_ll_usart.h **** /** @defgroup USART_LL_Exported_Functions USART Exported Functions
 397:Drivers/STM32F4xx_HAL_Driver/Inc/stm32f4xx_ll_usart.h ****   * @{
 398:Drivers/STM32F4xx_HAL_Driver/Inc/stm32f4xx_ll_usart.h ****   */
 399:Drivers/STM32F4xx_HAL_Driver/Inc/stm32f4xx_ll_usart.h **** 
 400:Drivers/STM32F4xx_HAL_Driver/Inc/stm32f4xx_ll_usart.h **** /** @defgroup USART_LL_EF_Configuration Configuration functions
 401:Drivers/STM32F4xx_HAL_Driver/Inc/stm32f4xx_ll_usart.h ****   * @{
 402:Drivers/STM32F4xx_HAL_Driver/Inc/stm32f4xx_ll_usart.h ****   */
 403:Drivers/STM32F4xx_HAL_Driver/Inc/stm32f4xx_ll_usart.h **** 
 404:Drivers/STM32F4xx_HAL_Driver/Inc/stm32f4xx_ll_usart.h **** /**
 405:Drivers/STM32F4xx_HAL_Driver/Inc/stm32f4xx_ll_usart.h ****   * @brief  USART Enable
 406:Drivers/STM32F4xx_HAL_Driver/Inc/stm32f4xx_ll_usart.h ****   * @rmtoll CR1          UE            LL_USART_Enable
 407:Drivers/STM32F4xx_HAL_Driver/Inc/stm32f4xx_ll_usart.h ****   * @param  USARTx USART Instance
 408:Drivers/STM32F4xx_HAL_Driver/Inc/stm32f4xx_ll_usart.h ****   * @retval None
 409:Drivers/STM32F4xx_HAL_Driver/Inc/stm32f4xx_ll_usart.h ****   */
 410:Drivers/STM32F4xx_HAL_Driver/Inc/stm32f4xx_ll_usart.h **** __STATIC_INLINE void LL_USART_Enable(USART_TypeDef *USARTx)
 411:Drivers/STM32F4xx_HAL_Driver/Inc/stm32f4xx_ll_usart.h **** {
 412:Drivers/STM32F4xx_HAL_Driver/Inc/stm32f4xx_ll_usart.h ****   SET_BIT(USARTx->CR1, USART_CR1_UE);
 413:Drivers/STM32F4xx_HAL_Driver/Inc/stm32f4xx_ll_usart.h **** }
 414:Drivers/STM32F4xx_HAL_Driver/Inc/stm32f4xx_ll_usart.h **** 
 415:Drivers/STM32F4xx_HAL_Driver/Inc/stm32f4xx_ll_usart.h **** /**
 416:Drivers/STM32F4xx_HAL_Driver/Inc/stm32f4xx_ll_usart.h ****   * @brief  USART Disable (all USART prescalers and outputs are disabled)
 417:Drivers/STM32F4xx_HAL_Driver/Inc/stm32f4xx_ll_usart.h ****   * @note   When USART is disabled, USART prescalers and outputs are stopped immediately,
 418:Drivers/STM32F4xx_HAL_Driver/Inc/stm32f4xx_ll_usart.h ****   *         and current operations are discarded. The configuration of the USART is kept, but all t
 419:Drivers/STM32F4xx_HAL_Driver/Inc/stm32f4xx_ll_usart.h ****   *         flags, in the USARTx_SR are set to their default values.
 420:Drivers/STM32F4xx_HAL_Driver/Inc/stm32f4xx_ll_usart.h ****   * @rmtoll CR1          UE            LL_USART_Disable
 421:Drivers/STM32F4xx_HAL_Driver/Inc/stm32f4xx_ll_usart.h ****   * @param  USARTx USART Instance
 422:Drivers/STM32F4xx_HAL_Driver/Inc/stm32f4xx_ll_usart.h ****   * @retval None
 423:Drivers/STM32F4xx_HAL_Driver/Inc/stm32f4xx_ll_usart.h ****   */
 424:Drivers/STM32F4xx_HAL_Driver/Inc/stm32f4xx_ll_usart.h **** __STATIC_INLINE void LL_USART_Disable(USART_TypeDef *USARTx)
 425:Drivers/STM32F4xx_HAL_Driver/Inc/stm32f4xx_ll_usart.h **** {
 426:Drivers/STM32F4xx_HAL_Driver/Inc/stm32f4xx_ll_usart.h ****   CLEAR_BIT(USARTx->CR1, USART_CR1_UE);
 427:Drivers/STM32F4xx_HAL_Driver/Inc/stm32f4xx_ll_usart.h **** }
ARM GAS  C:\Users\chris\AppData\Local\Temp\ccpkeIoa.s 			page 9


 428:Drivers/STM32F4xx_HAL_Driver/Inc/stm32f4xx_ll_usart.h **** 
 429:Drivers/STM32F4xx_HAL_Driver/Inc/stm32f4xx_ll_usart.h **** /**
 430:Drivers/STM32F4xx_HAL_Driver/Inc/stm32f4xx_ll_usart.h ****   * @brief  Indicate if USART is enabled
 431:Drivers/STM32F4xx_HAL_Driver/Inc/stm32f4xx_ll_usart.h ****   * @rmtoll CR1          UE            LL_USART_IsEnabled
 432:Drivers/STM32F4xx_HAL_Driver/Inc/stm32f4xx_ll_usart.h ****   * @param  USARTx USART Instance
 433:Drivers/STM32F4xx_HAL_Driver/Inc/stm32f4xx_ll_usart.h ****   * @retval State of bit (1 or 0).
 434:Drivers/STM32F4xx_HAL_Driver/Inc/stm32f4xx_ll_usart.h ****   */
 435:Drivers/STM32F4xx_HAL_Driver/Inc/stm32f4xx_ll_usart.h **** __STATIC_INLINE uint32_t LL_USART_IsEnabled(const USART_TypeDef *USARTx)
 436:Drivers/STM32F4xx_HAL_Driver/Inc/stm32f4xx_ll_usart.h **** {
 437:Drivers/STM32F4xx_HAL_Driver/Inc/stm32f4xx_ll_usart.h ****   return (READ_BIT(USARTx->CR1, USART_CR1_UE) == (USART_CR1_UE));
 438:Drivers/STM32F4xx_HAL_Driver/Inc/stm32f4xx_ll_usart.h **** }
 439:Drivers/STM32F4xx_HAL_Driver/Inc/stm32f4xx_ll_usart.h **** 
 440:Drivers/STM32F4xx_HAL_Driver/Inc/stm32f4xx_ll_usart.h **** /**
 441:Drivers/STM32F4xx_HAL_Driver/Inc/stm32f4xx_ll_usart.h ****   * @brief  Receiver Enable (Receiver is enabled and begins searching for a start bit)
 442:Drivers/STM32F4xx_HAL_Driver/Inc/stm32f4xx_ll_usart.h ****   * @rmtoll CR1          RE            LL_USART_EnableDirectionRx
 443:Drivers/STM32F4xx_HAL_Driver/Inc/stm32f4xx_ll_usart.h ****   * @param  USARTx USART Instance
 444:Drivers/STM32F4xx_HAL_Driver/Inc/stm32f4xx_ll_usart.h ****   * @retval None
 445:Drivers/STM32F4xx_HAL_Driver/Inc/stm32f4xx_ll_usart.h ****   */
 446:Drivers/STM32F4xx_HAL_Driver/Inc/stm32f4xx_ll_usart.h **** __STATIC_INLINE void LL_USART_EnableDirectionRx(USART_TypeDef *USARTx)
 447:Drivers/STM32F4xx_HAL_Driver/Inc/stm32f4xx_ll_usart.h **** {
 448:Drivers/STM32F4xx_HAL_Driver/Inc/stm32f4xx_ll_usart.h ****   ATOMIC_SET_BIT(USARTx->CR1, USART_CR1_RE);
 449:Drivers/STM32F4xx_HAL_Driver/Inc/stm32f4xx_ll_usart.h **** }
 450:Drivers/STM32F4xx_HAL_Driver/Inc/stm32f4xx_ll_usart.h **** 
 451:Drivers/STM32F4xx_HAL_Driver/Inc/stm32f4xx_ll_usart.h **** /**
 452:Drivers/STM32F4xx_HAL_Driver/Inc/stm32f4xx_ll_usart.h ****   * @brief  Receiver Disable
 453:Drivers/STM32F4xx_HAL_Driver/Inc/stm32f4xx_ll_usart.h ****   * @rmtoll CR1          RE            LL_USART_DisableDirectionRx
 454:Drivers/STM32F4xx_HAL_Driver/Inc/stm32f4xx_ll_usart.h ****   * @param  USARTx USART Instance
 455:Drivers/STM32F4xx_HAL_Driver/Inc/stm32f4xx_ll_usart.h ****   * @retval None
 456:Drivers/STM32F4xx_HAL_Driver/Inc/stm32f4xx_ll_usart.h ****   */
 457:Drivers/STM32F4xx_HAL_Driver/Inc/stm32f4xx_ll_usart.h **** __STATIC_INLINE void LL_USART_DisableDirectionRx(USART_TypeDef *USARTx)
 458:Drivers/STM32F4xx_HAL_Driver/Inc/stm32f4xx_ll_usart.h **** {
 459:Drivers/STM32F4xx_HAL_Driver/Inc/stm32f4xx_ll_usart.h ****   ATOMIC_CLEAR_BIT(USARTx->CR1, USART_CR1_RE);
 460:Drivers/STM32F4xx_HAL_Driver/Inc/stm32f4xx_ll_usart.h **** }
 461:Drivers/STM32F4xx_HAL_Driver/Inc/stm32f4xx_ll_usart.h **** 
 462:Drivers/STM32F4xx_HAL_Driver/Inc/stm32f4xx_ll_usart.h **** /**
 463:Drivers/STM32F4xx_HAL_Driver/Inc/stm32f4xx_ll_usart.h ****   * @brief  Transmitter Enable
 464:Drivers/STM32F4xx_HAL_Driver/Inc/stm32f4xx_ll_usart.h ****   * @rmtoll CR1          TE            LL_USART_EnableDirectionTx
 465:Drivers/STM32F4xx_HAL_Driver/Inc/stm32f4xx_ll_usart.h ****   * @param  USARTx USART Instance
 466:Drivers/STM32F4xx_HAL_Driver/Inc/stm32f4xx_ll_usart.h ****   * @retval None
 467:Drivers/STM32F4xx_HAL_Driver/Inc/stm32f4xx_ll_usart.h ****   */
 468:Drivers/STM32F4xx_HAL_Driver/Inc/stm32f4xx_ll_usart.h **** __STATIC_INLINE void LL_USART_EnableDirectionTx(USART_TypeDef *USARTx)
 469:Drivers/STM32F4xx_HAL_Driver/Inc/stm32f4xx_ll_usart.h **** {
 470:Drivers/STM32F4xx_HAL_Driver/Inc/stm32f4xx_ll_usart.h ****   ATOMIC_SET_BIT(USARTx->CR1, USART_CR1_TE);
 471:Drivers/STM32F4xx_HAL_Driver/Inc/stm32f4xx_ll_usart.h **** }
 472:Drivers/STM32F4xx_HAL_Driver/Inc/stm32f4xx_ll_usart.h **** 
 473:Drivers/STM32F4xx_HAL_Driver/Inc/stm32f4xx_ll_usart.h **** /**
 474:Drivers/STM32F4xx_HAL_Driver/Inc/stm32f4xx_ll_usart.h ****   * @brief  Transmitter Disable
 475:Drivers/STM32F4xx_HAL_Driver/Inc/stm32f4xx_ll_usart.h ****   * @rmtoll CR1          TE            LL_USART_DisableDirectionTx
 476:Drivers/STM32F4xx_HAL_Driver/Inc/stm32f4xx_ll_usart.h ****   * @param  USARTx USART Instance
 477:Drivers/STM32F4xx_HAL_Driver/Inc/stm32f4xx_ll_usart.h ****   * @retval None
 478:Drivers/STM32F4xx_HAL_Driver/Inc/stm32f4xx_ll_usart.h ****   */
 479:Drivers/STM32F4xx_HAL_Driver/Inc/stm32f4xx_ll_usart.h **** __STATIC_INLINE void LL_USART_DisableDirectionTx(USART_TypeDef *USARTx)
 480:Drivers/STM32F4xx_HAL_Driver/Inc/stm32f4xx_ll_usart.h **** {
 481:Drivers/STM32F4xx_HAL_Driver/Inc/stm32f4xx_ll_usart.h ****   ATOMIC_CLEAR_BIT(USARTx->CR1, USART_CR1_TE);
 482:Drivers/STM32F4xx_HAL_Driver/Inc/stm32f4xx_ll_usart.h **** }
 483:Drivers/STM32F4xx_HAL_Driver/Inc/stm32f4xx_ll_usart.h **** 
 484:Drivers/STM32F4xx_HAL_Driver/Inc/stm32f4xx_ll_usart.h **** /**
ARM GAS  C:\Users\chris\AppData\Local\Temp\ccpkeIoa.s 			page 10


 485:Drivers/STM32F4xx_HAL_Driver/Inc/stm32f4xx_ll_usart.h ****   * @brief  Configure simultaneously enabled/disabled states
 486:Drivers/STM32F4xx_HAL_Driver/Inc/stm32f4xx_ll_usart.h ****   *         of Transmitter and Receiver
 487:Drivers/STM32F4xx_HAL_Driver/Inc/stm32f4xx_ll_usart.h ****   * @rmtoll CR1          RE            LL_USART_SetTransferDirection\n
 488:Drivers/STM32F4xx_HAL_Driver/Inc/stm32f4xx_ll_usart.h ****   *         CR1          TE            LL_USART_SetTransferDirection
 489:Drivers/STM32F4xx_HAL_Driver/Inc/stm32f4xx_ll_usart.h ****   * @param  USARTx USART Instance
 490:Drivers/STM32F4xx_HAL_Driver/Inc/stm32f4xx_ll_usart.h ****   * @param  TransferDirection This parameter can be one of the following values:
 491:Drivers/STM32F4xx_HAL_Driver/Inc/stm32f4xx_ll_usart.h ****   *         @arg @ref LL_USART_DIRECTION_NONE
 492:Drivers/STM32F4xx_HAL_Driver/Inc/stm32f4xx_ll_usart.h ****   *         @arg @ref LL_USART_DIRECTION_RX
 493:Drivers/STM32F4xx_HAL_Driver/Inc/stm32f4xx_ll_usart.h ****   *         @arg @ref LL_USART_DIRECTION_TX
 494:Drivers/STM32F4xx_HAL_Driver/Inc/stm32f4xx_ll_usart.h ****   *         @arg @ref LL_USART_DIRECTION_TX_RX
 495:Drivers/STM32F4xx_HAL_Driver/Inc/stm32f4xx_ll_usart.h ****   * @retval None
 496:Drivers/STM32F4xx_HAL_Driver/Inc/stm32f4xx_ll_usart.h ****   */
 497:Drivers/STM32F4xx_HAL_Driver/Inc/stm32f4xx_ll_usart.h **** __STATIC_INLINE void LL_USART_SetTransferDirection(USART_TypeDef *USARTx, uint32_t TransferDirectio
 498:Drivers/STM32F4xx_HAL_Driver/Inc/stm32f4xx_ll_usart.h **** {
 499:Drivers/STM32F4xx_HAL_Driver/Inc/stm32f4xx_ll_usart.h ****   ATOMIC_MODIFY_REG(USARTx->CR1, USART_CR1_RE | USART_CR1_TE, TransferDirection);
 500:Drivers/STM32F4xx_HAL_Driver/Inc/stm32f4xx_ll_usart.h **** }
 501:Drivers/STM32F4xx_HAL_Driver/Inc/stm32f4xx_ll_usart.h **** 
 502:Drivers/STM32F4xx_HAL_Driver/Inc/stm32f4xx_ll_usart.h **** /**
 503:Drivers/STM32F4xx_HAL_Driver/Inc/stm32f4xx_ll_usart.h ****   * @brief  Return enabled/disabled states of Transmitter and Receiver
 504:Drivers/STM32F4xx_HAL_Driver/Inc/stm32f4xx_ll_usart.h ****   * @rmtoll CR1          RE            LL_USART_GetTransferDirection\n
 505:Drivers/STM32F4xx_HAL_Driver/Inc/stm32f4xx_ll_usart.h ****   *         CR1          TE            LL_USART_GetTransferDirection
 506:Drivers/STM32F4xx_HAL_Driver/Inc/stm32f4xx_ll_usart.h ****   * @param  USARTx USART Instance
 507:Drivers/STM32F4xx_HAL_Driver/Inc/stm32f4xx_ll_usart.h ****   * @retval Returned value can be one of the following values:
 508:Drivers/STM32F4xx_HAL_Driver/Inc/stm32f4xx_ll_usart.h ****   *         @arg @ref LL_USART_DIRECTION_NONE
 509:Drivers/STM32F4xx_HAL_Driver/Inc/stm32f4xx_ll_usart.h ****   *         @arg @ref LL_USART_DIRECTION_RX
 510:Drivers/STM32F4xx_HAL_Driver/Inc/stm32f4xx_ll_usart.h ****   *         @arg @ref LL_USART_DIRECTION_TX
 511:Drivers/STM32F4xx_HAL_Driver/Inc/stm32f4xx_ll_usart.h ****   *         @arg @ref LL_USART_DIRECTION_TX_RX
 512:Drivers/STM32F4xx_HAL_Driver/Inc/stm32f4xx_ll_usart.h ****   */
 513:Drivers/STM32F4xx_HAL_Driver/Inc/stm32f4xx_ll_usart.h **** __STATIC_INLINE uint32_t LL_USART_GetTransferDirection(const USART_TypeDef *USARTx)
 514:Drivers/STM32F4xx_HAL_Driver/Inc/stm32f4xx_ll_usart.h **** {
 515:Drivers/STM32F4xx_HAL_Driver/Inc/stm32f4xx_ll_usart.h ****   return (uint32_t)(READ_BIT(USARTx->CR1, USART_CR1_RE | USART_CR1_TE));
 516:Drivers/STM32F4xx_HAL_Driver/Inc/stm32f4xx_ll_usart.h **** }
 517:Drivers/STM32F4xx_HAL_Driver/Inc/stm32f4xx_ll_usart.h **** 
 518:Drivers/STM32F4xx_HAL_Driver/Inc/stm32f4xx_ll_usart.h **** /**
 519:Drivers/STM32F4xx_HAL_Driver/Inc/stm32f4xx_ll_usart.h ****   * @brief  Configure Parity (enabled/disabled and parity mode if enabled).
 520:Drivers/STM32F4xx_HAL_Driver/Inc/stm32f4xx_ll_usart.h ****   * @note   This function selects if hardware parity control (generation and detection) is enabled 
 521:Drivers/STM32F4xx_HAL_Driver/Inc/stm32f4xx_ll_usart.h ****   *         When the parity control is enabled (Odd or Even), computed parity bit is inserted at th
 522:Drivers/STM32F4xx_HAL_Driver/Inc/stm32f4xx_ll_usart.h ****   *         (9th or 8th bit depending on data width) and parity is checked on the received data.
 523:Drivers/STM32F4xx_HAL_Driver/Inc/stm32f4xx_ll_usart.h ****   * @rmtoll CR1          PS            LL_USART_SetParity\n
 524:Drivers/STM32F4xx_HAL_Driver/Inc/stm32f4xx_ll_usart.h ****   *         CR1          PCE           LL_USART_SetParity
 525:Drivers/STM32F4xx_HAL_Driver/Inc/stm32f4xx_ll_usart.h ****   * @param  USARTx USART Instance
 526:Drivers/STM32F4xx_HAL_Driver/Inc/stm32f4xx_ll_usart.h ****   * @param  Parity This parameter can be one of the following values:
 527:Drivers/STM32F4xx_HAL_Driver/Inc/stm32f4xx_ll_usart.h ****   *         @arg @ref LL_USART_PARITY_NONE
 528:Drivers/STM32F4xx_HAL_Driver/Inc/stm32f4xx_ll_usart.h ****   *         @arg @ref LL_USART_PARITY_EVEN
 529:Drivers/STM32F4xx_HAL_Driver/Inc/stm32f4xx_ll_usart.h ****   *         @arg @ref LL_USART_PARITY_ODD
 530:Drivers/STM32F4xx_HAL_Driver/Inc/stm32f4xx_ll_usart.h ****   * @retval None
 531:Drivers/STM32F4xx_HAL_Driver/Inc/stm32f4xx_ll_usart.h ****   */
 532:Drivers/STM32F4xx_HAL_Driver/Inc/stm32f4xx_ll_usart.h **** __STATIC_INLINE void LL_USART_SetParity(USART_TypeDef *USARTx, uint32_t Parity)
 533:Drivers/STM32F4xx_HAL_Driver/Inc/stm32f4xx_ll_usart.h **** {
 534:Drivers/STM32F4xx_HAL_Driver/Inc/stm32f4xx_ll_usart.h ****   MODIFY_REG(USARTx->CR1, USART_CR1_PS | USART_CR1_PCE, Parity);
 535:Drivers/STM32F4xx_HAL_Driver/Inc/stm32f4xx_ll_usart.h **** }
 536:Drivers/STM32F4xx_HAL_Driver/Inc/stm32f4xx_ll_usart.h **** 
 537:Drivers/STM32F4xx_HAL_Driver/Inc/stm32f4xx_ll_usart.h **** /**
 538:Drivers/STM32F4xx_HAL_Driver/Inc/stm32f4xx_ll_usart.h ****   * @brief  Return Parity configuration (enabled/disabled and parity mode if enabled)
 539:Drivers/STM32F4xx_HAL_Driver/Inc/stm32f4xx_ll_usart.h ****   * @rmtoll CR1          PS            LL_USART_GetParity\n
 540:Drivers/STM32F4xx_HAL_Driver/Inc/stm32f4xx_ll_usart.h ****   *         CR1          PCE           LL_USART_GetParity
 541:Drivers/STM32F4xx_HAL_Driver/Inc/stm32f4xx_ll_usart.h ****   * @param  USARTx USART Instance
ARM GAS  C:\Users\chris\AppData\Local\Temp\ccpkeIoa.s 			page 11


 542:Drivers/STM32F4xx_HAL_Driver/Inc/stm32f4xx_ll_usart.h ****   * @retval Returned value can be one of the following values:
 543:Drivers/STM32F4xx_HAL_Driver/Inc/stm32f4xx_ll_usart.h ****   *         @arg @ref LL_USART_PARITY_NONE
 544:Drivers/STM32F4xx_HAL_Driver/Inc/stm32f4xx_ll_usart.h ****   *         @arg @ref LL_USART_PARITY_EVEN
 545:Drivers/STM32F4xx_HAL_Driver/Inc/stm32f4xx_ll_usart.h ****   *         @arg @ref LL_USART_PARITY_ODD
 546:Drivers/STM32F4xx_HAL_Driver/Inc/stm32f4xx_ll_usart.h ****   */
 547:Drivers/STM32F4xx_HAL_Driver/Inc/stm32f4xx_ll_usart.h **** __STATIC_INLINE uint32_t LL_USART_GetParity(const USART_TypeDef *USARTx)
 548:Drivers/STM32F4xx_HAL_Driver/Inc/stm32f4xx_ll_usart.h **** {
 549:Drivers/STM32F4xx_HAL_Driver/Inc/stm32f4xx_ll_usart.h ****   return (uint32_t)(READ_BIT(USARTx->CR1, USART_CR1_PS | USART_CR1_PCE));
 550:Drivers/STM32F4xx_HAL_Driver/Inc/stm32f4xx_ll_usart.h **** }
 551:Drivers/STM32F4xx_HAL_Driver/Inc/stm32f4xx_ll_usart.h **** 
 552:Drivers/STM32F4xx_HAL_Driver/Inc/stm32f4xx_ll_usart.h **** /**
 553:Drivers/STM32F4xx_HAL_Driver/Inc/stm32f4xx_ll_usart.h ****   * @brief  Set Receiver Wake Up method from Mute mode.
 554:Drivers/STM32F4xx_HAL_Driver/Inc/stm32f4xx_ll_usart.h ****   * @rmtoll CR1          WAKE          LL_USART_SetWakeUpMethod
 555:Drivers/STM32F4xx_HAL_Driver/Inc/stm32f4xx_ll_usart.h ****   * @param  USARTx USART Instance
 556:Drivers/STM32F4xx_HAL_Driver/Inc/stm32f4xx_ll_usart.h ****   * @param  Method This parameter can be one of the following values:
 557:Drivers/STM32F4xx_HAL_Driver/Inc/stm32f4xx_ll_usart.h ****   *         @arg @ref LL_USART_WAKEUP_IDLELINE
 558:Drivers/STM32F4xx_HAL_Driver/Inc/stm32f4xx_ll_usart.h ****   *         @arg @ref LL_USART_WAKEUP_ADDRESSMARK
 559:Drivers/STM32F4xx_HAL_Driver/Inc/stm32f4xx_ll_usart.h ****   * @retval None
 560:Drivers/STM32F4xx_HAL_Driver/Inc/stm32f4xx_ll_usart.h ****   */
 561:Drivers/STM32F4xx_HAL_Driver/Inc/stm32f4xx_ll_usart.h **** __STATIC_INLINE void LL_USART_SetWakeUpMethod(USART_TypeDef *USARTx, uint32_t Method)
 562:Drivers/STM32F4xx_HAL_Driver/Inc/stm32f4xx_ll_usart.h **** {
 563:Drivers/STM32F4xx_HAL_Driver/Inc/stm32f4xx_ll_usart.h ****   MODIFY_REG(USARTx->CR1, USART_CR1_WAKE, Method);
 564:Drivers/STM32F4xx_HAL_Driver/Inc/stm32f4xx_ll_usart.h **** }
 565:Drivers/STM32F4xx_HAL_Driver/Inc/stm32f4xx_ll_usart.h **** 
 566:Drivers/STM32F4xx_HAL_Driver/Inc/stm32f4xx_ll_usart.h **** /**
 567:Drivers/STM32F4xx_HAL_Driver/Inc/stm32f4xx_ll_usart.h ****   * @brief  Return Receiver Wake Up method from Mute mode
 568:Drivers/STM32F4xx_HAL_Driver/Inc/stm32f4xx_ll_usart.h ****   * @rmtoll CR1          WAKE          LL_USART_GetWakeUpMethod
 569:Drivers/STM32F4xx_HAL_Driver/Inc/stm32f4xx_ll_usart.h ****   * @param  USARTx USART Instance
 570:Drivers/STM32F4xx_HAL_Driver/Inc/stm32f4xx_ll_usart.h ****   * @retval Returned value can be one of the following values:
 571:Drivers/STM32F4xx_HAL_Driver/Inc/stm32f4xx_ll_usart.h ****   *         @arg @ref LL_USART_WAKEUP_IDLELINE
 572:Drivers/STM32F4xx_HAL_Driver/Inc/stm32f4xx_ll_usart.h ****   *         @arg @ref LL_USART_WAKEUP_ADDRESSMARK
 573:Drivers/STM32F4xx_HAL_Driver/Inc/stm32f4xx_ll_usart.h ****   */
 574:Drivers/STM32F4xx_HAL_Driver/Inc/stm32f4xx_ll_usart.h **** __STATIC_INLINE uint32_t LL_USART_GetWakeUpMethod(const USART_TypeDef *USARTx)
 575:Drivers/STM32F4xx_HAL_Driver/Inc/stm32f4xx_ll_usart.h **** {
 576:Drivers/STM32F4xx_HAL_Driver/Inc/stm32f4xx_ll_usart.h ****   return (uint32_t)(READ_BIT(USARTx->CR1, USART_CR1_WAKE));
 577:Drivers/STM32F4xx_HAL_Driver/Inc/stm32f4xx_ll_usart.h **** }
 578:Drivers/STM32F4xx_HAL_Driver/Inc/stm32f4xx_ll_usart.h **** 
 579:Drivers/STM32F4xx_HAL_Driver/Inc/stm32f4xx_ll_usart.h **** /**
 580:Drivers/STM32F4xx_HAL_Driver/Inc/stm32f4xx_ll_usart.h ****   * @brief  Set Word length (i.e. nb of data bits, excluding start and stop bits)
 581:Drivers/STM32F4xx_HAL_Driver/Inc/stm32f4xx_ll_usart.h ****   * @rmtoll CR1          M             LL_USART_SetDataWidth
 582:Drivers/STM32F4xx_HAL_Driver/Inc/stm32f4xx_ll_usart.h ****   * @param  USARTx USART Instance
 583:Drivers/STM32F4xx_HAL_Driver/Inc/stm32f4xx_ll_usart.h ****   * @param  DataWidth This parameter can be one of the following values:
 584:Drivers/STM32F4xx_HAL_Driver/Inc/stm32f4xx_ll_usart.h ****   *         @arg @ref LL_USART_DATAWIDTH_8B
 585:Drivers/STM32F4xx_HAL_Driver/Inc/stm32f4xx_ll_usart.h ****   *         @arg @ref LL_USART_DATAWIDTH_9B
 586:Drivers/STM32F4xx_HAL_Driver/Inc/stm32f4xx_ll_usart.h ****   * @retval None
 587:Drivers/STM32F4xx_HAL_Driver/Inc/stm32f4xx_ll_usart.h ****   */
 588:Drivers/STM32F4xx_HAL_Driver/Inc/stm32f4xx_ll_usart.h **** __STATIC_INLINE void LL_USART_SetDataWidth(USART_TypeDef *USARTx, uint32_t DataWidth)
 589:Drivers/STM32F4xx_HAL_Driver/Inc/stm32f4xx_ll_usart.h **** {
 590:Drivers/STM32F4xx_HAL_Driver/Inc/stm32f4xx_ll_usart.h ****   MODIFY_REG(USARTx->CR1, USART_CR1_M, DataWidth);
 591:Drivers/STM32F4xx_HAL_Driver/Inc/stm32f4xx_ll_usart.h **** }
 592:Drivers/STM32F4xx_HAL_Driver/Inc/stm32f4xx_ll_usart.h **** 
 593:Drivers/STM32F4xx_HAL_Driver/Inc/stm32f4xx_ll_usart.h **** /**
 594:Drivers/STM32F4xx_HAL_Driver/Inc/stm32f4xx_ll_usart.h ****   * @brief  Return Word length (i.e. nb of data bits, excluding start and stop bits)
 595:Drivers/STM32F4xx_HAL_Driver/Inc/stm32f4xx_ll_usart.h ****   * @rmtoll CR1          M             LL_USART_GetDataWidth
 596:Drivers/STM32F4xx_HAL_Driver/Inc/stm32f4xx_ll_usart.h ****   * @param  USARTx USART Instance
 597:Drivers/STM32F4xx_HAL_Driver/Inc/stm32f4xx_ll_usart.h ****   * @retval Returned value can be one of the following values:
 598:Drivers/STM32F4xx_HAL_Driver/Inc/stm32f4xx_ll_usart.h ****   *         @arg @ref LL_USART_DATAWIDTH_8B
ARM GAS  C:\Users\chris\AppData\Local\Temp\ccpkeIoa.s 			page 12


 599:Drivers/STM32F4xx_HAL_Driver/Inc/stm32f4xx_ll_usart.h ****   *         @arg @ref LL_USART_DATAWIDTH_9B
 600:Drivers/STM32F4xx_HAL_Driver/Inc/stm32f4xx_ll_usart.h ****   */
 601:Drivers/STM32F4xx_HAL_Driver/Inc/stm32f4xx_ll_usart.h **** __STATIC_INLINE uint32_t LL_USART_GetDataWidth(const USART_TypeDef *USARTx)
 602:Drivers/STM32F4xx_HAL_Driver/Inc/stm32f4xx_ll_usart.h **** {
 603:Drivers/STM32F4xx_HAL_Driver/Inc/stm32f4xx_ll_usart.h ****   return (uint32_t)(READ_BIT(USARTx->CR1, USART_CR1_M));
 604:Drivers/STM32F4xx_HAL_Driver/Inc/stm32f4xx_ll_usart.h **** }
 605:Drivers/STM32F4xx_HAL_Driver/Inc/stm32f4xx_ll_usart.h **** 
 606:Drivers/STM32F4xx_HAL_Driver/Inc/stm32f4xx_ll_usart.h **** /**
 607:Drivers/STM32F4xx_HAL_Driver/Inc/stm32f4xx_ll_usart.h ****   * @brief  Set Oversampling to 8-bit or 16-bit mode
 608:Drivers/STM32F4xx_HAL_Driver/Inc/stm32f4xx_ll_usart.h ****   * @rmtoll CR1          OVER8         LL_USART_SetOverSampling
 609:Drivers/STM32F4xx_HAL_Driver/Inc/stm32f4xx_ll_usart.h ****   * @param  USARTx USART Instance
 610:Drivers/STM32F4xx_HAL_Driver/Inc/stm32f4xx_ll_usart.h ****   * @param  OverSampling This parameter can be one of the following values:
 611:Drivers/STM32F4xx_HAL_Driver/Inc/stm32f4xx_ll_usart.h ****   *         @arg @ref LL_USART_OVERSAMPLING_16
 612:Drivers/STM32F4xx_HAL_Driver/Inc/stm32f4xx_ll_usart.h ****   *         @arg @ref LL_USART_OVERSAMPLING_8
 613:Drivers/STM32F4xx_HAL_Driver/Inc/stm32f4xx_ll_usart.h ****   * @retval None
 614:Drivers/STM32F4xx_HAL_Driver/Inc/stm32f4xx_ll_usart.h ****   */
 615:Drivers/STM32F4xx_HAL_Driver/Inc/stm32f4xx_ll_usart.h **** __STATIC_INLINE void LL_USART_SetOverSampling(USART_TypeDef *USARTx, uint32_t OverSampling)
 616:Drivers/STM32F4xx_HAL_Driver/Inc/stm32f4xx_ll_usart.h **** {
 617:Drivers/STM32F4xx_HAL_Driver/Inc/stm32f4xx_ll_usart.h ****   MODIFY_REG(USARTx->CR1, USART_CR1_OVER8, OverSampling);
 618:Drivers/STM32F4xx_HAL_Driver/Inc/stm32f4xx_ll_usart.h **** }
 619:Drivers/STM32F4xx_HAL_Driver/Inc/stm32f4xx_ll_usart.h **** 
 620:Drivers/STM32F4xx_HAL_Driver/Inc/stm32f4xx_ll_usart.h **** /**
 621:Drivers/STM32F4xx_HAL_Driver/Inc/stm32f4xx_ll_usart.h ****   * @brief  Return Oversampling mode
 622:Drivers/STM32F4xx_HAL_Driver/Inc/stm32f4xx_ll_usart.h ****   * @rmtoll CR1          OVER8         LL_USART_GetOverSampling
 623:Drivers/STM32F4xx_HAL_Driver/Inc/stm32f4xx_ll_usart.h ****   * @param  USARTx USART Instance
 624:Drivers/STM32F4xx_HAL_Driver/Inc/stm32f4xx_ll_usart.h ****   * @retval Returned value can be one of the following values:
 625:Drivers/STM32F4xx_HAL_Driver/Inc/stm32f4xx_ll_usart.h ****   *         @arg @ref LL_USART_OVERSAMPLING_16
 626:Drivers/STM32F4xx_HAL_Driver/Inc/stm32f4xx_ll_usart.h ****   *         @arg @ref LL_USART_OVERSAMPLING_8
 627:Drivers/STM32F4xx_HAL_Driver/Inc/stm32f4xx_ll_usart.h ****   */
 628:Drivers/STM32F4xx_HAL_Driver/Inc/stm32f4xx_ll_usart.h **** __STATIC_INLINE uint32_t LL_USART_GetOverSampling(const USART_TypeDef *USARTx)
 629:Drivers/STM32F4xx_HAL_Driver/Inc/stm32f4xx_ll_usart.h **** {
 630:Drivers/STM32F4xx_HAL_Driver/Inc/stm32f4xx_ll_usart.h ****   return (uint32_t)(READ_BIT(USARTx->CR1, USART_CR1_OVER8));
 631:Drivers/STM32F4xx_HAL_Driver/Inc/stm32f4xx_ll_usart.h **** }
 632:Drivers/STM32F4xx_HAL_Driver/Inc/stm32f4xx_ll_usart.h **** 
 633:Drivers/STM32F4xx_HAL_Driver/Inc/stm32f4xx_ll_usart.h **** /**
 634:Drivers/STM32F4xx_HAL_Driver/Inc/stm32f4xx_ll_usart.h ****   * @brief  Configure if Clock pulse of the last data bit is output to the SCLK pin or not
 635:Drivers/STM32F4xx_HAL_Driver/Inc/stm32f4xx_ll_usart.h ****   * @note   Macro IS_USART_INSTANCE(USARTx) can be used to check whether or not
 636:Drivers/STM32F4xx_HAL_Driver/Inc/stm32f4xx_ll_usart.h ****   *         Synchronous mode is supported by the USARTx instance.
 637:Drivers/STM32F4xx_HAL_Driver/Inc/stm32f4xx_ll_usart.h ****   * @rmtoll CR2          LBCL          LL_USART_SetLastClkPulseOutput
 638:Drivers/STM32F4xx_HAL_Driver/Inc/stm32f4xx_ll_usart.h ****   * @param  USARTx USART Instance
 639:Drivers/STM32F4xx_HAL_Driver/Inc/stm32f4xx_ll_usart.h ****   * @param  LastBitClockPulse This parameter can be one of the following values:
 640:Drivers/STM32F4xx_HAL_Driver/Inc/stm32f4xx_ll_usart.h ****   *         @arg @ref LL_USART_LASTCLKPULSE_NO_OUTPUT
 641:Drivers/STM32F4xx_HAL_Driver/Inc/stm32f4xx_ll_usart.h ****   *         @arg @ref LL_USART_LASTCLKPULSE_OUTPUT
 642:Drivers/STM32F4xx_HAL_Driver/Inc/stm32f4xx_ll_usart.h ****   * @retval None
 643:Drivers/STM32F4xx_HAL_Driver/Inc/stm32f4xx_ll_usart.h ****   */
 644:Drivers/STM32F4xx_HAL_Driver/Inc/stm32f4xx_ll_usart.h **** __STATIC_INLINE void LL_USART_SetLastClkPulseOutput(USART_TypeDef *USARTx, uint32_t LastBitClockPul
 645:Drivers/STM32F4xx_HAL_Driver/Inc/stm32f4xx_ll_usart.h **** {
 646:Drivers/STM32F4xx_HAL_Driver/Inc/stm32f4xx_ll_usart.h ****   MODIFY_REG(USARTx->CR2, USART_CR2_LBCL, LastBitClockPulse);
 647:Drivers/STM32F4xx_HAL_Driver/Inc/stm32f4xx_ll_usart.h **** }
 648:Drivers/STM32F4xx_HAL_Driver/Inc/stm32f4xx_ll_usart.h **** 
 649:Drivers/STM32F4xx_HAL_Driver/Inc/stm32f4xx_ll_usart.h **** /**
 650:Drivers/STM32F4xx_HAL_Driver/Inc/stm32f4xx_ll_usart.h ****   * @brief  Retrieve Clock pulse of the last data bit output configuration
 651:Drivers/STM32F4xx_HAL_Driver/Inc/stm32f4xx_ll_usart.h ****   *         (Last bit Clock pulse output to the SCLK pin or not)
 652:Drivers/STM32F4xx_HAL_Driver/Inc/stm32f4xx_ll_usart.h ****   * @note   Macro IS_USART_INSTANCE(USARTx) can be used to check whether or not
 653:Drivers/STM32F4xx_HAL_Driver/Inc/stm32f4xx_ll_usart.h ****   *         Synchronous mode is supported by the USARTx instance.
 654:Drivers/STM32F4xx_HAL_Driver/Inc/stm32f4xx_ll_usart.h ****   * @rmtoll CR2          LBCL          LL_USART_GetLastClkPulseOutput
 655:Drivers/STM32F4xx_HAL_Driver/Inc/stm32f4xx_ll_usart.h ****   * @param  USARTx USART Instance
ARM GAS  C:\Users\chris\AppData\Local\Temp\ccpkeIoa.s 			page 13


 656:Drivers/STM32F4xx_HAL_Driver/Inc/stm32f4xx_ll_usart.h ****   * @retval Returned value can be one of the following values:
 657:Drivers/STM32F4xx_HAL_Driver/Inc/stm32f4xx_ll_usart.h ****   *         @arg @ref LL_USART_LASTCLKPULSE_NO_OUTPUT
 658:Drivers/STM32F4xx_HAL_Driver/Inc/stm32f4xx_ll_usart.h ****   *         @arg @ref LL_USART_LASTCLKPULSE_OUTPUT
 659:Drivers/STM32F4xx_HAL_Driver/Inc/stm32f4xx_ll_usart.h ****   */
 660:Drivers/STM32F4xx_HAL_Driver/Inc/stm32f4xx_ll_usart.h **** __STATIC_INLINE uint32_t LL_USART_GetLastClkPulseOutput(const USART_TypeDef *USARTx)
 661:Drivers/STM32F4xx_HAL_Driver/Inc/stm32f4xx_ll_usart.h **** {
 662:Drivers/STM32F4xx_HAL_Driver/Inc/stm32f4xx_ll_usart.h ****   return (uint32_t)(READ_BIT(USARTx->CR2, USART_CR2_LBCL));
 663:Drivers/STM32F4xx_HAL_Driver/Inc/stm32f4xx_ll_usart.h **** }
 664:Drivers/STM32F4xx_HAL_Driver/Inc/stm32f4xx_ll_usart.h **** 
 665:Drivers/STM32F4xx_HAL_Driver/Inc/stm32f4xx_ll_usart.h **** /**
 666:Drivers/STM32F4xx_HAL_Driver/Inc/stm32f4xx_ll_usart.h ****   * @brief  Select the phase of the clock output on the SCLK pin in synchronous mode
 667:Drivers/STM32F4xx_HAL_Driver/Inc/stm32f4xx_ll_usart.h ****   * @note   Macro IS_USART_INSTANCE(USARTx) can be used to check whether or not
 668:Drivers/STM32F4xx_HAL_Driver/Inc/stm32f4xx_ll_usart.h ****   *         Synchronous mode is supported by the USARTx instance.
 669:Drivers/STM32F4xx_HAL_Driver/Inc/stm32f4xx_ll_usart.h ****   * @rmtoll CR2          CPHA          LL_USART_SetClockPhase
 670:Drivers/STM32F4xx_HAL_Driver/Inc/stm32f4xx_ll_usart.h ****   * @param  USARTx USART Instance
 671:Drivers/STM32F4xx_HAL_Driver/Inc/stm32f4xx_ll_usart.h ****   * @param  ClockPhase This parameter can be one of the following values:
 672:Drivers/STM32F4xx_HAL_Driver/Inc/stm32f4xx_ll_usart.h ****   *         @arg @ref LL_USART_PHASE_1EDGE
 673:Drivers/STM32F4xx_HAL_Driver/Inc/stm32f4xx_ll_usart.h ****   *         @arg @ref LL_USART_PHASE_2EDGE
 674:Drivers/STM32F4xx_HAL_Driver/Inc/stm32f4xx_ll_usart.h ****   * @retval None
 675:Drivers/STM32F4xx_HAL_Driver/Inc/stm32f4xx_ll_usart.h ****   */
 676:Drivers/STM32F4xx_HAL_Driver/Inc/stm32f4xx_ll_usart.h **** __STATIC_INLINE void LL_USART_SetClockPhase(USART_TypeDef *USARTx, uint32_t ClockPhase)
 677:Drivers/STM32F4xx_HAL_Driver/Inc/stm32f4xx_ll_usart.h **** {
 678:Drivers/STM32F4xx_HAL_Driver/Inc/stm32f4xx_ll_usart.h ****   MODIFY_REG(USARTx->CR2, USART_CR2_CPHA, ClockPhase);
 679:Drivers/STM32F4xx_HAL_Driver/Inc/stm32f4xx_ll_usart.h **** }
 680:Drivers/STM32F4xx_HAL_Driver/Inc/stm32f4xx_ll_usart.h **** 
 681:Drivers/STM32F4xx_HAL_Driver/Inc/stm32f4xx_ll_usart.h **** /**
 682:Drivers/STM32F4xx_HAL_Driver/Inc/stm32f4xx_ll_usart.h ****   * @brief  Return phase of the clock output on the SCLK pin in synchronous mode
 683:Drivers/STM32F4xx_HAL_Driver/Inc/stm32f4xx_ll_usart.h ****   * @note   Macro IS_USART_INSTANCE(USARTx) can be used to check whether or not
 684:Drivers/STM32F4xx_HAL_Driver/Inc/stm32f4xx_ll_usart.h ****   *         Synchronous mode is supported by the USARTx instance.
 685:Drivers/STM32F4xx_HAL_Driver/Inc/stm32f4xx_ll_usart.h ****   * @rmtoll CR2          CPHA          LL_USART_GetClockPhase
 686:Drivers/STM32F4xx_HAL_Driver/Inc/stm32f4xx_ll_usart.h ****   * @param  USARTx USART Instance
 687:Drivers/STM32F4xx_HAL_Driver/Inc/stm32f4xx_ll_usart.h ****   * @retval Returned value can be one of the following values:
 688:Drivers/STM32F4xx_HAL_Driver/Inc/stm32f4xx_ll_usart.h ****   *         @arg @ref LL_USART_PHASE_1EDGE
 689:Drivers/STM32F4xx_HAL_Driver/Inc/stm32f4xx_ll_usart.h ****   *         @arg @ref LL_USART_PHASE_2EDGE
 690:Drivers/STM32F4xx_HAL_Driver/Inc/stm32f4xx_ll_usart.h ****   */
 691:Drivers/STM32F4xx_HAL_Driver/Inc/stm32f4xx_ll_usart.h **** __STATIC_INLINE uint32_t LL_USART_GetClockPhase(const USART_TypeDef *USARTx)
 692:Drivers/STM32F4xx_HAL_Driver/Inc/stm32f4xx_ll_usart.h **** {
 693:Drivers/STM32F4xx_HAL_Driver/Inc/stm32f4xx_ll_usart.h ****   return (uint32_t)(READ_BIT(USARTx->CR2, USART_CR2_CPHA));
 694:Drivers/STM32F4xx_HAL_Driver/Inc/stm32f4xx_ll_usart.h **** }
 695:Drivers/STM32F4xx_HAL_Driver/Inc/stm32f4xx_ll_usart.h **** 
 696:Drivers/STM32F4xx_HAL_Driver/Inc/stm32f4xx_ll_usart.h **** /**
 697:Drivers/STM32F4xx_HAL_Driver/Inc/stm32f4xx_ll_usart.h ****   * @brief  Select the polarity of the clock output on the SCLK pin in synchronous mode
 698:Drivers/STM32F4xx_HAL_Driver/Inc/stm32f4xx_ll_usart.h ****   * @note   Macro IS_USART_INSTANCE(USARTx) can be used to check whether or not
 699:Drivers/STM32F4xx_HAL_Driver/Inc/stm32f4xx_ll_usart.h ****   *         Synchronous mode is supported by the USARTx instance.
 700:Drivers/STM32F4xx_HAL_Driver/Inc/stm32f4xx_ll_usart.h ****   * @rmtoll CR2          CPOL          LL_USART_SetClockPolarity
 701:Drivers/STM32F4xx_HAL_Driver/Inc/stm32f4xx_ll_usart.h ****   * @param  USARTx USART Instance
 702:Drivers/STM32F4xx_HAL_Driver/Inc/stm32f4xx_ll_usart.h ****   * @param  ClockPolarity This parameter can be one of the following values:
 703:Drivers/STM32F4xx_HAL_Driver/Inc/stm32f4xx_ll_usart.h ****   *         @arg @ref LL_USART_POLARITY_LOW
 704:Drivers/STM32F4xx_HAL_Driver/Inc/stm32f4xx_ll_usart.h ****   *         @arg @ref LL_USART_POLARITY_HIGH
 705:Drivers/STM32F4xx_HAL_Driver/Inc/stm32f4xx_ll_usart.h ****   * @retval None
 706:Drivers/STM32F4xx_HAL_Driver/Inc/stm32f4xx_ll_usart.h ****   */
 707:Drivers/STM32F4xx_HAL_Driver/Inc/stm32f4xx_ll_usart.h **** __STATIC_INLINE void LL_USART_SetClockPolarity(USART_TypeDef *USARTx, uint32_t ClockPolarity)
 708:Drivers/STM32F4xx_HAL_Driver/Inc/stm32f4xx_ll_usart.h **** {
 709:Drivers/STM32F4xx_HAL_Driver/Inc/stm32f4xx_ll_usart.h ****   MODIFY_REG(USARTx->CR2, USART_CR2_CPOL, ClockPolarity);
 710:Drivers/STM32F4xx_HAL_Driver/Inc/stm32f4xx_ll_usart.h **** }
 711:Drivers/STM32F4xx_HAL_Driver/Inc/stm32f4xx_ll_usart.h **** 
 712:Drivers/STM32F4xx_HAL_Driver/Inc/stm32f4xx_ll_usart.h **** /**
ARM GAS  C:\Users\chris\AppData\Local\Temp\ccpkeIoa.s 			page 14


 713:Drivers/STM32F4xx_HAL_Driver/Inc/stm32f4xx_ll_usart.h ****   * @brief  Return polarity of the clock output on the SCLK pin in synchronous mode
 714:Drivers/STM32F4xx_HAL_Driver/Inc/stm32f4xx_ll_usart.h ****   * @note   Macro IS_USART_INSTANCE(USARTx) can be used to check whether or not
 715:Drivers/STM32F4xx_HAL_Driver/Inc/stm32f4xx_ll_usart.h ****   *         Synchronous mode is supported by the USARTx instance.
 716:Drivers/STM32F4xx_HAL_Driver/Inc/stm32f4xx_ll_usart.h ****   * @rmtoll CR2          CPOL          LL_USART_GetClockPolarity
 717:Drivers/STM32F4xx_HAL_Driver/Inc/stm32f4xx_ll_usart.h ****   * @param  USARTx USART Instance
 718:Drivers/STM32F4xx_HAL_Driver/Inc/stm32f4xx_ll_usart.h ****   * @retval Returned value can be one of the following values:
 719:Drivers/STM32F4xx_HAL_Driver/Inc/stm32f4xx_ll_usart.h ****   *         @arg @ref LL_USART_POLARITY_LOW
 720:Drivers/STM32F4xx_HAL_Driver/Inc/stm32f4xx_ll_usart.h ****   *         @arg @ref LL_USART_POLARITY_HIGH
 721:Drivers/STM32F4xx_HAL_Driver/Inc/stm32f4xx_ll_usart.h ****   */
 722:Drivers/STM32F4xx_HAL_Driver/Inc/stm32f4xx_ll_usart.h **** __STATIC_INLINE uint32_t LL_USART_GetClockPolarity(const USART_TypeDef *USARTx)
 723:Drivers/STM32F4xx_HAL_Driver/Inc/stm32f4xx_ll_usart.h **** {
 724:Drivers/STM32F4xx_HAL_Driver/Inc/stm32f4xx_ll_usart.h ****   return (uint32_t)(READ_BIT(USARTx->CR2, USART_CR2_CPOL));
 725:Drivers/STM32F4xx_HAL_Driver/Inc/stm32f4xx_ll_usart.h **** }
 726:Drivers/STM32F4xx_HAL_Driver/Inc/stm32f4xx_ll_usart.h **** 
 727:Drivers/STM32F4xx_HAL_Driver/Inc/stm32f4xx_ll_usart.h **** /**
 728:Drivers/STM32F4xx_HAL_Driver/Inc/stm32f4xx_ll_usart.h ****   * @brief  Configure Clock signal format (Phase Polarity and choice about output of last bit clock
 729:Drivers/STM32F4xx_HAL_Driver/Inc/stm32f4xx_ll_usart.h ****   * @note   Macro IS_USART_INSTANCE(USARTx) can be used to check whether or not
 730:Drivers/STM32F4xx_HAL_Driver/Inc/stm32f4xx_ll_usart.h ****   *         Synchronous mode is supported by the USARTx instance.
 731:Drivers/STM32F4xx_HAL_Driver/Inc/stm32f4xx_ll_usart.h ****   * @note   Call of this function is equivalent to following function call sequence :
 732:Drivers/STM32F4xx_HAL_Driver/Inc/stm32f4xx_ll_usart.h ****   *         - Clock Phase configuration using @ref LL_USART_SetClockPhase() function
 733:Drivers/STM32F4xx_HAL_Driver/Inc/stm32f4xx_ll_usart.h ****   *         - Clock Polarity configuration using @ref LL_USART_SetClockPolarity() function
 734:Drivers/STM32F4xx_HAL_Driver/Inc/stm32f4xx_ll_usart.h ****   *         - Output of Last bit Clock pulse configuration using @ref LL_USART_SetLastClkPulseOutpu
 735:Drivers/STM32F4xx_HAL_Driver/Inc/stm32f4xx_ll_usart.h ****   * @rmtoll CR2          CPHA          LL_USART_ConfigClock\n
 736:Drivers/STM32F4xx_HAL_Driver/Inc/stm32f4xx_ll_usart.h ****   *         CR2          CPOL          LL_USART_ConfigClock\n
 737:Drivers/STM32F4xx_HAL_Driver/Inc/stm32f4xx_ll_usart.h ****   *         CR2          LBCL          LL_USART_ConfigClock
 738:Drivers/STM32F4xx_HAL_Driver/Inc/stm32f4xx_ll_usart.h ****   * @param  USARTx USART Instance
 739:Drivers/STM32F4xx_HAL_Driver/Inc/stm32f4xx_ll_usart.h ****   * @param  Phase This parameter can be one of the following values:
 740:Drivers/STM32F4xx_HAL_Driver/Inc/stm32f4xx_ll_usart.h ****   *         @arg @ref LL_USART_PHASE_1EDGE
 741:Drivers/STM32F4xx_HAL_Driver/Inc/stm32f4xx_ll_usart.h ****   *         @arg @ref LL_USART_PHASE_2EDGE
 742:Drivers/STM32F4xx_HAL_Driver/Inc/stm32f4xx_ll_usart.h ****   * @param  Polarity This parameter can be one of the following values:
 743:Drivers/STM32F4xx_HAL_Driver/Inc/stm32f4xx_ll_usart.h ****   *         @arg @ref LL_USART_POLARITY_LOW
 744:Drivers/STM32F4xx_HAL_Driver/Inc/stm32f4xx_ll_usart.h ****   *         @arg @ref LL_USART_POLARITY_HIGH
 745:Drivers/STM32F4xx_HAL_Driver/Inc/stm32f4xx_ll_usart.h ****   * @param  LBCPOutput This parameter can be one of the following values:
 746:Drivers/STM32F4xx_HAL_Driver/Inc/stm32f4xx_ll_usart.h ****   *         @arg @ref LL_USART_LASTCLKPULSE_NO_OUTPUT
 747:Drivers/STM32F4xx_HAL_Driver/Inc/stm32f4xx_ll_usart.h ****   *         @arg @ref LL_USART_LASTCLKPULSE_OUTPUT
 748:Drivers/STM32F4xx_HAL_Driver/Inc/stm32f4xx_ll_usart.h ****   * @retval None
 749:Drivers/STM32F4xx_HAL_Driver/Inc/stm32f4xx_ll_usart.h ****   */
 750:Drivers/STM32F4xx_HAL_Driver/Inc/stm32f4xx_ll_usart.h **** __STATIC_INLINE void LL_USART_ConfigClock(USART_TypeDef *USARTx, uint32_t Phase, uint32_t Polarity,
 751:Drivers/STM32F4xx_HAL_Driver/Inc/stm32f4xx_ll_usart.h **** {
 752:Drivers/STM32F4xx_HAL_Driver/Inc/stm32f4xx_ll_usart.h ****   MODIFY_REG(USARTx->CR2, USART_CR2_CPHA | USART_CR2_CPOL | USART_CR2_LBCL, Phase | Polarity | LBCP
 753:Drivers/STM32F4xx_HAL_Driver/Inc/stm32f4xx_ll_usart.h **** }
 754:Drivers/STM32F4xx_HAL_Driver/Inc/stm32f4xx_ll_usart.h **** 
 755:Drivers/STM32F4xx_HAL_Driver/Inc/stm32f4xx_ll_usart.h **** /**
 756:Drivers/STM32F4xx_HAL_Driver/Inc/stm32f4xx_ll_usart.h ****   * @brief  Enable Clock output on SCLK pin
 757:Drivers/STM32F4xx_HAL_Driver/Inc/stm32f4xx_ll_usart.h ****   * @note   Macro IS_USART_INSTANCE(USARTx) can be used to check whether or not
 758:Drivers/STM32F4xx_HAL_Driver/Inc/stm32f4xx_ll_usart.h ****   *         Synchronous mode is supported by the USARTx instance.
 759:Drivers/STM32F4xx_HAL_Driver/Inc/stm32f4xx_ll_usart.h ****   * @rmtoll CR2          CLKEN         LL_USART_EnableSCLKOutput
 760:Drivers/STM32F4xx_HAL_Driver/Inc/stm32f4xx_ll_usart.h ****   * @param  USARTx USART Instance
 761:Drivers/STM32F4xx_HAL_Driver/Inc/stm32f4xx_ll_usart.h ****   * @retval None
 762:Drivers/STM32F4xx_HAL_Driver/Inc/stm32f4xx_ll_usart.h ****   */
 763:Drivers/STM32F4xx_HAL_Driver/Inc/stm32f4xx_ll_usart.h **** __STATIC_INLINE void LL_USART_EnableSCLKOutput(USART_TypeDef *USARTx)
 764:Drivers/STM32F4xx_HAL_Driver/Inc/stm32f4xx_ll_usart.h **** {
 765:Drivers/STM32F4xx_HAL_Driver/Inc/stm32f4xx_ll_usart.h ****   SET_BIT(USARTx->CR2, USART_CR2_CLKEN);
 766:Drivers/STM32F4xx_HAL_Driver/Inc/stm32f4xx_ll_usart.h **** }
 767:Drivers/STM32F4xx_HAL_Driver/Inc/stm32f4xx_ll_usart.h **** 
 768:Drivers/STM32F4xx_HAL_Driver/Inc/stm32f4xx_ll_usart.h **** /**
 769:Drivers/STM32F4xx_HAL_Driver/Inc/stm32f4xx_ll_usart.h ****   * @brief  Disable Clock output on SCLK pin
ARM GAS  C:\Users\chris\AppData\Local\Temp\ccpkeIoa.s 			page 15


 770:Drivers/STM32F4xx_HAL_Driver/Inc/stm32f4xx_ll_usart.h ****   * @note   Macro IS_USART_INSTANCE(USARTx) can be used to check whether or not
 771:Drivers/STM32F4xx_HAL_Driver/Inc/stm32f4xx_ll_usart.h ****   *         Synchronous mode is supported by the USARTx instance.
 772:Drivers/STM32F4xx_HAL_Driver/Inc/stm32f4xx_ll_usart.h ****   * @rmtoll CR2          CLKEN         LL_USART_DisableSCLKOutput
 773:Drivers/STM32F4xx_HAL_Driver/Inc/stm32f4xx_ll_usart.h ****   * @param  USARTx USART Instance
 774:Drivers/STM32F4xx_HAL_Driver/Inc/stm32f4xx_ll_usart.h ****   * @retval None
 775:Drivers/STM32F4xx_HAL_Driver/Inc/stm32f4xx_ll_usart.h ****   */
 776:Drivers/STM32F4xx_HAL_Driver/Inc/stm32f4xx_ll_usart.h **** __STATIC_INLINE void LL_USART_DisableSCLKOutput(USART_TypeDef *USARTx)
 777:Drivers/STM32F4xx_HAL_Driver/Inc/stm32f4xx_ll_usart.h **** {
 778:Drivers/STM32F4xx_HAL_Driver/Inc/stm32f4xx_ll_usart.h ****   CLEAR_BIT(USARTx->CR2, USART_CR2_CLKEN);
 779:Drivers/STM32F4xx_HAL_Driver/Inc/stm32f4xx_ll_usart.h **** }
 780:Drivers/STM32F4xx_HAL_Driver/Inc/stm32f4xx_ll_usart.h **** 
 781:Drivers/STM32F4xx_HAL_Driver/Inc/stm32f4xx_ll_usart.h **** /**
 782:Drivers/STM32F4xx_HAL_Driver/Inc/stm32f4xx_ll_usart.h ****   * @brief  Indicate if Clock output on SCLK pin is enabled
 783:Drivers/STM32F4xx_HAL_Driver/Inc/stm32f4xx_ll_usart.h ****   * @note   Macro IS_USART_INSTANCE(USARTx) can be used to check whether or not
 784:Drivers/STM32F4xx_HAL_Driver/Inc/stm32f4xx_ll_usart.h ****   *         Synchronous mode is supported by the USARTx instance.
 785:Drivers/STM32F4xx_HAL_Driver/Inc/stm32f4xx_ll_usart.h ****   * @rmtoll CR2          CLKEN         LL_USART_IsEnabledSCLKOutput
 786:Drivers/STM32F4xx_HAL_Driver/Inc/stm32f4xx_ll_usart.h ****   * @param  USARTx USART Instance
 787:Drivers/STM32F4xx_HAL_Driver/Inc/stm32f4xx_ll_usart.h ****   * @retval State of bit (1 or 0).
 788:Drivers/STM32F4xx_HAL_Driver/Inc/stm32f4xx_ll_usart.h ****   */
 789:Drivers/STM32F4xx_HAL_Driver/Inc/stm32f4xx_ll_usart.h **** __STATIC_INLINE uint32_t LL_USART_IsEnabledSCLKOutput(const USART_TypeDef *USARTx)
 790:Drivers/STM32F4xx_HAL_Driver/Inc/stm32f4xx_ll_usart.h **** {
 791:Drivers/STM32F4xx_HAL_Driver/Inc/stm32f4xx_ll_usart.h ****   return (READ_BIT(USARTx->CR2, USART_CR2_CLKEN) == (USART_CR2_CLKEN));
 792:Drivers/STM32F4xx_HAL_Driver/Inc/stm32f4xx_ll_usart.h **** }
 793:Drivers/STM32F4xx_HAL_Driver/Inc/stm32f4xx_ll_usart.h **** 
 794:Drivers/STM32F4xx_HAL_Driver/Inc/stm32f4xx_ll_usart.h **** /**
 795:Drivers/STM32F4xx_HAL_Driver/Inc/stm32f4xx_ll_usart.h ****   * @brief  Set the length of the stop bits
 796:Drivers/STM32F4xx_HAL_Driver/Inc/stm32f4xx_ll_usart.h ****   * @rmtoll CR2          STOP          LL_USART_SetStopBitsLength
 797:Drivers/STM32F4xx_HAL_Driver/Inc/stm32f4xx_ll_usart.h ****   * @param  USARTx USART Instance
 798:Drivers/STM32F4xx_HAL_Driver/Inc/stm32f4xx_ll_usart.h ****   * @param  StopBits This parameter can be one of the following values:
 799:Drivers/STM32F4xx_HAL_Driver/Inc/stm32f4xx_ll_usart.h ****   *         @arg @ref LL_USART_STOPBITS_0_5
 800:Drivers/STM32F4xx_HAL_Driver/Inc/stm32f4xx_ll_usart.h ****   *         @arg @ref LL_USART_STOPBITS_1
 801:Drivers/STM32F4xx_HAL_Driver/Inc/stm32f4xx_ll_usart.h ****   *         @arg @ref LL_USART_STOPBITS_1_5
 802:Drivers/STM32F4xx_HAL_Driver/Inc/stm32f4xx_ll_usart.h ****   *         @arg @ref LL_USART_STOPBITS_2
 803:Drivers/STM32F4xx_HAL_Driver/Inc/stm32f4xx_ll_usart.h ****   * @retval None
 804:Drivers/STM32F4xx_HAL_Driver/Inc/stm32f4xx_ll_usart.h ****   */
 805:Drivers/STM32F4xx_HAL_Driver/Inc/stm32f4xx_ll_usart.h **** __STATIC_INLINE void LL_USART_SetStopBitsLength(USART_TypeDef *USARTx, uint32_t StopBits)
 806:Drivers/STM32F4xx_HAL_Driver/Inc/stm32f4xx_ll_usart.h **** {
 807:Drivers/STM32F4xx_HAL_Driver/Inc/stm32f4xx_ll_usart.h ****   MODIFY_REG(USARTx->CR2, USART_CR2_STOP, StopBits);
 808:Drivers/STM32F4xx_HAL_Driver/Inc/stm32f4xx_ll_usart.h **** }
 809:Drivers/STM32F4xx_HAL_Driver/Inc/stm32f4xx_ll_usart.h **** 
 810:Drivers/STM32F4xx_HAL_Driver/Inc/stm32f4xx_ll_usart.h **** /**
 811:Drivers/STM32F4xx_HAL_Driver/Inc/stm32f4xx_ll_usart.h ****   * @brief  Retrieve the length of the stop bits
 812:Drivers/STM32F4xx_HAL_Driver/Inc/stm32f4xx_ll_usart.h ****   * @rmtoll CR2          STOP          LL_USART_GetStopBitsLength
 813:Drivers/STM32F4xx_HAL_Driver/Inc/stm32f4xx_ll_usart.h ****   * @param  USARTx USART Instance
 814:Drivers/STM32F4xx_HAL_Driver/Inc/stm32f4xx_ll_usart.h ****   * @retval Returned value can be one of the following values:
 815:Drivers/STM32F4xx_HAL_Driver/Inc/stm32f4xx_ll_usart.h ****   *         @arg @ref LL_USART_STOPBITS_0_5
 816:Drivers/STM32F4xx_HAL_Driver/Inc/stm32f4xx_ll_usart.h ****   *         @arg @ref LL_USART_STOPBITS_1
 817:Drivers/STM32F4xx_HAL_Driver/Inc/stm32f4xx_ll_usart.h ****   *         @arg @ref LL_USART_STOPBITS_1_5
 818:Drivers/STM32F4xx_HAL_Driver/Inc/stm32f4xx_ll_usart.h ****   *         @arg @ref LL_USART_STOPBITS_2
 819:Drivers/STM32F4xx_HAL_Driver/Inc/stm32f4xx_ll_usart.h ****   */
 820:Drivers/STM32F4xx_HAL_Driver/Inc/stm32f4xx_ll_usart.h **** __STATIC_INLINE uint32_t LL_USART_GetStopBitsLength(const USART_TypeDef *USARTx)
 821:Drivers/STM32F4xx_HAL_Driver/Inc/stm32f4xx_ll_usart.h **** {
 822:Drivers/STM32F4xx_HAL_Driver/Inc/stm32f4xx_ll_usart.h ****   return (uint32_t)(READ_BIT(USARTx->CR2, USART_CR2_STOP));
 823:Drivers/STM32F4xx_HAL_Driver/Inc/stm32f4xx_ll_usart.h **** }
 824:Drivers/STM32F4xx_HAL_Driver/Inc/stm32f4xx_ll_usart.h **** 
 825:Drivers/STM32F4xx_HAL_Driver/Inc/stm32f4xx_ll_usart.h **** /**
 826:Drivers/STM32F4xx_HAL_Driver/Inc/stm32f4xx_ll_usart.h ****   * @brief  Configure Character frame format (Datawidth, Parity control, Stop Bits)
ARM GAS  C:\Users\chris\AppData\Local\Temp\ccpkeIoa.s 			page 16


 827:Drivers/STM32F4xx_HAL_Driver/Inc/stm32f4xx_ll_usart.h ****   * @note   Call of this function is equivalent to following function call sequence :
 828:Drivers/STM32F4xx_HAL_Driver/Inc/stm32f4xx_ll_usart.h ****   *         - Data Width configuration using @ref LL_USART_SetDataWidth() function
 829:Drivers/STM32F4xx_HAL_Driver/Inc/stm32f4xx_ll_usart.h ****   *         - Parity Control and mode configuration using @ref LL_USART_SetParity() function
 830:Drivers/STM32F4xx_HAL_Driver/Inc/stm32f4xx_ll_usart.h ****   *         - Stop bits configuration using @ref LL_USART_SetStopBitsLength() function
 831:Drivers/STM32F4xx_HAL_Driver/Inc/stm32f4xx_ll_usart.h ****   * @rmtoll CR1          PS            LL_USART_ConfigCharacter\n
 832:Drivers/STM32F4xx_HAL_Driver/Inc/stm32f4xx_ll_usart.h ****   *         CR1          PCE           LL_USART_ConfigCharacter\n
 833:Drivers/STM32F4xx_HAL_Driver/Inc/stm32f4xx_ll_usart.h ****   *         CR1          M             LL_USART_ConfigCharacter\n
 834:Drivers/STM32F4xx_HAL_Driver/Inc/stm32f4xx_ll_usart.h ****   *         CR2          STOP          LL_USART_ConfigCharacter
 835:Drivers/STM32F4xx_HAL_Driver/Inc/stm32f4xx_ll_usart.h ****   * @param  USARTx USART Instance
 836:Drivers/STM32F4xx_HAL_Driver/Inc/stm32f4xx_ll_usart.h ****   * @param  DataWidth This parameter can be one of the following values:
 837:Drivers/STM32F4xx_HAL_Driver/Inc/stm32f4xx_ll_usart.h ****   *         @arg @ref LL_USART_DATAWIDTH_8B
 838:Drivers/STM32F4xx_HAL_Driver/Inc/stm32f4xx_ll_usart.h ****   *         @arg @ref LL_USART_DATAWIDTH_9B
 839:Drivers/STM32F4xx_HAL_Driver/Inc/stm32f4xx_ll_usart.h ****   * @param  Parity This parameter can be one of the following values:
 840:Drivers/STM32F4xx_HAL_Driver/Inc/stm32f4xx_ll_usart.h ****   *         @arg @ref LL_USART_PARITY_NONE
 841:Drivers/STM32F4xx_HAL_Driver/Inc/stm32f4xx_ll_usart.h ****   *         @arg @ref LL_USART_PARITY_EVEN
 842:Drivers/STM32F4xx_HAL_Driver/Inc/stm32f4xx_ll_usart.h ****   *         @arg @ref LL_USART_PARITY_ODD
 843:Drivers/STM32F4xx_HAL_Driver/Inc/stm32f4xx_ll_usart.h ****   * @param  StopBits This parameter can be one of the following values:
 844:Drivers/STM32F4xx_HAL_Driver/Inc/stm32f4xx_ll_usart.h ****   *         @arg @ref LL_USART_STOPBITS_0_5
 845:Drivers/STM32F4xx_HAL_Driver/Inc/stm32f4xx_ll_usart.h ****   *         @arg @ref LL_USART_STOPBITS_1
 846:Drivers/STM32F4xx_HAL_Driver/Inc/stm32f4xx_ll_usart.h ****   *         @arg @ref LL_USART_STOPBITS_1_5
 847:Drivers/STM32F4xx_HAL_Driver/Inc/stm32f4xx_ll_usart.h ****   *         @arg @ref LL_USART_STOPBITS_2
 848:Drivers/STM32F4xx_HAL_Driver/Inc/stm32f4xx_ll_usart.h ****   * @retval None
 849:Drivers/STM32F4xx_HAL_Driver/Inc/stm32f4xx_ll_usart.h ****   */
 850:Drivers/STM32F4xx_HAL_Driver/Inc/stm32f4xx_ll_usart.h **** __STATIC_INLINE void LL_USART_ConfigCharacter(USART_TypeDef *USARTx, uint32_t DataWidth, uint32_t P
 851:Drivers/STM32F4xx_HAL_Driver/Inc/stm32f4xx_ll_usart.h ****                                               uint32_t StopBits)
 852:Drivers/STM32F4xx_HAL_Driver/Inc/stm32f4xx_ll_usart.h **** {
 853:Drivers/STM32F4xx_HAL_Driver/Inc/stm32f4xx_ll_usart.h ****   MODIFY_REG(USARTx->CR1, USART_CR1_PS | USART_CR1_PCE | USART_CR1_M, Parity | DataWidth);
 854:Drivers/STM32F4xx_HAL_Driver/Inc/stm32f4xx_ll_usart.h ****   MODIFY_REG(USARTx->CR2, USART_CR2_STOP, StopBits);
 855:Drivers/STM32F4xx_HAL_Driver/Inc/stm32f4xx_ll_usart.h **** }
 856:Drivers/STM32F4xx_HAL_Driver/Inc/stm32f4xx_ll_usart.h **** 
 857:Drivers/STM32F4xx_HAL_Driver/Inc/stm32f4xx_ll_usart.h **** /**
 858:Drivers/STM32F4xx_HAL_Driver/Inc/stm32f4xx_ll_usart.h ****   * @brief  Set Address of the USART node.
 859:Drivers/STM32F4xx_HAL_Driver/Inc/stm32f4xx_ll_usart.h ****   * @note   This is used in multiprocessor communication during Mute mode or Stop mode,
 860:Drivers/STM32F4xx_HAL_Driver/Inc/stm32f4xx_ll_usart.h ****   *         for wake up with address mark detection.
 861:Drivers/STM32F4xx_HAL_Driver/Inc/stm32f4xx_ll_usart.h ****   * @rmtoll CR2          ADD           LL_USART_SetNodeAddress
 862:Drivers/STM32F4xx_HAL_Driver/Inc/stm32f4xx_ll_usart.h ****   * @param  USARTx USART Instance
 863:Drivers/STM32F4xx_HAL_Driver/Inc/stm32f4xx_ll_usart.h ****   * @param  NodeAddress 4 bit Address of the USART node.
 864:Drivers/STM32F4xx_HAL_Driver/Inc/stm32f4xx_ll_usart.h ****   * @retval None
 865:Drivers/STM32F4xx_HAL_Driver/Inc/stm32f4xx_ll_usart.h ****   */
 866:Drivers/STM32F4xx_HAL_Driver/Inc/stm32f4xx_ll_usart.h **** __STATIC_INLINE void LL_USART_SetNodeAddress(USART_TypeDef *USARTx, uint32_t NodeAddress)
 867:Drivers/STM32F4xx_HAL_Driver/Inc/stm32f4xx_ll_usart.h **** {
 868:Drivers/STM32F4xx_HAL_Driver/Inc/stm32f4xx_ll_usart.h ****   MODIFY_REG(USARTx->CR2, USART_CR2_ADD, (NodeAddress & USART_CR2_ADD));
 869:Drivers/STM32F4xx_HAL_Driver/Inc/stm32f4xx_ll_usart.h **** }
 870:Drivers/STM32F4xx_HAL_Driver/Inc/stm32f4xx_ll_usart.h **** 
 871:Drivers/STM32F4xx_HAL_Driver/Inc/stm32f4xx_ll_usart.h **** /**
 872:Drivers/STM32F4xx_HAL_Driver/Inc/stm32f4xx_ll_usart.h ****   * @brief  Return 4 bit Address of the USART node as set in ADD field of CR2.
 873:Drivers/STM32F4xx_HAL_Driver/Inc/stm32f4xx_ll_usart.h ****   * @note   only 4bits (b3-b0) of returned value are relevant (b31-b4 are not relevant)
 874:Drivers/STM32F4xx_HAL_Driver/Inc/stm32f4xx_ll_usart.h ****   * @rmtoll CR2          ADD           LL_USART_GetNodeAddress
 875:Drivers/STM32F4xx_HAL_Driver/Inc/stm32f4xx_ll_usart.h ****   * @param  USARTx USART Instance
 876:Drivers/STM32F4xx_HAL_Driver/Inc/stm32f4xx_ll_usart.h ****   * @retval Address of the USART node (Value between Min_Data=0 and Max_Data=255)
 877:Drivers/STM32F4xx_HAL_Driver/Inc/stm32f4xx_ll_usart.h ****   */
 878:Drivers/STM32F4xx_HAL_Driver/Inc/stm32f4xx_ll_usart.h **** __STATIC_INLINE uint32_t LL_USART_GetNodeAddress(const USART_TypeDef *USARTx)
 879:Drivers/STM32F4xx_HAL_Driver/Inc/stm32f4xx_ll_usart.h **** {
 880:Drivers/STM32F4xx_HAL_Driver/Inc/stm32f4xx_ll_usart.h ****   return (uint32_t)(READ_BIT(USARTx->CR2, USART_CR2_ADD));
 881:Drivers/STM32F4xx_HAL_Driver/Inc/stm32f4xx_ll_usart.h **** }
 882:Drivers/STM32F4xx_HAL_Driver/Inc/stm32f4xx_ll_usart.h **** 
 883:Drivers/STM32F4xx_HAL_Driver/Inc/stm32f4xx_ll_usart.h **** /**
ARM GAS  C:\Users\chris\AppData\Local\Temp\ccpkeIoa.s 			page 17


 884:Drivers/STM32F4xx_HAL_Driver/Inc/stm32f4xx_ll_usart.h ****   * @brief  Enable RTS HW Flow Control
 885:Drivers/STM32F4xx_HAL_Driver/Inc/stm32f4xx_ll_usart.h ****   * @note   Macro IS_UART_HWFLOW_INSTANCE(USARTx) can be used to check whether or not
 886:Drivers/STM32F4xx_HAL_Driver/Inc/stm32f4xx_ll_usart.h ****   *         Hardware Flow control feature is supported by the USARTx instance.
 887:Drivers/STM32F4xx_HAL_Driver/Inc/stm32f4xx_ll_usart.h ****   * @rmtoll CR3          RTSE          LL_USART_EnableRTSHWFlowCtrl
 888:Drivers/STM32F4xx_HAL_Driver/Inc/stm32f4xx_ll_usart.h ****   * @param  USARTx USART Instance
 889:Drivers/STM32F4xx_HAL_Driver/Inc/stm32f4xx_ll_usart.h ****   * @retval None
 890:Drivers/STM32F4xx_HAL_Driver/Inc/stm32f4xx_ll_usart.h ****   */
 891:Drivers/STM32F4xx_HAL_Driver/Inc/stm32f4xx_ll_usart.h **** __STATIC_INLINE void LL_USART_EnableRTSHWFlowCtrl(USART_TypeDef *USARTx)
 892:Drivers/STM32F4xx_HAL_Driver/Inc/stm32f4xx_ll_usart.h **** {
 893:Drivers/STM32F4xx_HAL_Driver/Inc/stm32f4xx_ll_usart.h ****   SET_BIT(USARTx->CR3, USART_CR3_RTSE);
 894:Drivers/STM32F4xx_HAL_Driver/Inc/stm32f4xx_ll_usart.h **** }
 895:Drivers/STM32F4xx_HAL_Driver/Inc/stm32f4xx_ll_usart.h **** 
 896:Drivers/STM32F4xx_HAL_Driver/Inc/stm32f4xx_ll_usart.h **** /**
 897:Drivers/STM32F4xx_HAL_Driver/Inc/stm32f4xx_ll_usart.h ****   * @brief  Disable RTS HW Flow Control
 898:Drivers/STM32F4xx_HAL_Driver/Inc/stm32f4xx_ll_usart.h ****   * @note   Macro IS_UART_HWFLOW_INSTANCE(USARTx) can be used to check whether or not
 899:Drivers/STM32F4xx_HAL_Driver/Inc/stm32f4xx_ll_usart.h ****   *         Hardware Flow control feature is supported by the USARTx instance.
 900:Drivers/STM32F4xx_HAL_Driver/Inc/stm32f4xx_ll_usart.h ****   * @rmtoll CR3          RTSE          LL_USART_DisableRTSHWFlowCtrl
 901:Drivers/STM32F4xx_HAL_Driver/Inc/stm32f4xx_ll_usart.h ****   * @param  USARTx USART Instance
 902:Drivers/STM32F4xx_HAL_Driver/Inc/stm32f4xx_ll_usart.h ****   * @retval None
 903:Drivers/STM32F4xx_HAL_Driver/Inc/stm32f4xx_ll_usart.h ****   */
 904:Drivers/STM32F4xx_HAL_Driver/Inc/stm32f4xx_ll_usart.h **** __STATIC_INLINE void LL_USART_DisableRTSHWFlowCtrl(USART_TypeDef *USARTx)
 905:Drivers/STM32F4xx_HAL_Driver/Inc/stm32f4xx_ll_usart.h **** {
 906:Drivers/STM32F4xx_HAL_Driver/Inc/stm32f4xx_ll_usart.h ****   CLEAR_BIT(USARTx->CR3, USART_CR3_RTSE);
 907:Drivers/STM32F4xx_HAL_Driver/Inc/stm32f4xx_ll_usart.h **** }
 908:Drivers/STM32F4xx_HAL_Driver/Inc/stm32f4xx_ll_usart.h **** 
 909:Drivers/STM32F4xx_HAL_Driver/Inc/stm32f4xx_ll_usart.h **** /**
 910:Drivers/STM32F4xx_HAL_Driver/Inc/stm32f4xx_ll_usart.h ****   * @brief  Enable CTS HW Flow Control
 911:Drivers/STM32F4xx_HAL_Driver/Inc/stm32f4xx_ll_usart.h ****   * @note   Macro IS_UART_HWFLOW_INSTANCE(USARTx) can be used to check whether or not
 912:Drivers/STM32F4xx_HAL_Driver/Inc/stm32f4xx_ll_usart.h ****   *         Hardware Flow control feature is supported by the USARTx instance.
 913:Drivers/STM32F4xx_HAL_Driver/Inc/stm32f4xx_ll_usart.h ****   * @rmtoll CR3          CTSE          LL_USART_EnableCTSHWFlowCtrl
 914:Drivers/STM32F4xx_HAL_Driver/Inc/stm32f4xx_ll_usart.h ****   * @param  USARTx USART Instance
 915:Drivers/STM32F4xx_HAL_Driver/Inc/stm32f4xx_ll_usart.h ****   * @retval None
 916:Drivers/STM32F4xx_HAL_Driver/Inc/stm32f4xx_ll_usart.h ****   */
 917:Drivers/STM32F4xx_HAL_Driver/Inc/stm32f4xx_ll_usart.h **** __STATIC_INLINE void LL_USART_EnableCTSHWFlowCtrl(USART_TypeDef *USARTx)
 918:Drivers/STM32F4xx_HAL_Driver/Inc/stm32f4xx_ll_usart.h **** {
 919:Drivers/STM32F4xx_HAL_Driver/Inc/stm32f4xx_ll_usart.h ****   SET_BIT(USARTx->CR3, USART_CR3_CTSE);
 920:Drivers/STM32F4xx_HAL_Driver/Inc/stm32f4xx_ll_usart.h **** }
 921:Drivers/STM32F4xx_HAL_Driver/Inc/stm32f4xx_ll_usart.h **** 
 922:Drivers/STM32F4xx_HAL_Driver/Inc/stm32f4xx_ll_usart.h **** /**
 923:Drivers/STM32F4xx_HAL_Driver/Inc/stm32f4xx_ll_usart.h ****   * @brief  Disable CTS HW Flow Control
 924:Drivers/STM32F4xx_HAL_Driver/Inc/stm32f4xx_ll_usart.h ****   * @note   Macro IS_UART_HWFLOW_INSTANCE(USARTx) can be used to check whether or not
 925:Drivers/STM32F4xx_HAL_Driver/Inc/stm32f4xx_ll_usart.h ****   *         Hardware Flow control feature is supported by the USARTx instance.
 926:Drivers/STM32F4xx_HAL_Driver/Inc/stm32f4xx_ll_usart.h ****   * @rmtoll CR3          CTSE          LL_USART_DisableCTSHWFlowCtrl
 927:Drivers/STM32F4xx_HAL_Driver/Inc/stm32f4xx_ll_usart.h ****   * @param  USARTx USART Instance
 928:Drivers/STM32F4xx_HAL_Driver/Inc/stm32f4xx_ll_usart.h ****   * @retval None
 929:Drivers/STM32F4xx_HAL_Driver/Inc/stm32f4xx_ll_usart.h ****   */
 930:Drivers/STM32F4xx_HAL_Driver/Inc/stm32f4xx_ll_usart.h **** __STATIC_INLINE void LL_USART_DisableCTSHWFlowCtrl(USART_TypeDef *USARTx)
 931:Drivers/STM32F4xx_HAL_Driver/Inc/stm32f4xx_ll_usart.h **** {
 932:Drivers/STM32F4xx_HAL_Driver/Inc/stm32f4xx_ll_usart.h ****   CLEAR_BIT(USARTx->CR3, USART_CR3_CTSE);
 933:Drivers/STM32F4xx_HAL_Driver/Inc/stm32f4xx_ll_usart.h **** }
 934:Drivers/STM32F4xx_HAL_Driver/Inc/stm32f4xx_ll_usart.h **** 
 935:Drivers/STM32F4xx_HAL_Driver/Inc/stm32f4xx_ll_usart.h **** /**
 936:Drivers/STM32F4xx_HAL_Driver/Inc/stm32f4xx_ll_usart.h ****   * @brief  Configure HW Flow Control mode (both CTS and RTS)
 937:Drivers/STM32F4xx_HAL_Driver/Inc/stm32f4xx_ll_usart.h ****   * @note   Macro IS_UART_HWFLOW_INSTANCE(USARTx) can be used to check whether or not
 938:Drivers/STM32F4xx_HAL_Driver/Inc/stm32f4xx_ll_usart.h ****   *         Hardware Flow control feature is supported by the USARTx instance.
 939:Drivers/STM32F4xx_HAL_Driver/Inc/stm32f4xx_ll_usart.h ****   * @rmtoll CR3          RTSE          LL_USART_SetHWFlowCtrl\n
 940:Drivers/STM32F4xx_HAL_Driver/Inc/stm32f4xx_ll_usart.h ****   *         CR3          CTSE          LL_USART_SetHWFlowCtrl
ARM GAS  C:\Users\chris\AppData\Local\Temp\ccpkeIoa.s 			page 18


 941:Drivers/STM32F4xx_HAL_Driver/Inc/stm32f4xx_ll_usart.h ****   * @param  USARTx USART Instance
 942:Drivers/STM32F4xx_HAL_Driver/Inc/stm32f4xx_ll_usart.h ****   * @param  HardwareFlowControl This parameter can be one of the following values:
 943:Drivers/STM32F4xx_HAL_Driver/Inc/stm32f4xx_ll_usart.h ****   *         @arg @ref LL_USART_HWCONTROL_NONE
 944:Drivers/STM32F4xx_HAL_Driver/Inc/stm32f4xx_ll_usart.h ****   *         @arg @ref LL_USART_HWCONTROL_RTS
 945:Drivers/STM32F4xx_HAL_Driver/Inc/stm32f4xx_ll_usart.h ****   *         @arg @ref LL_USART_HWCONTROL_CTS
 946:Drivers/STM32F4xx_HAL_Driver/Inc/stm32f4xx_ll_usart.h ****   *         @arg @ref LL_USART_HWCONTROL_RTS_CTS
 947:Drivers/STM32F4xx_HAL_Driver/Inc/stm32f4xx_ll_usart.h ****   * @retval None
 948:Drivers/STM32F4xx_HAL_Driver/Inc/stm32f4xx_ll_usart.h ****   */
 949:Drivers/STM32F4xx_HAL_Driver/Inc/stm32f4xx_ll_usart.h **** __STATIC_INLINE void LL_USART_SetHWFlowCtrl(USART_TypeDef *USARTx, uint32_t HardwareFlowControl)
 950:Drivers/STM32F4xx_HAL_Driver/Inc/stm32f4xx_ll_usart.h **** {
 951:Drivers/STM32F4xx_HAL_Driver/Inc/stm32f4xx_ll_usart.h ****   MODIFY_REG(USARTx->CR3, USART_CR3_RTSE | USART_CR3_CTSE, HardwareFlowControl);
 952:Drivers/STM32F4xx_HAL_Driver/Inc/stm32f4xx_ll_usart.h **** }
 953:Drivers/STM32F4xx_HAL_Driver/Inc/stm32f4xx_ll_usart.h **** 
 954:Drivers/STM32F4xx_HAL_Driver/Inc/stm32f4xx_ll_usart.h **** /**
 955:Drivers/STM32F4xx_HAL_Driver/Inc/stm32f4xx_ll_usart.h ****   * @brief  Return HW Flow Control configuration (both CTS and RTS)
 956:Drivers/STM32F4xx_HAL_Driver/Inc/stm32f4xx_ll_usart.h ****   * @note   Macro IS_UART_HWFLOW_INSTANCE(USARTx) can be used to check whether or not
 957:Drivers/STM32F4xx_HAL_Driver/Inc/stm32f4xx_ll_usart.h ****   *         Hardware Flow control feature is supported by the USARTx instance.
 958:Drivers/STM32F4xx_HAL_Driver/Inc/stm32f4xx_ll_usart.h ****   * @rmtoll CR3          RTSE          LL_USART_GetHWFlowCtrl\n
 959:Drivers/STM32F4xx_HAL_Driver/Inc/stm32f4xx_ll_usart.h ****   *         CR3          CTSE          LL_USART_GetHWFlowCtrl
 960:Drivers/STM32F4xx_HAL_Driver/Inc/stm32f4xx_ll_usart.h ****   * @param  USARTx USART Instance
 961:Drivers/STM32F4xx_HAL_Driver/Inc/stm32f4xx_ll_usart.h ****   * @retval Returned value can be one of the following values:
 962:Drivers/STM32F4xx_HAL_Driver/Inc/stm32f4xx_ll_usart.h ****   *         @arg @ref LL_USART_HWCONTROL_NONE
 963:Drivers/STM32F4xx_HAL_Driver/Inc/stm32f4xx_ll_usart.h ****   *         @arg @ref LL_USART_HWCONTROL_RTS
 964:Drivers/STM32F4xx_HAL_Driver/Inc/stm32f4xx_ll_usart.h ****   *         @arg @ref LL_USART_HWCONTROL_CTS
 965:Drivers/STM32F4xx_HAL_Driver/Inc/stm32f4xx_ll_usart.h ****   *         @arg @ref LL_USART_HWCONTROL_RTS_CTS
 966:Drivers/STM32F4xx_HAL_Driver/Inc/stm32f4xx_ll_usart.h ****   */
 967:Drivers/STM32F4xx_HAL_Driver/Inc/stm32f4xx_ll_usart.h **** __STATIC_INLINE uint32_t LL_USART_GetHWFlowCtrl(const USART_TypeDef *USARTx)
 968:Drivers/STM32F4xx_HAL_Driver/Inc/stm32f4xx_ll_usart.h **** {
 969:Drivers/STM32F4xx_HAL_Driver/Inc/stm32f4xx_ll_usart.h ****   return (uint32_t)(READ_BIT(USARTx->CR3, USART_CR3_RTSE | USART_CR3_CTSE));
 970:Drivers/STM32F4xx_HAL_Driver/Inc/stm32f4xx_ll_usart.h **** }
 971:Drivers/STM32F4xx_HAL_Driver/Inc/stm32f4xx_ll_usart.h **** 
 972:Drivers/STM32F4xx_HAL_Driver/Inc/stm32f4xx_ll_usart.h **** /**
 973:Drivers/STM32F4xx_HAL_Driver/Inc/stm32f4xx_ll_usart.h ****   * @brief  Enable One bit sampling method
 974:Drivers/STM32F4xx_HAL_Driver/Inc/stm32f4xx_ll_usart.h ****   * @rmtoll CR3          ONEBIT        LL_USART_EnableOneBitSamp
 975:Drivers/STM32F4xx_HAL_Driver/Inc/stm32f4xx_ll_usart.h ****   * @param  USARTx USART Instance
 976:Drivers/STM32F4xx_HAL_Driver/Inc/stm32f4xx_ll_usart.h ****   * @retval None
 977:Drivers/STM32F4xx_HAL_Driver/Inc/stm32f4xx_ll_usart.h ****   */
 978:Drivers/STM32F4xx_HAL_Driver/Inc/stm32f4xx_ll_usart.h **** __STATIC_INLINE void LL_USART_EnableOneBitSamp(USART_TypeDef *USARTx)
 979:Drivers/STM32F4xx_HAL_Driver/Inc/stm32f4xx_ll_usart.h **** {
 980:Drivers/STM32F4xx_HAL_Driver/Inc/stm32f4xx_ll_usart.h ****   SET_BIT(USARTx->CR3, USART_CR3_ONEBIT);
 981:Drivers/STM32F4xx_HAL_Driver/Inc/stm32f4xx_ll_usart.h **** }
 982:Drivers/STM32F4xx_HAL_Driver/Inc/stm32f4xx_ll_usart.h **** 
 983:Drivers/STM32F4xx_HAL_Driver/Inc/stm32f4xx_ll_usart.h **** /**
 984:Drivers/STM32F4xx_HAL_Driver/Inc/stm32f4xx_ll_usart.h ****   * @brief  Disable One bit sampling method
 985:Drivers/STM32F4xx_HAL_Driver/Inc/stm32f4xx_ll_usart.h ****   * @rmtoll CR3          ONEBIT        LL_USART_DisableOneBitSamp
 986:Drivers/STM32F4xx_HAL_Driver/Inc/stm32f4xx_ll_usart.h ****   * @param  USARTx USART Instance
 987:Drivers/STM32F4xx_HAL_Driver/Inc/stm32f4xx_ll_usart.h ****   * @retval None
 988:Drivers/STM32F4xx_HAL_Driver/Inc/stm32f4xx_ll_usart.h ****   */
 989:Drivers/STM32F4xx_HAL_Driver/Inc/stm32f4xx_ll_usart.h **** __STATIC_INLINE void LL_USART_DisableOneBitSamp(USART_TypeDef *USARTx)
 990:Drivers/STM32F4xx_HAL_Driver/Inc/stm32f4xx_ll_usart.h **** {
 991:Drivers/STM32F4xx_HAL_Driver/Inc/stm32f4xx_ll_usart.h ****   CLEAR_BIT(USARTx->CR3, USART_CR3_ONEBIT);
 992:Drivers/STM32F4xx_HAL_Driver/Inc/stm32f4xx_ll_usart.h **** }
 993:Drivers/STM32F4xx_HAL_Driver/Inc/stm32f4xx_ll_usart.h **** 
 994:Drivers/STM32F4xx_HAL_Driver/Inc/stm32f4xx_ll_usart.h **** /**
 995:Drivers/STM32F4xx_HAL_Driver/Inc/stm32f4xx_ll_usart.h ****   * @brief  Indicate if One bit sampling method is enabled
 996:Drivers/STM32F4xx_HAL_Driver/Inc/stm32f4xx_ll_usart.h ****   * @rmtoll CR3          ONEBIT        LL_USART_IsEnabledOneBitSamp
 997:Drivers/STM32F4xx_HAL_Driver/Inc/stm32f4xx_ll_usart.h ****   * @param  USARTx USART Instance
ARM GAS  C:\Users\chris\AppData\Local\Temp\ccpkeIoa.s 			page 19


 998:Drivers/STM32F4xx_HAL_Driver/Inc/stm32f4xx_ll_usart.h ****   * @retval State of bit (1 or 0).
 999:Drivers/STM32F4xx_HAL_Driver/Inc/stm32f4xx_ll_usart.h ****   */
1000:Drivers/STM32F4xx_HAL_Driver/Inc/stm32f4xx_ll_usart.h **** __STATIC_INLINE uint32_t LL_USART_IsEnabledOneBitSamp(const USART_TypeDef *USARTx)
1001:Drivers/STM32F4xx_HAL_Driver/Inc/stm32f4xx_ll_usart.h **** {
1002:Drivers/STM32F4xx_HAL_Driver/Inc/stm32f4xx_ll_usart.h ****   return (READ_BIT(USARTx->CR3, USART_CR3_ONEBIT) == (USART_CR3_ONEBIT));
1003:Drivers/STM32F4xx_HAL_Driver/Inc/stm32f4xx_ll_usart.h **** }
1004:Drivers/STM32F4xx_HAL_Driver/Inc/stm32f4xx_ll_usart.h **** 
1005:Drivers/STM32F4xx_HAL_Driver/Inc/stm32f4xx_ll_usart.h **** /**
1006:Drivers/STM32F4xx_HAL_Driver/Inc/stm32f4xx_ll_usart.h ****   * @brief  Configure USART BRR register for achieving expected Baud Rate value.
1007:Drivers/STM32F4xx_HAL_Driver/Inc/stm32f4xx_ll_usart.h ****   * @note   Compute and set USARTDIV value in BRR Register (full BRR content)
1008:Drivers/STM32F4xx_HAL_Driver/Inc/stm32f4xx_ll_usart.h ****   *         according to used Peripheral Clock, Oversampling mode, and expected Baud Rate values
1009:Drivers/STM32F4xx_HAL_Driver/Inc/stm32f4xx_ll_usart.h ****   * @note   Peripheral clock and Baud rate values provided as function parameters should be valid
1010:Drivers/STM32F4xx_HAL_Driver/Inc/stm32f4xx_ll_usart.h ****   *         (Baud rate value != 0)
1011:Drivers/STM32F4xx_HAL_Driver/Inc/stm32f4xx_ll_usart.h ****   * @rmtoll BRR          BRR           LL_USART_SetBaudRate
1012:Drivers/STM32F4xx_HAL_Driver/Inc/stm32f4xx_ll_usart.h ****   * @param  USARTx USART Instance
1013:Drivers/STM32F4xx_HAL_Driver/Inc/stm32f4xx_ll_usart.h ****   * @param  PeriphClk Peripheral Clock
1014:Drivers/STM32F4xx_HAL_Driver/Inc/stm32f4xx_ll_usart.h ****   * @param  OverSampling This parameter can be one of the following values:
1015:Drivers/STM32F4xx_HAL_Driver/Inc/stm32f4xx_ll_usart.h ****   *         @arg @ref LL_USART_OVERSAMPLING_16
1016:Drivers/STM32F4xx_HAL_Driver/Inc/stm32f4xx_ll_usart.h ****   *         @arg @ref LL_USART_OVERSAMPLING_8
1017:Drivers/STM32F4xx_HAL_Driver/Inc/stm32f4xx_ll_usart.h ****   * @param  BaudRate Baud Rate
1018:Drivers/STM32F4xx_HAL_Driver/Inc/stm32f4xx_ll_usart.h ****   * @retval None
1019:Drivers/STM32F4xx_HAL_Driver/Inc/stm32f4xx_ll_usart.h ****   */
1020:Drivers/STM32F4xx_HAL_Driver/Inc/stm32f4xx_ll_usart.h **** __STATIC_INLINE void LL_USART_SetBaudRate(USART_TypeDef *USARTx, uint32_t PeriphClk, uint32_t OverS
1021:Drivers/STM32F4xx_HAL_Driver/Inc/stm32f4xx_ll_usart.h ****                                           uint32_t BaudRate)
1022:Drivers/STM32F4xx_HAL_Driver/Inc/stm32f4xx_ll_usart.h **** {
  31              		.loc 2 1022 1 view -0
  32              		.cfi_startproc
  33              		@ args = 0, pretend = 0, frame = 0
  34              		@ frame_needed = 0, uses_anonymous_args = 0
  35              		.loc 2 1022 1 is_stmt 0 view .LVU1
  36 0000 10B5     		push	{r4, lr}
  37              	.LCFI0:
  38              		.cfi_def_cfa_offset 8
  39              		.cfi_offset 4, -8
  40              		.cfi_offset 14, -4
  41 0002 0446     		mov	r4, r0
1023:Drivers/STM32F4xx_HAL_Driver/Inc/stm32f4xx_ll_usart.h ****   if (OverSampling == LL_USART_OVERSAMPLING_8)
  42              		.loc 2 1023 3 is_stmt 1 view .LVU2
  43              		.loc 2 1023 6 is_stmt 0 view .LVU3
  44 0004 B2F5004F 		cmp	r2, #32768
  45 0008 2FD0     		beq	.L5
1024:Drivers/STM32F4xx_HAL_Driver/Inc/stm32f4xx_ll_usart.h ****   {
1025:Drivers/STM32F4xx_HAL_Driver/Inc/stm32f4xx_ll_usart.h ****     USARTx->BRR = (uint16_t)(__LL_USART_DIV_SAMPLING8(PeriphClk, BaudRate));
1026:Drivers/STM32F4xx_HAL_Driver/Inc/stm32f4xx_ll_usart.h ****   }
1027:Drivers/STM32F4xx_HAL_Driver/Inc/stm32f4xx_ll_usart.h ****   else
1028:Drivers/STM32F4xx_HAL_Driver/Inc/stm32f4xx_ll_usart.h ****   {
1029:Drivers/STM32F4xx_HAL_Driver/Inc/stm32f4xx_ll_usart.h ****     USARTx->BRR = (uint16_t)(__LL_USART_DIV_SAMPLING16(PeriphClk, BaudRate));
  46              		.loc 2 1029 5 is_stmt 1 view .LVU4
  47              		.loc 2 1029 30 is_stmt 0 view .LVU5
  48 000a 4FF0000C 		mov	ip, #0
  49 000e 4818     		adds	r0, r1, r1
  50              	.LVL1:
  51              		.loc 2 1029 30 view .LVU6
  52 0010 4CEB0C0C 		adc	ip, ip, ip
  53 0014 4018     		adds	r0, r0, r1
  54 0016 4CF1000C 		adc	ip, ip, #0
  55 001a 4FEACC0C 		lsl	ip, ip, #3
ARM GAS  C:\Users\chris\AppData\Local\Temp\ccpkeIoa.s 			page 20


  56 001e 4CEA507C 		orr	ip, ip, r0, lsr #29
  57 0022 C000     		lsls	r0, r0, #3
  58 0024 4018     		adds	r0, r0, r1
  59 0026 4FEA8302 		lsl	r2, r3, #2
  60              	.LVL2:
  61              		.loc 2 1029 30 view .LVU7
  62 002a 4FEA9373 		lsr	r3, r3, #30
  63              	.LVL3:
  64              		.loc 2 1029 30 view .LVU8
  65 002e 4CF10001 		adc	r1, ip, #0
  66              	.LVL4:
  67              		.loc 2 1029 30 view .LVU9
  68 0032 FFF7FEFF 		bl	__aeabi_uldivmod
  69              	.LVL5:
  70 0036 2449     		ldr	r1, .L6
  71 0038 A1FB0023 		umull	r2, r3, r1, r0
  72 003c 5B09     		lsrs	r3, r3, #5
  73 003e 1A01     		lsls	r2, r3, #4
  74 0040 92B2     		uxth	r2, r2
  75 0042 4FF0640C 		mov	ip, #100
  76 0046 0CFB1303 		mls	r3, ip, r3, r0
  77 004a 1B01     		lsls	r3, r3, #4
  78 004c 3233     		adds	r3, r3, #50
  79 004e A1FB0313 		umull	r1, r3, r1, r3
  80 0052 C3F34F13 		ubfx	r3, r3, #5, #16
  81 0056 03F0F001 		and	r1, r3, #240
  82 005a 0A44     		add	r2, r2, r1
  83 005c 92B2     		uxth	r2, r2
  84 005e 03F00F03 		and	r3, r3, #15
  85              		.loc 2 1029 19 view .LVU10
  86 0062 1344     		add	r3, r3, r2
  87 0064 9BB2     		uxth	r3, r3
  88              		.loc 2 1029 17 view .LVU11
  89 0066 A360     		str	r3, [r4, #8]
  90              	.L1:
1030:Drivers/STM32F4xx_HAL_Driver/Inc/stm32f4xx_ll_usart.h ****   }
1031:Drivers/STM32F4xx_HAL_Driver/Inc/stm32f4xx_ll_usart.h **** }
  91              		.loc 2 1031 1 view .LVU12
  92 0068 10BD     		pop	{r4, pc}
  93              	.LVL6:
  94              	.L5:
1025:Drivers/STM32F4xx_HAL_Driver/Inc/stm32f4xx_ll_usart.h ****   }
  95              		.loc 2 1025 5 is_stmt 1 view .LVU13
1025:Drivers/STM32F4xx_HAL_Driver/Inc/stm32f4xx_ll_usart.h ****   }
  96              		.loc 2 1025 30 is_stmt 0 view .LVU14
  97 006a 4FF0000C 		mov	ip, #0
  98 006e 4818     		adds	r0, r1, r1
  99              	.LVL7:
1025:Drivers/STM32F4xx_HAL_Driver/Inc/stm32f4xx_ll_usart.h ****   }
 100              		.loc 2 1025 30 view .LVU15
 101 0070 4CEB0C02 		adc	r2, ip, ip
 102              	.LVL8:
1025:Drivers/STM32F4xx_HAL_Driver/Inc/stm32f4xx_ll_usart.h ****   }
 103              		.loc 2 1025 30 view .LVU16
 104 0074 4018     		adds	r0, r0, r1
 105 0076 42F10002 		adc	r2, r2, #0
 106 007a D200     		lsls	r2, r2, #3
ARM GAS  C:\Users\chris\AppData\Local\Temp\ccpkeIoa.s 			page 21


 107 007c 42EA5072 		orr	r2, r2, r0, lsr #29
 108 0080 C000     		lsls	r0, r0, #3
 109 0082 4018     		adds	r0, r0, r1
 110 0084 42F10001 		adc	r1, r2, #0
 111              	.LVL9:
1025:Drivers/STM32F4xx_HAL_Driver/Inc/stm32f4xx_ll_usart.h ****   }
 112              		.loc 2 1025 30 view .LVU17
 113 0088 DA18     		adds	r2, r3, r3
 114 008a 4CEB0C03 		adc	r3, ip, ip
 115              	.LVL10:
1025:Drivers/STM32F4xx_HAL_Driver/Inc/stm32f4xx_ll_usart.h ****   }
 116              		.loc 2 1025 30 view .LVU18
 117 008e FFF7FEFF 		bl	__aeabi_uldivmod
 118              	.LVL11:
 119 0092 0D49     		ldr	r1, .L6
 120 0094 A1FB0023 		umull	r2, r3, r1, r0
 121 0098 5B09     		lsrs	r3, r3, #5
 122 009a 1A01     		lsls	r2, r3, #4
 123 009c 92B2     		uxth	r2, r2
 124 009e 4FF0640C 		mov	ip, #100
 125 00a2 0CFB1303 		mls	r3, ip, r3, r0
 126 00a6 DB00     		lsls	r3, r3, #3
 127 00a8 3233     		adds	r3, r3, #50
 128 00aa A1FB0313 		umull	r1, r3, r1, r3
 129 00ae C3F34F13 		ubfx	r3, r3, #5, #16
 130 00b2 5900     		lsls	r1, r3, #1
 131 00b4 01F4F871 		and	r1, r1, #496
 132 00b8 0A44     		add	r2, r2, r1
 133 00ba 92B2     		uxth	r2, r2
 134 00bc 03F00703 		and	r3, r3, #7
1025:Drivers/STM32F4xx_HAL_Driver/Inc/stm32f4xx_ll_usart.h ****   }
 135              		.loc 2 1025 19 view .LVU19
 136 00c0 1344     		add	r3, r3, r2
 137 00c2 9BB2     		uxth	r3, r3
1025:Drivers/STM32F4xx_HAL_Driver/Inc/stm32f4xx_ll_usart.h ****   }
 138              		.loc 2 1025 17 view .LVU20
 139 00c4 A360     		str	r3, [r4, #8]
 140 00c6 CFE7     		b	.L1
 141              	.L7:
 142              		.align	2
 143              	.L6:
 144 00c8 1F85EB51 		.word	1374389535
 145              		.cfi_endproc
 146              	.LFE175:
 148              		.section	.text.LL_USART_DeInit,"ax",%progbits
 149              		.align	1
 150              		.global	LL_USART_DeInit
 151              		.syntax unified
 152              		.thumb
 153              		.thumb_func
 155              	LL_USART_DeInit:
 156              	.LVL12:
 157              	.LFB403:
   1:Drivers/STM32F4xx_HAL_Driver/Src/stm32f4xx_ll_usart.c **** /**
   2:Drivers/STM32F4xx_HAL_Driver/Src/stm32f4xx_ll_usart.c ****   ******************************************************************************
   3:Drivers/STM32F4xx_HAL_Driver/Src/stm32f4xx_ll_usart.c ****   * @file    stm32f4xx_ll_usart.c
   4:Drivers/STM32F4xx_HAL_Driver/Src/stm32f4xx_ll_usart.c ****   * @author  MCD Application Team
ARM GAS  C:\Users\chris\AppData\Local\Temp\ccpkeIoa.s 			page 22


   5:Drivers/STM32F4xx_HAL_Driver/Src/stm32f4xx_ll_usart.c ****   * @brief   USART LL module driver.
   6:Drivers/STM32F4xx_HAL_Driver/Src/stm32f4xx_ll_usart.c ****   ******************************************************************************
   7:Drivers/STM32F4xx_HAL_Driver/Src/stm32f4xx_ll_usart.c ****   * @attention
   8:Drivers/STM32F4xx_HAL_Driver/Src/stm32f4xx_ll_usart.c ****   *
   9:Drivers/STM32F4xx_HAL_Driver/Src/stm32f4xx_ll_usart.c ****   * Copyright (c) 2016 STMicroelectronics.
  10:Drivers/STM32F4xx_HAL_Driver/Src/stm32f4xx_ll_usart.c ****   * All rights reserved.
  11:Drivers/STM32F4xx_HAL_Driver/Src/stm32f4xx_ll_usart.c ****   *
  12:Drivers/STM32F4xx_HAL_Driver/Src/stm32f4xx_ll_usart.c ****   * This software is licensed under terms that can be found in the LICENSE file
  13:Drivers/STM32F4xx_HAL_Driver/Src/stm32f4xx_ll_usart.c ****   * in the root directory of this software component.
  14:Drivers/STM32F4xx_HAL_Driver/Src/stm32f4xx_ll_usart.c ****   * If no LICENSE file comes with this software, it is provided AS-IS.
  15:Drivers/STM32F4xx_HAL_Driver/Src/stm32f4xx_ll_usart.c ****   *
  16:Drivers/STM32F4xx_HAL_Driver/Src/stm32f4xx_ll_usart.c ****   ******************************************************************************
  17:Drivers/STM32F4xx_HAL_Driver/Src/stm32f4xx_ll_usart.c ****   */
  18:Drivers/STM32F4xx_HAL_Driver/Src/stm32f4xx_ll_usart.c **** 
  19:Drivers/STM32F4xx_HAL_Driver/Src/stm32f4xx_ll_usart.c **** #if defined(USE_FULL_LL_DRIVER)
  20:Drivers/STM32F4xx_HAL_Driver/Src/stm32f4xx_ll_usart.c **** 
  21:Drivers/STM32F4xx_HAL_Driver/Src/stm32f4xx_ll_usart.c **** /* Includes ------------------------------------------------------------------*/
  22:Drivers/STM32F4xx_HAL_Driver/Src/stm32f4xx_ll_usart.c **** #include "stm32f4xx_ll_usart.h"
  23:Drivers/STM32F4xx_HAL_Driver/Src/stm32f4xx_ll_usart.c **** #include "stm32f4xx_ll_rcc.h"
  24:Drivers/STM32F4xx_HAL_Driver/Src/stm32f4xx_ll_usart.c **** #include "stm32f4xx_ll_bus.h"
  25:Drivers/STM32F4xx_HAL_Driver/Src/stm32f4xx_ll_usart.c **** #ifdef  USE_FULL_ASSERT
  26:Drivers/STM32F4xx_HAL_Driver/Src/stm32f4xx_ll_usart.c **** #include "stm32_assert.h"
  27:Drivers/STM32F4xx_HAL_Driver/Src/stm32f4xx_ll_usart.c **** #else
  28:Drivers/STM32F4xx_HAL_Driver/Src/stm32f4xx_ll_usart.c **** #define assert_param(expr) ((void)0U)
  29:Drivers/STM32F4xx_HAL_Driver/Src/stm32f4xx_ll_usart.c **** #endif
  30:Drivers/STM32F4xx_HAL_Driver/Src/stm32f4xx_ll_usart.c **** 
  31:Drivers/STM32F4xx_HAL_Driver/Src/stm32f4xx_ll_usart.c **** /** @addtogroup STM32F4xx_LL_Driver
  32:Drivers/STM32F4xx_HAL_Driver/Src/stm32f4xx_ll_usart.c ****   * @{
  33:Drivers/STM32F4xx_HAL_Driver/Src/stm32f4xx_ll_usart.c ****   */
  34:Drivers/STM32F4xx_HAL_Driver/Src/stm32f4xx_ll_usart.c **** 
  35:Drivers/STM32F4xx_HAL_Driver/Src/stm32f4xx_ll_usart.c **** #if defined (USART1) || defined (USART2) || defined (USART3) || defined (USART6) || defined (UART4)
  36:Drivers/STM32F4xx_HAL_Driver/Src/stm32f4xx_ll_usart.c **** 
  37:Drivers/STM32F4xx_HAL_Driver/Src/stm32f4xx_ll_usart.c **** /** @addtogroup USART_LL
  38:Drivers/STM32F4xx_HAL_Driver/Src/stm32f4xx_ll_usart.c ****   * @{
  39:Drivers/STM32F4xx_HAL_Driver/Src/stm32f4xx_ll_usart.c ****   */
  40:Drivers/STM32F4xx_HAL_Driver/Src/stm32f4xx_ll_usart.c **** 
  41:Drivers/STM32F4xx_HAL_Driver/Src/stm32f4xx_ll_usart.c **** /* Private types -------------------------------------------------------------*/
  42:Drivers/STM32F4xx_HAL_Driver/Src/stm32f4xx_ll_usart.c **** /* Private variables ---------------------------------------------------------*/
  43:Drivers/STM32F4xx_HAL_Driver/Src/stm32f4xx_ll_usart.c **** /* Private constants ---------------------------------------------------------*/
  44:Drivers/STM32F4xx_HAL_Driver/Src/stm32f4xx_ll_usart.c **** /** @addtogroup USART_LL_Private_Constants
  45:Drivers/STM32F4xx_HAL_Driver/Src/stm32f4xx_ll_usart.c ****   * @{
  46:Drivers/STM32F4xx_HAL_Driver/Src/stm32f4xx_ll_usart.c ****   */
  47:Drivers/STM32F4xx_HAL_Driver/Src/stm32f4xx_ll_usart.c **** 
  48:Drivers/STM32F4xx_HAL_Driver/Src/stm32f4xx_ll_usart.c **** /**
  49:Drivers/STM32F4xx_HAL_Driver/Src/stm32f4xx_ll_usart.c ****   * @}
  50:Drivers/STM32F4xx_HAL_Driver/Src/stm32f4xx_ll_usart.c ****   */
  51:Drivers/STM32F4xx_HAL_Driver/Src/stm32f4xx_ll_usart.c **** 
  52:Drivers/STM32F4xx_HAL_Driver/Src/stm32f4xx_ll_usart.c **** 
  53:Drivers/STM32F4xx_HAL_Driver/Src/stm32f4xx_ll_usart.c **** /* Private macros ------------------------------------------------------------*/
  54:Drivers/STM32F4xx_HAL_Driver/Src/stm32f4xx_ll_usart.c **** /** @addtogroup USART_LL_Private_Macros
  55:Drivers/STM32F4xx_HAL_Driver/Src/stm32f4xx_ll_usart.c ****   * @{
  56:Drivers/STM32F4xx_HAL_Driver/Src/stm32f4xx_ll_usart.c ****   */
  57:Drivers/STM32F4xx_HAL_Driver/Src/stm32f4xx_ll_usart.c **** 
  58:Drivers/STM32F4xx_HAL_Driver/Src/stm32f4xx_ll_usart.c **** /* __BAUDRATE__ The maximum Baud Rate is derived from the maximum clock available
  59:Drivers/STM32F4xx_HAL_Driver/Src/stm32f4xx_ll_usart.c ****  *              divided by the smallest oversampling used on the USART (i.e. 8)    */
  60:Drivers/STM32F4xx_HAL_Driver/Src/stm32f4xx_ll_usart.c **** #define IS_LL_USART_BAUDRATE(__BAUDRATE__) ((__BAUDRATE__) <= 12500000U)
  61:Drivers/STM32F4xx_HAL_Driver/Src/stm32f4xx_ll_usart.c **** 
ARM GAS  C:\Users\chris\AppData\Local\Temp\ccpkeIoa.s 			page 23


  62:Drivers/STM32F4xx_HAL_Driver/Src/stm32f4xx_ll_usart.c **** /* __VALUE__ In case of oversampling by 16 and 8, BRR content must be greater than or equal to 16d.
  63:Drivers/STM32F4xx_HAL_Driver/Src/stm32f4xx_ll_usart.c **** #define IS_LL_USART_BRR_MIN(__VALUE__) ((__VALUE__) >= 16U)
  64:Drivers/STM32F4xx_HAL_Driver/Src/stm32f4xx_ll_usart.c **** 
  65:Drivers/STM32F4xx_HAL_Driver/Src/stm32f4xx_ll_usart.c **** #define IS_LL_USART_DIRECTION(__VALUE__) (((__VALUE__) == LL_USART_DIRECTION_NONE) \
  66:Drivers/STM32F4xx_HAL_Driver/Src/stm32f4xx_ll_usart.c ****                                           || ((__VALUE__) == LL_USART_DIRECTION_RX) \
  67:Drivers/STM32F4xx_HAL_Driver/Src/stm32f4xx_ll_usart.c ****                                           || ((__VALUE__) == LL_USART_DIRECTION_TX) \
  68:Drivers/STM32F4xx_HAL_Driver/Src/stm32f4xx_ll_usart.c ****                                           || ((__VALUE__) == LL_USART_DIRECTION_TX_RX))
  69:Drivers/STM32F4xx_HAL_Driver/Src/stm32f4xx_ll_usart.c **** 
  70:Drivers/STM32F4xx_HAL_Driver/Src/stm32f4xx_ll_usart.c **** #define IS_LL_USART_PARITY(__VALUE__) (((__VALUE__) == LL_USART_PARITY_NONE) \
  71:Drivers/STM32F4xx_HAL_Driver/Src/stm32f4xx_ll_usart.c ****                                        || ((__VALUE__) == LL_USART_PARITY_EVEN) \
  72:Drivers/STM32F4xx_HAL_Driver/Src/stm32f4xx_ll_usart.c ****                                        || ((__VALUE__) == LL_USART_PARITY_ODD))
  73:Drivers/STM32F4xx_HAL_Driver/Src/stm32f4xx_ll_usart.c **** 
  74:Drivers/STM32F4xx_HAL_Driver/Src/stm32f4xx_ll_usart.c **** #define IS_LL_USART_DATAWIDTH(__VALUE__) (((__VALUE__) == LL_USART_DATAWIDTH_8B) \
  75:Drivers/STM32F4xx_HAL_Driver/Src/stm32f4xx_ll_usart.c ****                                           || ((__VALUE__) == LL_USART_DATAWIDTH_9B))
  76:Drivers/STM32F4xx_HAL_Driver/Src/stm32f4xx_ll_usart.c **** 
  77:Drivers/STM32F4xx_HAL_Driver/Src/stm32f4xx_ll_usart.c **** #define IS_LL_USART_OVERSAMPLING(__VALUE__) (((__VALUE__) == LL_USART_OVERSAMPLING_16) \
  78:Drivers/STM32F4xx_HAL_Driver/Src/stm32f4xx_ll_usart.c ****                                              || ((__VALUE__) == LL_USART_OVERSAMPLING_8))
  79:Drivers/STM32F4xx_HAL_Driver/Src/stm32f4xx_ll_usart.c **** 
  80:Drivers/STM32F4xx_HAL_Driver/Src/stm32f4xx_ll_usart.c **** #define IS_LL_USART_LASTBITCLKOUTPUT(__VALUE__) (((__VALUE__) == LL_USART_LASTCLKPULSE_NO_OUTPUT) \
  81:Drivers/STM32F4xx_HAL_Driver/Src/stm32f4xx_ll_usart.c ****                                                  || ((__VALUE__) == LL_USART_LASTCLKPULSE_OUTPUT))
  82:Drivers/STM32F4xx_HAL_Driver/Src/stm32f4xx_ll_usart.c **** 
  83:Drivers/STM32F4xx_HAL_Driver/Src/stm32f4xx_ll_usart.c **** #define IS_LL_USART_CLOCKPHASE(__VALUE__) (((__VALUE__) == LL_USART_PHASE_1EDGE) \
  84:Drivers/STM32F4xx_HAL_Driver/Src/stm32f4xx_ll_usart.c ****                                            || ((__VALUE__) == LL_USART_PHASE_2EDGE))
  85:Drivers/STM32F4xx_HAL_Driver/Src/stm32f4xx_ll_usart.c **** 
  86:Drivers/STM32F4xx_HAL_Driver/Src/stm32f4xx_ll_usart.c **** #define IS_LL_USART_CLOCKPOLARITY(__VALUE__) (((__VALUE__) == LL_USART_POLARITY_LOW) \
  87:Drivers/STM32F4xx_HAL_Driver/Src/stm32f4xx_ll_usart.c ****                                               || ((__VALUE__) == LL_USART_POLARITY_HIGH))
  88:Drivers/STM32F4xx_HAL_Driver/Src/stm32f4xx_ll_usart.c **** 
  89:Drivers/STM32F4xx_HAL_Driver/Src/stm32f4xx_ll_usart.c **** #define IS_LL_USART_CLOCKOUTPUT(__VALUE__) (((__VALUE__) == LL_USART_CLOCK_DISABLE) \
  90:Drivers/STM32F4xx_HAL_Driver/Src/stm32f4xx_ll_usart.c ****                                             || ((__VALUE__) == LL_USART_CLOCK_ENABLE))
  91:Drivers/STM32F4xx_HAL_Driver/Src/stm32f4xx_ll_usart.c **** 
  92:Drivers/STM32F4xx_HAL_Driver/Src/stm32f4xx_ll_usart.c **** #define IS_LL_USART_STOPBITS(__VALUE__) (((__VALUE__) == LL_USART_STOPBITS_0_5) \
  93:Drivers/STM32F4xx_HAL_Driver/Src/stm32f4xx_ll_usart.c ****                                          || ((__VALUE__) == LL_USART_STOPBITS_1) \
  94:Drivers/STM32F4xx_HAL_Driver/Src/stm32f4xx_ll_usart.c ****                                          || ((__VALUE__) == LL_USART_STOPBITS_1_5) \
  95:Drivers/STM32F4xx_HAL_Driver/Src/stm32f4xx_ll_usart.c ****                                          || ((__VALUE__) == LL_USART_STOPBITS_2))
  96:Drivers/STM32F4xx_HAL_Driver/Src/stm32f4xx_ll_usart.c **** 
  97:Drivers/STM32F4xx_HAL_Driver/Src/stm32f4xx_ll_usart.c **** #define IS_LL_USART_HWCONTROL(__VALUE__) (((__VALUE__) == LL_USART_HWCONTROL_NONE) \
  98:Drivers/STM32F4xx_HAL_Driver/Src/stm32f4xx_ll_usart.c ****                                           || ((__VALUE__) == LL_USART_HWCONTROL_RTS) \
  99:Drivers/STM32F4xx_HAL_Driver/Src/stm32f4xx_ll_usart.c ****                                           || ((__VALUE__) == LL_USART_HWCONTROL_CTS) \
 100:Drivers/STM32F4xx_HAL_Driver/Src/stm32f4xx_ll_usart.c ****                                           || ((__VALUE__) == LL_USART_HWCONTROL_RTS_CTS))
 101:Drivers/STM32F4xx_HAL_Driver/Src/stm32f4xx_ll_usart.c **** 
 102:Drivers/STM32F4xx_HAL_Driver/Src/stm32f4xx_ll_usart.c **** /**
 103:Drivers/STM32F4xx_HAL_Driver/Src/stm32f4xx_ll_usart.c ****   * @}
 104:Drivers/STM32F4xx_HAL_Driver/Src/stm32f4xx_ll_usart.c ****   */
 105:Drivers/STM32F4xx_HAL_Driver/Src/stm32f4xx_ll_usart.c **** 
 106:Drivers/STM32F4xx_HAL_Driver/Src/stm32f4xx_ll_usart.c **** /* Private function prototypes -----------------------------------------------*/
 107:Drivers/STM32F4xx_HAL_Driver/Src/stm32f4xx_ll_usart.c **** 
 108:Drivers/STM32F4xx_HAL_Driver/Src/stm32f4xx_ll_usart.c **** /* Exported functions --------------------------------------------------------*/
 109:Drivers/STM32F4xx_HAL_Driver/Src/stm32f4xx_ll_usart.c **** /** @addtogroup USART_LL_Exported_Functions
 110:Drivers/STM32F4xx_HAL_Driver/Src/stm32f4xx_ll_usart.c ****   * @{
 111:Drivers/STM32F4xx_HAL_Driver/Src/stm32f4xx_ll_usart.c ****   */
 112:Drivers/STM32F4xx_HAL_Driver/Src/stm32f4xx_ll_usart.c **** 
 113:Drivers/STM32F4xx_HAL_Driver/Src/stm32f4xx_ll_usart.c **** /** @addtogroup USART_LL_EF_Init
 114:Drivers/STM32F4xx_HAL_Driver/Src/stm32f4xx_ll_usart.c ****   * @{
 115:Drivers/STM32F4xx_HAL_Driver/Src/stm32f4xx_ll_usart.c ****   */
 116:Drivers/STM32F4xx_HAL_Driver/Src/stm32f4xx_ll_usart.c **** 
 117:Drivers/STM32F4xx_HAL_Driver/Src/stm32f4xx_ll_usart.c **** /**
 118:Drivers/STM32F4xx_HAL_Driver/Src/stm32f4xx_ll_usart.c ****   * @brief  De-initialize USART registers (Registers restored to their default values).
ARM GAS  C:\Users\chris\AppData\Local\Temp\ccpkeIoa.s 			page 24


 119:Drivers/STM32F4xx_HAL_Driver/Src/stm32f4xx_ll_usart.c ****   * @param  USARTx USART Instance
 120:Drivers/STM32F4xx_HAL_Driver/Src/stm32f4xx_ll_usart.c ****   * @retval An ErrorStatus enumeration value:
 121:Drivers/STM32F4xx_HAL_Driver/Src/stm32f4xx_ll_usart.c ****   *          - SUCCESS: USART registers are de-initialized
 122:Drivers/STM32F4xx_HAL_Driver/Src/stm32f4xx_ll_usart.c ****   *          - ERROR: USART registers are not de-initialized
 123:Drivers/STM32F4xx_HAL_Driver/Src/stm32f4xx_ll_usart.c ****   */
 124:Drivers/STM32F4xx_HAL_Driver/Src/stm32f4xx_ll_usart.c **** ErrorStatus LL_USART_DeInit(const USART_TypeDef *USARTx)
 125:Drivers/STM32F4xx_HAL_Driver/Src/stm32f4xx_ll_usart.c **** {
 158              		.loc 1 125 1 is_stmt 1 view -0
 159              		.cfi_startproc
 160              		@ args = 0, pretend = 0, frame = 0
 161              		@ frame_needed = 0, uses_anonymous_args = 0
 162              		@ link register save eliminated.
 126:Drivers/STM32F4xx_HAL_Driver/Src/stm32f4xx_ll_usart.c ****   ErrorStatus status = SUCCESS;
 163              		.loc 1 126 3 view .LVU22
 127:Drivers/STM32F4xx_HAL_Driver/Src/stm32f4xx_ll_usart.c **** 
 128:Drivers/STM32F4xx_HAL_Driver/Src/stm32f4xx_ll_usart.c ****   /* Check the parameters */
 129:Drivers/STM32F4xx_HAL_Driver/Src/stm32f4xx_ll_usart.c ****   assert_param(IS_UART_INSTANCE(USARTx));
 164              		.loc 1 129 3 view .LVU23
 130:Drivers/STM32F4xx_HAL_Driver/Src/stm32f4xx_ll_usart.c **** 
 131:Drivers/STM32F4xx_HAL_Driver/Src/stm32f4xx_ll_usart.c ****   if (USARTx == USART1)
 165              		.loc 1 131 3 view .LVU24
 166              		.loc 1 131 6 is_stmt 0 view .LVU25
 167 0000 174B     		ldr	r3, .L16
 168 0002 9842     		cmp	r0, r3
 169 0004 07D0     		beq	.L13
 132:Drivers/STM32F4xx_HAL_Driver/Src/stm32f4xx_ll_usart.c ****   {
 133:Drivers/STM32F4xx_HAL_Driver/Src/stm32f4xx_ll_usart.c ****     /* Force reset of USART clock */
 134:Drivers/STM32F4xx_HAL_Driver/Src/stm32f4xx_ll_usart.c ****     LL_APB2_GRP1_ForceReset(LL_APB2_GRP1_PERIPH_USART1);
 135:Drivers/STM32F4xx_HAL_Driver/Src/stm32f4xx_ll_usart.c **** 
 136:Drivers/STM32F4xx_HAL_Driver/Src/stm32f4xx_ll_usart.c ****     /* Release reset of USART clock */
 137:Drivers/STM32F4xx_HAL_Driver/Src/stm32f4xx_ll_usart.c ****     LL_APB2_GRP1_ReleaseReset(LL_APB2_GRP1_PERIPH_USART1);
 138:Drivers/STM32F4xx_HAL_Driver/Src/stm32f4xx_ll_usart.c ****   }
 139:Drivers/STM32F4xx_HAL_Driver/Src/stm32f4xx_ll_usart.c ****   else if (USARTx == USART2)
 170              		.loc 1 139 8 is_stmt 1 view .LVU26
 171              		.loc 1 139 11 is_stmt 0 view .LVU27
 172 0006 174B     		ldr	r3, .L16+4
 173 0008 9842     		cmp	r0, r3
 174 000a 10D0     		beq	.L14
 140:Drivers/STM32F4xx_HAL_Driver/Src/stm32f4xx_ll_usart.c ****   {
 141:Drivers/STM32F4xx_HAL_Driver/Src/stm32f4xx_ll_usart.c ****     /* Force reset of USART clock */
 142:Drivers/STM32F4xx_HAL_Driver/Src/stm32f4xx_ll_usart.c ****     LL_APB1_GRP1_ForceReset(LL_APB1_GRP1_PERIPH_USART2);
 143:Drivers/STM32F4xx_HAL_Driver/Src/stm32f4xx_ll_usart.c **** 
 144:Drivers/STM32F4xx_HAL_Driver/Src/stm32f4xx_ll_usart.c ****     /* Release reset of USART clock */
 145:Drivers/STM32F4xx_HAL_Driver/Src/stm32f4xx_ll_usart.c ****     LL_APB1_GRP1_ReleaseReset(LL_APB1_GRP1_PERIPH_USART2);
 146:Drivers/STM32F4xx_HAL_Driver/Src/stm32f4xx_ll_usart.c ****   }
 147:Drivers/STM32F4xx_HAL_Driver/Src/stm32f4xx_ll_usart.c **** #if defined(USART3)
 148:Drivers/STM32F4xx_HAL_Driver/Src/stm32f4xx_ll_usart.c ****   else if (USARTx == USART3)
 149:Drivers/STM32F4xx_HAL_Driver/Src/stm32f4xx_ll_usart.c ****   {
 150:Drivers/STM32F4xx_HAL_Driver/Src/stm32f4xx_ll_usart.c ****     /* Force reset of USART clock */
 151:Drivers/STM32F4xx_HAL_Driver/Src/stm32f4xx_ll_usart.c ****     LL_APB1_GRP1_ForceReset(LL_APB1_GRP1_PERIPH_USART3);
 152:Drivers/STM32F4xx_HAL_Driver/Src/stm32f4xx_ll_usart.c **** 
 153:Drivers/STM32F4xx_HAL_Driver/Src/stm32f4xx_ll_usart.c ****     /* Release reset of USART clock */
 154:Drivers/STM32F4xx_HAL_Driver/Src/stm32f4xx_ll_usart.c ****     LL_APB1_GRP1_ReleaseReset(LL_APB1_GRP1_PERIPH_USART3);
 155:Drivers/STM32F4xx_HAL_Driver/Src/stm32f4xx_ll_usart.c ****   }
 156:Drivers/STM32F4xx_HAL_Driver/Src/stm32f4xx_ll_usart.c **** #endif /* USART3 */
 157:Drivers/STM32F4xx_HAL_Driver/Src/stm32f4xx_ll_usart.c **** #if defined(USART6)
 158:Drivers/STM32F4xx_HAL_Driver/Src/stm32f4xx_ll_usart.c ****   else if (USARTx == USART6)
ARM GAS  C:\Users\chris\AppData\Local\Temp\ccpkeIoa.s 			page 25


 175              		.loc 1 158 8 is_stmt 1 view .LVU28
 176              		.loc 1 158 11 is_stmt 0 view .LVU29
 177 000c 164B     		ldr	r3, .L16+8
 178 000e 9842     		cmp	r0, r3
 179 0010 19D0     		beq	.L15
 159:Drivers/STM32F4xx_HAL_Driver/Src/stm32f4xx_ll_usart.c ****   {
 160:Drivers/STM32F4xx_HAL_Driver/Src/stm32f4xx_ll_usart.c ****     /* Force reset of USART clock */
 161:Drivers/STM32F4xx_HAL_Driver/Src/stm32f4xx_ll_usart.c ****     LL_APB2_GRP1_ForceReset(LL_APB2_GRP1_PERIPH_USART6);
 162:Drivers/STM32F4xx_HAL_Driver/Src/stm32f4xx_ll_usart.c **** 
 163:Drivers/STM32F4xx_HAL_Driver/Src/stm32f4xx_ll_usart.c ****     /* Release reset of USART clock */
 164:Drivers/STM32F4xx_HAL_Driver/Src/stm32f4xx_ll_usart.c ****     LL_APB2_GRP1_ReleaseReset(LL_APB2_GRP1_PERIPH_USART6);
 165:Drivers/STM32F4xx_HAL_Driver/Src/stm32f4xx_ll_usart.c ****   }
 166:Drivers/STM32F4xx_HAL_Driver/Src/stm32f4xx_ll_usart.c **** #endif /* USART6 */
 167:Drivers/STM32F4xx_HAL_Driver/Src/stm32f4xx_ll_usart.c **** #if defined(UART4)
 168:Drivers/STM32F4xx_HAL_Driver/Src/stm32f4xx_ll_usart.c ****   else if (USARTx == UART4)
 169:Drivers/STM32F4xx_HAL_Driver/Src/stm32f4xx_ll_usart.c ****   {
 170:Drivers/STM32F4xx_HAL_Driver/Src/stm32f4xx_ll_usart.c ****     /* Force reset of UART clock */
 171:Drivers/STM32F4xx_HAL_Driver/Src/stm32f4xx_ll_usart.c ****     LL_APB1_GRP1_ForceReset(LL_APB1_GRP1_PERIPH_UART4);
 172:Drivers/STM32F4xx_HAL_Driver/Src/stm32f4xx_ll_usart.c **** 
 173:Drivers/STM32F4xx_HAL_Driver/Src/stm32f4xx_ll_usart.c ****     /* Release reset of UART clock */
 174:Drivers/STM32F4xx_HAL_Driver/Src/stm32f4xx_ll_usart.c ****     LL_APB1_GRP1_ReleaseReset(LL_APB1_GRP1_PERIPH_UART4);
 175:Drivers/STM32F4xx_HAL_Driver/Src/stm32f4xx_ll_usart.c ****   }
 176:Drivers/STM32F4xx_HAL_Driver/Src/stm32f4xx_ll_usart.c **** #endif /* UART4 */
 177:Drivers/STM32F4xx_HAL_Driver/Src/stm32f4xx_ll_usart.c **** #if defined(UART5)
 178:Drivers/STM32F4xx_HAL_Driver/Src/stm32f4xx_ll_usart.c ****   else if (USARTx == UART5)
 179:Drivers/STM32F4xx_HAL_Driver/Src/stm32f4xx_ll_usart.c ****   {
 180:Drivers/STM32F4xx_HAL_Driver/Src/stm32f4xx_ll_usart.c ****     /* Force reset of UART clock */
 181:Drivers/STM32F4xx_HAL_Driver/Src/stm32f4xx_ll_usart.c ****     LL_APB1_GRP1_ForceReset(LL_APB1_GRP1_PERIPH_UART5);
 182:Drivers/STM32F4xx_HAL_Driver/Src/stm32f4xx_ll_usart.c **** 
 183:Drivers/STM32F4xx_HAL_Driver/Src/stm32f4xx_ll_usart.c ****     /* Release reset of UART clock */
 184:Drivers/STM32F4xx_HAL_Driver/Src/stm32f4xx_ll_usart.c ****     LL_APB1_GRP1_ReleaseReset(LL_APB1_GRP1_PERIPH_UART5);
 185:Drivers/STM32F4xx_HAL_Driver/Src/stm32f4xx_ll_usart.c ****   }
 186:Drivers/STM32F4xx_HAL_Driver/Src/stm32f4xx_ll_usart.c **** #endif /* UART5 */
 187:Drivers/STM32F4xx_HAL_Driver/Src/stm32f4xx_ll_usart.c **** #if defined(UART7)
 188:Drivers/STM32F4xx_HAL_Driver/Src/stm32f4xx_ll_usart.c ****   else if (USARTx == UART7)
 189:Drivers/STM32F4xx_HAL_Driver/Src/stm32f4xx_ll_usart.c ****   {
 190:Drivers/STM32F4xx_HAL_Driver/Src/stm32f4xx_ll_usart.c ****     /* Force reset of UART clock */
 191:Drivers/STM32F4xx_HAL_Driver/Src/stm32f4xx_ll_usart.c ****     LL_APB1_GRP1_ForceReset(LL_APB1_GRP1_PERIPH_UART7);
 192:Drivers/STM32F4xx_HAL_Driver/Src/stm32f4xx_ll_usart.c **** 
 193:Drivers/STM32F4xx_HAL_Driver/Src/stm32f4xx_ll_usart.c ****     /* Release reset of UART clock */
 194:Drivers/STM32F4xx_HAL_Driver/Src/stm32f4xx_ll_usart.c ****     LL_APB1_GRP1_ReleaseReset(LL_APB1_GRP1_PERIPH_UART7);
 195:Drivers/STM32F4xx_HAL_Driver/Src/stm32f4xx_ll_usart.c ****   }
 196:Drivers/STM32F4xx_HAL_Driver/Src/stm32f4xx_ll_usart.c **** #endif /* UART7 */
 197:Drivers/STM32F4xx_HAL_Driver/Src/stm32f4xx_ll_usart.c **** #if defined(UART8)
 198:Drivers/STM32F4xx_HAL_Driver/Src/stm32f4xx_ll_usart.c ****   else if (USARTx == UART8)
 199:Drivers/STM32F4xx_HAL_Driver/Src/stm32f4xx_ll_usart.c ****   {
 200:Drivers/STM32F4xx_HAL_Driver/Src/stm32f4xx_ll_usart.c ****     /* Force reset of UART clock */
 201:Drivers/STM32F4xx_HAL_Driver/Src/stm32f4xx_ll_usart.c ****     LL_APB1_GRP1_ForceReset(LL_APB1_GRP1_PERIPH_UART8);
 202:Drivers/STM32F4xx_HAL_Driver/Src/stm32f4xx_ll_usart.c **** 
 203:Drivers/STM32F4xx_HAL_Driver/Src/stm32f4xx_ll_usart.c ****     /* Release reset of UART clock */
 204:Drivers/STM32F4xx_HAL_Driver/Src/stm32f4xx_ll_usart.c ****     LL_APB1_GRP1_ReleaseReset(LL_APB1_GRP1_PERIPH_UART8);
 205:Drivers/STM32F4xx_HAL_Driver/Src/stm32f4xx_ll_usart.c ****   }
 206:Drivers/STM32F4xx_HAL_Driver/Src/stm32f4xx_ll_usart.c **** #endif /* UART8 */
 207:Drivers/STM32F4xx_HAL_Driver/Src/stm32f4xx_ll_usart.c **** #if defined(UART9)
 208:Drivers/STM32F4xx_HAL_Driver/Src/stm32f4xx_ll_usart.c ****   else if (USARTx == UART9)
 209:Drivers/STM32F4xx_HAL_Driver/Src/stm32f4xx_ll_usart.c ****   {
 210:Drivers/STM32F4xx_HAL_Driver/Src/stm32f4xx_ll_usart.c ****     /* Force reset of UART clock */
ARM GAS  C:\Users\chris\AppData\Local\Temp\ccpkeIoa.s 			page 26


 211:Drivers/STM32F4xx_HAL_Driver/Src/stm32f4xx_ll_usart.c ****     LL_APB2_GRP1_ForceReset(LL_APB2_GRP1_PERIPH_UART9);
 212:Drivers/STM32F4xx_HAL_Driver/Src/stm32f4xx_ll_usart.c **** 
 213:Drivers/STM32F4xx_HAL_Driver/Src/stm32f4xx_ll_usart.c ****     /* Release reset of UART clock */
 214:Drivers/STM32F4xx_HAL_Driver/Src/stm32f4xx_ll_usart.c ****     LL_APB2_GRP1_ReleaseReset(LL_APB2_GRP1_PERIPH_UART9);
 215:Drivers/STM32F4xx_HAL_Driver/Src/stm32f4xx_ll_usart.c ****   }
 216:Drivers/STM32F4xx_HAL_Driver/Src/stm32f4xx_ll_usart.c **** #endif /* UART9 */
 217:Drivers/STM32F4xx_HAL_Driver/Src/stm32f4xx_ll_usart.c **** #if defined(UART10)
 218:Drivers/STM32F4xx_HAL_Driver/Src/stm32f4xx_ll_usart.c ****   else if (USARTx == UART10)
 219:Drivers/STM32F4xx_HAL_Driver/Src/stm32f4xx_ll_usart.c ****   {
 220:Drivers/STM32F4xx_HAL_Driver/Src/stm32f4xx_ll_usart.c ****     /* Force reset of UART clock */
 221:Drivers/STM32F4xx_HAL_Driver/Src/stm32f4xx_ll_usart.c ****     LL_APB2_GRP1_ForceReset(LL_APB2_GRP1_PERIPH_UART10);
 222:Drivers/STM32F4xx_HAL_Driver/Src/stm32f4xx_ll_usart.c **** 
 223:Drivers/STM32F4xx_HAL_Driver/Src/stm32f4xx_ll_usart.c ****     /* Release reset of UART clock */
 224:Drivers/STM32F4xx_HAL_Driver/Src/stm32f4xx_ll_usart.c ****     LL_APB2_GRP1_ReleaseReset(LL_APB2_GRP1_PERIPH_UART10);
 225:Drivers/STM32F4xx_HAL_Driver/Src/stm32f4xx_ll_usart.c ****   }
 226:Drivers/STM32F4xx_HAL_Driver/Src/stm32f4xx_ll_usart.c **** #endif /* UART10 */
 227:Drivers/STM32F4xx_HAL_Driver/Src/stm32f4xx_ll_usart.c ****   else
 228:Drivers/STM32F4xx_HAL_Driver/Src/stm32f4xx_ll_usart.c ****   {
 229:Drivers/STM32F4xx_HAL_Driver/Src/stm32f4xx_ll_usart.c ****     status = ERROR;
 180              		.loc 1 229 12 view .LVU30
 181 0012 0120     		movs	r0, #1
 182              	.LVL13:
 230:Drivers/STM32F4xx_HAL_Driver/Src/stm32f4xx_ll_usart.c ****   }
 231:Drivers/STM32F4xx_HAL_Driver/Src/stm32f4xx_ll_usart.c **** 
 232:Drivers/STM32F4xx_HAL_Driver/Src/stm32f4xx_ll_usart.c ****   return (status);
 183              		.loc 1 232 3 is_stmt 1 view .LVU31
 233:Drivers/STM32F4xx_HAL_Driver/Src/stm32f4xx_ll_usart.c **** }
 184              		.loc 1 233 1 is_stmt 0 view .LVU32
 185 0014 7047     		bx	lr
 186              	.LVL14:
 187              	.L13:
 134:Drivers/STM32F4xx_HAL_Driver/Src/stm32f4xx_ll_usart.c **** 
 188              		.loc 1 134 5 is_stmt 1 view .LVU33
 189              	.LBB24:
 190              	.LBI24:
 191              		.file 3 "Drivers/STM32F4xx_HAL_Driver/Inc/stm32f4xx_ll_bus.h"
   1:Drivers/STM32F4xx_HAL_Driver/Inc/stm32f4xx_ll_bus.h **** /**
   2:Drivers/STM32F4xx_HAL_Driver/Inc/stm32f4xx_ll_bus.h ****   ******************************************************************************
   3:Drivers/STM32F4xx_HAL_Driver/Inc/stm32f4xx_ll_bus.h ****   * @file    stm32f4xx_ll_bus.h
   4:Drivers/STM32F4xx_HAL_Driver/Inc/stm32f4xx_ll_bus.h ****   * @author  MCD Application Team
   5:Drivers/STM32F4xx_HAL_Driver/Inc/stm32f4xx_ll_bus.h ****   * @brief   Header file of BUS LL module.
   6:Drivers/STM32F4xx_HAL_Driver/Inc/stm32f4xx_ll_bus.h **** 
   7:Drivers/STM32F4xx_HAL_Driver/Inc/stm32f4xx_ll_bus.h ****   @verbatim
   8:Drivers/STM32F4xx_HAL_Driver/Inc/stm32f4xx_ll_bus.h ****                       ##### RCC Limitations #####
   9:Drivers/STM32F4xx_HAL_Driver/Inc/stm32f4xx_ll_bus.h ****   ==============================================================================
  10:Drivers/STM32F4xx_HAL_Driver/Inc/stm32f4xx_ll_bus.h ****     [..]
  11:Drivers/STM32F4xx_HAL_Driver/Inc/stm32f4xx_ll_bus.h ****       A delay between an RCC peripheral clock enable and the effective peripheral
  12:Drivers/STM32F4xx_HAL_Driver/Inc/stm32f4xx_ll_bus.h ****       enabling should be taken into account in order to manage the peripheral read/write
  13:Drivers/STM32F4xx_HAL_Driver/Inc/stm32f4xx_ll_bus.h ****       from/to registers.
  14:Drivers/STM32F4xx_HAL_Driver/Inc/stm32f4xx_ll_bus.h ****       (+) This delay depends on the peripheral mapping.
  15:Drivers/STM32F4xx_HAL_Driver/Inc/stm32f4xx_ll_bus.h ****         (++) AHB & APB peripherals, 1 dummy read is necessary
  16:Drivers/STM32F4xx_HAL_Driver/Inc/stm32f4xx_ll_bus.h **** 
  17:Drivers/STM32F4xx_HAL_Driver/Inc/stm32f4xx_ll_bus.h ****     [..]
  18:Drivers/STM32F4xx_HAL_Driver/Inc/stm32f4xx_ll_bus.h ****       Workarounds:
  19:Drivers/STM32F4xx_HAL_Driver/Inc/stm32f4xx_ll_bus.h ****       (#) For AHB & APB peripherals, a dummy read to the peripheral register has been
  20:Drivers/STM32F4xx_HAL_Driver/Inc/stm32f4xx_ll_bus.h ****           inserted in each LL_{BUS}_GRP{x}_EnableClock() function.
  21:Drivers/STM32F4xx_HAL_Driver/Inc/stm32f4xx_ll_bus.h **** 
ARM GAS  C:\Users\chris\AppData\Local\Temp\ccpkeIoa.s 			page 27


  22:Drivers/STM32F4xx_HAL_Driver/Inc/stm32f4xx_ll_bus.h ****   @endverbatim
  23:Drivers/STM32F4xx_HAL_Driver/Inc/stm32f4xx_ll_bus.h ****   ******************************************************************************
  24:Drivers/STM32F4xx_HAL_Driver/Inc/stm32f4xx_ll_bus.h ****   * @attention
  25:Drivers/STM32F4xx_HAL_Driver/Inc/stm32f4xx_ll_bus.h ****   *
  26:Drivers/STM32F4xx_HAL_Driver/Inc/stm32f4xx_ll_bus.h ****   * Copyright (c) 2017 STMicroelectronics.
  27:Drivers/STM32F4xx_HAL_Driver/Inc/stm32f4xx_ll_bus.h ****   * All rights reserved.
  28:Drivers/STM32F4xx_HAL_Driver/Inc/stm32f4xx_ll_bus.h ****   *
  29:Drivers/STM32F4xx_HAL_Driver/Inc/stm32f4xx_ll_bus.h ****   * This software is licensed under terms that can be found in the LICENSE file in
  30:Drivers/STM32F4xx_HAL_Driver/Inc/stm32f4xx_ll_bus.h ****   * the root directory of this software component.
  31:Drivers/STM32F4xx_HAL_Driver/Inc/stm32f4xx_ll_bus.h ****   * If no LICENSE file comes with this software, it is provided AS-IS.
  32:Drivers/STM32F4xx_HAL_Driver/Inc/stm32f4xx_ll_bus.h ****   ******************************************************************************
  33:Drivers/STM32F4xx_HAL_Driver/Inc/stm32f4xx_ll_bus.h ****   */
  34:Drivers/STM32F4xx_HAL_Driver/Inc/stm32f4xx_ll_bus.h **** 
  35:Drivers/STM32F4xx_HAL_Driver/Inc/stm32f4xx_ll_bus.h **** /* Define to prevent recursive inclusion -------------------------------------*/
  36:Drivers/STM32F4xx_HAL_Driver/Inc/stm32f4xx_ll_bus.h **** #ifndef __STM32F4xx_LL_BUS_H
  37:Drivers/STM32F4xx_HAL_Driver/Inc/stm32f4xx_ll_bus.h **** #define __STM32F4xx_LL_BUS_H
  38:Drivers/STM32F4xx_HAL_Driver/Inc/stm32f4xx_ll_bus.h **** 
  39:Drivers/STM32F4xx_HAL_Driver/Inc/stm32f4xx_ll_bus.h **** #ifdef __cplusplus
  40:Drivers/STM32F4xx_HAL_Driver/Inc/stm32f4xx_ll_bus.h **** extern "C" {
  41:Drivers/STM32F4xx_HAL_Driver/Inc/stm32f4xx_ll_bus.h **** #endif
  42:Drivers/STM32F4xx_HAL_Driver/Inc/stm32f4xx_ll_bus.h **** 
  43:Drivers/STM32F4xx_HAL_Driver/Inc/stm32f4xx_ll_bus.h **** /* Includes ------------------------------------------------------------------*/
  44:Drivers/STM32F4xx_HAL_Driver/Inc/stm32f4xx_ll_bus.h **** #include "stm32f4xx.h"
  45:Drivers/STM32F4xx_HAL_Driver/Inc/stm32f4xx_ll_bus.h **** 
  46:Drivers/STM32F4xx_HAL_Driver/Inc/stm32f4xx_ll_bus.h **** /** @addtogroup STM32F4xx_LL_Driver
  47:Drivers/STM32F4xx_HAL_Driver/Inc/stm32f4xx_ll_bus.h ****   * @{
  48:Drivers/STM32F4xx_HAL_Driver/Inc/stm32f4xx_ll_bus.h ****   */
  49:Drivers/STM32F4xx_HAL_Driver/Inc/stm32f4xx_ll_bus.h **** 
  50:Drivers/STM32F4xx_HAL_Driver/Inc/stm32f4xx_ll_bus.h **** #if defined(RCC)
  51:Drivers/STM32F4xx_HAL_Driver/Inc/stm32f4xx_ll_bus.h **** 
  52:Drivers/STM32F4xx_HAL_Driver/Inc/stm32f4xx_ll_bus.h **** /** @defgroup BUS_LL BUS
  53:Drivers/STM32F4xx_HAL_Driver/Inc/stm32f4xx_ll_bus.h ****   * @{
  54:Drivers/STM32F4xx_HAL_Driver/Inc/stm32f4xx_ll_bus.h ****   */
  55:Drivers/STM32F4xx_HAL_Driver/Inc/stm32f4xx_ll_bus.h **** 
  56:Drivers/STM32F4xx_HAL_Driver/Inc/stm32f4xx_ll_bus.h **** /* Private types -------------------------------------------------------------*/
  57:Drivers/STM32F4xx_HAL_Driver/Inc/stm32f4xx_ll_bus.h **** /* Private variables ---------------------------------------------------------*/
  58:Drivers/STM32F4xx_HAL_Driver/Inc/stm32f4xx_ll_bus.h **** /* Private constants ---------------------------------------------------------*/
  59:Drivers/STM32F4xx_HAL_Driver/Inc/stm32f4xx_ll_bus.h **** /* Private macros ------------------------------------------------------------*/
  60:Drivers/STM32F4xx_HAL_Driver/Inc/stm32f4xx_ll_bus.h **** /* Exported types ------------------------------------------------------------*/
  61:Drivers/STM32F4xx_HAL_Driver/Inc/stm32f4xx_ll_bus.h **** /* Exported constants --------------------------------------------------------*/
  62:Drivers/STM32F4xx_HAL_Driver/Inc/stm32f4xx_ll_bus.h **** /** @defgroup BUS_LL_Exported_Constants BUS Exported Constants
  63:Drivers/STM32F4xx_HAL_Driver/Inc/stm32f4xx_ll_bus.h ****   * @{
  64:Drivers/STM32F4xx_HAL_Driver/Inc/stm32f4xx_ll_bus.h ****   */
  65:Drivers/STM32F4xx_HAL_Driver/Inc/stm32f4xx_ll_bus.h **** 
  66:Drivers/STM32F4xx_HAL_Driver/Inc/stm32f4xx_ll_bus.h **** /** @defgroup BUS_LL_EC_AHB1_GRP1_PERIPH  AHB1 GRP1 PERIPH
  67:Drivers/STM32F4xx_HAL_Driver/Inc/stm32f4xx_ll_bus.h ****   * @{
  68:Drivers/STM32F4xx_HAL_Driver/Inc/stm32f4xx_ll_bus.h ****   */
  69:Drivers/STM32F4xx_HAL_Driver/Inc/stm32f4xx_ll_bus.h **** #define LL_AHB1_GRP1_PERIPH_ALL             0xFFFFFFFFU
  70:Drivers/STM32F4xx_HAL_Driver/Inc/stm32f4xx_ll_bus.h **** #define LL_AHB1_GRP1_PERIPH_GPIOA           RCC_AHB1ENR_GPIOAEN
  71:Drivers/STM32F4xx_HAL_Driver/Inc/stm32f4xx_ll_bus.h **** #define LL_AHB1_GRP1_PERIPH_GPIOB           RCC_AHB1ENR_GPIOBEN
  72:Drivers/STM32F4xx_HAL_Driver/Inc/stm32f4xx_ll_bus.h **** #define LL_AHB1_GRP1_PERIPH_GPIOC           RCC_AHB1ENR_GPIOCEN
  73:Drivers/STM32F4xx_HAL_Driver/Inc/stm32f4xx_ll_bus.h **** #if defined(GPIOD)
  74:Drivers/STM32F4xx_HAL_Driver/Inc/stm32f4xx_ll_bus.h **** #define LL_AHB1_GRP1_PERIPH_GPIOD           RCC_AHB1ENR_GPIODEN
  75:Drivers/STM32F4xx_HAL_Driver/Inc/stm32f4xx_ll_bus.h **** #endif /* GPIOD */
  76:Drivers/STM32F4xx_HAL_Driver/Inc/stm32f4xx_ll_bus.h **** #if defined(GPIOE)
  77:Drivers/STM32F4xx_HAL_Driver/Inc/stm32f4xx_ll_bus.h **** #define LL_AHB1_GRP1_PERIPH_GPIOE           RCC_AHB1ENR_GPIOEEN
  78:Drivers/STM32F4xx_HAL_Driver/Inc/stm32f4xx_ll_bus.h **** #endif /* GPIOE */
ARM GAS  C:\Users\chris\AppData\Local\Temp\ccpkeIoa.s 			page 28


  79:Drivers/STM32F4xx_HAL_Driver/Inc/stm32f4xx_ll_bus.h **** #if defined(GPIOF)
  80:Drivers/STM32F4xx_HAL_Driver/Inc/stm32f4xx_ll_bus.h **** #define LL_AHB1_GRP1_PERIPH_GPIOF           RCC_AHB1ENR_GPIOFEN
  81:Drivers/STM32F4xx_HAL_Driver/Inc/stm32f4xx_ll_bus.h **** #endif /* GPIOF */
  82:Drivers/STM32F4xx_HAL_Driver/Inc/stm32f4xx_ll_bus.h **** #if defined(GPIOG)
  83:Drivers/STM32F4xx_HAL_Driver/Inc/stm32f4xx_ll_bus.h **** #define LL_AHB1_GRP1_PERIPH_GPIOG           RCC_AHB1ENR_GPIOGEN
  84:Drivers/STM32F4xx_HAL_Driver/Inc/stm32f4xx_ll_bus.h **** #endif /* GPIOG */
  85:Drivers/STM32F4xx_HAL_Driver/Inc/stm32f4xx_ll_bus.h **** #if defined(GPIOH)
  86:Drivers/STM32F4xx_HAL_Driver/Inc/stm32f4xx_ll_bus.h **** #define LL_AHB1_GRP1_PERIPH_GPIOH           RCC_AHB1ENR_GPIOHEN
  87:Drivers/STM32F4xx_HAL_Driver/Inc/stm32f4xx_ll_bus.h **** #endif /* GPIOH */
  88:Drivers/STM32F4xx_HAL_Driver/Inc/stm32f4xx_ll_bus.h **** #if defined(GPIOI)
  89:Drivers/STM32F4xx_HAL_Driver/Inc/stm32f4xx_ll_bus.h **** #define LL_AHB1_GRP1_PERIPH_GPIOI           RCC_AHB1ENR_GPIOIEN
  90:Drivers/STM32F4xx_HAL_Driver/Inc/stm32f4xx_ll_bus.h **** #endif /* GPIOI */
  91:Drivers/STM32F4xx_HAL_Driver/Inc/stm32f4xx_ll_bus.h **** #if defined(GPIOJ)
  92:Drivers/STM32F4xx_HAL_Driver/Inc/stm32f4xx_ll_bus.h **** #define LL_AHB1_GRP1_PERIPH_GPIOJ           RCC_AHB1ENR_GPIOJEN
  93:Drivers/STM32F4xx_HAL_Driver/Inc/stm32f4xx_ll_bus.h **** #endif /* GPIOJ */
  94:Drivers/STM32F4xx_HAL_Driver/Inc/stm32f4xx_ll_bus.h **** #if defined(GPIOK)
  95:Drivers/STM32F4xx_HAL_Driver/Inc/stm32f4xx_ll_bus.h **** #define LL_AHB1_GRP1_PERIPH_GPIOK           RCC_AHB1ENR_GPIOKEN
  96:Drivers/STM32F4xx_HAL_Driver/Inc/stm32f4xx_ll_bus.h **** #endif /* GPIOK */
  97:Drivers/STM32F4xx_HAL_Driver/Inc/stm32f4xx_ll_bus.h **** #define LL_AHB1_GRP1_PERIPH_CRC             RCC_AHB1ENR_CRCEN
  98:Drivers/STM32F4xx_HAL_Driver/Inc/stm32f4xx_ll_bus.h **** #if defined(RCC_AHB1ENR_BKPSRAMEN)
  99:Drivers/STM32F4xx_HAL_Driver/Inc/stm32f4xx_ll_bus.h **** #define LL_AHB1_GRP1_PERIPH_BKPSRAM         RCC_AHB1ENR_BKPSRAMEN
 100:Drivers/STM32F4xx_HAL_Driver/Inc/stm32f4xx_ll_bus.h **** #endif /* RCC_AHB1ENR_BKPSRAMEN */
 101:Drivers/STM32F4xx_HAL_Driver/Inc/stm32f4xx_ll_bus.h **** #if defined(RCC_AHB1ENR_CCMDATARAMEN)
 102:Drivers/STM32F4xx_HAL_Driver/Inc/stm32f4xx_ll_bus.h **** #define LL_AHB1_GRP1_PERIPH_CCMDATARAM      RCC_AHB1ENR_CCMDATARAMEN
 103:Drivers/STM32F4xx_HAL_Driver/Inc/stm32f4xx_ll_bus.h **** #endif /* RCC_AHB1ENR_CCMDATARAMEN */
 104:Drivers/STM32F4xx_HAL_Driver/Inc/stm32f4xx_ll_bus.h **** #define LL_AHB1_GRP1_PERIPH_DMA1            RCC_AHB1ENR_DMA1EN
 105:Drivers/STM32F4xx_HAL_Driver/Inc/stm32f4xx_ll_bus.h **** #define LL_AHB1_GRP1_PERIPH_DMA2            RCC_AHB1ENR_DMA2EN
 106:Drivers/STM32F4xx_HAL_Driver/Inc/stm32f4xx_ll_bus.h **** #if defined(RCC_AHB1ENR_RNGEN)
 107:Drivers/STM32F4xx_HAL_Driver/Inc/stm32f4xx_ll_bus.h **** #define LL_AHB1_GRP1_PERIPH_RNG             RCC_AHB1ENR_RNGEN
 108:Drivers/STM32F4xx_HAL_Driver/Inc/stm32f4xx_ll_bus.h **** #endif /* RCC_AHB1ENR_RNGEN */
 109:Drivers/STM32F4xx_HAL_Driver/Inc/stm32f4xx_ll_bus.h **** #if defined(DMA2D)
 110:Drivers/STM32F4xx_HAL_Driver/Inc/stm32f4xx_ll_bus.h **** #define LL_AHB1_GRP1_PERIPH_DMA2D           RCC_AHB1ENR_DMA2DEN
 111:Drivers/STM32F4xx_HAL_Driver/Inc/stm32f4xx_ll_bus.h **** #endif /* DMA2D */
 112:Drivers/STM32F4xx_HAL_Driver/Inc/stm32f4xx_ll_bus.h **** #if defined(ETH)
 113:Drivers/STM32F4xx_HAL_Driver/Inc/stm32f4xx_ll_bus.h **** #define LL_AHB1_GRP1_PERIPH_ETHMAC          RCC_AHB1ENR_ETHMACEN
 114:Drivers/STM32F4xx_HAL_Driver/Inc/stm32f4xx_ll_bus.h **** #define LL_AHB1_GRP1_PERIPH_ETHMACTX        RCC_AHB1ENR_ETHMACTXEN
 115:Drivers/STM32F4xx_HAL_Driver/Inc/stm32f4xx_ll_bus.h **** #define LL_AHB1_GRP1_PERIPH_ETHMACRX        RCC_AHB1ENR_ETHMACRXEN
 116:Drivers/STM32F4xx_HAL_Driver/Inc/stm32f4xx_ll_bus.h **** #define LL_AHB1_GRP1_PERIPH_ETHMACPTP       RCC_AHB1ENR_ETHMACPTPEN
 117:Drivers/STM32F4xx_HAL_Driver/Inc/stm32f4xx_ll_bus.h **** #endif /* ETH */
 118:Drivers/STM32F4xx_HAL_Driver/Inc/stm32f4xx_ll_bus.h **** #if defined(USB_OTG_HS)
 119:Drivers/STM32F4xx_HAL_Driver/Inc/stm32f4xx_ll_bus.h **** #define LL_AHB1_GRP1_PERIPH_OTGHS           RCC_AHB1ENR_OTGHSEN
 120:Drivers/STM32F4xx_HAL_Driver/Inc/stm32f4xx_ll_bus.h **** #define LL_AHB1_GRP1_PERIPH_OTGHSULPI       RCC_AHB1ENR_OTGHSULPIEN
 121:Drivers/STM32F4xx_HAL_Driver/Inc/stm32f4xx_ll_bus.h **** #endif /* USB_OTG_HS */
 122:Drivers/STM32F4xx_HAL_Driver/Inc/stm32f4xx_ll_bus.h **** #define LL_AHB1_GRP1_PERIPH_FLITF           RCC_AHB1LPENR_FLITFLPEN
 123:Drivers/STM32F4xx_HAL_Driver/Inc/stm32f4xx_ll_bus.h **** #define LL_AHB1_GRP1_PERIPH_SRAM1           RCC_AHB1LPENR_SRAM1LPEN
 124:Drivers/STM32F4xx_HAL_Driver/Inc/stm32f4xx_ll_bus.h **** #if defined(RCC_AHB1LPENR_SRAM2LPEN)
 125:Drivers/STM32F4xx_HAL_Driver/Inc/stm32f4xx_ll_bus.h **** #define LL_AHB1_GRP1_PERIPH_SRAM2           RCC_AHB1LPENR_SRAM2LPEN
 126:Drivers/STM32F4xx_HAL_Driver/Inc/stm32f4xx_ll_bus.h **** #endif /* RCC_AHB1LPENR_SRAM2LPEN */
 127:Drivers/STM32F4xx_HAL_Driver/Inc/stm32f4xx_ll_bus.h **** #if defined(RCC_AHB1LPENR_SRAM3LPEN)
 128:Drivers/STM32F4xx_HAL_Driver/Inc/stm32f4xx_ll_bus.h **** #define LL_AHB1_GRP1_PERIPH_SRAM3           RCC_AHB1LPENR_SRAM3LPEN
 129:Drivers/STM32F4xx_HAL_Driver/Inc/stm32f4xx_ll_bus.h **** #endif /* RCC_AHB1LPENR_SRAM3LPEN */
 130:Drivers/STM32F4xx_HAL_Driver/Inc/stm32f4xx_ll_bus.h **** /**
 131:Drivers/STM32F4xx_HAL_Driver/Inc/stm32f4xx_ll_bus.h ****   * @}
 132:Drivers/STM32F4xx_HAL_Driver/Inc/stm32f4xx_ll_bus.h ****   */
 133:Drivers/STM32F4xx_HAL_Driver/Inc/stm32f4xx_ll_bus.h **** 
 134:Drivers/STM32F4xx_HAL_Driver/Inc/stm32f4xx_ll_bus.h **** #if defined(RCC_AHB2_SUPPORT)
 135:Drivers/STM32F4xx_HAL_Driver/Inc/stm32f4xx_ll_bus.h **** /** @defgroup BUS_LL_EC_AHB2_GRP1_PERIPH  AHB2 GRP1 PERIPH
ARM GAS  C:\Users\chris\AppData\Local\Temp\ccpkeIoa.s 			page 29


 136:Drivers/STM32F4xx_HAL_Driver/Inc/stm32f4xx_ll_bus.h ****   * @{
 137:Drivers/STM32F4xx_HAL_Driver/Inc/stm32f4xx_ll_bus.h ****   */
 138:Drivers/STM32F4xx_HAL_Driver/Inc/stm32f4xx_ll_bus.h **** #define LL_AHB2_GRP1_PERIPH_ALL            0xFFFFFFFFU
 139:Drivers/STM32F4xx_HAL_Driver/Inc/stm32f4xx_ll_bus.h **** #if defined(DCMI)
 140:Drivers/STM32F4xx_HAL_Driver/Inc/stm32f4xx_ll_bus.h **** #define LL_AHB2_GRP1_PERIPH_DCMI           RCC_AHB2ENR_DCMIEN
 141:Drivers/STM32F4xx_HAL_Driver/Inc/stm32f4xx_ll_bus.h **** #endif /* DCMI */
 142:Drivers/STM32F4xx_HAL_Driver/Inc/stm32f4xx_ll_bus.h **** #if defined(CRYP)
 143:Drivers/STM32F4xx_HAL_Driver/Inc/stm32f4xx_ll_bus.h **** #define LL_AHB2_GRP1_PERIPH_CRYP           RCC_AHB2ENR_CRYPEN
 144:Drivers/STM32F4xx_HAL_Driver/Inc/stm32f4xx_ll_bus.h **** #endif /* CRYP */
 145:Drivers/STM32F4xx_HAL_Driver/Inc/stm32f4xx_ll_bus.h **** #if defined(AES)
 146:Drivers/STM32F4xx_HAL_Driver/Inc/stm32f4xx_ll_bus.h **** #define LL_AHB2_GRP1_PERIPH_AES            RCC_AHB2ENR_AESEN
 147:Drivers/STM32F4xx_HAL_Driver/Inc/stm32f4xx_ll_bus.h **** #endif /* AES */
 148:Drivers/STM32F4xx_HAL_Driver/Inc/stm32f4xx_ll_bus.h **** #if defined(HASH)
 149:Drivers/STM32F4xx_HAL_Driver/Inc/stm32f4xx_ll_bus.h **** #define LL_AHB2_GRP1_PERIPH_HASH           RCC_AHB2ENR_HASHEN
 150:Drivers/STM32F4xx_HAL_Driver/Inc/stm32f4xx_ll_bus.h **** #endif /* HASH */
 151:Drivers/STM32F4xx_HAL_Driver/Inc/stm32f4xx_ll_bus.h **** #if defined(RCC_AHB2ENR_RNGEN)
 152:Drivers/STM32F4xx_HAL_Driver/Inc/stm32f4xx_ll_bus.h **** #define LL_AHB2_GRP1_PERIPH_RNG            RCC_AHB2ENR_RNGEN
 153:Drivers/STM32F4xx_HAL_Driver/Inc/stm32f4xx_ll_bus.h **** #endif /* RCC_AHB2ENR_RNGEN */
 154:Drivers/STM32F4xx_HAL_Driver/Inc/stm32f4xx_ll_bus.h **** #if defined(USB_OTG_FS)
 155:Drivers/STM32F4xx_HAL_Driver/Inc/stm32f4xx_ll_bus.h **** #define LL_AHB2_GRP1_PERIPH_OTGFS          RCC_AHB2ENR_OTGFSEN
 156:Drivers/STM32F4xx_HAL_Driver/Inc/stm32f4xx_ll_bus.h **** #endif /* USB_OTG_FS */
 157:Drivers/STM32F4xx_HAL_Driver/Inc/stm32f4xx_ll_bus.h **** /**
 158:Drivers/STM32F4xx_HAL_Driver/Inc/stm32f4xx_ll_bus.h ****   * @}
 159:Drivers/STM32F4xx_HAL_Driver/Inc/stm32f4xx_ll_bus.h ****   */
 160:Drivers/STM32F4xx_HAL_Driver/Inc/stm32f4xx_ll_bus.h **** #endif /* RCC_AHB2_SUPPORT */
 161:Drivers/STM32F4xx_HAL_Driver/Inc/stm32f4xx_ll_bus.h **** 
 162:Drivers/STM32F4xx_HAL_Driver/Inc/stm32f4xx_ll_bus.h **** #if defined(RCC_AHB3_SUPPORT)
 163:Drivers/STM32F4xx_HAL_Driver/Inc/stm32f4xx_ll_bus.h **** /** @defgroup BUS_LL_EC_AHB3_GRP1_PERIPH  AHB3 GRP1 PERIPH
 164:Drivers/STM32F4xx_HAL_Driver/Inc/stm32f4xx_ll_bus.h ****   * @{
 165:Drivers/STM32F4xx_HAL_Driver/Inc/stm32f4xx_ll_bus.h ****   */
 166:Drivers/STM32F4xx_HAL_Driver/Inc/stm32f4xx_ll_bus.h **** #define LL_AHB3_GRP1_PERIPH_ALL            0xFFFFFFFFU
 167:Drivers/STM32F4xx_HAL_Driver/Inc/stm32f4xx_ll_bus.h **** #if defined(FSMC_Bank1)
 168:Drivers/STM32F4xx_HAL_Driver/Inc/stm32f4xx_ll_bus.h **** #define LL_AHB3_GRP1_PERIPH_FSMC           RCC_AHB3ENR_FSMCEN
 169:Drivers/STM32F4xx_HAL_Driver/Inc/stm32f4xx_ll_bus.h **** #endif /* FSMC_Bank1 */
 170:Drivers/STM32F4xx_HAL_Driver/Inc/stm32f4xx_ll_bus.h **** #if defined(FMC_Bank1)
 171:Drivers/STM32F4xx_HAL_Driver/Inc/stm32f4xx_ll_bus.h **** #define LL_AHB3_GRP1_PERIPH_FMC            RCC_AHB3ENR_FMCEN
 172:Drivers/STM32F4xx_HAL_Driver/Inc/stm32f4xx_ll_bus.h **** #endif /* FMC_Bank1 */
 173:Drivers/STM32F4xx_HAL_Driver/Inc/stm32f4xx_ll_bus.h **** #if defined(QUADSPI)
 174:Drivers/STM32F4xx_HAL_Driver/Inc/stm32f4xx_ll_bus.h **** #define LL_AHB3_GRP1_PERIPH_QSPI           RCC_AHB3ENR_QSPIEN
 175:Drivers/STM32F4xx_HAL_Driver/Inc/stm32f4xx_ll_bus.h **** #endif /* QUADSPI */
 176:Drivers/STM32F4xx_HAL_Driver/Inc/stm32f4xx_ll_bus.h **** /**
 177:Drivers/STM32F4xx_HAL_Driver/Inc/stm32f4xx_ll_bus.h ****   * @}
 178:Drivers/STM32F4xx_HAL_Driver/Inc/stm32f4xx_ll_bus.h ****   */
 179:Drivers/STM32F4xx_HAL_Driver/Inc/stm32f4xx_ll_bus.h **** #endif /* RCC_AHB3_SUPPORT */
 180:Drivers/STM32F4xx_HAL_Driver/Inc/stm32f4xx_ll_bus.h **** 
 181:Drivers/STM32F4xx_HAL_Driver/Inc/stm32f4xx_ll_bus.h **** /** @defgroup BUS_LL_EC_APB1_GRP1_PERIPH  APB1 GRP1 PERIPH
 182:Drivers/STM32F4xx_HAL_Driver/Inc/stm32f4xx_ll_bus.h ****   * @{
 183:Drivers/STM32F4xx_HAL_Driver/Inc/stm32f4xx_ll_bus.h ****   */
 184:Drivers/STM32F4xx_HAL_Driver/Inc/stm32f4xx_ll_bus.h **** #define LL_APB1_GRP1_PERIPH_ALL            0xFFFFFFFFU
 185:Drivers/STM32F4xx_HAL_Driver/Inc/stm32f4xx_ll_bus.h **** #if defined(TIM2)
 186:Drivers/STM32F4xx_HAL_Driver/Inc/stm32f4xx_ll_bus.h **** #define LL_APB1_GRP1_PERIPH_TIM2           RCC_APB1ENR_TIM2EN
 187:Drivers/STM32F4xx_HAL_Driver/Inc/stm32f4xx_ll_bus.h **** #endif /* TIM2 */
 188:Drivers/STM32F4xx_HAL_Driver/Inc/stm32f4xx_ll_bus.h **** #if defined(TIM3)
 189:Drivers/STM32F4xx_HAL_Driver/Inc/stm32f4xx_ll_bus.h **** #define LL_APB1_GRP1_PERIPH_TIM3           RCC_APB1ENR_TIM3EN
 190:Drivers/STM32F4xx_HAL_Driver/Inc/stm32f4xx_ll_bus.h **** #endif /* TIM3 */
 191:Drivers/STM32F4xx_HAL_Driver/Inc/stm32f4xx_ll_bus.h **** #if defined(TIM4)
 192:Drivers/STM32F4xx_HAL_Driver/Inc/stm32f4xx_ll_bus.h **** #define LL_APB1_GRP1_PERIPH_TIM4           RCC_APB1ENR_TIM4EN
ARM GAS  C:\Users\chris\AppData\Local\Temp\ccpkeIoa.s 			page 30


 193:Drivers/STM32F4xx_HAL_Driver/Inc/stm32f4xx_ll_bus.h **** #endif /* TIM4 */
 194:Drivers/STM32F4xx_HAL_Driver/Inc/stm32f4xx_ll_bus.h **** #define LL_APB1_GRP1_PERIPH_TIM5           RCC_APB1ENR_TIM5EN
 195:Drivers/STM32F4xx_HAL_Driver/Inc/stm32f4xx_ll_bus.h **** #if defined(TIM6)
 196:Drivers/STM32F4xx_HAL_Driver/Inc/stm32f4xx_ll_bus.h **** #define LL_APB1_GRP1_PERIPH_TIM6           RCC_APB1ENR_TIM6EN
 197:Drivers/STM32F4xx_HAL_Driver/Inc/stm32f4xx_ll_bus.h **** #endif /* TIM6 */
 198:Drivers/STM32F4xx_HAL_Driver/Inc/stm32f4xx_ll_bus.h **** #if defined(TIM7)
 199:Drivers/STM32F4xx_HAL_Driver/Inc/stm32f4xx_ll_bus.h **** #define LL_APB1_GRP1_PERIPH_TIM7           RCC_APB1ENR_TIM7EN
 200:Drivers/STM32F4xx_HAL_Driver/Inc/stm32f4xx_ll_bus.h **** #endif /* TIM7 */
 201:Drivers/STM32F4xx_HAL_Driver/Inc/stm32f4xx_ll_bus.h **** #if defined(TIM12)
 202:Drivers/STM32F4xx_HAL_Driver/Inc/stm32f4xx_ll_bus.h **** #define LL_APB1_GRP1_PERIPH_TIM12          RCC_APB1ENR_TIM12EN
 203:Drivers/STM32F4xx_HAL_Driver/Inc/stm32f4xx_ll_bus.h **** #endif /* TIM12 */
 204:Drivers/STM32F4xx_HAL_Driver/Inc/stm32f4xx_ll_bus.h **** #if defined(TIM13)
 205:Drivers/STM32F4xx_HAL_Driver/Inc/stm32f4xx_ll_bus.h **** #define LL_APB1_GRP1_PERIPH_TIM13          RCC_APB1ENR_TIM13EN
 206:Drivers/STM32F4xx_HAL_Driver/Inc/stm32f4xx_ll_bus.h **** #endif /* TIM13 */
 207:Drivers/STM32F4xx_HAL_Driver/Inc/stm32f4xx_ll_bus.h **** #if defined(TIM14)
 208:Drivers/STM32F4xx_HAL_Driver/Inc/stm32f4xx_ll_bus.h **** #define LL_APB1_GRP1_PERIPH_TIM14          RCC_APB1ENR_TIM14EN
 209:Drivers/STM32F4xx_HAL_Driver/Inc/stm32f4xx_ll_bus.h **** #endif /* TIM14 */
 210:Drivers/STM32F4xx_HAL_Driver/Inc/stm32f4xx_ll_bus.h **** #if defined(LPTIM1)
 211:Drivers/STM32F4xx_HAL_Driver/Inc/stm32f4xx_ll_bus.h **** #define LL_APB1_GRP1_PERIPH_LPTIM1         RCC_APB1ENR_LPTIM1EN
 212:Drivers/STM32F4xx_HAL_Driver/Inc/stm32f4xx_ll_bus.h **** #endif /* LPTIM1 */
 213:Drivers/STM32F4xx_HAL_Driver/Inc/stm32f4xx_ll_bus.h **** #if defined(RCC_APB1ENR_RTCAPBEN)
 214:Drivers/STM32F4xx_HAL_Driver/Inc/stm32f4xx_ll_bus.h **** #define LL_APB1_GRP1_PERIPH_RTCAPB         RCC_APB1ENR_RTCAPBEN
 215:Drivers/STM32F4xx_HAL_Driver/Inc/stm32f4xx_ll_bus.h **** #endif /* RCC_APB1ENR_RTCAPBEN */
 216:Drivers/STM32F4xx_HAL_Driver/Inc/stm32f4xx_ll_bus.h **** #define LL_APB1_GRP1_PERIPH_WWDG           RCC_APB1ENR_WWDGEN
 217:Drivers/STM32F4xx_HAL_Driver/Inc/stm32f4xx_ll_bus.h **** #if defined(SPI2)
 218:Drivers/STM32F4xx_HAL_Driver/Inc/stm32f4xx_ll_bus.h **** #define LL_APB1_GRP1_PERIPH_SPI2           RCC_APB1ENR_SPI2EN
 219:Drivers/STM32F4xx_HAL_Driver/Inc/stm32f4xx_ll_bus.h **** #endif /* SPI2 */
 220:Drivers/STM32F4xx_HAL_Driver/Inc/stm32f4xx_ll_bus.h **** #if defined(SPI3)
 221:Drivers/STM32F4xx_HAL_Driver/Inc/stm32f4xx_ll_bus.h **** #define LL_APB1_GRP1_PERIPH_SPI3           RCC_APB1ENR_SPI3EN
 222:Drivers/STM32F4xx_HAL_Driver/Inc/stm32f4xx_ll_bus.h **** #endif /* SPI3 */
 223:Drivers/STM32F4xx_HAL_Driver/Inc/stm32f4xx_ll_bus.h **** #if defined(SPDIFRX)
 224:Drivers/STM32F4xx_HAL_Driver/Inc/stm32f4xx_ll_bus.h **** #define LL_APB1_GRP1_PERIPH_SPDIFRX        RCC_APB1ENR_SPDIFRXEN
 225:Drivers/STM32F4xx_HAL_Driver/Inc/stm32f4xx_ll_bus.h **** #endif /* SPDIFRX */
 226:Drivers/STM32F4xx_HAL_Driver/Inc/stm32f4xx_ll_bus.h **** #define LL_APB1_GRP1_PERIPH_USART2         RCC_APB1ENR_USART2EN
 227:Drivers/STM32F4xx_HAL_Driver/Inc/stm32f4xx_ll_bus.h **** #if defined(USART3)
 228:Drivers/STM32F4xx_HAL_Driver/Inc/stm32f4xx_ll_bus.h **** #define LL_APB1_GRP1_PERIPH_USART3         RCC_APB1ENR_USART3EN
 229:Drivers/STM32F4xx_HAL_Driver/Inc/stm32f4xx_ll_bus.h **** #endif /* USART3 */
 230:Drivers/STM32F4xx_HAL_Driver/Inc/stm32f4xx_ll_bus.h **** #if defined(UART4)
 231:Drivers/STM32F4xx_HAL_Driver/Inc/stm32f4xx_ll_bus.h **** #define LL_APB1_GRP1_PERIPH_UART4          RCC_APB1ENR_UART4EN
 232:Drivers/STM32F4xx_HAL_Driver/Inc/stm32f4xx_ll_bus.h **** #endif /* UART4 */
 233:Drivers/STM32F4xx_HAL_Driver/Inc/stm32f4xx_ll_bus.h **** #if defined(UART5)
 234:Drivers/STM32F4xx_HAL_Driver/Inc/stm32f4xx_ll_bus.h **** #define LL_APB1_GRP1_PERIPH_UART5          RCC_APB1ENR_UART5EN
 235:Drivers/STM32F4xx_HAL_Driver/Inc/stm32f4xx_ll_bus.h **** #endif /* UART5 */
 236:Drivers/STM32F4xx_HAL_Driver/Inc/stm32f4xx_ll_bus.h **** #define LL_APB1_GRP1_PERIPH_I2C1           RCC_APB1ENR_I2C1EN
 237:Drivers/STM32F4xx_HAL_Driver/Inc/stm32f4xx_ll_bus.h **** #define LL_APB1_GRP1_PERIPH_I2C2           RCC_APB1ENR_I2C2EN
 238:Drivers/STM32F4xx_HAL_Driver/Inc/stm32f4xx_ll_bus.h **** #if defined(I2C3)
 239:Drivers/STM32F4xx_HAL_Driver/Inc/stm32f4xx_ll_bus.h **** #define LL_APB1_GRP1_PERIPH_I2C3           RCC_APB1ENR_I2C3EN
 240:Drivers/STM32F4xx_HAL_Driver/Inc/stm32f4xx_ll_bus.h **** #endif /* I2C3 */
 241:Drivers/STM32F4xx_HAL_Driver/Inc/stm32f4xx_ll_bus.h **** #if defined(FMPI2C1)
 242:Drivers/STM32F4xx_HAL_Driver/Inc/stm32f4xx_ll_bus.h **** #define LL_APB1_GRP1_PERIPH_FMPI2C1        RCC_APB1ENR_FMPI2C1EN
 243:Drivers/STM32F4xx_HAL_Driver/Inc/stm32f4xx_ll_bus.h **** #endif /* FMPI2C1 */
 244:Drivers/STM32F4xx_HAL_Driver/Inc/stm32f4xx_ll_bus.h **** #if defined(CAN1)
 245:Drivers/STM32F4xx_HAL_Driver/Inc/stm32f4xx_ll_bus.h **** #define LL_APB1_GRP1_PERIPH_CAN1           RCC_APB1ENR_CAN1EN
 246:Drivers/STM32F4xx_HAL_Driver/Inc/stm32f4xx_ll_bus.h **** #endif /* CAN1 */
 247:Drivers/STM32F4xx_HAL_Driver/Inc/stm32f4xx_ll_bus.h **** #if defined(CAN2)
 248:Drivers/STM32F4xx_HAL_Driver/Inc/stm32f4xx_ll_bus.h **** #define LL_APB1_GRP1_PERIPH_CAN2           RCC_APB1ENR_CAN2EN
 249:Drivers/STM32F4xx_HAL_Driver/Inc/stm32f4xx_ll_bus.h **** #endif /* CAN2 */
ARM GAS  C:\Users\chris\AppData\Local\Temp\ccpkeIoa.s 			page 31


 250:Drivers/STM32F4xx_HAL_Driver/Inc/stm32f4xx_ll_bus.h **** #if defined(CAN3)
 251:Drivers/STM32F4xx_HAL_Driver/Inc/stm32f4xx_ll_bus.h **** #define LL_APB1_GRP1_PERIPH_CAN3           RCC_APB1ENR_CAN3EN
 252:Drivers/STM32F4xx_HAL_Driver/Inc/stm32f4xx_ll_bus.h **** #endif /* CAN3 */
 253:Drivers/STM32F4xx_HAL_Driver/Inc/stm32f4xx_ll_bus.h **** #if defined(CEC)
 254:Drivers/STM32F4xx_HAL_Driver/Inc/stm32f4xx_ll_bus.h **** #define LL_APB1_GRP1_PERIPH_CEC            RCC_APB1ENR_CECEN
 255:Drivers/STM32F4xx_HAL_Driver/Inc/stm32f4xx_ll_bus.h **** #endif /* CEC */
 256:Drivers/STM32F4xx_HAL_Driver/Inc/stm32f4xx_ll_bus.h **** #define LL_APB1_GRP1_PERIPH_PWR            RCC_APB1ENR_PWREN
 257:Drivers/STM32F4xx_HAL_Driver/Inc/stm32f4xx_ll_bus.h **** #if defined(DAC1)
 258:Drivers/STM32F4xx_HAL_Driver/Inc/stm32f4xx_ll_bus.h **** #define LL_APB1_GRP1_PERIPH_DAC1           RCC_APB1ENR_DACEN
 259:Drivers/STM32F4xx_HAL_Driver/Inc/stm32f4xx_ll_bus.h **** #endif /* DAC1 */
 260:Drivers/STM32F4xx_HAL_Driver/Inc/stm32f4xx_ll_bus.h **** #if defined(UART7)
 261:Drivers/STM32F4xx_HAL_Driver/Inc/stm32f4xx_ll_bus.h **** #define LL_APB1_GRP1_PERIPH_UART7          RCC_APB1ENR_UART7EN
 262:Drivers/STM32F4xx_HAL_Driver/Inc/stm32f4xx_ll_bus.h **** #endif /* UART7 */
 263:Drivers/STM32F4xx_HAL_Driver/Inc/stm32f4xx_ll_bus.h **** #if defined(UART8)
 264:Drivers/STM32F4xx_HAL_Driver/Inc/stm32f4xx_ll_bus.h **** #define LL_APB1_GRP1_PERIPH_UART8          RCC_APB1ENR_UART8EN
 265:Drivers/STM32F4xx_HAL_Driver/Inc/stm32f4xx_ll_bus.h **** #endif /* UART8 */
 266:Drivers/STM32F4xx_HAL_Driver/Inc/stm32f4xx_ll_bus.h **** /**
 267:Drivers/STM32F4xx_HAL_Driver/Inc/stm32f4xx_ll_bus.h ****   * @}
 268:Drivers/STM32F4xx_HAL_Driver/Inc/stm32f4xx_ll_bus.h ****   */
 269:Drivers/STM32F4xx_HAL_Driver/Inc/stm32f4xx_ll_bus.h **** 
 270:Drivers/STM32F4xx_HAL_Driver/Inc/stm32f4xx_ll_bus.h **** /** @defgroup BUS_LL_EC_APB2_GRP1_PERIPH  APB2 GRP1 PERIPH
 271:Drivers/STM32F4xx_HAL_Driver/Inc/stm32f4xx_ll_bus.h ****   * @{
 272:Drivers/STM32F4xx_HAL_Driver/Inc/stm32f4xx_ll_bus.h ****   */
 273:Drivers/STM32F4xx_HAL_Driver/Inc/stm32f4xx_ll_bus.h **** #define LL_APB2_GRP1_PERIPH_ALL          0xFFFFFFFFU
 274:Drivers/STM32F4xx_HAL_Driver/Inc/stm32f4xx_ll_bus.h **** #define LL_APB2_GRP1_PERIPH_TIM1         RCC_APB2ENR_TIM1EN
 275:Drivers/STM32F4xx_HAL_Driver/Inc/stm32f4xx_ll_bus.h **** #if defined(TIM8)
 276:Drivers/STM32F4xx_HAL_Driver/Inc/stm32f4xx_ll_bus.h **** #define LL_APB2_GRP1_PERIPH_TIM8         RCC_APB2ENR_TIM8EN
 277:Drivers/STM32F4xx_HAL_Driver/Inc/stm32f4xx_ll_bus.h **** #endif /* TIM8 */
 278:Drivers/STM32F4xx_HAL_Driver/Inc/stm32f4xx_ll_bus.h **** #define LL_APB2_GRP1_PERIPH_USART1       RCC_APB2ENR_USART1EN
 279:Drivers/STM32F4xx_HAL_Driver/Inc/stm32f4xx_ll_bus.h **** #if defined(USART6)
 280:Drivers/STM32F4xx_HAL_Driver/Inc/stm32f4xx_ll_bus.h **** #define LL_APB2_GRP1_PERIPH_USART6       RCC_APB2ENR_USART6EN
 281:Drivers/STM32F4xx_HAL_Driver/Inc/stm32f4xx_ll_bus.h **** #endif /* USART6 */
 282:Drivers/STM32F4xx_HAL_Driver/Inc/stm32f4xx_ll_bus.h **** #if defined(UART9)
 283:Drivers/STM32F4xx_HAL_Driver/Inc/stm32f4xx_ll_bus.h **** #define LL_APB2_GRP1_PERIPH_UART9        RCC_APB2ENR_UART9EN
 284:Drivers/STM32F4xx_HAL_Driver/Inc/stm32f4xx_ll_bus.h **** #endif /* UART9 */
 285:Drivers/STM32F4xx_HAL_Driver/Inc/stm32f4xx_ll_bus.h **** #if defined(UART10)
 286:Drivers/STM32F4xx_HAL_Driver/Inc/stm32f4xx_ll_bus.h **** #define LL_APB2_GRP1_PERIPH_UART10       RCC_APB2ENR_UART10EN
 287:Drivers/STM32F4xx_HAL_Driver/Inc/stm32f4xx_ll_bus.h **** #endif /* UART10 */
 288:Drivers/STM32F4xx_HAL_Driver/Inc/stm32f4xx_ll_bus.h **** #define LL_APB2_GRP1_PERIPH_ADC1         RCC_APB2ENR_ADC1EN
 289:Drivers/STM32F4xx_HAL_Driver/Inc/stm32f4xx_ll_bus.h **** #if defined(ADC2)
 290:Drivers/STM32F4xx_HAL_Driver/Inc/stm32f4xx_ll_bus.h **** #define LL_APB2_GRP1_PERIPH_ADC2         RCC_APB2ENR_ADC2EN
 291:Drivers/STM32F4xx_HAL_Driver/Inc/stm32f4xx_ll_bus.h **** #endif /* ADC2 */
 292:Drivers/STM32F4xx_HAL_Driver/Inc/stm32f4xx_ll_bus.h **** #if defined(ADC3)
 293:Drivers/STM32F4xx_HAL_Driver/Inc/stm32f4xx_ll_bus.h **** #define LL_APB2_GRP1_PERIPH_ADC3         RCC_APB2ENR_ADC3EN
 294:Drivers/STM32F4xx_HAL_Driver/Inc/stm32f4xx_ll_bus.h **** #endif /* ADC3 */
 295:Drivers/STM32F4xx_HAL_Driver/Inc/stm32f4xx_ll_bus.h **** #if defined(SDIO)
 296:Drivers/STM32F4xx_HAL_Driver/Inc/stm32f4xx_ll_bus.h **** #define LL_APB2_GRP1_PERIPH_SDIO         RCC_APB2ENR_SDIOEN
 297:Drivers/STM32F4xx_HAL_Driver/Inc/stm32f4xx_ll_bus.h **** #endif /* SDIO */
 298:Drivers/STM32F4xx_HAL_Driver/Inc/stm32f4xx_ll_bus.h **** #define LL_APB2_GRP1_PERIPH_SPI1         RCC_APB2ENR_SPI1EN
 299:Drivers/STM32F4xx_HAL_Driver/Inc/stm32f4xx_ll_bus.h **** #if defined(SPI4)
 300:Drivers/STM32F4xx_HAL_Driver/Inc/stm32f4xx_ll_bus.h **** #define LL_APB2_GRP1_PERIPH_SPI4         RCC_APB2ENR_SPI4EN
 301:Drivers/STM32F4xx_HAL_Driver/Inc/stm32f4xx_ll_bus.h **** #endif /* SPI4 */
 302:Drivers/STM32F4xx_HAL_Driver/Inc/stm32f4xx_ll_bus.h **** #define LL_APB2_GRP1_PERIPH_SYSCFG       RCC_APB2ENR_SYSCFGEN
 303:Drivers/STM32F4xx_HAL_Driver/Inc/stm32f4xx_ll_bus.h **** #if defined(RCC_APB2ENR_EXTITEN)
 304:Drivers/STM32F4xx_HAL_Driver/Inc/stm32f4xx_ll_bus.h **** #define LL_APB2_GRP1_PERIPH_EXTI         RCC_APB2ENR_EXTITEN
 305:Drivers/STM32F4xx_HAL_Driver/Inc/stm32f4xx_ll_bus.h **** #endif /* RCC_APB2ENR_EXTITEN */
 306:Drivers/STM32F4xx_HAL_Driver/Inc/stm32f4xx_ll_bus.h **** #define LL_APB2_GRP1_PERIPH_TIM9         RCC_APB2ENR_TIM9EN
ARM GAS  C:\Users\chris\AppData\Local\Temp\ccpkeIoa.s 			page 32


 307:Drivers/STM32F4xx_HAL_Driver/Inc/stm32f4xx_ll_bus.h **** #if defined(TIM10)
 308:Drivers/STM32F4xx_HAL_Driver/Inc/stm32f4xx_ll_bus.h **** #define LL_APB2_GRP1_PERIPH_TIM10        RCC_APB2ENR_TIM10EN
 309:Drivers/STM32F4xx_HAL_Driver/Inc/stm32f4xx_ll_bus.h **** #endif /* TIM10 */
 310:Drivers/STM32F4xx_HAL_Driver/Inc/stm32f4xx_ll_bus.h **** #define LL_APB2_GRP1_PERIPH_TIM11        RCC_APB2ENR_TIM11EN
 311:Drivers/STM32F4xx_HAL_Driver/Inc/stm32f4xx_ll_bus.h **** #if defined(SPI5)
 312:Drivers/STM32F4xx_HAL_Driver/Inc/stm32f4xx_ll_bus.h **** #define LL_APB2_GRP1_PERIPH_SPI5         RCC_APB2ENR_SPI5EN
 313:Drivers/STM32F4xx_HAL_Driver/Inc/stm32f4xx_ll_bus.h **** #endif /* SPI5 */
 314:Drivers/STM32F4xx_HAL_Driver/Inc/stm32f4xx_ll_bus.h **** #if defined(SPI6)
 315:Drivers/STM32F4xx_HAL_Driver/Inc/stm32f4xx_ll_bus.h **** #define LL_APB2_GRP1_PERIPH_SPI6         RCC_APB2ENR_SPI6EN
 316:Drivers/STM32F4xx_HAL_Driver/Inc/stm32f4xx_ll_bus.h **** #endif /* SPI6 */
 317:Drivers/STM32F4xx_HAL_Driver/Inc/stm32f4xx_ll_bus.h **** #if defined(SAI1)
 318:Drivers/STM32F4xx_HAL_Driver/Inc/stm32f4xx_ll_bus.h **** #define LL_APB2_GRP1_PERIPH_SAI1         RCC_APB2ENR_SAI1EN
 319:Drivers/STM32F4xx_HAL_Driver/Inc/stm32f4xx_ll_bus.h **** #endif /* SAI1 */
 320:Drivers/STM32F4xx_HAL_Driver/Inc/stm32f4xx_ll_bus.h **** #if defined(SAI2)
 321:Drivers/STM32F4xx_HAL_Driver/Inc/stm32f4xx_ll_bus.h **** #define LL_APB2_GRP1_PERIPH_SAI2         RCC_APB2ENR_SAI2EN
 322:Drivers/STM32F4xx_HAL_Driver/Inc/stm32f4xx_ll_bus.h **** #endif /* SAI2 */
 323:Drivers/STM32F4xx_HAL_Driver/Inc/stm32f4xx_ll_bus.h **** #if defined(LTDC)
 324:Drivers/STM32F4xx_HAL_Driver/Inc/stm32f4xx_ll_bus.h **** #define LL_APB2_GRP1_PERIPH_LTDC         RCC_APB2ENR_LTDCEN
 325:Drivers/STM32F4xx_HAL_Driver/Inc/stm32f4xx_ll_bus.h **** #endif /* LTDC */
 326:Drivers/STM32F4xx_HAL_Driver/Inc/stm32f4xx_ll_bus.h **** #if defined(DSI)
 327:Drivers/STM32F4xx_HAL_Driver/Inc/stm32f4xx_ll_bus.h **** #define LL_APB2_GRP1_PERIPH_DSI          RCC_APB2ENR_DSIEN
 328:Drivers/STM32F4xx_HAL_Driver/Inc/stm32f4xx_ll_bus.h **** #endif /* DSI */
 329:Drivers/STM32F4xx_HAL_Driver/Inc/stm32f4xx_ll_bus.h **** #if defined(DFSDM1_Channel0)
 330:Drivers/STM32F4xx_HAL_Driver/Inc/stm32f4xx_ll_bus.h **** #define LL_APB2_GRP1_PERIPH_DFSDM1       RCC_APB2ENR_DFSDM1EN
 331:Drivers/STM32F4xx_HAL_Driver/Inc/stm32f4xx_ll_bus.h **** #endif /* DFSDM1_Channel0 */
 332:Drivers/STM32F4xx_HAL_Driver/Inc/stm32f4xx_ll_bus.h **** #if defined(DFSDM2_Channel0)
 333:Drivers/STM32F4xx_HAL_Driver/Inc/stm32f4xx_ll_bus.h **** #define LL_APB2_GRP1_PERIPH_DFSDM2       RCC_APB2ENR_DFSDM2EN
 334:Drivers/STM32F4xx_HAL_Driver/Inc/stm32f4xx_ll_bus.h **** #endif /* DFSDM2_Channel0 */
 335:Drivers/STM32F4xx_HAL_Driver/Inc/stm32f4xx_ll_bus.h **** #define LL_APB2_GRP1_PERIPH_ADC          RCC_APB2RSTR_ADCRST
 336:Drivers/STM32F4xx_HAL_Driver/Inc/stm32f4xx_ll_bus.h **** /**
 337:Drivers/STM32F4xx_HAL_Driver/Inc/stm32f4xx_ll_bus.h ****   * @}
 338:Drivers/STM32F4xx_HAL_Driver/Inc/stm32f4xx_ll_bus.h ****   */
 339:Drivers/STM32F4xx_HAL_Driver/Inc/stm32f4xx_ll_bus.h **** 
 340:Drivers/STM32F4xx_HAL_Driver/Inc/stm32f4xx_ll_bus.h **** /**
 341:Drivers/STM32F4xx_HAL_Driver/Inc/stm32f4xx_ll_bus.h ****   * @}
 342:Drivers/STM32F4xx_HAL_Driver/Inc/stm32f4xx_ll_bus.h ****   */
 343:Drivers/STM32F4xx_HAL_Driver/Inc/stm32f4xx_ll_bus.h **** 
 344:Drivers/STM32F4xx_HAL_Driver/Inc/stm32f4xx_ll_bus.h **** /* Exported macro ------------------------------------------------------------*/
 345:Drivers/STM32F4xx_HAL_Driver/Inc/stm32f4xx_ll_bus.h **** /* Exported functions --------------------------------------------------------*/
 346:Drivers/STM32F4xx_HAL_Driver/Inc/stm32f4xx_ll_bus.h **** /** @defgroup BUS_LL_Exported_Functions BUS Exported Functions
 347:Drivers/STM32F4xx_HAL_Driver/Inc/stm32f4xx_ll_bus.h ****   * @{
 348:Drivers/STM32F4xx_HAL_Driver/Inc/stm32f4xx_ll_bus.h ****   */
 349:Drivers/STM32F4xx_HAL_Driver/Inc/stm32f4xx_ll_bus.h **** 
 350:Drivers/STM32F4xx_HAL_Driver/Inc/stm32f4xx_ll_bus.h **** /** @defgroup BUS_LL_EF_AHB1 AHB1
 351:Drivers/STM32F4xx_HAL_Driver/Inc/stm32f4xx_ll_bus.h ****   * @{
 352:Drivers/STM32F4xx_HAL_Driver/Inc/stm32f4xx_ll_bus.h ****   */
 353:Drivers/STM32F4xx_HAL_Driver/Inc/stm32f4xx_ll_bus.h **** 
 354:Drivers/STM32F4xx_HAL_Driver/Inc/stm32f4xx_ll_bus.h **** /**
 355:Drivers/STM32F4xx_HAL_Driver/Inc/stm32f4xx_ll_bus.h ****   * @brief  Enable AHB1 peripherals clock.
 356:Drivers/STM32F4xx_HAL_Driver/Inc/stm32f4xx_ll_bus.h ****   * @rmtoll AHB1ENR      GPIOAEN            LL_AHB1_GRP1_EnableClock\n
 357:Drivers/STM32F4xx_HAL_Driver/Inc/stm32f4xx_ll_bus.h ****   *         AHB1ENR      GPIOBEN            LL_AHB1_GRP1_EnableClock\n
 358:Drivers/STM32F4xx_HAL_Driver/Inc/stm32f4xx_ll_bus.h ****   *         AHB1ENR      GPIOCEN            LL_AHB1_GRP1_EnableClock\n
 359:Drivers/STM32F4xx_HAL_Driver/Inc/stm32f4xx_ll_bus.h ****   *         AHB1ENR      GPIODEN            LL_AHB1_GRP1_EnableClock\n
 360:Drivers/STM32F4xx_HAL_Driver/Inc/stm32f4xx_ll_bus.h ****   *         AHB1ENR      GPIOEEN            LL_AHB1_GRP1_EnableClock\n
 361:Drivers/STM32F4xx_HAL_Driver/Inc/stm32f4xx_ll_bus.h ****   *         AHB1ENR      GPIOFEN            LL_AHB1_GRP1_EnableClock\n
 362:Drivers/STM32F4xx_HAL_Driver/Inc/stm32f4xx_ll_bus.h ****   *         AHB1ENR      GPIOGEN            LL_AHB1_GRP1_EnableClock\n
 363:Drivers/STM32F4xx_HAL_Driver/Inc/stm32f4xx_ll_bus.h ****   *         AHB1ENR      GPIOHEN            LL_AHB1_GRP1_EnableClock\n
ARM GAS  C:\Users\chris\AppData\Local\Temp\ccpkeIoa.s 			page 33


 364:Drivers/STM32F4xx_HAL_Driver/Inc/stm32f4xx_ll_bus.h ****   *         AHB1ENR      GPIOIEN            LL_AHB1_GRP1_EnableClock\n
 365:Drivers/STM32F4xx_HAL_Driver/Inc/stm32f4xx_ll_bus.h ****   *         AHB1ENR      GPIOJEN            LL_AHB1_GRP1_EnableClock\n
 366:Drivers/STM32F4xx_HAL_Driver/Inc/stm32f4xx_ll_bus.h ****   *         AHB1ENR      GPIOKEN            LL_AHB1_GRP1_EnableClock\n
 367:Drivers/STM32F4xx_HAL_Driver/Inc/stm32f4xx_ll_bus.h ****   *         AHB1ENR      CRCEN              LL_AHB1_GRP1_EnableClock\n
 368:Drivers/STM32F4xx_HAL_Driver/Inc/stm32f4xx_ll_bus.h ****   *         AHB1ENR      BKPSRAMEN          LL_AHB1_GRP1_EnableClock\n
 369:Drivers/STM32F4xx_HAL_Driver/Inc/stm32f4xx_ll_bus.h ****   *         AHB1ENR      CCMDATARAMEN       LL_AHB1_GRP1_EnableClock\n
 370:Drivers/STM32F4xx_HAL_Driver/Inc/stm32f4xx_ll_bus.h ****   *         AHB1ENR      DMA1EN             LL_AHB1_GRP1_EnableClock\n
 371:Drivers/STM32F4xx_HAL_Driver/Inc/stm32f4xx_ll_bus.h ****   *         AHB1ENR      DMA2EN             LL_AHB1_GRP1_EnableClock\n
 372:Drivers/STM32F4xx_HAL_Driver/Inc/stm32f4xx_ll_bus.h ****   *         AHB1ENR      RNGEN              LL_AHB1_GRP1_EnableClock\n
 373:Drivers/STM32F4xx_HAL_Driver/Inc/stm32f4xx_ll_bus.h ****   *         AHB1ENR      DMA2DEN            LL_AHB1_GRP1_EnableClock\n
 374:Drivers/STM32F4xx_HAL_Driver/Inc/stm32f4xx_ll_bus.h ****   *         AHB1ENR      ETHMACEN           LL_AHB1_GRP1_EnableClock\n
 375:Drivers/STM32F4xx_HAL_Driver/Inc/stm32f4xx_ll_bus.h ****   *         AHB1ENR      ETHMACTXEN         LL_AHB1_GRP1_EnableClock\n
 376:Drivers/STM32F4xx_HAL_Driver/Inc/stm32f4xx_ll_bus.h ****   *         AHB1ENR      ETHMACRXEN         LL_AHB1_GRP1_EnableClock\n
 377:Drivers/STM32F4xx_HAL_Driver/Inc/stm32f4xx_ll_bus.h ****   *         AHB1ENR      ETHMACPTPEN        LL_AHB1_GRP1_EnableClock\n
 378:Drivers/STM32F4xx_HAL_Driver/Inc/stm32f4xx_ll_bus.h ****   *         AHB1ENR      OTGHSEN            LL_AHB1_GRP1_EnableClock\n
 379:Drivers/STM32F4xx_HAL_Driver/Inc/stm32f4xx_ll_bus.h ****   *         AHB1ENR      OTGHSULPIEN        LL_AHB1_GRP1_EnableClock
 380:Drivers/STM32F4xx_HAL_Driver/Inc/stm32f4xx_ll_bus.h ****   * @param  Periphs This parameter can be a combination of the following values:
 381:Drivers/STM32F4xx_HAL_Driver/Inc/stm32f4xx_ll_bus.h ****   *         @arg @ref LL_AHB1_GRP1_PERIPH_GPIOA
 382:Drivers/STM32F4xx_HAL_Driver/Inc/stm32f4xx_ll_bus.h ****   *         @arg @ref LL_AHB1_GRP1_PERIPH_GPIOB
 383:Drivers/STM32F4xx_HAL_Driver/Inc/stm32f4xx_ll_bus.h ****   *         @arg @ref LL_AHB1_GRP1_PERIPH_GPIOC
 384:Drivers/STM32F4xx_HAL_Driver/Inc/stm32f4xx_ll_bus.h ****   *         @arg @ref LL_AHB1_GRP1_PERIPH_GPIOD (*)
 385:Drivers/STM32F4xx_HAL_Driver/Inc/stm32f4xx_ll_bus.h ****   *         @arg @ref LL_AHB1_GRP1_PERIPH_GPIOE (*)
 386:Drivers/STM32F4xx_HAL_Driver/Inc/stm32f4xx_ll_bus.h ****   *         @arg @ref LL_AHB1_GRP1_PERIPH_GPIOF (*)
 387:Drivers/STM32F4xx_HAL_Driver/Inc/stm32f4xx_ll_bus.h ****   *         @arg @ref LL_AHB1_GRP1_PERIPH_GPIOG (*)
 388:Drivers/STM32F4xx_HAL_Driver/Inc/stm32f4xx_ll_bus.h ****   *         @arg @ref LL_AHB1_GRP1_PERIPH_GPIOH (*)
 389:Drivers/STM32F4xx_HAL_Driver/Inc/stm32f4xx_ll_bus.h ****   *         @arg @ref LL_AHB1_GRP1_PERIPH_GPIOI (*)
 390:Drivers/STM32F4xx_HAL_Driver/Inc/stm32f4xx_ll_bus.h ****   *         @arg @ref LL_AHB1_GRP1_PERIPH_GPIOJ (*)
 391:Drivers/STM32F4xx_HAL_Driver/Inc/stm32f4xx_ll_bus.h ****   *         @arg @ref LL_AHB1_GRP1_PERIPH_GPIOK (*)
 392:Drivers/STM32F4xx_HAL_Driver/Inc/stm32f4xx_ll_bus.h ****   *         @arg @ref LL_AHB1_GRP1_PERIPH_CRC
 393:Drivers/STM32F4xx_HAL_Driver/Inc/stm32f4xx_ll_bus.h ****   *         @arg @ref LL_AHB1_GRP1_PERIPH_BKPSRAM (*)
 394:Drivers/STM32F4xx_HAL_Driver/Inc/stm32f4xx_ll_bus.h ****   *         @arg @ref LL_AHB1_GRP1_PERIPH_CCMDATARAM (*)
 395:Drivers/STM32F4xx_HAL_Driver/Inc/stm32f4xx_ll_bus.h ****   *         @arg @ref LL_AHB1_GRP1_PERIPH_DMA1
 396:Drivers/STM32F4xx_HAL_Driver/Inc/stm32f4xx_ll_bus.h ****   *         @arg @ref LL_AHB1_GRP1_PERIPH_DMA2
 397:Drivers/STM32F4xx_HAL_Driver/Inc/stm32f4xx_ll_bus.h ****   *         @arg @ref LL_AHB1_GRP1_PERIPH_RNG (*)
 398:Drivers/STM32F4xx_HAL_Driver/Inc/stm32f4xx_ll_bus.h ****   *         @arg @ref LL_AHB1_GRP1_PERIPH_DMA2D (*)
 399:Drivers/STM32F4xx_HAL_Driver/Inc/stm32f4xx_ll_bus.h ****   *         @arg @ref LL_AHB1_GRP1_PERIPH_ETHMAC (*)
 400:Drivers/STM32F4xx_HAL_Driver/Inc/stm32f4xx_ll_bus.h ****   *         @arg @ref LL_AHB1_GRP1_PERIPH_ETHMACTX (*)
 401:Drivers/STM32F4xx_HAL_Driver/Inc/stm32f4xx_ll_bus.h ****   *         @arg @ref LL_AHB1_GRP1_PERIPH_ETHMACRX (*)
 402:Drivers/STM32F4xx_HAL_Driver/Inc/stm32f4xx_ll_bus.h ****   *         @arg @ref LL_AHB1_GRP1_PERIPH_ETHMACPTP (*)
 403:Drivers/STM32F4xx_HAL_Driver/Inc/stm32f4xx_ll_bus.h ****   *         @arg @ref LL_AHB1_GRP1_PERIPH_OTGHS (*)
 404:Drivers/STM32F4xx_HAL_Driver/Inc/stm32f4xx_ll_bus.h ****   *         @arg @ref LL_AHB1_GRP1_PERIPH_OTGHSULPI (*)
 405:Drivers/STM32F4xx_HAL_Driver/Inc/stm32f4xx_ll_bus.h ****   *
 406:Drivers/STM32F4xx_HAL_Driver/Inc/stm32f4xx_ll_bus.h ****   *         (*) value not defined in all devices.
 407:Drivers/STM32F4xx_HAL_Driver/Inc/stm32f4xx_ll_bus.h ****   * @retval None
 408:Drivers/STM32F4xx_HAL_Driver/Inc/stm32f4xx_ll_bus.h ****   */
 409:Drivers/STM32F4xx_HAL_Driver/Inc/stm32f4xx_ll_bus.h **** __STATIC_INLINE void LL_AHB1_GRP1_EnableClock(uint32_t Periphs)
 410:Drivers/STM32F4xx_HAL_Driver/Inc/stm32f4xx_ll_bus.h **** {
 411:Drivers/STM32F4xx_HAL_Driver/Inc/stm32f4xx_ll_bus.h ****   __IO uint32_t tmpreg;
 412:Drivers/STM32F4xx_HAL_Driver/Inc/stm32f4xx_ll_bus.h ****   SET_BIT(RCC->AHB1ENR, Periphs);
 413:Drivers/STM32F4xx_HAL_Driver/Inc/stm32f4xx_ll_bus.h ****   /* Delay after an RCC peripheral clock enabling */
 414:Drivers/STM32F4xx_HAL_Driver/Inc/stm32f4xx_ll_bus.h ****   tmpreg = READ_BIT(RCC->AHB1ENR, Periphs);
 415:Drivers/STM32F4xx_HAL_Driver/Inc/stm32f4xx_ll_bus.h ****   (void)tmpreg;
 416:Drivers/STM32F4xx_HAL_Driver/Inc/stm32f4xx_ll_bus.h **** }
 417:Drivers/STM32F4xx_HAL_Driver/Inc/stm32f4xx_ll_bus.h **** 
 418:Drivers/STM32F4xx_HAL_Driver/Inc/stm32f4xx_ll_bus.h **** /**
 419:Drivers/STM32F4xx_HAL_Driver/Inc/stm32f4xx_ll_bus.h ****   * @brief  Check if AHB1 peripheral clock is enabled or not
 420:Drivers/STM32F4xx_HAL_Driver/Inc/stm32f4xx_ll_bus.h ****   * @rmtoll AHB1ENR      GPIOAEN            LL_AHB1_GRP1_IsEnabledClock\n
ARM GAS  C:\Users\chris\AppData\Local\Temp\ccpkeIoa.s 			page 34


 421:Drivers/STM32F4xx_HAL_Driver/Inc/stm32f4xx_ll_bus.h ****   *         AHB1ENR      GPIOBEN            LL_AHB1_GRP1_IsEnabledClock\n
 422:Drivers/STM32F4xx_HAL_Driver/Inc/stm32f4xx_ll_bus.h ****   *         AHB1ENR      GPIOCEN            LL_AHB1_GRP1_IsEnabledClock\n
 423:Drivers/STM32F4xx_HAL_Driver/Inc/stm32f4xx_ll_bus.h ****   *         AHB1ENR      GPIODEN            LL_AHB1_GRP1_IsEnabledClock\n
 424:Drivers/STM32F4xx_HAL_Driver/Inc/stm32f4xx_ll_bus.h ****   *         AHB1ENR      GPIOEEN            LL_AHB1_GRP1_IsEnabledClock\n
 425:Drivers/STM32F4xx_HAL_Driver/Inc/stm32f4xx_ll_bus.h ****   *         AHB1ENR      GPIOFEN            LL_AHB1_GRP1_IsEnabledClock\n
 426:Drivers/STM32F4xx_HAL_Driver/Inc/stm32f4xx_ll_bus.h ****   *         AHB1ENR      GPIOGEN            LL_AHB1_GRP1_IsEnabledClock\n
 427:Drivers/STM32F4xx_HAL_Driver/Inc/stm32f4xx_ll_bus.h ****   *         AHB1ENR      GPIOHEN            LL_AHB1_GRP1_IsEnabledClock\n
 428:Drivers/STM32F4xx_HAL_Driver/Inc/stm32f4xx_ll_bus.h ****   *         AHB1ENR      GPIOIEN            LL_AHB1_GRP1_IsEnabledClock\n
 429:Drivers/STM32F4xx_HAL_Driver/Inc/stm32f4xx_ll_bus.h ****   *         AHB1ENR      GPIOJEN            LL_AHB1_GRP1_IsEnabledClock\n
 430:Drivers/STM32F4xx_HAL_Driver/Inc/stm32f4xx_ll_bus.h ****   *         AHB1ENR      GPIOKEN            LL_AHB1_GRP1_IsEnabledClock\n
 431:Drivers/STM32F4xx_HAL_Driver/Inc/stm32f4xx_ll_bus.h ****   *         AHB1ENR      CRCEN              LL_AHB1_GRP1_IsEnabledClock\n
 432:Drivers/STM32F4xx_HAL_Driver/Inc/stm32f4xx_ll_bus.h ****   *         AHB1ENR      BKPSRAMEN          LL_AHB1_GRP1_IsEnabledClock\n
 433:Drivers/STM32F4xx_HAL_Driver/Inc/stm32f4xx_ll_bus.h ****   *         AHB1ENR      CCMDATARAMEN       LL_AHB1_GRP1_IsEnabledClock\n
 434:Drivers/STM32F4xx_HAL_Driver/Inc/stm32f4xx_ll_bus.h ****   *         AHB1ENR      DMA1EN             LL_AHB1_GRP1_IsEnabledClock\n
 435:Drivers/STM32F4xx_HAL_Driver/Inc/stm32f4xx_ll_bus.h ****   *         AHB1ENR      DMA2EN             LL_AHB1_GRP1_IsEnabledClock\n
 436:Drivers/STM32F4xx_HAL_Driver/Inc/stm32f4xx_ll_bus.h ****   *         AHB1ENR      RNGEN              LL_AHB1_GRP1_IsEnabledClock\n
 437:Drivers/STM32F4xx_HAL_Driver/Inc/stm32f4xx_ll_bus.h ****   *         AHB1ENR      DMA2DEN            LL_AHB1_GRP1_IsEnabledClock\n
 438:Drivers/STM32F4xx_HAL_Driver/Inc/stm32f4xx_ll_bus.h ****   *         AHB1ENR      ETHMACEN           LL_AHB1_GRP1_IsEnabledClock\n
 439:Drivers/STM32F4xx_HAL_Driver/Inc/stm32f4xx_ll_bus.h ****   *         AHB1ENR      ETHMACTXEN         LL_AHB1_GRP1_IsEnabledClock\n
 440:Drivers/STM32F4xx_HAL_Driver/Inc/stm32f4xx_ll_bus.h ****   *         AHB1ENR      ETHMACRXEN         LL_AHB1_GRP1_IsEnabledClock\n
 441:Drivers/STM32F4xx_HAL_Driver/Inc/stm32f4xx_ll_bus.h ****   *         AHB1ENR      ETHMACPTPEN        LL_AHB1_GRP1_IsEnabledClock\n
 442:Drivers/STM32F4xx_HAL_Driver/Inc/stm32f4xx_ll_bus.h ****   *         AHB1ENR      OTGHSEN            LL_AHB1_GRP1_IsEnabledClock\n
 443:Drivers/STM32F4xx_HAL_Driver/Inc/stm32f4xx_ll_bus.h ****   *         AHB1ENR      OTGHSULPIEN        LL_AHB1_GRP1_IsEnabledClock
 444:Drivers/STM32F4xx_HAL_Driver/Inc/stm32f4xx_ll_bus.h ****   * @param  Periphs This parameter can be a combination of the following values:
 445:Drivers/STM32F4xx_HAL_Driver/Inc/stm32f4xx_ll_bus.h ****   *         @arg @ref LL_AHB1_GRP1_PERIPH_GPIOA
 446:Drivers/STM32F4xx_HAL_Driver/Inc/stm32f4xx_ll_bus.h ****   *         @arg @ref LL_AHB1_GRP1_PERIPH_GPIOB
 447:Drivers/STM32F4xx_HAL_Driver/Inc/stm32f4xx_ll_bus.h ****   *         @arg @ref LL_AHB1_GRP1_PERIPH_GPIOC
 448:Drivers/STM32F4xx_HAL_Driver/Inc/stm32f4xx_ll_bus.h ****   *         @arg @ref LL_AHB1_GRP1_PERIPH_GPIOD (*)
 449:Drivers/STM32F4xx_HAL_Driver/Inc/stm32f4xx_ll_bus.h ****   *         @arg @ref LL_AHB1_GRP1_PERIPH_GPIOE (*)
 450:Drivers/STM32F4xx_HAL_Driver/Inc/stm32f4xx_ll_bus.h ****   *         @arg @ref LL_AHB1_GRP1_PERIPH_GPIOF (*)
 451:Drivers/STM32F4xx_HAL_Driver/Inc/stm32f4xx_ll_bus.h ****   *         @arg @ref LL_AHB1_GRP1_PERIPH_GPIOG (*)
 452:Drivers/STM32F4xx_HAL_Driver/Inc/stm32f4xx_ll_bus.h ****   *         @arg @ref LL_AHB1_GRP1_PERIPH_GPIOH (*)
 453:Drivers/STM32F4xx_HAL_Driver/Inc/stm32f4xx_ll_bus.h ****   *         @arg @ref LL_AHB1_GRP1_PERIPH_GPIOI (*)
 454:Drivers/STM32F4xx_HAL_Driver/Inc/stm32f4xx_ll_bus.h ****   *         @arg @ref LL_AHB1_GRP1_PERIPH_GPIOJ (*)
 455:Drivers/STM32F4xx_HAL_Driver/Inc/stm32f4xx_ll_bus.h ****   *         @arg @ref LL_AHB1_GRP1_PERIPH_GPIOK (*)
 456:Drivers/STM32F4xx_HAL_Driver/Inc/stm32f4xx_ll_bus.h ****   *         @arg @ref LL_AHB1_GRP1_PERIPH_CRC
 457:Drivers/STM32F4xx_HAL_Driver/Inc/stm32f4xx_ll_bus.h ****   *         @arg @ref LL_AHB1_GRP1_PERIPH_BKPSRAM (*)
 458:Drivers/STM32F4xx_HAL_Driver/Inc/stm32f4xx_ll_bus.h ****   *         @arg @ref LL_AHB1_GRP1_PERIPH_CCMDATARAM (*)
 459:Drivers/STM32F4xx_HAL_Driver/Inc/stm32f4xx_ll_bus.h ****   *         @arg @ref LL_AHB1_GRP1_PERIPH_DMA1
 460:Drivers/STM32F4xx_HAL_Driver/Inc/stm32f4xx_ll_bus.h ****   *         @arg @ref LL_AHB1_GRP1_PERIPH_DMA2
 461:Drivers/STM32F4xx_HAL_Driver/Inc/stm32f4xx_ll_bus.h ****   *         @arg @ref LL_AHB1_GRP1_PERIPH_RNG (*)
 462:Drivers/STM32F4xx_HAL_Driver/Inc/stm32f4xx_ll_bus.h ****   *         @arg @ref LL_AHB1_GRP1_PERIPH_DMA2D (*)
 463:Drivers/STM32F4xx_HAL_Driver/Inc/stm32f4xx_ll_bus.h ****   *         @arg @ref LL_AHB1_GRP1_PERIPH_ETHMAC (*)
 464:Drivers/STM32F4xx_HAL_Driver/Inc/stm32f4xx_ll_bus.h ****   *         @arg @ref LL_AHB1_GRP1_PERIPH_ETHMACTX (*)
 465:Drivers/STM32F4xx_HAL_Driver/Inc/stm32f4xx_ll_bus.h ****   *         @arg @ref LL_AHB1_GRP1_PERIPH_ETHMACRX (*)
 466:Drivers/STM32F4xx_HAL_Driver/Inc/stm32f4xx_ll_bus.h ****   *         @arg @ref LL_AHB1_GRP1_PERIPH_ETHMACPTP (*)
 467:Drivers/STM32F4xx_HAL_Driver/Inc/stm32f4xx_ll_bus.h ****   *         @arg @ref LL_AHB1_GRP1_PERIPH_OTGHS (*)
 468:Drivers/STM32F4xx_HAL_Driver/Inc/stm32f4xx_ll_bus.h ****   *         @arg @ref LL_AHB1_GRP1_PERIPH_OTGHSULPI (*)
 469:Drivers/STM32F4xx_HAL_Driver/Inc/stm32f4xx_ll_bus.h ****   *
 470:Drivers/STM32F4xx_HAL_Driver/Inc/stm32f4xx_ll_bus.h ****   *         (*) value not defined in all devices.
 471:Drivers/STM32F4xx_HAL_Driver/Inc/stm32f4xx_ll_bus.h ****   * @retval State of Periphs (1 or 0).
 472:Drivers/STM32F4xx_HAL_Driver/Inc/stm32f4xx_ll_bus.h ****   */
 473:Drivers/STM32F4xx_HAL_Driver/Inc/stm32f4xx_ll_bus.h **** __STATIC_INLINE uint32_t LL_AHB1_GRP1_IsEnabledClock(uint32_t Periphs)
 474:Drivers/STM32F4xx_HAL_Driver/Inc/stm32f4xx_ll_bus.h **** {
 475:Drivers/STM32F4xx_HAL_Driver/Inc/stm32f4xx_ll_bus.h ****   return (READ_BIT(RCC->AHB1ENR, Periphs) == Periphs);
 476:Drivers/STM32F4xx_HAL_Driver/Inc/stm32f4xx_ll_bus.h **** }
 477:Drivers/STM32F4xx_HAL_Driver/Inc/stm32f4xx_ll_bus.h **** 
ARM GAS  C:\Users\chris\AppData\Local\Temp\ccpkeIoa.s 			page 35


 478:Drivers/STM32F4xx_HAL_Driver/Inc/stm32f4xx_ll_bus.h **** /**
 479:Drivers/STM32F4xx_HAL_Driver/Inc/stm32f4xx_ll_bus.h ****   * @brief  Disable AHB1 peripherals clock.
 480:Drivers/STM32F4xx_HAL_Driver/Inc/stm32f4xx_ll_bus.h ****   * @rmtoll AHB1ENR      GPIOAEN            LL_AHB1_GRP1_DisableClock\n
 481:Drivers/STM32F4xx_HAL_Driver/Inc/stm32f4xx_ll_bus.h ****   *         AHB1ENR      GPIOBEN            LL_AHB1_GRP1_DisableClock\n
 482:Drivers/STM32F4xx_HAL_Driver/Inc/stm32f4xx_ll_bus.h ****   *         AHB1ENR      GPIOCEN            LL_AHB1_GRP1_DisableClock\n
 483:Drivers/STM32F4xx_HAL_Driver/Inc/stm32f4xx_ll_bus.h ****   *         AHB1ENR      GPIODEN            LL_AHB1_GRP1_DisableClock\n
 484:Drivers/STM32F4xx_HAL_Driver/Inc/stm32f4xx_ll_bus.h ****   *         AHB1ENR      GPIOEEN            LL_AHB1_GRP1_DisableClock\n
 485:Drivers/STM32F4xx_HAL_Driver/Inc/stm32f4xx_ll_bus.h ****   *         AHB1ENR      GPIOFEN            LL_AHB1_GRP1_DisableClock\n
 486:Drivers/STM32F4xx_HAL_Driver/Inc/stm32f4xx_ll_bus.h ****   *         AHB1ENR      GPIOGEN            LL_AHB1_GRP1_DisableClock\n
 487:Drivers/STM32F4xx_HAL_Driver/Inc/stm32f4xx_ll_bus.h ****   *         AHB1ENR      GPIOHEN            LL_AHB1_GRP1_DisableClock\n
 488:Drivers/STM32F4xx_HAL_Driver/Inc/stm32f4xx_ll_bus.h ****   *         AHB1ENR      GPIOIEN            LL_AHB1_GRP1_DisableClock\n
 489:Drivers/STM32F4xx_HAL_Driver/Inc/stm32f4xx_ll_bus.h ****   *         AHB1ENR      GPIOJEN            LL_AHB1_GRP1_DisableClock\n
 490:Drivers/STM32F4xx_HAL_Driver/Inc/stm32f4xx_ll_bus.h ****   *         AHB1ENR      GPIOKEN            LL_AHB1_GRP1_DisableClock\n
 491:Drivers/STM32F4xx_HAL_Driver/Inc/stm32f4xx_ll_bus.h ****   *         AHB1ENR      CRCEN              LL_AHB1_GRP1_DisableClock\n
 492:Drivers/STM32F4xx_HAL_Driver/Inc/stm32f4xx_ll_bus.h ****   *         AHB1ENR      BKPSRAMEN          LL_AHB1_GRP1_DisableClock\n
 493:Drivers/STM32F4xx_HAL_Driver/Inc/stm32f4xx_ll_bus.h ****   *         AHB1ENR      CCMDATARAMEN       LL_AHB1_GRP1_DisableClock\n
 494:Drivers/STM32F4xx_HAL_Driver/Inc/stm32f4xx_ll_bus.h ****   *         AHB1ENR      DMA1EN             LL_AHB1_GRP1_DisableClock\n
 495:Drivers/STM32F4xx_HAL_Driver/Inc/stm32f4xx_ll_bus.h ****   *         AHB1ENR      DMA2EN             LL_AHB1_GRP1_DisableClock\n
 496:Drivers/STM32F4xx_HAL_Driver/Inc/stm32f4xx_ll_bus.h ****   *         AHB1ENR      RNGEN              LL_AHB1_GRP1_DisableClock\n
 497:Drivers/STM32F4xx_HAL_Driver/Inc/stm32f4xx_ll_bus.h ****   *         AHB1ENR      DMA2DEN            LL_AHB1_GRP1_DisableClock\n
 498:Drivers/STM32F4xx_HAL_Driver/Inc/stm32f4xx_ll_bus.h ****   *         AHB1ENR      ETHMACEN           LL_AHB1_GRP1_DisableClock\n
 499:Drivers/STM32F4xx_HAL_Driver/Inc/stm32f4xx_ll_bus.h ****   *         AHB1ENR      ETHMACTXEN         LL_AHB1_GRP1_DisableClock\n
 500:Drivers/STM32F4xx_HAL_Driver/Inc/stm32f4xx_ll_bus.h ****   *         AHB1ENR      ETHMACRXEN         LL_AHB1_GRP1_DisableClock\n
 501:Drivers/STM32F4xx_HAL_Driver/Inc/stm32f4xx_ll_bus.h ****   *         AHB1ENR      ETHMACPTPEN        LL_AHB1_GRP1_DisableClock\n
 502:Drivers/STM32F4xx_HAL_Driver/Inc/stm32f4xx_ll_bus.h ****   *         AHB1ENR      OTGHSEN            LL_AHB1_GRP1_DisableClock\n
 503:Drivers/STM32F4xx_HAL_Driver/Inc/stm32f4xx_ll_bus.h ****   *         AHB1ENR      OTGHSULPIEN        LL_AHB1_GRP1_DisableClock
 504:Drivers/STM32F4xx_HAL_Driver/Inc/stm32f4xx_ll_bus.h ****   * @param  Periphs This parameter can be a combination of the following values:
 505:Drivers/STM32F4xx_HAL_Driver/Inc/stm32f4xx_ll_bus.h ****   *         @arg @ref LL_AHB1_GRP1_PERIPH_GPIOA
 506:Drivers/STM32F4xx_HAL_Driver/Inc/stm32f4xx_ll_bus.h ****   *         @arg @ref LL_AHB1_GRP1_PERIPH_GPIOB
 507:Drivers/STM32F4xx_HAL_Driver/Inc/stm32f4xx_ll_bus.h ****   *         @arg @ref LL_AHB1_GRP1_PERIPH_GPIOC
 508:Drivers/STM32F4xx_HAL_Driver/Inc/stm32f4xx_ll_bus.h ****   *         @arg @ref LL_AHB1_GRP1_PERIPH_GPIOD (*)
 509:Drivers/STM32F4xx_HAL_Driver/Inc/stm32f4xx_ll_bus.h ****   *         @arg @ref LL_AHB1_GRP1_PERIPH_GPIOE (*)
 510:Drivers/STM32F4xx_HAL_Driver/Inc/stm32f4xx_ll_bus.h ****   *         @arg @ref LL_AHB1_GRP1_PERIPH_GPIOF (*)
 511:Drivers/STM32F4xx_HAL_Driver/Inc/stm32f4xx_ll_bus.h ****   *         @arg @ref LL_AHB1_GRP1_PERIPH_GPIOG (*)
 512:Drivers/STM32F4xx_HAL_Driver/Inc/stm32f4xx_ll_bus.h ****   *         @arg @ref LL_AHB1_GRP1_PERIPH_GPIOH (*)
 513:Drivers/STM32F4xx_HAL_Driver/Inc/stm32f4xx_ll_bus.h ****   *         @arg @ref LL_AHB1_GRP1_PERIPH_GPIOI (*)
 514:Drivers/STM32F4xx_HAL_Driver/Inc/stm32f4xx_ll_bus.h ****   *         @arg @ref LL_AHB1_GRP1_PERIPH_GPIOJ (*)
 515:Drivers/STM32F4xx_HAL_Driver/Inc/stm32f4xx_ll_bus.h ****   *         @arg @ref LL_AHB1_GRP1_PERIPH_GPIOK (*)
 516:Drivers/STM32F4xx_HAL_Driver/Inc/stm32f4xx_ll_bus.h ****   *         @arg @ref LL_AHB1_GRP1_PERIPH_CRC
 517:Drivers/STM32F4xx_HAL_Driver/Inc/stm32f4xx_ll_bus.h ****   *         @arg @ref LL_AHB1_GRP1_PERIPH_BKPSRAM (*)
 518:Drivers/STM32F4xx_HAL_Driver/Inc/stm32f4xx_ll_bus.h ****   *         @arg @ref LL_AHB1_GRP1_PERIPH_CCMDATARAM (*)
 519:Drivers/STM32F4xx_HAL_Driver/Inc/stm32f4xx_ll_bus.h ****   *         @arg @ref LL_AHB1_GRP1_PERIPH_DMA1
 520:Drivers/STM32F4xx_HAL_Driver/Inc/stm32f4xx_ll_bus.h ****   *         @arg @ref LL_AHB1_GRP1_PERIPH_DMA2
 521:Drivers/STM32F4xx_HAL_Driver/Inc/stm32f4xx_ll_bus.h ****   *         @arg @ref LL_AHB1_GRP1_PERIPH_RNG (*)
 522:Drivers/STM32F4xx_HAL_Driver/Inc/stm32f4xx_ll_bus.h ****   *         @arg @ref LL_AHB1_GRP1_PERIPH_DMA2D (*)
 523:Drivers/STM32F4xx_HAL_Driver/Inc/stm32f4xx_ll_bus.h ****   *         @arg @ref LL_AHB1_GRP1_PERIPH_ETHMAC (*)
 524:Drivers/STM32F4xx_HAL_Driver/Inc/stm32f4xx_ll_bus.h ****   *         @arg @ref LL_AHB1_GRP1_PERIPH_ETHMACTX (*)
 525:Drivers/STM32F4xx_HAL_Driver/Inc/stm32f4xx_ll_bus.h ****   *         @arg @ref LL_AHB1_GRP1_PERIPH_ETHMACRX (*)
 526:Drivers/STM32F4xx_HAL_Driver/Inc/stm32f4xx_ll_bus.h ****   *         @arg @ref LL_AHB1_GRP1_PERIPH_ETHMACPTP (*)
 527:Drivers/STM32F4xx_HAL_Driver/Inc/stm32f4xx_ll_bus.h ****   *         @arg @ref LL_AHB1_GRP1_PERIPH_OTGHS (*)
 528:Drivers/STM32F4xx_HAL_Driver/Inc/stm32f4xx_ll_bus.h ****   *         @arg @ref LL_AHB1_GRP1_PERIPH_OTGHSULPI (*)
 529:Drivers/STM32F4xx_HAL_Driver/Inc/stm32f4xx_ll_bus.h ****   *
 530:Drivers/STM32F4xx_HAL_Driver/Inc/stm32f4xx_ll_bus.h ****   *         (*) value not defined in all devices.
 531:Drivers/STM32F4xx_HAL_Driver/Inc/stm32f4xx_ll_bus.h ****   * @retval None
 532:Drivers/STM32F4xx_HAL_Driver/Inc/stm32f4xx_ll_bus.h ****   */
 533:Drivers/STM32F4xx_HAL_Driver/Inc/stm32f4xx_ll_bus.h **** __STATIC_INLINE void LL_AHB1_GRP1_DisableClock(uint32_t Periphs)
 534:Drivers/STM32F4xx_HAL_Driver/Inc/stm32f4xx_ll_bus.h **** {
ARM GAS  C:\Users\chris\AppData\Local\Temp\ccpkeIoa.s 			page 36


 535:Drivers/STM32F4xx_HAL_Driver/Inc/stm32f4xx_ll_bus.h ****   CLEAR_BIT(RCC->AHB1ENR, Periphs);
 536:Drivers/STM32F4xx_HAL_Driver/Inc/stm32f4xx_ll_bus.h **** }
 537:Drivers/STM32F4xx_HAL_Driver/Inc/stm32f4xx_ll_bus.h **** 
 538:Drivers/STM32F4xx_HAL_Driver/Inc/stm32f4xx_ll_bus.h **** /**
 539:Drivers/STM32F4xx_HAL_Driver/Inc/stm32f4xx_ll_bus.h ****   * @brief  Force AHB1 peripherals reset.
 540:Drivers/STM32F4xx_HAL_Driver/Inc/stm32f4xx_ll_bus.h ****   * @rmtoll AHB1RSTR     GPIOARST      LL_AHB1_GRP1_ForceReset\n
 541:Drivers/STM32F4xx_HAL_Driver/Inc/stm32f4xx_ll_bus.h ****   *         AHB1RSTR     GPIOBRST      LL_AHB1_GRP1_ForceReset\n
 542:Drivers/STM32F4xx_HAL_Driver/Inc/stm32f4xx_ll_bus.h ****   *         AHB1RSTR     GPIOCRST      LL_AHB1_GRP1_ForceReset\n
 543:Drivers/STM32F4xx_HAL_Driver/Inc/stm32f4xx_ll_bus.h ****   *         AHB1RSTR     GPIODRST      LL_AHB1_GRP1_ForceReset\n
 544:Drivers/STM32F4xx_HAL_Driver/Inc/stm32f4xx_ll_bus.h ****   *         AHB1RSTR     GPIOERST      LL_AHB1_GRP1_ForceReset\n
 545:Drivers/STM32F4xx_HAL_Driver/Inc/stm32f4xx_ll_bus.h ****   *         AHB1RSTR     GPIOFRST      LL_AHB1_GRP1_ForceReset\n
 546:Drivers/STM32F4xx_HAL_Driver/Inc/stm32f4xx_ll_bus.h ****   *         AHB1RSTR     GPIOGRST      LL_AHB1_GRP1_ForceReset\n
 547:Drivers/STM32F4xx_HAL_Driver/Inc/stm32f4xx_ll_bus.h ****   *         AHB1RSTR     GPIOHRST      LL_AHB1_GRP1_ForceReset\n
 548:Drivers/STM32F4xx_HAL_Driver/Inc/stm32f4xx_ll_bus.h ****   *         AHB1RSTR     GPIOIRST      LL_AHB1_GRP1_ForceReset\n
 549:Drivers/STM32F4xx_HAL_Driver/Inc/stm32f4xx_ll_bus.h ****   *         AHB1RSTR     GPIOJRST      LL_AHB1_GRP1_ForceReset\n
 550:Drivers/STM32F4xx_HAL_Driver/Inc/stm32f4xx_ll_bus.h ****   *         AHB1RSTR     GPIOKRST      LL_AHB1_GRP1_ForceReset\n
 551:Drivers/STM32F4xx_HAL_Driver/Inc/stm32f4xx_ll_bus.h ****   *         AHB1RSTR     CRCRST        LL_AHB1_GRP1_ForceReset\n
 552:Drivers/STM32F4xx_HAL_Driver/Inc/stm32f4xx_ll_bus.h ****   *         AHB1RSTR     DMA1RST       LL_AHB1_GRP1_ForceReset\n
 553:Drivers/STM32F4xx_HAL_Driver/Inc/stm32f4xx_ll_bus.h ****   *         AHB1RSTR     DMA2RST       LL_AHB1_GRP1_ForceReset\n
 554:Drivers/STM32F4xx_HAL_Driver/Inc/stm32f4xx_ll_bus.h ****   *         AHB1RSTR     RNGRST        LL_AHB1_GRP1_ForceReset\n
 555:Drivers/STM32F4xx_HAL_Driver/Inc/stm32f4xx_ll_bus.h ****   *         AHB1RSTR     DMA2DRST      LL_AHB1_GRP1_ForceReset\n
 556:Drivers/STM32F4xx_HAL_Driver/Inc/stm32f4xx_ll_bus.h ****   *         AHB1RSTR     ETHMACRST     LL_AHB1_GRP1_ForceReset\n
 557:Drivers/STM32F4xx_HAL_Driver/Inc/stm32f4xx_ll_bus.h ****   *         AHB1RSTR     OTGHSRST      LL_AHB1_GRP1_ForceReset
 558:Drivers/STM32F4xx_HAL_Driver/Inc/stm32f4xx_ll_bus.h ****   * @param  Periphs This parameter can be a combination of the following values:
 559:Drivers/STM32F4xx_HAL_Driver/Inc/stm32f4xx_ll_bus.h ****   *         @arg @ref LL_AHB1_GRP1_PERIPH_ALL
 560:Drivers/STM32F4xx_HAL_Driver/Inc/stm32f4xx_ll_bus.h ****   *         @arg @ref LL_AHB1_GRP1_PERIPH_GPIOA
 561:Drivers/STM32F4xx_HAL_Driver/Inc/stm32f4xx_ll_bus.h ****   *         @arg @ref LL_AHB1_GRP1_PERIPH_GPIOB
 562:Drivers/STM32F4xx_HAL_Driver/Inc/stm32f4xx_ll_bus.h ****   *         @arg @ref LL_AHB1_GRP1_PERIPH_GPIOC
 563:Drivers/STM32F4xx_HAL_Driver/Inc/stm32f4xx_ll_bus.h ****   *         @arg @ref LL_AHB1_GRP1_PERIPH_GPIOD (*)
 564:Drivers/STM32F4xx_HAL_Driver/Inc/stm32f4xx_ll_bus.h ****   *         @arg @ref LL_AHB1_GRP1_PERIPH_GPIOE (*)
 565:Drivers/STM32F4xx_HAL_Driver/Inc/stm32f4xx_ll_bus.h ****   *         @arg @ref LL_AHB1_GRP1_PERIPH_GPIOF (*)
 566:Drivers/STM32F4xx_HAL_Driver/Inc/stm32f4xx_ll_bus.h ****   *         @arg @ref LL_AHB1_GRP1_PERIPH_GPIOG (*)
 567:Drivers/STM32F4xx_HAL_Driver/Inc/stm32f4xx_ll_bus.h ****   *         @arg @ref LL_AHB1_GRP1_PERIPH_GPIOH (*)
 568:Drivers/STM32F4xx_HAL_Driver/Inc/stm32f4xx_ll_bus.h ****   *         @arg @ref LL_AHB1_GRP1_PERIPH_GPIOI (*)
 569:Drivers/STM32F4xx_HAL_Driver/Inc/stm32f4xx_ll_bus.h ****   *         @arg @ref LL_AHB1_GRP1_PERIPH_GPIOJ (*)
 570:Drivers/STM32F4xx_HAL_Driver/Inc/stm32f4xx_ll_bus.h ****   *         @arg @ref LL_AHB1_GRP1_PERIPH_GPIOK (*)
 571:Drivers/STM32F4xx_HAL_Driver/Inc/stm32f4xx_ll_bus.h ****   *         @arg @ref LL_AHB1_GRP1_PERIPH_CRC
 572:Drivers/STM32F4xx_HAL_Driver/Inc/stm32f4xx_ll_bus.h ****   *         @arg @ref LL_AHB1_GRP1_PERIPH_DMA1
 573:Drivers/STM32F4xx_HAL_Driver/Inc/stm32f4xx_ll_bus.h ****   *         @arg @ref LL_AHB1_GRP1_PERIPH_DMA2
 574:Drivers/STM32F4xx_HAL_Driver/Inc/stm32f4xx_ll_bus.h ****   *         @arg @ref LL_AHB1_GRP1_PERIPH_RNG (*)
 575:Drivers/STM32F4xx_HAL_Driver/Inc/stm32f4xx_ll_bus.h ****   *         @arg @ref LL_AHB1_GRP1_PERIPH_DMA2D (*)
 576:Drivers/STM32F4xx_HAL_Driver/Inc/stm32f4xx_ll_bus.h ****   *         @arg @ref LL_AHB1_GRP1_PERIPH_ETHMAC (*)
 577:Drivers/STM32F4xx_HAL_Driver/Inc/stm32f4xx_ll_bus.h ****   *         @arg @ref LL_AHB1_GRP1_PERIPH_OTGHS (*)
 578:Drivers/STM32F4xx_HAL_Driver/Inc/stm32f4xx_ll_bus.h ****   *
 579:Drivers/STM32F4xx_HAL_Driver/Inc/stm32f4xx_ll_bus.h ****   *         (*) value not defined in all devices.
 580:Drivers/STM32F4xx_HAL_Driver/Inc/stm32f4xx_ll_bus.h ****   * @retval None
 581:Drivers/STM32F4xx_HAL_Driver/Inc/stm32f4xx_ll_bus.h ****   */
 582:Drivers/STM32F4xx_HAL_Driver/Inc/stm32f4xx_ll_bus.h **** __STATIC_INLINE void LL_AHB1_GRP1_ForceReset(uint32_t Periphs)
 583:Drivers/STM32F4xx_HAL_Driver/Inc/stm32f4xx_ll_bus.h **** {
 584:Drivers/STM32F4xx_HAL_Driver/Inc/stm32f4xx_ll_bus.h ****   SET_BIT(RCC->AHB1RSTR, Periphs);
 585:Drivers/STM32F4xx_HAL_Driver/Inc/stm32f4xx_ll_bus.h **** }
 586:Drivers/STM32F4xx_HAL_Driver/Inc/stm32f4xx_ll_bus.h **** 
 587:Drivers/STM32F4xx_HAL_Driver/Inc/stm32f4xx_ll_bus.h **** /**
 588:Drivers/STM32F4xx_HAL_Driver/Inc/stm32f4xx_ll_bus.h ****   * @brief  Release AHB1 peripherals reset.
 589:Drivers/STM32F4xx_HAL_Driver/Inc/stm32f4xx_ll_bus.h ****   * @rmtoll AHB1RSTR     GPIOARST      LL_AHB1_GRP1_ReleaseReset\n
 590:Drivers/STM32F4xx_HAL_Driver/Inc/stm32f4xx_ll_bus.h ****   *         AHB1RSTR     GPIOBRST      LL_AHB1_GRP1_ReleaseReset\n
 591:Drivers/STM32F4xx_HAL_Driver/Inc/stm32f4xx_ll_bus.h ****   *         AHB1RSTR     GPIOCRST      LL_AHB1_GRP1_ReleaseReset\n
ARM GAS  C:\Users\chris\AppData\Local\Temp\ccpkeIoa.s 			page 37


 592:Drivers/STM32F4xx_HAL_Driver/Inc/stm32f4xx_ll_bus.h ****   *         AHB1RSTR     GPIODRST      LL_AHB1_GRP1_ReleaseReset\n
 593:Drivers/STM32F4xx_HAL_Driver/Inc/stm32f4xx_ll_bus.h ****   *         AHB1RSTR     GPIOERST      LL_AHB1_GRP1_ReleaseReset\n
 594:Drivers/STM32F4xx_HAL_Driver/Inc/stm32f4xx_ll_bus.h ****   *         AHB1RSTR     GPIOFRST      LL_AHB1_GRP1_ReleaseReset\n
 595:Drivers/STM32F4xx_HAL_Driver/Inc/stm32f4xx_ll_bus.h ****   *         AHB1RSTR     GPIOGRST      LL_AHB1_GRP1_ReleaseReset\n
 596:Drivers/STM32F4xx_HAL_Driver/Inc/stm32f4xx_ll_bus.h ****   *         AHB1RSTR     GPIOHRST      LL_AHB1_GRP1_ReleaseReset\n
 597:Drivers/STM32F4xx_HAL_Driver/Inc/stm32f4xx_ll_bus.h ****   *         AHB1RSTR     GPIOIRST      LL_AHB1_GRP1_ReleaseReset\n
 598:Drivers/STM32F4xx_HAL_Driver/Inc/stm32f4xx_ll_bus.h ****   *         AHB1RSTR     GPIOJRST      LL_AHB1_GRP1_ReleaseReset\n
 599:Drivers/STM32F4xx_HAL_Driver/Inc/stm32f4xx_ll_bus.h ****   *         AHB1RSTR     GPIOKRST      LL_AHB1_GRP1_ReleaseReset\n
 600:Drivers/STM32F4xx_HAL_Driver/Inc/stm32f4xx_ll_bus.h ****   *         AHB1RSTR     CRCRST        LL_AHB1_GRP1_ReleaseReset\n
 601:Drivers/STM32F4xx_HAL_Driver/Inc/stm32f4xx_ll_bus.h ****   *         AHB1RSTR     DMA1RST       LL_AHB1_GRP1_ReleaseReset\n
 602:Drivers/STM32F4xx_HAL_Driver/Inc/stm32f4xx_ll_bus.h ****   *         AHB1RSTR     DMA2RST       LL_AHB1_GRP1_ReleaseReset\n
 603:Drivers/STM32F4xx_HAL_Driver/Inc/stm32f4xx_ll_bus.h ****   *         AHB1RSTR     RNGRST        LL_AHB1_GRP1_ReleaseReset\n
 604:Drivers/STM32F4xx_HAL_Driver/Inc/stm32f4xx_ll_bus.h ****   *         AHB1RSTR     DMA2DRST      LL_AHB1_GRP1_ReleaseReset\n
 605:Drivers/STM32F4xx_HAL_Driver/Inc/stm32f4xx_ll_bus.h ****   *         AHB1RSTR     ETHMACRST     LL_AHB1_GRP1_ReleaseReset\n
 606:Drivers/STM32F4xx_HAL_Driver/Inc/stm32f4xx_ll_bus.h ****   *         AHB1RSTR     OTGHSRST      LL_AHB1_GRP1_ReleaseReset
 607:Drivers/STM32F4xx_HAL_Driver/Inc/stm32f4xx_ll_bus.h ****   * @param  Periphs This parameter can be a combination of the following values:
 608:Drivers/STM32F4xx_HAL_Driver/Inc/stm32f4xx_ll_bus.h ****   *         @arg @ref LL_AHB1_GRP1_PERIPH_ALL
 609:Drivers/STM32F4xx_HAL_Driver/Inc/stm32f4xx_ll_bus.h ****   *         @arg @ref LL_AHB1_GRP1_PERIPH_GPIOA
 610:Drivers/STM32F4xx_HAL_Driver/Inc/stm32f4xx_ll_bus.h ****   *         @arg @ref LL_AHB1_GRP1_PERIPH_GPIOB
 611:Drivers/STM32F4xx_HAL_Driver/Inc/stm32f4xx_ll_bus.h ****   *         @arg @ref LL_AHB1_GRP1_PERIPH_GPIOC
 612:Drivers/STM32F4xx_HAL_Driver/Inc/stm32f4xx_ll_bus.h ****   *         @arg @ref LL_AHB1_GRP1_PERIPH_GPIOD (*)
 613:Drivers/STM32F4xx_HAL_Driver/Inc/stm32f4xx_ll_bus.h ****   *         @arg @ref LL_AHB1_GRP1_PERIPH_GPIOE (*)
 614:Drivers/STM32F4xx_HAL_Driver/Inc/stm32f4xx_ll_bus.h ****   *         @arg @ref LL_AHB1_GRP1_PERIPH_GPIOF (*)
 615:Drivers/STM32F4xx_HAL_Driver/Inc/stm32f4xx_ll_bus.h ****   *         @arg @ref LL_AHB1_GRP1_PERIPH_GPIOG (*)
 616:Drivers/STM32F4xx_HAL_Driver/Inc/stm32f4xx_ll_bus.h ****   *         @arg @ref LL_AHB1_GRP1_PERIPH_GPIOH (*)
 617:Drivers/STM32F4xx_HAL_Driver/Inc/stm32f4xx_ll_bus.h ****   *         @arg @ref LL_AHB1_GRP1_PERIPH_GPIOI (*)
 618:Drivers/STM32F4xx_HAL_Driver/Inc/stm32f4xx_ll_bus.h ****   *         @arg @ref LL_AHB1_GRP1_PERIPH_GPIOJ (*)
 619:Drivers/STM32F4xx_HAL_Driver/Inc/stm32f4xx_ll_bus.h ****   *         @arg @ref LL_AHB1_GRP1_PERIPH_GPIOK (*)
 620:Drivers/STM32F4xx_HAL_Driver/Inc/stm32f4xx_ll_bus.h ****   *         @arg @ref LL_AHB1_GRP1_PERIPH_CRC
 621:Drivers/STM32F4xx_HAL_Driver/Inc/stm32f4xx_ll_bus.h ****   *         @arg @ref LL_AHB1_GRP1_PERIPH_DMA1
 622:Drivers/STM32F4xx_HAL_Driver/Inc/stm32f4xx_ll_bus.h ****   *         @arg @ref LL_AHB1_GRP1_PERIPH_DMA2
 623:Drivers/STM32F4xx_HAL_Driver/Inc/stm32f4xx_ll_bus.h ****   *         @arg @ref LL_AHB1_GRP1_PERIPH_RNG (*)
 624:Drivers/STM32F4xx_HAL_Driver/Inc/stm32f4xx_ll_bus.h ****   *         @arg @ref LL_AHB1_GRP1_PERIPH_DMA2D (*)
 625:Drivers/STM32F4xx_HAL_Driver/Inc/stm32f4xx_ll_bus.h ****   *         @arg @ref LL_AHB1_GRP1_PERIPH_ETHMAC (*)
 626:Drivers/STM32F4xx_HAL_Driver/Inc/stm32f4xx_ll_bus.h ****   *         @arg @ref LL_AHB1_GRP1_PERIPH_OTGHS (*)
 627:Drivers/STM32F4xx_HAL_Driver/Inc/stm32f4xx_ll_bus.h ****   *
 628:Drivers/STM32F4xx_HAL_Driver/Inc/stm32f4xx_ll_bus.h ****   *         (*) value not defined in all devices.
 629:Drivers/STM32F4xx_HAL_Driver/Inc/stm32f4xx_ll_bus.h ****   * @retval None
 630:Drivers/STM32F4xx_HAL_Driver/Inc/stm32f4xx_ll_bus.h ****   */
 631:Drivers/STM32F4xx_HAL_Driver/Inc/stm32f4xx_ll_bus.h **** __STATIC_INLINE void LL_AHB1_GRP1_ReleaseReset(uint32_t Periphs)
 632:Drivers/STM32F4xx_HAL_Driver/Inc/stm32f4xx_ll_bus.h **** {
 633:Drivers/STM32F4xx_HAL_Driver/Inc/stm32f4xx_ll_bus.h ****   CLEAR_BIT(RCC->AHB1RSTR, Periphs);
 634:Drivers/STM32F4xx_HAL_Driver/Inc/stm32f4xx_ll_bus.h **** }
 635:Drivers/STM32F4xx_HAL_Driver/Inc/stm32f4xx_ll_bus.h **** 
 636:Drivers/STM32F4xx_HAL_Driver/Inc/stm32f4xx_ll_bus.h **** /**
 637:Drivers/STM32F4xx_HAL_Driver/Inc/stm32f4xx_ll_bus.h ****   * @brief  Enable AHB1 peripheral clocks in low-power mode
 638:Drivers/STM32F4xx_HAL_Driver/Inc/stm32f4xx_ll_bus.h ****   * @rmtoll AHB1LPENR    GPIOALPEN      LL_AHB1_GRP1_EnableClockLowPower\n
 639:Drivers/STM32F4xx_HAL_Driver/Inc/stm32f4xx_ll_bus.h ****   *         AHB1LPENR    GPIOBLPEN      LL_AHB1_GRP1_EnableClockLowPower\n
 640:Drivers/STM32F4xx_HAL_Driver/Inc/stm32f4xx_ll_bus.h ****   *         AHB1LPENR    GPIOCLPEN      LL_AHB1_GRP1_EnableClockLowPower\n
 641:Drivers/STM32F4xx_HAL_Driver/Inc/stm32f4xx_ll_bus.h ****   *         AHB1LPENR    GPIODLPEN      LL_AHB1_GRP1_EnableClockLowPower\n
 642:Drivers/STM32F4xx_HAL_Driver/Inc/stm32f4xx_ll_bus.h ****   *         AHB1LPENR    GPIOELPEN      LL_AHB1_GRP1_EnableClockLowPower\n
 643:Drivers/STM32F4xx_HAL_Driver/Inc/stm32f4xx_ll_bus.h ****   *         AHB1LPENR    GPIOFLPEN      LL_AHB1_GRP1_EnableClockLowPower\n
 644:Drivers/STM32F4xx_HAL_Driver/Inc/stm32f4xx_ll_bus.h ****   *         AHB1LPENR    GPIOGLPEN      LL_AHB1_GRP1_EnableClockLowPower\n
 645:Drivers/STM32F4xx_HAL_Driver/Inc/stm32f4xx_ll_bus.h ****   *         AHB1LPENR    GPIOHLPEN      LL_AHB1_GRP1_EnableClockLowPower\n
 646:Drivers/STM32F4xx_HAL_Driver/Inc/stm32f4xx_ll_bus.h ****   *         AHB1LPENR    GPIOILPEN      LL_AHB1_GRP1_EnableClockLowPower\n
 647:Drivers/STM32F4xx_HAL_Driver/Inc/stm32f4xx_ll_bus.h ****   *         AHB1LPENR    GPIOJLPEN      LL_AHB1_GRP1_EnableClockLowPower\n
 648:Drivers/STM32F4xx_HAL_Driver/Inc/stm32f4xx_ll_bus.h ****   *         AHB1LPENR    GPIOKLPEN      LL_AHB1_GRP1_EnableClockLowPower\n
ARM GAS  C:\Users\chris\AppData\Local\Temp\ccpkeIoa.s 			page 38


 649:Drivers/STM32F4xx_HAL_Driver/Inc/stm32f4xx_ll_bus.h ****   *         AHB1LPENR    CRCLPEN        LL_AHB1_GRP1_EnableClockLowPower\n
 650:Drivers/STM32F4xx_HAL_Driver/Inc/stm32f4xx_ll_bus.h ****   *         AHB1LPENR    BKPSRAMLPEN    LL_AHB1_GRP1_EnableClockLowPower\n
 651:Drivers/STM32F4xx_HAL_Driver/Inc/stm32f4xx_ll_bus.h ****   *         AHB1LPENR    FLITFLPEN      LL_AHB1_GRP1_EnableClockLowPower\n
 652:Drivers/STM32F4xx_HAL_Driver/Inc/stm32f4xx_ll_bus.h ****   *         AHB1LPENR    SRAM1LPEN      LL_AHB1_GRP1_EnableClockLowPower\n
 653:Drivers/STM32F4xx_HAL_Driver/Inc/stm32f4xx_ll_bus.h ****   *         AHB1LPENR    SRAM2LPEN      LL_AHB1_GRP1_EnableClockLowPower\n
 654:Drivers/STM32F4xx_HAL_Driver/Inc/stm32f4xx_ll_bus.h ****   *         AHB1LPENR    SRAM3LPEN      LL_AHB1_GRP1_EnableClockLowPower\n
 655:Drivers/STM32F4xx_HAL_Driver/Inc/stm32f4xx_ll_bus.h ****   *         AHB1LPENR    BKPSRAMLPEN    LL_AHB1_GRP1_EnableClockLowPower\n
 656:Drivers/STM32F4xx_HAL_Driver/Inc/stm32f4xx_ll_bus.h ****   *         AHB1LPENR    DMA1LPEN       LL_AHB1_GRP1_EnableClockLowPower\n
 657:Drivers/STM32F4xx_HAL_Driver/Inc/stm32f4xx_ll_bus.h ****   *         AHB1LPENR    DMA2LPEN       LL_AHB1_GRP1_EnableClockLowPower\n
 658:Drivers/STM32F4xx_HAL_Driver/Inc/stm32f4xx_ll_bus.h ****   *         AHB1LPENR    DMA2DLPEN      LL_AHB1_GRP1_EnableClockLowPower\n
 659:Drivers/STM32F4xx_HAL_Driver/Inc/stm32f4xx_ll_bus.h ****   *         AHB1LPENR    RNGLPEN        LL_AHB1_GRP1_EnableClockLowPower\n
 660:Drivers/STM32F4xx_HAL_Driver/Inc/stm32f4xx_ll_bus.h ****   *         AHB1LPENR    ETHMACLPEN     LL_AHB1_GRP1_EnableClockLowPower\n
 661:Drivers/STM32F4xx_HAL_Driver/Inc/stm32f4xx_ll_bus.h ****   *         AHB1LPENR    ETHMACTXLPEN   LL_AHB1_GRP1_EnableClockLowPower\n
 662:Drivers/STM32F4xx_HAL_Driver/Inc/stm32f4xx_ll_bus.h ****   *         AHB1LPENR    ETHMACRXLPEN   LL_AHB1_GRP1_EnableClockLowPower\n
 663:Drivers/STM32F4xx_HAL_Driver/Inc/stm32f4xx_ll_bus.h ****   *         AHB1LPENR    ETHMACPTPLPEN  LL_AHB1_GRP1_EnableClockLowPower\n
 664:Drivers/STM32F4xx_HAL_Driver/Inc/stm32f4xx_ll_bus.h ****   *         AHB1LPENR    OTGHSLPEN      LL_AHB1_GRP1_EnableClockLowPower\n
 665:Drivers/STM32F4xx_HAL_Driver/Inc/stm32f4xx_ll_bus.h ****   *         AHB1LPENR    OTGHSULPILPEN  LL_AHB1_GRP1_EnableClockLowPower
 666:Drivers/STM32F4xx_HAL_Driver/Inc/stm32f4xx_ll_bus.h ****   * @param  Periphs This parameter can be a combination of the following values:
 667:Drivers/STM32F4xx_HAL_Driver/Inc/stm32f4xx_ll_bus.h ****   *         @arg @ref LL_AHB1_GRP1_PERIPH_GPIOA
 668:Drivers/STM32F4xx_HAL_Driver/Inc/stm32f4xx_ll_bus.h ****   *         @arg @ref LL_AHB1_GRP1_PERIPH_GPIOB
 669:Drivers/STM32F4xx_HAL_Driver/Inc/stm32f4xx_ll_bus.h ****   *         @arg @ref LL_AHB1_GRP1_PERIPH_GPIOC
 670:Drivers/STM32F4xx_HAL_Driver/Inc/stm32f4xx_ll_bus.h ****   *         @arg @ref LL_AHB1_GRP1_PERIPH_GPIOD (*)
 671:Drivers/STM32F4xx_HAL_Driver/Inc/stm32f4xx_ll_bus.h ****   *         @arg @ref LL_AHB1_GRP1_PERIPH_GPIOE (*)
 672:Drivers/STM32F4xx_HAL_Driver/Inc/stm32f4xx_ll_bus.h ****   *         @arg @ref LL_AHB1_GRP1_PERIPH_GPIOF (*)
 673:Drivers/STM32F4xx_HAL_Driver/Inc/stm32f4xx_ll_bus.h ****   *         @arg @ref LL_AHB1_GRP1_PERIPH_GPIOG (*)
 674:Drivers/STM32F4xx_HAL_Driver/Inc/stm32f4xx_ll_bus.h ****   *         @arg @ref LL_AHB1_GRP1_PERIPH_GPIOH (*)
 675:Drivers/STM32F4xx_HAL_Driver/Inc/stm32f4xx_ll_bus.h ****   *         @arg @ref LL_AHB1_GRP1_PERIPH_GPIOI (*)
 676:Drivers/STM32F4xx_HAL_Driver/Inc/stm32f4xx_ll_bus.h ****   *         @arg @ref LL_AHB1_GRP1_PERIPH_GPIOJ (*)
 677:Drivers/STM32F4xx_HAL_Driver/Inc/stm32f4xx_ll_bus.h ****   *         @arg @ref LL_AHB1_GRP1_PERIPH_GPIOK (*)
 678:Drivers/STM32F4xx_HAL_Driver/Inc/stm32f4xx_ll_bus.h ****   *         @arg @ref LL_AHB1_GRP1_PERIPH_CRC
 679:Drivers/STM32F4xx_HAL_Driver/Inc/stm32f4xx_ll_bus.h ****   *         @arg @ref LL_AHB1_GRP1_PERIPH_BKPSRAM (*)
 680:Drivers/STM32F4xx_HAL_Driver/Inc/stm32f4xx_ll_bus.h ****   *         @arg @ref LL_AHB1_GRP1_PERIPH_FLITF
 681:Drivers/STM32F4xx_HAL_Driver/Inc/stm32f4xx_ll_bus.h ****   *         @arg @ref LL_AHB1_GRP1_PERIPH_SRAM1
 682:Drivers/STM32F4xx_HAL_Driver/Inc/stm32f4xx_ll_bus.h ****   *         @arg @ref LL_AHB1_GRP1_PERIPH_SRAM2 (*)
 683:Drivers/STM32F4xx_HAL_Driver/Inc/stm32f4xx_ll_bus.h ****   *         @arg @ref LL_AHB1_GRP1_PERIPH_SRAM3 (*)
 684:Drivers/STM32F4xx_HAL_Driver/Inc/stm32f4xx_ll_bus.h ****   *         @arg @ref LL_AHB1_GRP1_PERIPH_DMA1
 685:Drivers/STM32F4xx_HAL_Driver/Inc/stm32f4xx_ll_bus.h ****   *         @arg @ref LL_AHB1_GRP1_PERIPH_DMA2
 686:Drivers/STM32F4xx_HAL_Driver/Inc/stm32f4xx_ll_bus.h ****   *         @arg @ref LL_AHB1_GRP1_PERIPH_RNG (*)
 687:Drivers/STM32F4xx_HAL_Driver/Inc/stm32f4xx_ll_bus.h ****   *         @arg @ref LL_AHB1_GRP1_PERIPH_DMA2D (*)
 688:Drivers/STM32F4xx_HAL_Driver/Inc/stm32f4xx_ll_bus.h ****   *         @arg @ref LL_AHB1_GRP1_PERIPH_ETHMAC (*)
 689:Drivers/STM32F4xx_HAL_Driver/Inc/stm32f4xx_ll_bus.h ****   *         @arg @ref LL_AHB1_GRP1_PERIPH_ETHMACTX (*)
 690:Drivers/STM32F4xx_HAL_Driver/Inc/stm32f4xx_ll_bus.h ****   *         @arg @ref LL_AHB1_GRP1_PERIPH_ETHMACRX (*)
 691:Drivers/STM32F4xx_HAL_Driver/Inc/stm32f4xx_ll_bus.h ****   *         @arg @ref LL_AHB1_GRP1_PERIPH_ETHMACPTP (*)
 692:Drivers/STM32F4xx_HAL_Driver/Inc/stm32f4xx_ll_bus.h ****   *         @arg @ref LL_AHB1_GRP1_PERIPH_OTGHS (*)
 693:Drivers/STM32F4xx_HAL_Driver/Inc/stm32f4xx_ll_bus.h ****   *         @arg @ref LL_AHB1_GRP1_PERIPH_OTGHSULPI (*)
 694:Drivers/STM32F4xx_HAL_Driver/Inc/stm32f4xx_ll_bus.h ****   *
 695:Drivers/STM32F4xx_HAL_Driver/Inc/stm32f4xx_ll_bus.h ****   *         (*) value not defined in all devices.
 696:Drivers/STM32F4xx_HAL_Driver/Inc/stm32f4xx_ll_bus.h ****   * @retval None
 697:Drivers/STM32F4xx_HAL_Driver/Inc/stm32f4xx_ll_bus.h ****   */
 698:Drivers/STM32F4xx_HAL_Driver/Inc/stm32f4xx_ll_bus.h **** __STATIC_INLINE void LL_AHB1_GRP1_EnableClockLowPower(uint32_t Periphs)
 699:Drivers/STM32F4xx_HAL_Driver/Inc/stm32f4xx_ll_bus.h **** {
 700:Drivers/STM32F4xx_HAL_Driver/Inc/stm32f4xx_ll_bus.h ****   __IO uint32_t tmpreg;
 701:Drivers/STM32F4xx_HAL_Driver/Inc/stm32f4xx_ll_bus.h ****   SET_BIT(RCC->AHB1LPENR, Periphs);
 702:Drivers/STM32F4xx_HAL_Driver/Inc/stm32f4xx_ll_bus.h ****   /* Delay after an RCC peripheral clock enabling */
 703:Drivers/STM32F4xx_HAL_Driver/Inc/stm32f4xx_ll_bus.h ****   tmpreg = READ_BIT(RCC->AHB1LPENR, Periphs);
 704:Drivers/STM32F4xx_HAL_Driver/Inc/stm32f4xx_ll_bus.h ****   (void)tmpreg;
 705:Drivers/STM32F4xx_HAL_Driver/Inc/stm32f4xx_ll_bus.h **** }
ARM GAS  C:\Users\chris\AppData\Local\Temp\ccpkeIoa.s 			page 39


 706:Drivers/STM32F4xx_HAL_Driver/Inc/stm32f4xx_ll_bus.h **** 
 707:Drivers/STM32F4xx_HAL_Driver/Inc/stm32f4xx_ll_bus.h **** /**
 708:Drivers/STM32F4xx_HAL_Driver/Inc/stm32f4xx_ll_bus.h ****   * @brief  Disable AHB1 peripheral clocks in low-power mode
 709:Drivers/STM32F4xx_HAL_Driver/Inc/stm32f4xx_ll_bus.h ****   * @rmtoll AHB1LPENR    GPIOALPEN      LL_AHB1_GRP1_DisableClockLowPower\n
 710:Drivers/STM32F4xx_HAL_Driver/Inc/stm32f4xx_ll_bus.h ****   *         AHB1LPENR    GPIOBLPEN      LL_AHB1_GRP1_DisableClockLowPower\n
 711:Drivers/STM32F4xx_HAL_Driver/Inc/stm32f4xx_ll_bus.h ****   *         AHB1LPENR    GPIOCLPEN      LL_AHB1_GRP1_DisableClockLowPower\n
 712:Drivers/STM32F4xx_HAL_Driver/Inc/stm32f4xx_ll_bus.h ****   *         AHB1LPENR    GPIODLPEN      LL_AHB1_GRP1_DisableClockLowPower\n
 713:Drivers/STM32F4xx_HAL_Driver/Inc/stm32f4xx_ll_bus.h ****   *         AHB1LPENR    GPIOELPEN      LL_AHB1_GRP1_DisableClockLowPower\n
 714:Drivers/STM32F4xx_HAL_Driver/Inc/stm32f4xx_ll_bus.h ****   *         AHB1LPENR    GPIOFLPEN      LL_AHB1_GRP1_DisableClockLowPower\n
 715:Drivers/STM32F4xx_HAL_Driver/Inc/stm32f4xx_ll_bus.h ****   *         AHB1LPENR    GPIOGLPEN      LL_AHB1_GRP1_DisableClockLowPower\n
 716:Drivers/STM32F4xx_HAL_Driver/Inc/stm32f4xx_ll_bus.h ****   *         AHB1LPENR    GPIOHLPEN      LL_AHB1_GRP1_DisableClockLowPower\n
 717:Drivers/STM32F4xx_HAL_Driver/Inc/stm32f4xx_ll_bus.h ****   *         AHB1LPENR    GPIOILPEN      LL_AHB1_GRP1_DisableClockLowPower\n
 718:Drivers/STM32F4xx_HAL_Driver/Inc/stm32f4xx_ll_bus.h ****   *         AHB1LPENR    GPIOJLPEN      LL_AHB1_GRP1_DisableClockLowPower\n
 719:Drivers/STM32F4xx_HAL_Driver/Inc/stm32f4xx_ll_bus.h ****   *         AHB1LPENR    GPIOKLPEN      LL_AHB1_GRP1_DisableClockLowPower\n
 720:Drivers/STM32F4xx_HAL_Driver/Inc/stm32f4xx_ll_bus.h ****   *         AHB1LPENR    CRCLPEN        LL_AHB1_GRP1_DisableClockLowPower\n
 721:Drivers/STM32F4xx_HAL_Driver/Inc/stm32f4xx_ll_bus.h ****   *         AHB1LPENR    BKPSRAMLPEN    LL_AHB1_GRP1_DisableClockLowPower\n
 722:Drivers/STM32F4xx_HAL_Driver/Inc/stm32f4xx_ll_bus.h ****   *         AHB1LPENR    FLITFLPEN      LL_AHB1_GRP1_DisableClockLowPower\n
 723:Drivers/STM32F4xx_HAL_Driver/Inc/stm32f4xx_ll_bus.h ****   *         AHB1LPENR    SRAM1LPEN      LL_AHB1_GRP1_DisableClockLowPower\n
 724:Drivers/STM32F4xx_HAL_Driver/Inc/stm32f4xx_ll_bus.h ****   *         AHB1LPENR    SRAM2LPEN      LL_AHB1_GRP1_DisableClockLowPower\n
 725:Drivers/STM32F4xx_HAL_Driver/Inc/stm32f4xx_ll_bus.h ****   *         AHB1LPENR    SRAM3LPEN      LL_AHB1_GRP1_DisableClockLowPower\n
 726:Drivers/STM32F4xx_HAL_Driver/Inc/stm32f4xx_ll_bus.h ****   *         AHB1LPENR    BKPSRAMLPEN    LL_AHB1_GRP1_DisableClockLowPower\n
 727:Drivers/STM32F4xx_HAL_Driver/Inc/stm32f4xx_ll_bus.h ****   *         AHB1LPENR    DMA1LPEN       LL_AHB1_GRP1_DisableClockLowPower\n
 728:Drivers/STM32F4xx_HAL_Driver/Inc/stm32f4xx_ll_bus.h ****   *         AHB1LPENR    DMA2LPEN       LL_AHB1_GRP1_DisableClockLowPower\n
 729:Drivers/STM32F4xx_HAL_Driver/Inc/stm32f4xx_ll_bus.h ****   *         AHB1LPENR    DMA2DLPEN      LL_AHB1_GRP1_DisableClockLowPower\n
 730:Drivers/STM32F4xx_HAL_Driver/Inc/stm32f4xx_ll_bus.h ****   *         AHB1LPENR    RNGLPEN        LL_AHB1_GRP1_DisableClockLowPower\n
 731:Drivers/STM32F4xx_HAL_Driver/Inc/stm32f4xx_ll_bus.h ****   *         AHB1LPENR    ETHMACLPEN     LL_AHB1_GRP1_DisableClockLowPower\n
 732:Drivers/STM32F4xx_HAL_Driver/Inc/stm32f4xx_ll_bus.h ****   *         AHB1LPENR    ETHMACTXLPEN   LL_AHB1_GRP1_DisableClockLowPower\n
 733:Drivers/STM32F4xx_HAL_Driver/Inc/stm32f4xx_ll_bus.h ****   *         AHB1LPENR    ETHMACRXLPEN   LL_AHB1_GRP1_DisableClockLowPower\n
 734:Drivers/STM32F4xx_HAL_Driver/Inc/stm32f4xx_ll_bus.h ****   *         AHB1LPENR    ETHMACPTPLPEN  LL_AHB1_GRP1_DisableClockLowPower\n
 735:Drivers/STM32F4xx_HAL_Driver/Inc/stm32f4xx_ll_bus.h ****   *         AHB1LPENR    OTGHSLPEN      LL_AHB1_GRP1_DisableClockLowPower\n
 736:Drivers/STM32F4xx_HAL_Driver/Inc/stm32f4xx_ll_bus.h ****   *         AHB1LPENR    OTGHSULPILPEN  LL_AHB1_GRP1_DisableClockLowPower
 737:Drivers/STM32F4xx_HAL_Driver/Inc/stm32f4xx_ll_bus.h ****   * @param  Periphs This parameter can be a combination of the following values:
 738:Drivers/STM32F4xx_HAL_Driver/Inc/stm32f4xx_ll_bus.h ****   *         @arg @ref LL_AHB1_GRP1_PERIPH_GPIOA
 739:Drivers/STM32F4xx_HAL_Driver/Inc/stm32f4xx_ll_bus.h ****   *         @arg @ref LL_AHB1_GRP1_PERIPH_GPIOB
 740:Drivers/STM32F4xx_HAL_Driver/Inc/stm32f4xx_ll_bus.h ****   *         @arg @ref LL_AHB1_GRP1_PERIPH_GPIOC
 741:Drivers/STM32F4xx_HAL_Driver/Inc/stm32f4xx_ll_bus.h ****   *         @arg @ref LL_AHB1_GRP1_PERIPH_GPIOD (*)
 742:Drivers/STM32F4xx_HAL_Driver/Inc/stm32f4xx_ll_bus.h ****   *         @arg @ref LL_AHB1_GRP1_PERIPH_GPIOE (*)
 743:Drivers/STM32F4xx_HAL_Driver/Inc/stm32f4xx_ll_bus.h ****   *         @arg @ref LL_AHB1_GRP1_PERIPH_GPIOF (*)
 744:Drivers/STM32F4xx_HAL_Driver/Inc/stm32f4xx_ll_bus.h ****   *         @arg @ref LL_AHB1_GRP1_PERIPH_GPIOG (*)
 745:Drivers/STM32F4xx_HAL_Driver/Inc/stm32f4xx_ll_bus.h ****   *         @arg @ref LL_AHB1_GRP1_PERIPH_GPIOH (*)
 746:Drivers/STM32F4xx_HAL_Driver/Inc/stm32f4xx_ll_bus.h ****   *         @arg @ref LL_AHB1_GRP1_PERIPH_GPIOI (*)
 747:Drivers/STM32F4xx_HAL_Driver/Inc/stm32f4xx_ll_bus.h ****   *         @arg @ref LL_AHB1_GRP1_PERIPH_GPIOJ (*)
 748:Drivers/STM32F4xx_HAL_Driver/Inc/stm32f4xx_ll_bus.h ****   *         @arg @ref LL_AHB1_GRP1_PERIPH_GPIOK (*)
 749:Drivers/STM32F4xx_HAL_Driver/Inc/stm32f4xx_ll_bus.h ****   *         @arg @ref LL_AHB1_GRP1_PERIPH_CRC
 750:Drivers/STM32F4xx_HAL_Driver/Inc/stm32f4xx_ll_bus.h ****   *         @arg @ref LL_AHB1_GRP1_PERIPH_BKPSRAM (*)
 751:Drivers/STM32F4xx_HAL_Driver/Inc/stm32f4xx_ll_bus.h ****   *         @arg @ref LL_AHB1_GRP1_PERIPH_FLITF
 752:Drivers/STM32F4xx_HAL_Driver/Inc/stm32f4xx_ll_bus.h ****   *         @arg @ref LL_AHB1_GRP1_PERIPH_SRAM1
 753:Drivers/STM32F4xx_HAL_Driver/Inc/stm32f4xx_ll_bus.h ****   *         @arg @ref LL_AHB1_GRP1_PERIPH_SRAM2 (*)
 754:Drivers/STM32F4xx_HAL_Driver/Inc/stm32f4xx_ll_bus.h ****   *         @arg @ref LL_AHB1_GRP1_PERIPH_SRAM3 (*)
 755:Drivers/STM32F4xx_HAL_Driver/Inc/stm32f4xx_ll_bus.h ****   *         @arg @ref LL_AHB1_GRP1_PERIPH_DMA1
 756:Drivers/STM32F4xx_HAL_Driver/Inc/stm32f4xx_ll_bus.h ****   *         @arg @ref LL_AHB1_GRP1_PERIPH_DMA2
 757:Drivers/STM32F4xx_HAL_Driver/Inc/stm32f4xx_ll_bus.h ****   *         @arg @ref LL_AHB1_GRP1_PERIPH_RNG (*)
 758:Drivers/STM32F4xx_HAL_Driver/Inc/stm32f4xx_ll_bus.h ****   *         @arg @ref LL_AHB1_GRP1_PERIPH_DMA2D (*)
 759:Drivers/STM32F4xx_HAL_Driver/Inc/stm32f4xx_ll_bus.h ****   *         @arg @ref LL_AHB1_GRP1_PERIPH_ETHMAC (*)
 760:Drivers/STM32F4xx_HAL_Driver/Inc/stm32f4xx_ll_bus.h ****   *         @arg @ref LL_AHB1_GRP1_PERIPH_ETHMACTX (*)
 761:Drivers/STM32F4xx_HAL_Driver/Inc/stm32f4xx_ll_bus.h ****   *         @arg @ref LL_AHB1_GRP1_PERIPH_ETHMACRX (*)
 762:Drivers/STM32F4xx_HAL_Driver/Inc/stm32f4xx_ll_bus.h ****   *         @arg @ref LL_AHB1_GRP1_PERIPH_ETHMACPTP (*)
ARM GAS  C:\Users\chris\AppData\Local\Temp\ccpkeIoa.s 			page 40


 763:Drivers/STM32F4xx_HAL_Driver/Inc/stm32f4xx_ll_bus.h ****   *         @arg @ref LL_AHB1_GRP1_PERIPH_OTGHS (*)
 764:Drivers/STM32F4xx_HAL_Driver/Inc/stm32f4xx_ll_bus.h ****   *         @arg @ref LL_AHB1_GRP1_PERIPH_OTGHSULPI (*)
 765:Drivers/STM32F4xx_HAL_Driver/Inc/stm32f4xx_ll_bus.h ****   *
 766:Drivers/STM32F4xx_HAL_Driver/Inc/stm32f4xx_ll_bus.h ****   *         (*) value not defined in all devices.
 767:Drivers/STM32F4xx_HAL_Driver/Inc/stm32f4xx_ll_bus.h ****   * @retval None
 768:Drivers/STM32F4xx_HAL_Driver/Inc/stm32f4xx_ll_bus.h ****   */
 769:Drivers/STM32F4xx_HAL_Driver/Inc/stm32f4xx_ll_bus.h **** __STATIC_INLINE void LL_AHB1_GRP1_DisableClockLowPower(uint32_t Periphs)
 770:Drivers/STM32F4xx_HAL_Driver/Inc/stm32f4xx_ll_bus.h **** {
 771:Drivers/STM32F4xx_HAL_Driver/Inc/stm32f4xx_ll_bus.h ****   CLEAR_BIT(RCC->AHB1LPENR, Periphs);
 772:Drivers/STM32F4xx_HAL_Driver/Inc/stm32f4xx_ll_bus.h **** }
 773:Drivers/STM32F4xx_HAL_Driver/Inc/stm32f4xx_ll_bus.h **** 
 774:Drivers/STM32F4xx_HAL_Driver/Inc/stm32f4xx_ll_bus.h **** /**
 775:Drivers/STM32F4xx_HAL_Driver/Inc/stm32f4xx_ll_bus.h ****   * @}
 776:Drivers/STM32F4xx_HAL_Driver/Inc/stm32f4xx_ll_bus.h ****   */
 777:Drivers/STM32F4xx_HAL_Driver/Inc/stm32f4xx_ll_bus.h **** 
 778:Drivers/STM32F4xx_HAL_Driver/Inc/stm32f4xx_ll_bus.h **** #if defined(RCC_AHB2_SUPPORT)
 779:Drivers/STM32F4xx_HAL_Driver/Inc/stm32f4xx_ll_bus.h **** /** @defgroup BUS_LL_EF_AHB2 AHB2
 780:Drivers/STM32F4xx_HAL_Driver/Inc/stm32f4xx_ll_bus.h ****   * @{
 781:Drivers/STM32F4xx_HAL_Driver/Inc/stm32f4xx_ll_bus.h ****   */
 782:Drivers/STM32F4xx_HAL_Driver/Inc/stm32f4xx_ll_bus.h **** 
 783:Drivers/STM32F4xx_HAL_Driver/Inc/stm32f4xx_ll_bus.h **** /**
 784:Drivers/STM32F4xx_HAL_Driver/Inc/stm32f4xx_ll_bus.h ****   * @brief  Enable AHB2 peripherals clock.
 785:Drivers/STM32F4xx_HAL_Driver/Inc/stm32f4xx_ll_bus.h ****   * @rmtoll AHB2ENR      DCMIEN       LL_AHB2_GRP1_EnableClock\n
 786:Drivers/STM32F4xx_HAL_Driver/Inc/stm32f4xx_ll_bus.h ****   *         AHB2ENR      CRYPEN       LL_AHB2_GRP1_EnableClock\n
 787:Drivers/STM32F4xx_HAL_Driver/Inc/stm32f4xx_ll_bus.h ****   *         AHB2ENR      AESEN        LL_AHB2_GRP1_EnableClock\n
 788:Drivers/STM32F4xx_HAL_Driver/Inc/stm32f4xx_ll_bus.h ****   *         AHB2ENR      HASHEN       LL_AHB2_GRP1_EnableClock\n
 789:Drivers/STM32F4xx_HAL_Driver/Inc/stm32f4xx_ll_bus.h ****   *         AHB2ENR      RNGEN        LL_AHB2_GRP1_EnableClock\n
 790:Drivers/STM32F4xx_HAL_Driver/Inc/stm32f4xx_ll_bus.h ****   *         AHB2ENR      OTGFSEN      LL_AHB2_GRP1_EnableClock
 791:Drivers/STM32F4xx_HAL_Driver/Inc/stm32f4xx_ll_bus.h ****   * @param  Periphs This parameter can be a combination of the following values:
 792:Drivers/STM32F4xx_HAL_Driver/Inc/stm32f4xx_ll_bus.h ****   *         @arg @ref LL_AHB2_GRP1_PERIPH_DCMI (*)
 793:Drivers/STM32F4xx_HAL_Driver/Inc/stm32f4xx_ll_bus.h ****   *         @arg @ref LL_AHB2_GRP1_PERIPH_CRYP (*)
 794:Drivers/STM32F4xx_HAL_Driver/Inc/stm32f4xx_ll_bus.h ****   *         @arg @ref LL_AHB2_GRP1_PERIPH_AES  (*)
 795:Drivers/STM32F4xx_HAL_Driver/Inc/stm32f4xx_ll_bus.h ****   *         @arg @ref LL_AHB2_GRP1_PERIPH_HASH (*)
 796:Drivers/STM32F4xx_HAL_Driver/Inc/stm32f4xx_ll_bus.h ****   *         @arg @ref LL_AHB2_GRP1_PERIPH_RNG (*)
 797:Drivers/STM32F4xx_HAL_Driver/Inc/stm32f4xx_ll_bus.h ****   *         @arg @ref LL_AHB2_GRP1_PERIPH_OTGFS (*)
 798:Drivers/STM32F4xx_HAL_Driver/Inc/stm32f4xx_ll_bus.h ****   *
 799:Drivers/STM32F4xx_HAL_Driver/Inc/stm32f4xx_ll_bus.h ****   *         (*) value not defined in all devices.
 800:Drivers/STM32F4xx_HAL_Driver/Inc/stm32f4xx_ll_bus.h ****   * @retval None
 801:Drivers/STM32F4xx_HAL_Driver/Inc/stm32f4xx_ll_bus.h ****   */
 802:Drivers/STM32F4xx_HAL_Driver/Inc/stm32f4xx_ll_bus.h **** __STATIC_INLINE void LL_AHB2_GRP1_EnableClock(uint32_t Periphs)
 803:Drivers/STM32F4xx_HAL_Driver/Inc/stm32f4xx_ll_bus.h **** {
 804:Drivers/STM32F4xx_HAL_Driver/Inc/stm32f4xx_ll_bus.h ****   __IO uint32_t tmpreg;
 805:Drivers/STM32F4xx_HAL_Driver/Inc/stm32f4xx_ll_bus.h ****   SET_BIT(RCC->AHB2ENR, Periphs);
 806:Drivers/STM32F4xx_HAL_Driver/Inc/stm32f4xx_ll_bus.h ****   /* Delay after an RCC peripheral clock enabling */
 807:Drivers/STM32F4xx_HAL_Driver/Inc/stm32f4xx_ll_bus.h ****   tmpreg = READ_BIT(RCC->AHB2ENR, Periphs);
 808:Drivers/STM32F4xx_HAL_Driver/Inc/stm32f4xx_ll_bus.h ****   (void)tmpreg;
 809:Drivers/STM32F4xx_HAL_Driver/Inc/stm32f4xx_ll_bus.h **** }
 810:Drivers/STM32F4xx_HAL_Driver/Inc/stm32f4xx_ll_bus.h **** 
 811:Drivers/STM32F4xx_HAL_Driver/Inc/stm32f4xx_ll_bus.h **** /**
 812:Drivers/STM32F4xx_HAL_Driver/Inc/stm32f4xx_ll_bus.h ****   * @brief  Check if AHB2 peripheral clock is enabled or not
 813:Drivers/STM32F4xx_HAL_Driver/Inc/stm32f4xx_ll_bus.h ****   * @rmtoll AHB2ENR      DCMIEN       LL_AHB2_GRP1_IsEnabledClock\n
 814:Drivers/STM32F4xx_HAL_Driver/Inc/stm32f4xx_ll_bus.h ****   *         AHB2ENR      CRYPEN       LL_AHB2_GRP1_IsEnabledClock\n
 815:Drivers/STM32F4xx_HAL_Driver/Inc/stm32f4xx_ll_bus.h ****   *         AHB2ENR      AESEN        LL_AHB2_GRP1_IsEnabledClock\n
 816:Drivers/STM32F4xx_HAL_Driver/Inc/stm32f4xx_ll_bus.h ****   *         AHB2ENR      HASHEN       LL_AHB2_GRP1_IsEnabledClock\n
 817:Drivers/STM32F4xx_HAL_Driver/Inc/stm32f4xx_ll_bus.h ****   *         AHB2ENR      RNGEN        LL_AHB2_GRP1_IsEnabledClock\n
 818:Drivers/STM32F4xx_HAL_Driver/Inc/stm32f4xx_ll_bus.h ****   *         AHB2ENR      OTGFSEN      LL_AHB2_GRP1_IsEnabledClock
 819:Drivers/STM32F4xx_HAL_Driver/Inc/stm32f4xx_ll_bus.h ****   * @param  Periphs This parameter can be a combination of the following values:
ARM GAS  C:\Users\chris\AppData\Local\Temp\ccpkeIoa.s 			page 41


 820:Drivers/STM32F4xx_HAL_Driver/Inc/stm32f4xx_ll_bus.h ****   *         @arg @ref LL_AHB2_GRP1_PERIPH_DCMI (*)
 821:Drivers/STM32F4xx_HAL_Driver/Inc/stm32f4xx_ll_bus.h ****   *         @arg @ref LL_AHB2_GRP1_PERIPH_CRYP (*)
 822:Drivers/STM32F4xx_HAL_Driver/Inc/stm32f4xx_ll_bus.h ****   *         @arg @ref LL_AHB2_GRP1_PERIPH_AES  (*)
 823:Drivers/STM32F4xx_HAL_Driver/Inc/stm32f4xx_ll_bus.h ****   *         @arg @ref LL_AHB2_GRP1_PERIPH_HASH (*)
 824:Drivers/STM32F4xx_HAL_Driver/Inc/stm32f4xx_ll_bus.h ****   *         @arg @ref LL_AHB2_GRP1_PERIPH_RNG (*)
 825:Drivers/STM32F4xx_HAL_Driver/Inc/stm32f4xx_ll_bus.h ****   *         @arg @ref LL_AHB2_GRP1_PERIPH_OTGFS (*)
 826:Drivers/STM32F4xx_HAL_Driver/Inc/stm32f4xx_ll_bus.h ****   *
 827:Drivers/STM32F4xx_HAL_Driver/Inc/stm32f4xx_ll_bus.h ****   *         (*) value not defined in all devices.
 828:Drivers/STM32F4xx_HAL_Driver/Inc/stm32f4xx_ll_bus.h ****   * @retval State of Periphs (1 or 0).
 829:Drivers/STM32F4xx_HAL_Driver/Inc/stm32f4xx_ll_bus.h ****   */
 830:Drivers/STM32F4xx_HAL_Driver/Inc/stm32f4xx_ll_bus.h **** __STATIC_INLINE uint32_t LL_AHB2_GRP1_IsEnabledClock(uint32_t Periphs)
 831:Drivers/STM32F4xx_HAL_Driver/Inc/stm32f4xx_ll_bus.h **** {
 832:Drivers/STM32F4xx_HAL_Driver/Inc/stm32f4xx_ll_bus.h ****   return (READ_BIT(RCC->AHB2ENR, Periphs) == Periphs);
 833:Drivers/STM32F4xx_HAL_Driver/Inc/stm32f4xx_ll_bus.h **** }
 834:Drivers/STM32F4xx_HAL_Driver/Inc/stm32f4xx_ll_bus.h **** 
 835:Drivers/STM32F4xx_HAL_Driver/Inc/stm32f4xx_ll_bus.h **** /**
 836:Drivers/STM32F4xx_HAL_Driver/Inc/stm32f4xx_ll_bus.h ****   * @brief  Disable AHB2 peripherals clock.
 837:Drivers/STM32F4xx_HAL_Driver/Inc/stm32f4xx_ll_bus.h ****   * @rmtoll AHB2ENR      DCMIEN       LL_AHB2_GRP1_DisableClock\n
 838:Drivers/STM32F4xx_HAL_Driver/Inc/stm32f4xx_ll_bus.h ****   *         AHB2ENR      CRYPEN       LL_AHB2_GRP1_DisableClock\n
 839:Drivers/STM32F4xx_HAL_Driver/Inc/stm32f4xx_ll_bus.h ****   *         AHB2ENR      AESEN        LL_AHB2_GRP1_DisableClock\n
 840:Drivers/STM32F4xx_HAL_Driver/Inc/stm32f4xx_ll_bus.h ****   *         AHB2ENR      HASHEN       LL_AHB2_GRP1_DisableClock\n
 841:Drivers/STM32F4xx_HAL_Driver/Inc/stm32f4xx_ll_bus.h ****   *         AHB2ENR      RNGEN        LL_AHB2_GRP1_DisableClock\n
 842:Drivers/STM32F4xx_HAL_Driver/Inc/stm32f4xx_ll_bus.h ****   *         AHB2ENR      OTGFSEN      LL_AHB2_GRP1_DisableClock
 843:Drivers/STM32F4xx_HAL_Driver/Inc/stm32f4xx_ll_bus.h ****   * @param  Periphs This parameter can be a combination of the following values:
 844:Drivers/STM32F4xx_HAL_Driver/Inc/stm32f4xx_ll_bus.h ****   *         @arg @ref LL_AHB2_GRP1_PERIPH_DCMI (*)
 845:Drivers/STM32F4xx_HAL_Driver/Inc/stm32f4xx_ll_bus.h ****   *         @arg @ref LL_AHB2_GRP1_PERIPH_CRYP (*)
 846:Drivers/STM32F4xx_HAL_Driver/Inc/stm32f4xx_ll_bus.h ****   *         @arg @ref LL_AHB2_GRP1_PERIPH_AES  (*)
 847:Drivers/STM32F4xx_HAL_Driver/Inc/stm32f4xx_ll_bus.h ****   *         @arg @ref LL_AHB2_GRP1_PERIPH_HASH (*)
 848:Drivers/STM32F4xx_HAL_Driver/Inc/stm32f4xx_ll_bus.h ****   *         @arg @ref LL_AHB2_GRP1_PERIPH_RNG (*)
 849:Drivers/STM32F4xx_HAL_Driver/Inc/stm32f4xx_ll_bus.h ****   *         @arg @ref LL_AHB2_GRP1_PERIPH_OTGFS (*)
 850:Drivers/STM32F4xx_HAL_Driver/Inc/stm32f4xx_ll_bus.h ****   *
 851:Drivers/STM32F4xx_HAL_Driver/Inc/stm32f4xx_ll_bus.h ****   *         (*) value not defined in all devices.
 852:Drivers/STM32F4xx_HAL_Driver/Inc/stm32f4xx_ll_bus.h ****   * @retval None
 853:Drivers/STM32F4xx_HAL_Driver/Inc/stm32f4xx_ll_bus.h ****   */
 854:Drivers/STM32F4xx_HAL_Driver/Inc/stm32f4xx_ll_bus.h **** __STATIC_INLINE void LL_AHB2_GRP1_DisableClock(uint32_t Periphs)
 855:Drivers/STM32F4xx_HAL_Driver/Inc/stm32f4xx_ll_bus.h **** {
 856:Drivers/STM32F4xx_HAL_Driver/Inc/stm32f4xx_ll_bus.h ****   CLEAR_BIT(RCC->AHB2ENR, Periphs);
 857:Drivers/STM32F4xx_HAL_Driver/Inc/stm32f4xx_ll_bus.h **** }
 858:Drivers/STM32F4xx_HAL_Driver/Inc/stm32f4xx_ll_bus.h **** 
 859:Drivers/STM32F4xx_HAL_Driver/Inc/stm32f4xx_ll_bus.h **** /**
 860:Drivers/STM32F4xx_HAL_Driver/Inc/stm32f4xx_ll_bus.h ****   * @brief  Force AHB2 peripherals reset.
 861:Drivers/STM32F4xx_HAL_Driver/Inc/stm32f4xx_ll_bus.h ****   * @rmtoll AHB2RSTR     DCMIRST      LL_AHB2_GRP1_ForceReset\n
 862:Drivers/STM32F4xx_HAL_Driver/Inc/stm32f4xx_ll_bus.h ****   *         AHB2RSTR     CRYPRST      LL_AHB2_GRP1_ForceReset\n
 863:Drivers/STM32F4xx_HAL_Driver/Inc/stm32f4xx_ll_bus.h ****   *         AHB2RSTR     AESRST       LL_AHB2_GRP1_ForceReset\n
 864:Drivers/STM32F4xx_HAL_Driver/Inc/stm32f4xx_ll_bus.h ****   *         AHB2RSTR     HASHRST      LL_AHB2_GRP1_ForceReset\n
 865:Drivers/STM32F4xx_HAL_Driver/Inc/stm32f4xx_ll_bus.h ****   *         AHB2RSTR     RNGRST       LL_AHB2_GRP1_ForceReset\n
 866:Drivers/STM32F4xx_HAL_Driver/Inc/stm32f4xx_ll_bus.h ****   *         AHB2RSTR     OTGFSRST     LL_AHB2_GRP1_ForceReset
 867:Drivers/STM32F4xx_HAL_Driver/Inc/stm32f4xx_ll_bus.h ****   * @param  Periphs This parameter can be a combination of the following values:
 868:Drivers/STM32F4xx_HAL_Driver/Inc/stm32f4xx_ll_bus.h ****   *         @arg @ref LL_AHB2_GRP1_PERIPH_ALL
 869:Drivers/STM32F4xx_HAL_Driver/Inc/stm32f4xx_ll_bus.h ****   *         @arg @ref LL_AHB2_GRP1_PERIPH_DCMI (*)
 870:Drivers/STM32F4xx_HAL_Driver/Inc/stm32f4xx_ll_bus.h ****   *         @arg @ref LL_AHB2_GRP1_PERIPH_CRYP (*)
 871:Drivers/STM32F4xx_HAL_Driver/Inc/stm32f4xx_ll_bus.h ****   *         @arg @ref LL_AHB2_GRP1_PERIPH_AES  (*)
 872:Drivers/STM32F4xx_HAL_Driver/Inc/stm32f4xx_ll_bus.h ****   *         @arg @ref LL_AHB2_GRP1_PERIPH_HASH (*)
 873:Drivers/STM32F4xx_HAL_Driver/Inc/stm32f4xx_ll_bus.h ****   *         @arg @ref LL_AHB2_GRP1_PERIPH_RNG (*)
 874:Drivers/STM32F4xx_HAL_Driver/Inc/stm32f4xx_ll_bus.h ****   *         @arg @ref LL_AHB2_GRP1_PERIPH_OTGFS (*)
 875:Drivers/STM32F4xx_HAL_Driver/Inc/stm32f4xx_ll_bus.h ****   *
 876:Drivers/STM32F4xx_HAL_Driver/Inc/stm32f4xx_ll_bus.h ****   *         (*) value not defined in all devices.
ARM GAS  C:\Users\chris\AppData\Local\Temp\ccpkeIoa.s 			page 42


 877:Drivers/STM32F4xx_HAL_Driver/Inc/stm32f4xx_ll_bus.h ****   * @retval None
 878:Drivers/STM32F4xx_HAL_Driver/Inc/stm32f4xx_ll_bus.h ****   */
 879:Drivers/STM32F4xx_HAL_Driver/Inc/stm32f4xx_ll_bus.h **** __STATIC_INLINE void LL_AHB2_GRP1_ForceReset(uint32_t Periphs)
 880:Drivers/STM32F4xx_HAL_Driver/Inc/stm32f4xx_ll_bus.h **** {
 881:Drivers/STM32F4xx_HAL_Driver/Inc/stm32f4xx_ll_bus.h ****   SET_BIT(RCC->AHB2RSTR, Periphs);
 882:Drivers/STM32F4xx_HAL_Driver/Inc/stm32f4xx_ll_bus.h **** }
 883:Drivers/STM32F4xx_HAL_Driver/Inc/stm32f4xx_ll_bus.h **** 
 884:Drivers/STM32F4xx_HAL_Driver/Inc/stm32f4xx_ll_bus.h **** /**
 885:Drivers/STM32F4xx_HAL_Driver/Inc/stm32f4xx_ll_bus.h ****   * @brief  Release AHB2 peripherals reset.
 886:Drivers/STM32F4xx_HAL_Driver/Inc/stm32f4xx_ll_bus.h ****   * @rmtoll AHB2RSTR     DCMIRST      LL_AHB2_GRP1_ReleaseReset\n
 887:Drivers/STM32F4xx_HAL_Driver/Inc/stm32f4xx_ll_bus.h ****   *         AHB2RSTR     CRYPRST      LL_AHB2_GRP1_ReleaseReset\n
 888:Drivers/STM32F4xx_HAL_Driver/Inc/stm32f4xx_ll_bus.h ****   *         AHB2RSTR     AESRST       LL_AHB2_GRP1_ReleaseReset\n
 889:Drivers/STM32F4xx_HAL_Driver/Inc/stm32f4xx_ll_bus.h ****   *         AHB2RSTR     HASHRST      LL_AHB2_GRP1_ReleaseReset\n
 890:Drivers/STM32F4xx_HAL_Driver/Inc/stm32f4xx_ll_bus.h ****   *         AHB2RSTR     RNGRST       LL_AHB2_GRP1_ReleaseReset\n
 891:Drivers/STM32F4xx_HAL_Driver/Inc/stm32f4xx_ll_bus.h ****   *         AHB2RSTR     OTGFSRST     LL_AHB2_GRP1_ReleaseReset
 892:Drivers/STM32F4xx_HAL_Driver/Inc/stm32f4xx_ll_bus.h ****   * @param  Periphs This parameter can be a combination of the following values:
 893:Drivers/STM32F4xx_HAL_Driver/Inc/stm32f4xx_ll_bus.h ****   *         @arg @ref LL_AHB2_GRP1_PERIPH_ALL
 894:Drivers/STM32F4xx_HAL_Driver/Inc/stm32f4xx_ll_bus.h ****   *         @arg @ref LL_AHB2_GRP1_PERIPH_DCMI (*)
 895:Drivers/STM32F4xx_HAL_Driver/Inc/stm32f4xx_ll_bus.h ****   *         @arg @ref LL_AHB2_GRP1_PERIPH_CRYP (*)
 896:Drivers/STM32F4xx_HAL_Driver/Inc/stm32f4xx_ll_bus.h ****   *         @arg @ref LL_AHB2_GRP1_PERIPH_AES  (*)
 897:Drivers/STM32F4xx_HAL_Driver/Inc/stm32f4xx_ll_bus.h ****   *         @arg @ref LL_AHB2_GRP1_PERIPH_HASH (*)
 898:Drivers/STM32F4xx_HAL_Driver/Inc/stm32f4xx_ll_bus.h ****   *         @arg @ref LL_AHB2_GRP1_PERIPH_RNG (*)
 899:Drivers/STM32F4xx_HAL_Driver/Inc/stm32f4xx_ll_bus.h ****   *         @arg @ref LL_AHB2_GRP1_PERIPH_OTGFS (*)
 900:Drivers/STM32F4xx_HAL_Driver/Inc/stm32f4xx_ll_bus.h ****   *
 901:Drivers/STM32F4xx_HAL_Driver/Inc/stm32f4xx_ll_bus.h ****   *         (*) value not defined in all devices.
 902:Drivers/STM32F4xx_HAL_Driver/Inc/stm32f4xx_ll_bus.h ****   * @retval None
 903:Drivers/STM32F4xx_HAL_Driver/Inc/stm32f4xx_ll_bus.h ****   */
 904:Drivers/STM32F4xx_HAL_Driver/Inc/stm32f4xx_ll_bus.h **** __STATIC_INLINE void LL_AHB2_GRP1_ReleaseReset(uint32_t Periphs)
 905:Drivers/STM32F4xx_HAL_Driver/Inc/stm32f4xx_ll_bus.h **** {
 906:Drivers/STM32F4xx_HAL_Driver/Inc/stm32f4xx_ll_bus.h ****   CLEAR_BIT(RCC->AHB2RSTR, Periphs);
 907:Drivers/STM32F4xx_HAL_Driver/Inc/stm32f4xx_ll_bus.h **** }
 908:Drivers/STM32F4xx_HAL_Driver/Inc/stm32f4xx_ll_bus.h **** 
 909:Drivers/STM32F4xx_HAL_Driver/Inc/stm32f4xx_ll_bus.h **** /**
 910:Drivers/STM32F4xx_HAL_Driver/Inc/stm32f4xx_ll_bus.h ****   * @brief  Enable AHB2 peripheral clocks in low-power mode
 911:Drivers/STM32F4xx_HAL_Driver/Inc/stm32f4xx_ll_bus.h ****   * @rmtoll AHB2LPENR    DCMILPEN     LL_AHB2_GRP1_EnableClockLowPower\n
 912:Drivers/STM32F4xx_HAL_Driver/Inc/stm32f4xx_ll_bus.h ****   *         AHB2LPENR    CRYPLPEN     LL_AHB2_GRP1_EnableClockLowPower\n
 913:Drivers/STM32F4xx_HAL_Driver/Inc/stm32f4xx_ll_bus.h ****   *         AHB2LPENR    AESLPEN      LL_AHB2_GRP1_EnableClockLowPower\n
 914:Drivers/STM32F4xx_HAL_Driver/Inc/stm32f4xx_ll_bus.h ****   *         AHB2LPENR    HASHLPEN     LL_AHB2_GRP1_EnableClockLowPower\n
 915:Drivers/STM32F4xx_HAL_Driver/Inc/stm32f4xx_ll_bus.h ****   *         AHB2LPENR    RNGLPEN      LL_AHB2_GRP1_EnableClockLowPower\n
 916:Drivers/STM32F4xx_HAL_Driver/Inc/stm32f4xx_ll_bus.h ****   *         AHB2LPENR    OTGFSLPEN    LL_AHB2_GRP1_EnableClockLowPower
 917:Drivers/STM32F4xx_HAL_Driver/Inc/stm32f4xx_ll_bus.h ****   * @param  Periphs This parameter can be a combination of the following values:
 918:Drivers/STM32F4xx_HAL_Driver/Inc/stm32f4xx_ll_bus.h ****   *         @arg @ref LL_AHB2_GRP1_PERIPH_DCMI (*)
 919:Drivers/STM32F4xx_HAL_Driver/Inc/stm32f4xx_ll_bus.h ****   *         @arg @ref LL_AHB2_GRP1_PERIPH_CRYP (*)
 920:Drivers/STM32F4xx_HAL_Driver/Inc/stm32f4xx_ll_bus.h ****   *         @arg @ref LL_AHB2_GRP1_PERIPH_AES  (*)
 921:Drivers/STM32F4xx_HAL_Driver/Inc/stm32f4xx_ll_bus.h ****   *         @arg @ref LL_AHB2_GRP1_PERIPH_HASH (*)
 922:Drivers/STM32F4xx_HAL_Driver/Inc/stm32f4xx_ll_bus.h ****   *         @arg @ref LL_AHB2_GRP1_PERIPH_RNG (*)
 923:Drivers/STM32F4xx_HAL_Driver/Inc/stm32f4xx_ll_bus.h ****   *         @arg @ref LL_AHB2_GRP1_PERIPH_OTGFS (*)
 924:Drivers/STM32F4xx_HAL_Driver/Inc/stm32f4xx_ll_bus.h ****   *
 925:Drivers/STM32F4xx_HAL_Driver/Inc/stm32f4xx_ll_bus.h ****   *         (*) value not defined in all devices.
 926:Drivers/STM32F4xx_HAL_Driver/Inc/stm32f4xx_ll_bus.h ****   * @retval None
 927:Drivers/STM32F4xx_HAL_Driver/Inc/stm32f4xx_ll_bus.h ****   */
 928:Drivers/STM32F4xx_HAL_Driver/Inc/stm32f4xx_ll_bus.h **** __STATIC_INLINE void LL_AHB2_GRP1_EnableClockLowPower(uint32_t Periphs)
 929:Drivers/STM32F4xx_HAL_Driver/Inc/stm32f4xx_ll_bus.h **** {
 930:Drivers/STM32F4xx_HAL_Driver/Inc/stm32f4xx_ll_bus.h ****   __IO uint32_t tmpreg;
 931:Drivers/STM32F4xx_HAL_Driver/Inc/stm32f4xx_ll_bus.h ****   SET_BIT(RCC->AHB2LPENR, Periphs);
 932:Drivers/STM32F4xx_HAL_Driver/Inc/stm32f4xx_ll_bus.h ****   /* Delay after an RCC peripheral clock enabling */
 933:Drivers/STM32F4xx_HAL_Driver/Inc/stm32f4xx_ll_bus.h ****   tmpreg = READ_BIT(RCC->AHB2LPENR, Periphs);
ARM GAS  C:\Users\chris\AppData\Local\Temp\ccpkeIoa.s 			page 43


 934:Drivers/STM32F4xx_HAL_Driver/Inc/stm32f4xx_ll_bus.h ****   (void)tmpreg;
 935:Drivers/STM32F4xx_HAL_Driver/Inc/stm32f4xx_ll_bus.h **** }
 936:Drivers/STM32F4xx_HAL_Driver/Inc/stm32f4xx_ll_bus.h **** 
 937:Drivers/STM32F4xx_HAL_Driver/Inc/stm32f4xx_ll_bus.h **** /**
 938:Drivers/STM32F4xx_HAL_Driver/Inc/stm32f4xx_ll_bus.h ****   * @brief  Disable AHB2 peripheral clocks in low-power mode
 939:Drivers/STM32F4xx_HAL_Driver/Inc/stm32f4xx_ll_bus.h ****   * @rmtoll AHB2LPENR    DCMILPEN     LL_AHB2_GRP1_DisableClockLowPower\n
 940:Drivers/STM32F4xx_HAL_Driver/Inc/stm32f4xx_ll_bus.h ****   *         AHB2LPENR    CRYPLPEN     LL_AHB2_GRP1_DisableClockLowPower\n
 941:Drivers/STM32F4xx_HAL_Driver/Inc/stm32f4xx_ll_bus.h ****   *         AHB2LPENR    AESLPEN      LL_AHB2_GRP1_DisableClockLowPower\n
 942:Drivers/STM32F4xx_HAL_Driver/Inc/stm32f4xx_ll_bus.h ****   *         AHB2LPENR    HASHLPEN     LL_AHB2_GRP1_DisableClockLowPower\n
 943:Drivers/STM32F4xx_HAL_Driver/Inc/stm32f4xx_ll_bus.h ****   *         AHB2LPENR    RNGLPEN      LL_AHB2_GRP1_DisableClockLowPower\n
 944:Drivers/STM32F4xx_HAL_Driver/Inc/stm32f4xx_ll_bus.h ****   *         AHB2LPENR    OTGFSLPEN    LL_AHB2_GRP1_DisableClockLowPower
 945:Drivers/STM32F4xx_HAL_Driver/Inc/stm32f4xx_ll_bus.h ****   * @param  Periphs This parameter can be a combination of the following values:
 946:Drivers/STM32F4xx_HAL_Driver/Inc/stm32f4xx_ll_bus.h ****   *         @arg @ref LL_AHB2_GRP1_PERIPH_DCMI (*)
 947:Drivers/STM32F4xx_HAL_Driver/Inc/stm32f4xx_ll_bus.h ****   *         @arg @ref LL_AHB2_GRP1_PERIPH_CRYP (*)
 948:Drivers/STM32F4xx_HAL_Driver/Inc/stm32f4xx_ll_bus.h ****   *         @arg @ref LL_AHB2_GRP1_PERIPH_AES  (*)
 949:Drivers/STM32F4xx_HAL_Driver/Inc/stm32f4xx_ll_bus.h ****   *         @arg @ref LL_AHB2_GRP1_PERIPH_HASH (*)
 950:Drivers/STM32F4xx_HAL_Driver/Inc/stm32f4xx_ll_bus.h ****   *         @arg @ref LL_AHB2_GRP1_PERIPH_RNG (*)
 951:Drivers/STM32F4xx_HAL_Driver/Inc/stm32f4xx_ll_bus.h ****   *         @arg @ref LL_AHB2_GRP1_PERIPH_OTGFS (*)
 952:Drivers/STM32F4xx_HAL_Driver/Inc/stm32f4xx_ll_bus.h ****   *
 953:Drivers/STM32F4xx_HAL_Driver/Inc/stm32f4xx_ll_bus.h ****   *         (*) value not defined in all devices.
 954:Drivers/STM32F4xx_HAL_Driver/Inc/stm32f4xx_ll_bus.h ****   * @retval None
 955:Drivers/STM32F4xx_HAL_Driver/Inc/stm32f4xx_ll_bus.h ****   */
 956:Drivers/STM32F4xx_HAL_Driver/Inc/stm32f4xx_ll_bus.h **** __STATIC_INLINE void LL_AHB2_GRP1_DisableClockLowPower(uint32_t Periphs)
 957:Drivers/STM32F4xx_HAL_Driver/Inc/stm32f4xx_ll_bus.h **** {
 958:Drivers/STM32F4xx_HAL_Driver/Inc/stm32f4xx_ll_bus.h ****   CLEAR_BIT(RCC->AHB2LPENR, Periphs);
 959:Drivers/STM32F4xx_HAL_Driver/Inc/stm32f4xx_ll_bus.h **** }
 960:Drivers/STM32F4xx_HAL_Driver/Inc/stm32f4xx_ll_bus.h **** 
 961:Drivers/STM32F4xx_HAL_Driver/Inc/stm32f4xx_ll_bus.h **** /**
 962:Drivers/STM32F4xx_HAL_Driver/Inc/stm32f4xx_ll_bus.h ****   * @}
 963:Drivers/STM32F4xx_HAL_Driver/Inc/stm32f4xx_ll_bus.h ****   */
 964:Drivers/STM32F4xx_HAL_Driver/Inc/stm32f4xx_ll_bus.h **** #endif /* RCC_AHB2_SUPPORT */
 965:Drivers/STM32F4xx_HAL_Driver/Inc/stm32f4xx_ll_bus.h **** 
 966:Drivers/STM32F4xx_HAL_Driver/Inc/stm32f4xx_ll_bus.h **** #if defined(RCC_AHB3_SUPPORT)
 967:Drivers/STM32F4xx_HAL_Driver/Inc/stm32f4xx_ll_bus.h **** /** @defgroup BUS_LL_EF_AHB3 AHB3
 968:Drivers/STM32F4xx_HAL_Driver/Inc/stm32f4xx_ll_bus.h ****   * @{
 969:Drivers/STM32F4xx_HAL_Driver/Inc/stm32f4xx_ll_bus.h ****   */
 970:Drivers/STM32F4xx_HAL_Driver/Inc/stm32f4xx_ll_bus.h **** 
 971:Drivers/STM32F4xx_HAL_Driver/Inc/stm32f4xx_ll_bus.h **** /**
 972:Drivers/STM32F4xx_HAL_Driver/Inc/stm32f4xx_ll_bus.h ****   * @brief  Enable AHB3 peripherals clock.
 973:Drivers/STM32F4xx_HAL_Driver/Inc/stm32f4xx_ll_bus.h ****   * @rmtoll AHB3ENR      FMCEN         LL_AHB3_GRP1_EnableClock\n
 974:Drivers/STM32F4xx_HAL_Driver/Inc/stm32f4xx_ll_bus.h ****   *         AHB3ENR      FSMCEN        LL_AHB3_GRP1_EnableClock\n
 975:Drivers/STM32F4xx_HAL_Driver/Inc/stm32f4xx_ll_bus.h ****   *         AHB3ENR      QSPIEN        LL_AHB3_GRP1_EnableClock
 976:Drivers/STM32F4xx_HAL_Driver/Inc/stm32f4xx_ll_bus.h ****   * @param  Periphs This parameter can be a combination of the following values:
 977:Drivers/STM32F4xx_HAL_Driver/Inc/stm32f4xx_ll_bus.h ****   *         @arg @ref LL_AHB3_GRP1_PERIPH_FMC (*)
 978:Drivers/STM32F4xx_HAL_Driver/Inc/stm32f4xx_ll_bus.h ****   *         @arg @ref LL_AHB3_GRP1_PERIPH_FSMC (*)
 979:Drivers/STM32F4xx_HAL_Driver/Inc/stm32f4xx_ll_bus.h ****   *         @arg @ref LL_AHB3_GRP1_PERIPH_QSPI (*)
 980:Drivers/STM32F4xx_HAL_Driver/Inc/stm32f4xx_ll_bus.h ****   *
 981:Drivers/STM32F4xx_HAL_Driver/Inc/stm32f4xx_ll_bus.h ****   *         (*) value not defined in all devices.
 982:Drivers/STM32F4xx_HAL_Driver/Inc/stm32f4xx_ll_bus.h ****   * @retval None
 983:Drivers/STM32F4xx_HAL_Driver/Inc/stm32f4xx_ll_bus.h ****   */
 984:Drivers/STM32F4xx_HAL_Driver/Inc/stm32f4xx_ll_bus.h **** __STATIC_INLINE void LL_AHB3_GRP1_EnableClock(uint32_t Periphs)
 985:Drivers/STM32F4xx_HAL_Driver/Inc/stm32f4xx_ll_bus.h **** {
 986:Drivers/STM32F4xx_HAL_Driver/Inc/stm32f4xx_ll_bus.h ****   __IO uint32_t tmpreg;
 987:Drivers/STM32F4xx_HAL_Driver/Inc/stm32f4xx_ll_bus.h ****   SET_BIT(RCC->AHB3ENR, Periphs);
 988:Drivers/STM32F4xx_HAL_Driver/Inc/stm32f4xx_ll_bus.h ****   /* Delay after an RCC peripheral clock enabling */
 989:Drivers/STM32F4xx_HAL_Driver/Inc/stm32f4xx_ll_bus.h ****   tmpreg = READ_BIT(RCC->AHB3ENR, Periphs);
 990:Drivers/STM32F4xx_HAL_Driver/Inc/stm32f4xx_ll_bus.h ****   (void)tmpreg;
ARM GAS  C:\Users\chris\AppData\Local\Temp\ccpkeIoa.s 			page 44


 991:Drivers/STM32F4xx_HAL_Driver/Inc/stm32f4xx_ll_bus.h **** }
 992:Drivers/STM32F4xx_HAL_Driver/Inc/stm32f4xx_ll_bus.h **** 
 993:Drivers/STM32F4xx_HAL_Driver/Inc/stm32f4xx_ll_bus.h **** /**
 994:Drivers/STM32F4xx_HAL_Driver/Inc/stm32f4xx_ll_bus.h ****   * @brief  Check if AHB3 peripheral clock is enabled or not
 995:Drivers/STM32F4xx_HAL_Driver/Inc/stm32f4xx_ll_bus.h ****   * @rmtoll AHB3ENR      FMCEN         LL_AHB3_GRP1_IsEnabledClock\n
 996:Drivers/STM32F4xx_HAL_Driver/Inc/stm32f4xx_ll_bus.h ****   *         AHB3ENR      FSMCEN        LL_AHB3_GRP1_IsEnabledClock\n
 997:Drivers/STM32F4xx_HAL_Driver/Inc/stm32f4xx_ll_bus.h ****   *         AHB3ENR      QSPIEN        LL_AHB3_GRP1_IsEnabledClock
 998:Drivers/STM32F4xx_HAL_Driver/Inc/stm32f4xx_ll_bus.h ****   * @param  Periphs This parameter can be a combination of the following values:
 999:Drivers/STM32F4xx_HAL_Driver/Inc/stm32f4xx_ll_bus.h ****   *         @arg @ref LL_AHB3_GRP1_PERIPH_FMC (*)
1000:Drivers/STM32F4xx_HAL_Driver/Inc/stm32f4xx_ll_bus.h ****   *         @arg @ref LL_AHB3_GRP1_PERIPH_FSMC (*)
1001:Drivers/STM32F4xx_HAL_Driver/Inc/stm32f4xx_ll_bus.h ****   *         @arg @ref LL_AHB3_GRP1_PERIPH_QSPI (*)
1002:Drivers/STM32F4xx_HAL_Driver/Inc/stm32f4xx_ll_bus.h ****   *
1003:Drivers/STM32F4xx_HAL_Driver/Inc/stm32f4xx_ll_bus.h ****   *         (*) value not defined in all devices.
1004:Drivers/STM32F4xx_HAL_Driver/Inc/stm32f4xx_ll_bus.h ****   * @retval State of Periphs (1 or 0).
1005:Drivers/STM32F4xx_HAL_Driver/Inc/stm32f4xx_ll_bus.h ****   */
1006:Drivers/STM32F4xx_HAL_Driver/Inc/stm32f4xx_ll_bus.h **** __STATIC_INLINE uint32_t LL_AHB3_GRP1_IsEnabledClock(uint32_t Periphs)
1007:Drivers/STM32F4xx_HAL_Driver/Inc/stm32f4xx_ll_bus.h **** {
1008:Drivers/STM32F4xx_HAL_Driver/Inc/stm32f4xx_ll_bus.h ****   return (READ_BIT(RCC->AHB3ENR, Periphs) == Periphs);
1009:Drivers/STM32F4xx_HAL_Driver/Inc/stm32f4xx_ll_bus.h **** }
1010:Drivers/STM32F4xx_HAL_Driver/Inc/stm32f4xx_ll_bus.h **** 
1011:Drivers/STM32F4xx_HAL_Driver/Inc/stm32f4xx_ll_bus.h **** /**
1012:Drivers/STM32F4xx_HAL_Driver/Inc/stm32f4xx_ll_bus.h ****   * @brief  Disable AHB3 peripherals clock.
1013:Drivers/STM32F4xx_HAL_Driver/Inc/stm32f4xx_ll_bus.h ****   * @rmtoll AHB3ENR      FMCEN         LL_AHB3_GRP1_DisableClock\n
1014:Drivers/STM32F4xx_HAL_Driver/Inc/stm32f4xx_ll_bus.h ****   *         AHB3ENR      FSMCEN        LL_AHB3_GRP1_DisableClock\n
1015:Drivers/STM32F4xx_HAL_Driver/Inc/stm32f4xx_ll_bus.h ****   *         AHB3ENR      QSPIEN        LL_AHB3_GRP1_DisableClock
1016:Drivers/STM32F4xx_HAL_Driver/Inc/stm32f4xx_ll_bus.h ****   * @param  Periphs This parameter can be a combination of the following values:
1017:Drivers/STM32F4xx_HAL_Driver/Inc/stm32f4xx_ll_bus.h ****   *         @arg @ref LL_AHB3_GRP1_PERIPH_FMC (*)
1018:Drivers/STM32F4xx_HAL_Driver/Inc/stm32f4xx_ll_bus.h ****   *         @arg @ref LL_AHB3_GRP1_PERIPH_FSMC (*)
1019:Drivers/STM32F4xx_HAL_Driver/Inc/stm32f4xx_ll_bus.h ****   *         @arg @ref LL_AHB3_GRP1_PERIPH_QSPI (*)
1020:Drivers/STM32F4xx_HAL_Driver/Inc/stm32f4xx_ll_bus.h ****   *
1021:Drivers/STM32F4xx_HAL_Driver/Inc/stm32f4xx_ll_bus.h ****   *         (*) value not defined in all devices.
1022:Drivers/STM32F4xx_HAL_Driver/Inc/stm32f4xx_ll_bus.h ****   * @retval None
1023:Drivers/STM32F4xx_HAL_Driver/Inc/stm32f4xx_ll_bus.h ****   */
1024:Drivers/STM32F4xx_HAL_Driver/Inc/stm32f4xx_ll_bus.h **** __STATIC_INLINE void LL_AHB3_GRP1_DisableClock(uint32_t Periphs)
1025:Drivers/STM32F4xx_HAL_Driver/Inc/stm32f4xx_ll_bus.h **** {
1026:Drivers/STM32F4xx_HAL_Driver/Inc/stm32f4xx_ll_bus.h ****   CLEAR_BIT(RCC->AHB3ENR, Periphs);
1027:Drivers/STM32F4xx_HAL_Driver/Inc/stm32f4xx_ll_bus.h **** }
1028:Drivers/STM32F4xx_HAL_Driver/Inc/stm32f4xx_ll_bus.h **** 
1029:Drivers/STM32F4xx_HAL_Driver/Inc/stm32f4xx_ll_bus.h **** /**
1030:Drivers/STM32F4xx_HAL_Driver/Inc/stm32f4xx_ll_bus.h ****   * @brief  Force AHB3 peripherals reset.
1031:Drivers/STM32F4xx_HAL_Driver/Inc/stm32f4xx_ll_bus.h ****   * @rmtoll AHB3RSTR     FMCRST        LL_AHB3_GRP1_ForceReset\n
1032:Drivers/STM32F4xx_HAL_Driver/Inc/stm32f4xx_ll_bus.h ****   *         AHB3RSTR     FSMCRST       LL_AHB3_GRP1_ForceReset\n
1033:Drivers/STM32F4xx_HAL_Driver/Inc/stm32f4xx_ll_bus.h ****   *         AHB3RSTR     QSPIRST       LL_AHB3_GRP1_ForceReset
1034:Drivers/STM32F4xx_HAL_Driver/Inc/stm32f4xx_ll_bus.h ****   * @param  Periphs This parameter can be a combination of the following values:
1035:Drivers/STM32F4xx_HAL_Driver/Inc/stm32f4xx_ll_bus.h ****   *         @arg @ref LL_AHB3_GRP1_PERIPH_ALL
1036:Drivers/STM32F4xx_HAL_Driver/Inc/stm32f4xx_ll_bus.h ****   *         @arg @ref LL_AHB3_GRP1_PERIPH_FMC (*)
1037:Drivers/STM32F4xx_HAL_Driver/Inc/stm32f4xx_ll_bus.h ****   *         @arg @ref LL_AHB3_GRP1_PERIPH_FSMC (*)
1038:Drivers/STM32F4xx_HAL_Driver/Inc/stm32f4xx_ll_bus.h ****   *         @arg @ref LL_AHB3_GRP1_PERIPH_QSPI (*)
1039:Drivers/STM32F4xx_HAL_Driver/Inc/stm32f4xx_ll_bus.h ****   *
1040:Drivers/STM32F4xx_HAL_Driver/Inc/stm32f4xx_ll_bus.h ****   *         (*) value not defined in all devices.
1041:Drivers/STM32F4xx_HAL_Driver/Inc/stm32f4xx_ll_bus.h ****   * @retval None
1042:Drivers/STM32F4xx_HAL_Driver/Inc/stm32f4xx_ll_bus.h ****   */
1043:Drivers/STM32F4xx_HAL_Driver/Inc/stm32f4xx_ll_bus.h **** __STATIC_INLINE void LL_AHB3_GRP1_ForceReset(uint32_t Periphs)
1044:Drivers/STM32F4xx_HAL_Driver/Inc/stm32f4xx_ll_bus.h **** {
1045:Drivers/STM32F4xx_HAL_Driver/Inc/stm32f4xx_ll_bus.h ****   SET_BIT(RCC->AHB3RSTR, Periphs);
1046:Drivers/STM32F4xx_HAL_Driver/Inc/stm32f4xx_ll_bus.h **** }
1047:Drivers/STM32F4xx_HAL_Driver/Inc/stm32f4xx_ll_bus.h **** 
ARM GAS  C:\Users\chris\AppData\Local\Temp\ccpkeIoa.s 			page 45


1048:Drivers/STM32F4xx_HAL_Driver/Inc/stm32f4xx_ll_bus.h **** /**
1049:Drivers/STM32F4xx_HAL_Driver/Inc/stm32f4xx_ll_bus.h ****   * @brief  Release AHB3 peripherals reset.
1050:Drivers/STM32F4xx_HAL_Driver/Inc/stm32f4xx_ll_bus.h ****   * @rmtoll AHB3RSTR     FMCRST        LL_AHB3_GRP1_ReleaseReset\n
1051:Drivers/STM32F4xx_HAL_Driver/Inc/stm32f4xx_ll_bus.h ****   *         AHB3RSTR     FSMCRST       LL_AHB3_GRP1_ReleaseReset\n
1052:Drivers/STM32F4xx_HAL_Driver/Inc/stm32f4xx_ll_bus.h ****   *         AHB3RSTR     QSPIRST       LL_AHB3_GRP1_ReleaseReset
1053:Drivers/STM32F4xx_HAL_Driver/Inc/stm32f4xx_ll_bus.h ****   * @param  Periphs This parameter can be a combination of the following values:
1054:Drivers/STM32F4xx_HAL_Driver/Inc/stm32f4xx_ll_bus.h ****   *         @arg @ref LL_AHB2_GRP1_PERIPH_ALL
1055:Drivers/STM32F4xx_HAL_Driver/Inc/stm32f4xx_ll_bus.h ****   *         @arg @ref LL_AHB3_GRP1_PERIPH_FMC (*)
1056:Drivers/STM32F4xx_HAL_Driver/Inc/stm32f4xx_ll_bus.h ****   *         @arg @ref LL_AHB3_GRP1_PERIPH_FSMC (*)
1057:Drivers/STM32F4xx_HAL_Driver/Inc/stm32f4xx_ll_bus.h ****   *         @arg @ref LL_AHB3_GRP1_PERIPH_QSPI (*)
1058:Drivers/STM32F4xx_HAL_Driver/Inc/stm32f4xx_ll_bus.h ****   *
1059:Drivers/STM32F4xx_HAL_Driver/Inc/stm32f4xx_ll_bus.h ****   *         (*) value not defined in all devices.
1060:Drivers/STM32F4xx_HAL_Driver/Inc/stm32f4xx_ll_bus.h ****   * @retval None
1061:Drivers/STM32F4xx_HAL_Driver/Inc/stm32f4xx_ll_bus.h ****   */
1062:Drivers/STM32F4xx_HAL_Driver/Inc/stm32f4xx_ll_bus.h **** __STATIC_INLINE void LL_AHB3_GRP1_ReleaseReset(uint32_t Periphs)
1063:Drivers/STM32F4xx_HAL_Driver/Inc/stm32f4xx_ll_bus.h **** {
1064:Drivers/STM32F4xx_HAL_Driver/Inc/stm32f4xx_ll_bus.h ****   CLEAR_BIT(RCC->AHB3RSTR, Periphs);
1065:Drivers/STM32F4xx_HAL_Driver/Inc/stm32f4xx_ll_bus.h **** }
1066:Drivers/STM32F4xx_HAL_Driver/Inc/stm32f4xx_ll_bus.h **** 
1067:Drivers/STM32F4xx_HAL_Driver/Inc/stm32f4xx_ll_bus.h **** /**
1068:Drivers/STM32F4xx_HAL_Driver/Inc/stm32f4xx_ll_bus.h ****   * @brief  Enable AHB3 peripheral clocks in low-power mode
1069:Drivers/STM32F4xx_HAL_Driver/Inc/stm32f4xx_ll_bus.h ****   * @rmtoll AHB3LPENR    FMCLPEN       LL_AHB3_GRP1_EnableClockLowPower\n
1070:Drivers/STM32F4xx_HAL_Driver/Inc/stm32f4xx_ll_bus.h ****   *         AHB3LPENR    FSMCLPEN      LL_AHB3_GRP1_EnableClockLowPower\n
1071:Drivers/STM32F4xx_HAL_Driver/Inc/stm32f4xx_ll_bus.h ****   *         AHB3LPENR    QSPILPEN      LL_AHB3_GRP1_EnableClockLowPower
1072:Drivers/STM32F4xx_HAL_Driver/Inc/stm32f4xx_ll_bus.h ****   * @param  Periphs This parameter can be a combination of the following values:
1073:Drivers/STM32F4xx_HAL_Driver/Inc/stm32f4xx_ll_bus.h ****   *         @arg @ref LL_AHB3_GRP1_PERIPH_FMC (*)
1074:Drivers/STM32F4xx_HAL_Driver/Inc/stm32f4xx_ll_bus.h ****   *         @arg @ref LL_AHB3_GRP1_PERIPH_FSMC (*)
1075:Drivers/STM32F4xx_HAL_Driver/Inc/stm32f4xx_ll_bus.h ****   *         @arg @ref LL_AHB3_GRP1_PERIPH_QSPI (*)
1076:Drivers/STM32F4xx_HAL_Driver/Inc/stm32f4xx_ll_bus.h ****   *
1077:Drivers/STM32F4xx_HAL_Driver/Inc/stm32f4xx_ll_bus.h ****   *         (*) value not defined in all devices.
1078:Drivers/STM32F4xx_HAL_Driver/Inc/stm32f4xx_ll_bus.h ****   * @retval None
1079:Drivers/STM32F4xx_HAL_Driver/Inc/stm32f4xx_ll_bus.h ****   */
1080:Drivers/STM32F4xx_HAL_Driver/Inc/stm32f4xx_ll_bus.h **** __STATIC_INLINE void LL_AHB3_GRP1_EnableClockLowPower(uint32_t Periphs)
1081:Drivers/STM32F4xx_HAL_Driver/Inc/stm32f4xx_ll_bus.h **** {
1082:Drivers/STM32F4xx_HAL_Driver/Inc/stm32f4xx_ll_bus.h ****   __IO uint32_t tmpreg;
1083:Drivers/STM32F4xx_HAL_Driver/Inc/stm32f4xx_ll_bus.h ****   SET_BIT(RCC->AHB3LPENR, Periphs);
1084:Drivers/STM32F4xx_HAL_Driver/Inc/stm32f4xx_ll_bus.h ****   /* Delay after an RCC peripheral clock enabling */
1085:Drivers/STM32F4xx_HAL_Driver/Inc/stm32f4xx_ll_bus.h ****   tmpreg = READ_BIT(RCC->AHB3LPENR, Periphs);
1086:Drivers/STM32F4xx_HAL_Driver/Inc/stm32f4xx_ll_bus.h ****   (void)tmpreg;
1087:Drivers/STM32F4xx_HAL_Driver/Inc/stm32f4xx_ll_bus.h **** }
1088:Drivers/STM32F4xx_HAL_Driver/Inc/stm32f4xx_ll_bus.h **** 
1089:Drivers/STM32F4xx_HAL_Driver/Inc/stm32f4xx_ll_bus.h **** /**
1090:Drivers/STM32F4xx_HAL_Driver/Inc/stm32f4xx_ll_bus.h ****   * @brief  Disable AHB3 peripheral clocks in low-power mode
1091:Drivers/STM32F4xx_HAL_Driver/Inc/stm32f4xx_ll_bus.h ****   * @rmtoll AHB3LPENR    FMCLPEN       LL_AHB3_GRP1_DisableClockLowPower\n
1092:Drivers/STM32F4xx_HAL_Driver/Inc/stm32f4xx_ll_bus.h ****   *         AHB3LPENR    FSMCLPEN      LL_AHB3_GRP1_DisableClockLowPower\n
1093:Drivers/STM32F4xx_HAL_Driver/Inc/stm32f4xx_ll_bus.h ****   *         AHB3LPENR    QSPILPEN      LL_AHB3_GRP1_DisableClockLowPower
1094:Drivers/STM32F4xx_HAL_Driver/Inc/stm32f4xx_ll_bus.h ****   * @param  Periphs This parameter can be a combination of the following values:
1095:Drivers/STM32F4xx_HAL_Driver/Inc/stm32f4xx_ll_bus.h ****   *         @arg @ref LL_AHB3_GRP1_PERIPH_FMC (*)
1096:Drivers/STM32F4xx_HAL_Driver/Inc/stm32f4xx_ll_bus.h ****   *         @arg @ref LL_AHB3_GRP1_PERIPH_FSMC (*)
1097:Drivers/STM32F4xx_HAL_Driver/Inc/stm32f4xx_ll_bus.h ****   *         @arg @ref LL_AHB3_GRP1_PERIPH_QSPI (*)
1098:Drivers/STM32F4xx_HAL_Driver/Inc/stm32f4xx_ll_bus.h ****   *
1099:Drivers/STM32F4xx_HAL_Driver/Inc/stm32f4xx_ll_bus.h ****   *         (*) value not defined in all devices.
1100:Drivers/STM32F4xx_HAL_Driver/Inc/stm32f4xx_ll_bus.h ****   * @retval None
1101:Drivers/STM32F4xx_HAL_Driver/Inc/stm32f4xx_ll_bus.h ****   */
1102:Drivers/STM32F4xx_HAL_Driver/Inc/stm32f4xx_ll_bus.h **** __STATIC_INLINE void LL_AHB3_GRP1_DisableClockLowPower(uint32_t Periphs)
1103:Drivers/STM32F4xx_HAL_Driver/Inc/stm32f4xx_ll_bus.h **** {
1104:Drivers/STM32F4xx_HAL_Driver/Inc/stm32f4xx_ll_bus.h ****   CLEAR_BIT(RCC->AHB3LPENR, Periphs);
ARM GAS  C:\Users\chris\AppData\Local\Temp\ccpkeIoa.s 			page 46


1105:Drivers/STM32F4xx_HAL_Driver/Inc/stm32f4xx_ll_bus.h **** }
1106:Drivers/STM32F4xx_HAL_Driver/Inc/stm32f4xx_ll_bus.h **** 
1107:Drivers/STM32F4xx_HAL_Driver/Inc/stm32f4xx_ll_bus.h **** /**
1108:Drivers/STM32F4xx_HAL_Driver/Inc/stm32f4xx_ll_bus.h ****   * @}
1109:Drivers/STM32F4xx_HAL_Driver/Inc/stm32f4xx_ll_bus.h ****   */
1110:Drivers/STM32F4xx_HAL_Driver/Inc/stm32f4xx_ll_bus.h **** #endif /* RCC_AHB3_SUPPORT */
1111:Drivers/STM32F4xx_HAL_Driver/Inc/stm32f4xx_ll_bus.h **** 
1112:Drivers/STM32F4xx_HAL_Driver/Inc/stm32f4xx_ll_bus.h **** /** @defgroup BUS_LL_EF_APB1 APB1
1113:Drivers/STM32F4xx_HAL_Driver/Inc/stm32f4xx_ll_bus.h ****   * @{
1114:Drivers/STM32F4xx_HAL_Driver/Inc/stm32f4xx_ll_bus.h ****   */
1115:Drivers/STM32F4xx_HAL_Driver/Inc/stm32f4xx_ll_bus.h **** 
1116:Drivers/STM32F4xx_HAL_Driver/Inc/stm32f4xx_ll_bus.h **** /**
1117:Drivers/STM32F4xx_HAL_Driver/Inc/stm32f4xx_ll_bus.h ****   * @brief  Enable APB1 peripherals clock.
1118:Drivers/STM32F4xx_HAL_Driver/Inc/stm32f4xx_ll_bus.h ****   * @rmtoll APB1ENR     TIM2EN        LL_APB1_GRP1_EnableClock\n
1119:Drivers/STM32F4xx_HAL_Driver/Inc/stm32f4xx_ll_bus.h ****   *         APB1ENR     TIM3EN        LL_APB1_GRP1_EnableClock\n
1120:Drivers/STM32F4xx_HAL_Driver/Inc/stm32f4xx_ll_bus.h ****   *         APB1ENR     TIM4EN        LL_APB1_GRP1_EnableClock\n
1121:Drivers/STM32F4xx_HAL_Driver/Inc/stm32f4xx_ll_bus.h ****   *         APB1ENR     TIM5EN        LL_APB1_GRP1_EnableClock\n
1122:Drivers/STM32F4xx_HAL_Driver/Inc/stm32f4xx_ll_bus.h ****   *         APB1ENR     TIM6EN        LL_APB1_GRP1_EnableClock\n
1123:Drivers/STM32F4xx_HAL_Driver/Inc/stm32f4xx_ll_bus.h ****   *         APB1ENR     TIM7EN        LL_APB1_GRP1_EnableClock\n
1124:Drivers/STM32F4xx_HAL_Driver/Inc/stm32f4xx_ll_bus.h ****   *         APB1ENR     TIM12EN       LL_APB1_GRP1_EnableClock\n
1125:Drivers/STM32F4xx_HAL_Driver/Inc/stm32f4xx_ll_bus.h ****   *         APB1ENR     TIM13EN       LL_APB1_GRP1_EnableClock\n
1126:Drivers/STM32F4xx_HAL_Driver/Inc/stm32f4xx_ll_bus.h ****   *         APB1ENR     TIM14EN       LL_APB1_GRP1_EnableClock\n
1127:Drivers/STM32F4xx_HAL_Driver/Inc/stm32f4xx_ll_bus.h ****   *         APB1ENR     LPTIM1EN      LL_APB1_GRP1_EnableClock\n
1128:Drivers/STM32F4xx_HAL_Driver/Inc/stm32f4xx_ll_bus.h ****   *         APB1ENR     WWDGEN        LL_APB1_GRP1_EnableClock\n
1129:Drivers/STM32F4xx_HAL_Driver/Inc/stm32f4xx_ll_bus.h ****   *         APB1ENR     SPI2EN        LL_APB1_GRP1_EnableClock\n
1130:Drivers/STM32F4xx_HAL_Driver/Inc/stm32f4xx_ll_bus.h ****   *         APB1ENR     SPI3EN        LL_APB1_GRP1_EnableClock\n
1131:Drivers/STM32F4xx_HAL_Driver/Inc/stm32f4xx_ll_bus.h ****   *         APB1ENR     SPDIFRXEN     LL_APB1_GRP1_EnableClock\n
1132:Drivers/STM32F4xx_HAL_Driver/Inc/stm32f4xx_ll_bus.h ****   *         APB1ENR     USART2EN      LL_APB1_GRP1_EnableClock\n
1133:Drivers/STM32F4xx_HAL_Driver/Inc/stm32f4xx_ll_bus.h ****   *         APB1ENR     USART3EN      LL_APB1_GRP1_EnableClock\n
1134:Drivers/STM32F4xx_HAL_Driver/Inc/stm32f4xx_ll_bus.h ****   *         APB1ENR     UART4EN       LL_APB1_GRP1_EnableClock\n
1135:Drivers/STM32F4xx_HAL_Driver/Inc/stm32f4xx_ll_bus.h ****   *         APB1ENR     UART5EN       LL_APB1_GRP1_EnableClock\n
1136:Drivers/STM32F4xx_HAL_Driver/Inc/stm32f4xx_ll_bus.h ****   *         APB1ENR     I2C1EN        LL_APB1_GRP1_EnableClock\n
1137:Drivers/STM32F4xx_HAL_Driver/Inc/stm32f4xx_ll_bus.h ****   *         APB1ENR     I2C2EN        LL_APB1_GRP1_EnableClock\n
1138:Drivers/STM32F4xx_HAL_Driver/Inc/stm32f4xx_ll_bus.h ****   *         APB1ENR     I2C3EN        LL_APB1_GRP1_EnableClock\n
1139:Drivers/STM32F4xx_HAL_Driver/Inc/stm32f4xx_ll_bus.h ****   *         APB1ENR     FMPI2C1EN     LL_APB1_GRP1_EnableClock\n
1140:Drivers/STM32F4xx_HAL_Driver/Inc/stm32f4xx_ll_bus.h ****   *         APB1ENR     CAN1EN        LL_APB1_GRP1_EnableClock\n
1141:Drivers/STM32F4xx_HAL_Driver/Inc/stm32f4xx_ll_bus.h ****   *         APB1ENR     CAN2EN        LL_APB1_GRP1_EnableClock\n
1142:Drivers/STM32F4xx_HAL_Driver/Inc/stm32f4xx_ll_bus.h ****   *         APB1ENR     CAN3EN        LL_APB1_GRP1_EnableClock\n
1143:Drivers/STM32F4xx_HAL_Driver/Inc/stm32f4xx_ll_bus.h ****   *         APB1ENR     CECEN         LL_APB1_GRP1_EnableClock\n
1144:Drivers/STM32F4xx_HAL_Driver/Inc/stm32f4xx_ll_bus.h ****   *         APB1ENR     PWREN         LL_APB1_GRP1_EnableClock\n
1145:Drivers/STM32F4xx_HAL_Driver/Inc/stm32f4xx_ll_bus.h ****   *         APB1ENR     DACEN         LL_APB1_GRP1_EnableClock\n
1146:Drivers/STM32F4xx_HAL_Driver/Inc/stm32f4xx_ll_bus.h ****   *         APB1ENR     UART7EN       LL_APB1_GRP1_EnableClock\n
1147:Drivers/STM32F4xx_HAL_Driver/Inc/stm32f4xx_ll_bus.h ****   *         APB1ENR     UART8EN       LL_APB1_GRP1_EnableClock\n
1148:Drivers/STM32F4xx_HAL_Driver/Inc/stm32f4xx_ll_bus.h ****   *         APB1ENR     RTCAPBEN      LL_APB1_GRP1_EnableClock
1149:Drivers/STM32F4xx_HAL_Driver/Inc/stm32f4xx_ll_bus.h ****   * @param  Periphs This parameter can be a combination of the following values:
1150:Drivers/STM32F4xx_HAL_Driver/Inc/stm32f4xx_ll_bus.h ****   *         @arg @ref LL_APB1_GRP1_PERIPH_TIM2 (*)
1151:Drivers/STM32F4xx_HAL_Driver/Inc/stm32f4xx_ll_bus.h ****   *         @arg @ref LL_APB1_GRP1_PERIPH_TIM3 (*)
1152:Drivers/STM32F4xx_HAL_Driver/Inc/stm32f4xx_ll_bus.h ****   *         @arg @ref LL_APB1_GRP1_PERIPH_TIM4 (*)
1153:Drivers/STM32F4xx_HAL_Driver/Inc/stm32f4xx_ll_bus.h ****   *         @arg @ref LL_APB1_GRP1_PERIPH_TIM5
1154:Drivers/STM32F4xx_HAL_Driver/Inc/stm32f4xx_ll_bus.h ****   *         @arg @ref LL_APB1_GRP1_PERIPH_TIM6 (*)
1155:Drivers/STM32F4xx_HAL_Driver/Inc/stm32f4xx_ll_bus.h ****   *         @arg @ref LL_APB1_GRP1_PERIPH_TIM7 (*)
1156:Drivers/STM32F4xx_HAL_Driver/Inc/stm32f4xx_ll_bus.h ****   *         @arg @ref LL_APB1_GRP1_PERIPH_TIM12 (*)
1157:Drivers/STM32F4xx_HAL_Driver/Inc/stm32f4xx_ll_bus.h ****   *         @arg @ref LL_APB1_GRP1_PERIPH_TIM13 (*)
1158:Drivers/STM32F4xx_HAL_Driver/Inc/stm32f4xx_ll_bus.h ****   *         @arg @ref LL_APB1_GRP1_PERIPH_TIM14 (*)
1159:Drivers/STM32F4xx_HAL_Driver/Inc/stm32f4xx_ll_bus.h ****   *         @arg @ref LL_APB1_GRP1_PERIPH_LPTIM1 (*)
1160:Drivers/STM32F4xx_HAL_Driver/Inc/stm32f4xx_ll_bus.h ****   *         @arg @ref LL_APB1_GRP1_PERIPH_WWDG
1161:Drivers/STM32F4xx_HAL_Driver/Inc/stm32f4xx_ll_bus.h ****   *         @arg @ref LL_APB1_GRP1_PERIPH_SPI2 (*)
ARM GAS  C:\Users\chris\AppData\Local\Temp\ccpkeIoa.s 			page 47


1162:Drivers/STM32F4xx_HAL_Driver/Inc/stm32f4xx_ll_bus.h ****   *         @arg @ref LL_APB1_GRP1_PERIPH_SPI3 (*)
1163:Drivers/STM32F4xx_HAL_Driver/Inc/stm32f4xx_ll_bus.h ****   *         @arg @ref LL_APB1_GRP1_PERIPH_SPDIFRX (*)
1164:Drivers/STM32F4xx_HAL_Driver/Inc/stm32f4xx_ll_bus.h ****   *         @arg @ref LL_APB1_GRP1_PERIPH_USART2
1165:Drivers/STM32F4xx_HAL_Driver/Inc/stm32f4xx_ll_bus.h ****   *         @arg @ref LL_APB1_GRP1_PERIPH_USART3 (*)
1166:Drivers/STM32F4xx_HAL_Driver/Inc/stm32f4xx_ll_bus.h ****   *         @arg @ref LL_APB1_GRP1_PERIPH_UART4 (*)
1167:Drivers/STM32F4xx_HAL_Driver/Inc/stm32f4xx_ll_bus.h ****   *         @arg @ref LL_APB1_GRP1_PERIPH_UART5 (*)
1168:Drivers/STM32F4xx_HAL_Driver/Inc/stm32f4xx_ll_bus.h ****   *         @arg @ref LL_APB1_GRP1_PERIPH_I2C1
1169:Drivers/STM32F4xx_HAL_Driver/Inc/stm32f4xx_ll_bus.h ****   *         @arg @ref LL_APB1_GRP1_PERIPH_I2C2
1170:Drivers/STM32F4xx_HAL_Driver/Inc/stm32f4xx_ll_bus.h ****   *         @arg @ref LL_APB1_GRP1_PERIPH_I2C3 (*)
1171:Drivers/STM32F4xx_HAL_Driver/Inc/stm32f4xx_ll_bus.h ****   *         @arg @ref LL_APB1_GRP1_PERIPH_FMPI2C1 (*)
1172:Drivers/STM32F4xx_HAL_Driver/Inc/stm32f4xx_ll_bus.h ****   *         @arg @ref LL_APB1_GRP1_PERIPH_CAN1 (*)
1173:Drivers/STM32F4xx_HAL_Driver/Inc/stm32f4xx_ll_bus.h ****   *         @arg @ref LL_APB1_GRP1_PERIPH_CAN2 (*)
1174:Drivers/STM32F4xx_HAL_Driver/Inc/stm32f4xx_ll_bus.h ****   *         @arg @ref LL_APB1_GRP1_PERIPH_CAN3 (*)
1175:Drivers/STM32F4xx_HAL_Driver/Inc/stm32f4xx_ll_bus.h ****   *         @arg @ref LL_APB1_GRP1_PERIPH_CEC  (*)
1176:Drivers/STM32F4xx_HAL_Driver/Inc/stm32f4xx_ll_bus.h ****   *         @arg @ref LL_APB1_GRP1_PERIPH_PWR
1177:Drivers/STM32F4xx_HAL_Driver/Inc/stm32f4xx_ll_bus.h ****   *         @arg @ref LL_APB1_GRP1_PERIPH_DAC1 (*)
1178:Drivers/STM32F4xx_HAL_Driver/Inc/stm32f4xx_ll_bus.h ****   *         @arg @ref LL_APB1_GRP1_PERIPH_UART7 (*)
1179:Drivers/STM32F4xx_HAL_Driver/Inc/stm32f4xx_ll_bus.h ****   *         @arg @ref LL_APB1_GRP1_PERIPH_UART8 (*)
1180:Drivers/STM32F4xx_HAL_Driver/Inc/stm32f4xx_ll_bus.h ****   *         @arg @ref LL_APB1_GRP1_PERIPH_RTCAPB (*)
1181:Drivers/STM32F4xx_HAL_Driver/Inc/stm32f4xx_ll_bus.h ****   *
1182:Drivers/STM32F4xx_HAL_Driver/Inc/stm32f4xx_ll_bus.h ****   *         (*) value not defined in all devices.
1183:Drivers/STM32F4xx_HAL_Driver/Inc/stm32f4xx_ll_bus.h ****   * @retval None
1184:Drivers/STM32F4xx_HAL_Driver/Inc/stm32f4xx_ll_bus.h ****   */
1185:Drivers/STM32F4xx_HAL_Driver/Inc/stm32f4xx_ll_bus.h **** __STATIC_INLINE void LL_APB1_GRP1_EnableClock(uint32_t Periphs)
1186:Drivers/STM32F4xx_HAL_Driver/Inc/stm32f4xx_ll_bus.h **** {
1187:Drivers/STM32F4xx_HAL_Driver/Inc/stm32f4xx_ll_bus.h ****   __IO uint32_t tmpreg;
1188:Drivers/STM32F4xx_HAL_Driver/Inc/stm32f4xx_ll_bus.h ****   SET_BIT(RCC->APB1ENR, Periphs);
1189:Drivers/STM32F4xx_HAL_Driver/Inc/stm32f4xx_ll_bus.h ****   /* Delay after an RCC peripheral clock enabling */
1190:Drivers/STM32F4xx_HAL_Driver/Inc/stm32f4xx_ll_bus.h ****   tmpreg = READ_BIT(RCC->APB1ENR, Periphs);
1191:Drivers/STM32F4xx_HAL_Driver/Inc/stm32f4xx_ll_bus.h ****   (void)tmpreg;
1192:Drivers/STM32F4xx_HAL_Driver/Inc/stm32f4xx_ll_bus.h **** }
1193:Drivers/STM32F4xx_HAL_Driver/Inc/stm32f4xx_ll_bus.h **** 
1194:Drivers/STM32F4xx_HAL_Driver/Inc/stm32f4xx_ll_bus.h **** /**
1195:Drivers/STM32F4xx_HAL_Driver/Inc/stm32f4xx_ll_bus.h ****   * @brief  Check if APB1 peripheral clock is enabled or not
1196:Drivers/STM32F4xx_HAL_Driver/Inc/stm32f4xx_ll_bus.h ****   * @rmtoll APB1ENR     TIM2EN        LL_APB1_GRP1_IsEnabledClock\n
1197:Drivers/STM32F4xx_HAL_Driver/Inc/stm32f4xx_ll_bus.h ****   *         APB1ENR     TIM3EN        LL_APB1_GRP1_IsEnabledClock\n
1198:Drivers/STM32F4xx_HAL_Driver/Inc/stm32f4xx_ll_bus.h ****   *         APB1ENR     TIM4EN        LL_APB1_GRP1_IsEnabledClock\n
1199:Drivers/STM32F4xx_HAL_Driver/Inc/stm32f4xx_ll_bus.h ****   *         APB1ENR     TIM5EN        LL_APB1_GRP1_IsEnabledClock\n
1200:Drivers/STM32F4xx_HAL_Driver/Inc/stm32f4xx_ll_bus.h ****   *         APB1ENR     TIM6EN        LL_APB1_GRP1_IsEnabledClock\n
1201:Drivers/STM32F4xx_HAL_Driver/Inc/stm32f4xx_ll_bus.h ****   *         APB1ENR     TIM7EN        LL_APB1_GRP1_IsEnabledClock\n
1202:Drivers/STM32F4xx_HAL_Driver/Inc/stm32f4xx_ll_bus.h ****   *         APB1ENR     TIM12EN       LL_APB1_GRP1_IsEnabledClock\n
1203:Drivers/STM32F4xx_HAL_Driver/Inc/stm32f4xx_ll_bus.h ****   *         APB1ENR     TIM13EN       LL_APB1_GRP1_IsEnabledClock\n
1204:Drivers/STM32F4xx_HAL_Driver/Inc/stm32f4xx_ll_bus.h ****   *         APB1ENR     TIM14EN       LL_APB1_GRP1_IsEnabledClock\n
1205:Drivers/STM32F4xx_HAL_Driver/Inc/stm32f4xx_ll_bus.h ****   *         APB1ENR     LPTIM1EN      LL_APB1_GRP1_IsEnabledClock\n
1206:Drivers/STM32F4xx_HAL_Driver/Inc/stm32f4xx_ll_bus.h ****   *         APB1ENR     WWDGEN        LL_APB1_GRP1_IsEnabledClock\n
1207:Drivers/STM32F4xx_HAL_Driver/Inc/stm32f4xx_ll_bus.h ****   *         APB1ENR     SPI2EN        LL_APB1_GRP1_IsEnabledClock\n
1208:Drivers/STM32F4xx_HAL_Driver/Inc/stm32f4xx_ll_bus.h ****   *         APB1ENR     SPI3EN        LL_APB1_GRP1_IsEnabledClock\n
1209:Drivers/STM32F4xx_HAL_Driver/Inc/stm32f4xx_ll_bus.h ****   *         APB1ENR     SPDIFRXEN     LL_APB1_GRP1_IsEnabledClock\n
1210:Drivers/STM32F4xx_HAL_Driver/Inc/stm32f4xx_ll_bus.h ****   *         APB1ENR     USART2EN      LL_APB1_GRP1_IsEnabledClock\n
1211:Drivers/STM32F4xx_HAL_Driver/Inc/stm32f4xx_ll_bus.h ****   *         APB1ENR     USART3EN      LL_APB1_GRP1_IsEnabledClock\n
1212:Drivers/STM32F4xx_HAL_Driver/Inc/stm32f4xx_ll_bus.h ****   *         APB1ENR     UART4EN       LL_APB1_GRP1_IsEnabledClock\n
1213:Drivers/STM32F4xx_HAL_Driver/Inc/stm32f4xx_ll_bus.h ****   *         APB1ENR     UART5EN       LL_APB1_GRP1_IsEnabledClock\n
1214:Drivers/STM32F4xx_HAL_Driver/Inc/stm32f4xx_ll_bus.h ****   *         APB1ENR     I2C1EN        LL_APB1_GRP1_IsEnabledClock\n
1215:Drivers/STM32F4xx_HAL_Driver/Inc/stm32f4xx_ll_bus.h ****   *         APB1ENR     I2C2EN        LL_APB1_GRP1_IsEnabledClock\n
1216:Drivers/STM32F4xx_HAL_Driver/Inc/stm32f4xx_ll_bus.h ****   *         APB1ENR     I2C3EN        LL_APB1_GRP1_IsEnabledClock\n
1217:Drivers/STM32F4xx_HAL_Driver/Inc/stm32f4xx_ll_bus.h ****   *         APB1ENR     FMPI2C1EN     LL_APB1_GRP1_IsEnabledClock\n
1218:Drivers/STM32F4xx_HAL_Driver/Inc/stm32f4xx_ll_bus.h ****   *         APB1ENR     CAN1EN        LL_APB1_GRP1_IsEnabledClock\n
ARM GAS  C:\Users\chris\AppData\Local\Temp\ccpkeIoa.s 			page 48


1219:Drivers/STM32F4xx_HAL_Driver/Inc/stm32f4xx_ll_bus.h ****   *         APB1ENR     CAN2EN        LL_APB1_GRP1_IsEnabledClock\n
1220:Drivers/STM32F4xx_HAL_Driver/Inc/stm32f4xx_ll_bus.h ****   *         APB1ENR     CAN3EN        LL_APB1_GRP1_IsEnabledClock\n
1221:Drivers/STM32F4xx_HAL_Driver/Inc/stm32f4xx_ll_bus.h ****   *         APB1ENR     CECEN         LL_APB1_GRP1_IsEnabledClock\n
1222:Drivers/STM32F4xx_HAL_Driver/Inc/stm32f4xx_ll_bus.h ****   *         APB1ENR     PWREN         LL_APB1_GRP1_IsEnabledClock\n
1223:Drivers/STM32F4xx_HAL_Driver/Inc/stm32f4xx_ll_bus.h ****   *         APB1ENR     DACEN         LL_APB1_GRP1_IsEnabledClock\n
1224:Drivers/STM32F4xx_HAL_Driver/Inc/stm32f4xx_ll_bus.h ****   *         APB1ENR     UART7EN       LL_APB1_GRP1_IsEnabledClock\n
1225:Drivers/STM32F4xx_HAL_Driver/Inc/stm32f4xx_ll_bus.h ****   *         APB1ENR     UART8EN       LL_APB1_GRP1_IsEnabledClock\n
1226:Drivers/STM32F4xx_HAL_Driver/Inc/stm32f4xx_ll_bus.h ****   *         APB1ENR     RTCAPBEN      LL_APB1_GRP1_IsEnabledClock
1227:Drivers/STM32F4xx_HAL_Driver/Inc/stm32f4xx_ll_bus.h ****   * @param  Periphs This parameter can be a combination of the following values:
1228:Drivers/STM32F4xx_HAL_Driver/Inc/stm32f4xx_ll_bus.h ****   *         @arg @ref LL_APB1_GRP1_PERIPH_TIM2 (*)
1229:Drivers/STM32F4xx_HAL_Driver/Inc/stm32f4xx_ll_bus.h ****   *         @arg @ref LL_APB1_GRP1_PERIPH_TIM3 (*)
1230:Drivers/STM32F4xx_HAL_Driver/Inc/stm32f4xx_ll_bus.h ****   *         @arg @ref LL_APB1_GRP1_PERIPH_TIM4 (*)
1231:Drivers/STM32F4xx_HAL_Driver/Inc/stm32f4xx_ll_bus.h ****   *         @arg @ref LL_APB1_GRP1_PERIPH_TIM5
1232:Drivers/STM32F4xx_HAL_Driver/Inc/stm32f4xx_ll_bus.h ****   *         @arg @ref LL_APB1_GRP1_PERIPH_TIM6 (*)
1233:Drivers/STM32F4xx_HAL_Driver/Inc/stm32f4xx_ll_bus.h ****   *         @arg @ref LL_APB1_GRP1_PERIPH_TIM7 (*)
1234:Drivers/STM32F4xx_HAL_Driver/Inc/stm32f4xx_ll_bus.h ****   *         @arg @ref LL_APB1_GRP1_PERIPH_TIM12 (*)
1235:Drivers/STM32F4xx_HAL_Driver/Inc/stm32f4xx_ll_bus.h ****   *         @arg @ref LL_APB1_GRP1_PERIPH_TIM13 (*)
1236:Drivers/STM32F4xx_HAL_Driver/Inc/stm32f4xx_ll_bus.h ****   *         @arg @ref LL_APB1_GRP1_PERIPH_TIM14 (*)
1237:Drivers/STM32F4xx_HAL_Driver/Inc/stm32f4xx_ll_bus.h ****   *         @arg @ref LL_APB1_GRP1_PERIPH_LPTIM1 (*)
1238:Drivers/STM32F4xx_HAL_Driver/Inc/stm32f4xx_ll_bus.h ****   *         @arg @ref LL_APB1_GRP1_PERIPH_WWDG
1239:Drivers/STM32F4xx_HAL_Driver/Inc/stm32f4xx_ll_bus.h ****   *         @arg @ref LL_APB1_GRP1_PERIPH_SPI2 (*)
1240:Drivers/STM32F4xx_HAL_Driver/Inc/stm32f4xx_ll_bus.h ****   *         @arg @ref LL_APB1_GRP1_PERIPH_SPI3 (*)
1241:Drivers/STM32F4xx_HAL_Driver/Inc/stm32f4xx_ll_bus.h ****   *         @arg @ref LL_APB1_GRP1_PERIPH_SPDIFRX (*)
1242:Drivers/STM32F4xx_HAL_Driver/Inc/stm32f4xx_ll_bus.h ****   *         @arg @ref LL_APB1_GRP1_PERIPH_USART2
1243:Drivers/STM32F4xx_HAL_Driver/Inc/stm32f4xx_ll_bus.h ****   *         @arg @ref LL_APB1_GRP1_PERIPH_USART3 (*)
1244:Drivers/STM32F4xx_HAL_Driver/Inc/stm32f4xx_ll_bus.h ****   *         @arg @ref LL_APB1_GRP1_PERIPH_UART4 (*)
1245:Drivers/STM32F4xx_HAL_Driver/Inc/stm32f4xx_ll_bus.h ****   *         @arg @ref LL_APB1_GRP1_PERIPH_UART5 (*)
1246:Drivers/STM32F4xx_HAL_Driver/Inc/stm32f4xx_ll_bus.h ****   *         @arg @ref LL_APB1_GRP1_PERIPH_I2C1
1247:Drivers/STM32F4xx_HAL_Driver/Inc/stm32f4xx_ll_bus.h ****   *         @arg @ref LL_APB1_GRP1_PERIPH_I2C2
1248:Drivers/STM32F4xx_HAL_Driver/Inc/stm32f4xx_ll_bus.h ****   *         @arg @ref LL_APB1_GRP1_PERIPH_I2C3 (*)
1249:Drivers/STM32F4xx_HAL_Driver/Inc/stm32f4xx_ll_bus.h ****   *         @arg @ref LL_APB1_GRP1_PERIPH_FMPI2C1 (*)
1250:Drivers/STM32F4xx_HAL_Driver/Inc/stm32f4xx_ll_bus.h ****   *         @arg @ref LL_APB1_GRP1_PERIPH_CAN1 (*)
1251:Drivers/STM32F4xx_HAL_Driver/Inc/stm32f4xx_ll_bus.h ****   *         @arg @ref LL_APB1_GRP1_PERIPH_CAN2 (*)
1252:Drivers/STM32F4xx_HAL_Driver/Inc/stm32f4xx_ll_bus.h ****   *         @arg @ref LL_APB1_GRP1_PERIPH_CAN3 (*)
1253:Drivers/STM32F4xx_HAL_Driver/Inc/stm32f4xx_ll_bus.h ****   *         @arg @ref LL_APB1_GRP1_PERIPH_CEC (*)
1254:Drivers/STM32F4xx_HAL_Driver/Inc/stm32f4xx_ll_bus.h ****   *         @arg @ref LL_APB1_GRP1_PERIPH_PWR
1255:Drivers/STM32F4xx_HAL_Driver/Inc/stm32f4xx_ll_bus.h ****   *         @arg @ref LL_APB1_GRP1_PERIPH_DAC1 (*)
1256:Drivers/STM32F4xx_HAL_Driver/Inc/stm32f4xx_ll_bus.h ****   *         @arg @ref LL_APB1_GRP1_PERIPH_UART7 (*)
1257:Drivers/STM32F4xx_HAL_Driver/Inc/stm32f4xx_ll_bus.h ****   *         @arg @ref LL_APB1_GRP1_PERIPH_UART8 (*)
1258:Drivers/STM32F4xx_HAL_Driver/Inc/stm32f4xx_ll_bus.h ****   *         @arg @ref LL_APB1_GRP1_PERIPH_RTCAPB (*)
1259:Drivers/STM32F4xx_HAL_Driver/Inc/stm32f4xx_ll_bus.h ****   *
1260:Drivers/STM32F4xx_HAL_Driver/Inc/stm32f4xx_ll_bus.h ****   *         (*) value not defined in all devices.
1261:Drivers/STM32F4xx_HAL_Driver/Inc/stm32f4xx_ll_bus.h ****   * @retval State of Periphs (1 or 0).
1262:Drivers/STM32F4xx_HAL_Driver/Inc/stm32f4xx_ll_bus.h ****   */
1263:Drivers/STM32F4xx_HAL_Driver/Inc/stm32f4xx_ll_bus.h **** __STATIC_INLINE uint32_t LL_APB1_GRP1_IsEnabledClock(uint32_t Periphs)
1264:Drivers/STM32F4xx_HAL_Driver/Inc/stm32f4xx_ll_bus.h **** {
1265:Drivers/STM32F4xx_HAL_Driver/Inc/stm32f4xx_ll_bus.h ****   return (READ_BIT(RCC->APB1ENR, Periphs) == Periphs);
1266:Drivers/STM32F4xx_HAL_Driver/Inc/stm32f4xx_ll_bus.h **** }
1267:Drivers/STM32F4xx_HAL_Driver/Inc/stm32f4xx_ll_bus.h **** 
1268:Drivers/STM32F4xx_HAL_Driver/Inc/stm32f4xx_ll_bus.h **** /**
1269:Drivers/STM32F4xx_HAL_Driver/Inc/stm32f4xx_ll_bus.h ****   * @brief  Disable APB1 peripherals clock.
1270:Drivers/STM32F4xx_HAL_Driver/Inc/stm32f4xx_ll_bus.h ****   * @rmtoll APB1ENR     TIM2EN        LL_APB1_GRP1_DisableClock\n
1271:Drivers/STM32F4xx_HAL_Driver/Inc/stm32f4xx_ll_bus.h ****   *         APB1ENR     TIM3EN        LL_APB1_GRP1_DisableClock\n
1272:Drivers/STM32F4xx_HAL_Driver/Inc/stm32f4xx_ll_bus.h ****   *         APB1ENR     TIM4EN        LL_APB1_GRP1_DisableClock\n
1273:Drivers/STM32F4xx_HAL_Driver/Inc/stm32f4xx_ll_bus.h ****   *         APB1ENR     TIM5EN        LL_APB1_GRP1_DisableClock\n
1274:Drivers/STM32F4xx_HAL_Driver/Inc/stm32f4xx_ll_bus.h ****   *         APB1ENR     TIM6EN        LL_APB1_GRP1_DisableClock\n
1275:Drivers/STM32F4xx_HAL_Driver/Inc/stm32f4xx_ll_bus.h ****   *         APB1ENR     TIM7EN        LL_APB1_GRP1_DisableClock\n
ARM GAS  C:\Users\chris\AppData\Local\Temp\ccpkeIoa.s 			page 49


1276:Drivers/STM32F4xx_HAL_Driver/Inc/stm32f4xx_ll_bus.h ****   *         APB1ENR     TIM12EN       LL_APB1_GRP1_DisableClock\n
1277:Drivers/STM32F4xx_HAL_Driver/Inc/stm32f4xx_ll_bus.h ****   *         APB1ENR     TIM13EN       LL_APB1_GRP1_DisableClock\n
1278:Drivers/STM32F4xx_HAL_Driver/Inc/stm32f4xx_ll_bus.h ****   *         APB1ENR     TIM14EN       LL_APB1_GRP1_DisableClock\n
1279:Drivers/STM32F4xx_HAL_Driver/Inc/stm32f4xx_ll_bus.h ****   *         APB1ENR     LPTIM1EN      LL_APB1_GRP1_DisableClock\n
1280:Drivers/STM32F4xx_HAL_Driver/Inc/stm32f4xx_ll_bus.h ****   *         APB1ENR     WWDGEN        LL_APB1_GRP1_DisableClock\n
1281:Drivers/STM32F4xx_HAL_Driver/Inc/stm32f4xx_ll_bus.h ****   *         APB1ENR     SPI2EN        LL_APB1_GRP1_DisableClock\n
1282:Drivers/STM32F4xx_HAL_Driver/Inc/stm32f4xx_ll_bus.h ****   *         APB1ENR     SPI3EN        LL_APB1_GRP1_DisableClock\n
1283:Drivers/STM32F4xx_HAL_Driver/Inc/stm32f4xx_ll_bus.h ****   *         APB1ENR     SPDIFRXEN     LL_APB1_GRP1_DisableClock\n
1284:Drivers/STM32F4xx_HAL_Driver/Inc/stm32f4xx_ll_bus.h ****   *         APB1ENR     USART2EN      LL_APB1_GRP1_DisableClock\n
1285:Drivers/STM32F4xx_HAL_Driver/Inc/stm32f4xx_ll_bus.h ****   *         APB1ENR     USART3EN      LL_APB1_GRP1_DisableClock\n
1286:Drivers/STM32F4xx_HAL_Driver/Inc/stm32f4xx_ll_bus.h ****   *         APB1ENR     UART4EN       LL_APB1_GRP1_DisableClock\n
1287:Drivers/STM32F4xx_HAL_Driver/Inc/stm32f4xx_ll_bus.h ****   *         APB1ENR     UART5EN       LL_APB1_GRP1_DisableClock\n
1288:Drivers/STM32F4xx_HAL_Driver/Inc/stm32f4xx_ll_bus.h ****   *         APB1ENR     I2C1EN        LL_APB1_GRP1_DisableClock\n
1289:Drivers/STM32F4xx_HAL_Driver/Inc/stm32f4xx_ll_bus.h ****   *         APB1ENR     I2C2EN        LL_APB1_GRP1_DisableClock\n
1290:Drivers/STM32F4xx_HAL_Driver/Inc/stm32f4xx_ll_bus.h ****   *         APB1ENR     I2C3EN        LL_APB1_GRP1_DisableClock\n
1291:Drivers/STM32F4xx_HAL_Driver/Inc/stm32f4xx_ll_bus.h ****   *         APB1ENR     FMPI2C1EN     LL_APB1_GRP1_DisableClock\n
1292:Drivers/STM32F4xx_HAL_Driver/Inc/stm32f4xx_ll_bus.h ****   *         APB1ENR     CAN1EN        LL_APB1_GRP1_DisableClock\n
1293:Drivers/STM32F4xx_HAL_Driver/Inc/stm32f4xx_ll_bus.h ****   *         APB1ENR     CAN2EN        LL_APB1_GRP1_DisableClock\n
1294:Drivers/STM32F4xx_HAL_Driver/Inc/stm32f4xx_ll_bus.h ****   *         APB1ENR     CAN3EN        LL_APB1_GRP1_DisableClock\n
1295:Drivers/STM32F4xx_HAL_Driver/Inc/stm32f4xx_ll_bus.h ****   *         APB1ENR     CECEN         LL_APB1_GRP1_DisableClock\n
1296:Drivers/STM32F4xx_HAL_Driver/Inc/stm32f4xx_ll_bus.h ****   *         APB1ENR     PWREN         LL_APB1_GRP1_DisableClock\n
1297:Drivers/STM32F4xx_HAL_Driver/Inc/stm32f4xx_ll_bus.h ****   *         APB1ENR     DACEN         LL_APB1_GRP1_DisableClock\n
1298:Drivers/STM32F4xx_HAL_Driver/Inc/stm32f4xx_ll_bus.h ****   *         APB1ENR     UART7EN       LL_APB1_GRP1_DisableClock\n
1299:Drivers/STM32F4xx_HAL_Driver/Inc/stm32f4xx_ll_bus.h ****   *         APB1ENR     UART8EN       LL_APB1_GRP1_DisableClock\n
1300:Drivers/STM32F4xx_HAL_Driver/Inc/stm32f4xx_ll_bus.h ****   *         APB1ENR     RTCAPBEN      LL_APB1_GRP1_DisableClock
1301:Drivers/STM32F4xx_HAL_Driver/Inc/stm32f4xx_ll_bus.h ****   * @param  Periphs This parameter can be a combination of the following values:
1302:Drivers/STM32F4xx_HAL_Driver/Inc/stm32f4xx_ll_bus.h ****   *         @arg @ref LL_APB1_GRP1_PERIPH_TIM2 (*)
1303:Drivers/STM32F4xx_HAL_Driver/Inc/stm32f4xx_ll_bus.h ****   *         @arg @ref LL_APB1_GRP1_PERIPH_TIM3 (*)
1304:Drivers/STM32F4xx_HAL_Driver/Inc/stm32f4xx_ll_bus.h ****   *         @arg @ref LL_APB1_GRP1_PERIPH_TIM4 (*)
1305:Drivers/STM32F4xx_HAL_Driver/Inc/stm32f4xx_ll_bus.h ****   *         @arg @ref LL_APB1_GRP1_PERIPH_TIM5
1306:Drivers/STM32F4xx_HAL_Driver/Inc/stm32f4xx_ll_bus.h ****   *         @arg @ref LL_APB1_GRP1_PERIPH_TIM6 (*)
1307:Drivers/STM32F4xx_HAL_Driver/Inc/stm32f4xx_ll_bus.h ****   *         @arg @ref LL_APB1_GRP1_PERIPH_TIM7 (*)
1308:Drivers/STM32F4xx_HAL_Driver/Inc/stm32f4xx_ll_bus.h ****   *         @arg @ref LL_APB1_GRP1_PERIPH_TIM12 (*)
1309:Drivers/STM32F4xx_HAL_Driver/Inc/stm32f4xx_ll_bus.h ****   *         @arg @ref LL_APB1_GRP1_PERIPH_TIM13 (*)
1310:Drivers/STM32F4xx_HAL_Driver/Inc/stm32f4xx_ll_bus.h ****   *         @arg @ref LL_APB1_GRP1_PERIPH_TIM14 (*)
1311:Drivers/STM32F4xx_HAL_Driver/Inc/stm32f4xx_ll_bus.h ****   *         @arg @ref LL_APB1_GRP1_PERIPH_LPTIM1 (*)
1312:Drivers/STM32F4xx_HAL_Driver/Inc/stm32f4xx_ll_bus.h ****   *         @arg @ref LL_APB1_GRP1_PERIPH_WWDG
1313:Drivers/STM32F4xx_HAL_Driver/Inc/stm32f4xx_ll_bus.h ****   *         @arg @ref LL_APB1_GRP1_PERIPH_SPI2 (*)
1314:Drivers/STM32F4xx_HAL_Driver/Inc/stm32f4xx_ll_bus.h ****   *         @arg @ref LL_APB1_GRP1_PERIPH_SPI3 (*)
1315:Drivers/STM32F4xx_HAL_Driver/Inc/stm32f4xx_ll_bus.h ****   *         @arg @ref LL_APB1_GRP1_PERIPH_SPDIFRX (*)
1316:Drivers/STM32F4xx_HAL_Driver/Inc/stm32f4xx_ll_bus.h ****   *         @arg @ref LL_APB1_GRP1_PERIPH_USART2
1317:Drivers/STM32F4xx_HAL_Driver/Inc/stm32f4xx_ll_bus.h ****   *         @arg @ref LL_APB1_GRP1_PERIPH_USART3 (*)
1318:Drivers/STM32F4xx_HAL_Driver/Inc/stm32f4xx_ll_bus.h ****   *         @arg @ref LL_APB1_GRP1_PERIPH_UART4 (*)
1319:Drivers/STM32F4xx_HAL_Driver/Inc/stm32f4xx_ll_bus.h ****   *         @arg @ref LL_APB1_GRP1_PERIPH_UART5 (*)
1320:Drivers/STM32F4xx_HAL_Driver/Inc/stm32f4xx_ll_bus.h ****   *         @arg @ref LL_APB1_GRP1_PERIPH_I2C1
1321:Drivers/STM32F4xx_HAL_Driver/Inc/stm32f4xx_ll_bus.h ****   *         @arg @ref LL_APB1_GRP1_PERIPH_I2C2
1322:Drivers/STM32F4xx_HAL_Driver/Inc/stm32f4xx_ll_bus.h ****   *         @arg @ref LL_APB1_GRP1_PERIPH_I2C3 (*)
1323:Drivers/STM32F4xx_HAL_Driver/Inc/stm32f4xx_ll_bus.h ****   *         @arg @ref LL_APB1_GRP1_PERIPH_FMPI2C1 (*)
1324:Drivers/STM32F4xx_HAL_Driver/Inc/stm32f4xx_ll_bus.h ****   *         @arg @ref LL_APB1_GRP1_PERIPH_CAN1 (*)
1325:Drivers/STM32F4xx_HAL_Driver/Inc/stm32f4xx_ll_bus.h ****   *         @arg @ref LL_APB1_GRP1_PERIPH_CAN2 (*)
1326:Drivers/STM32F4xx_HAL_Driver/Inc/stm32f4xx_ll_bus.h ****   *         @arg @ref LL_APB1_GRP1_PERIPH_CAN3 (*)
1327:Drivers/STM32F4xx_HAL_Driver/Inc/stm32f4xx_ll_bus.h ****   *         @arg @ref LL_APB1_GRP1_PERIPH_CEC (*)
1328:Drivers/STM32F4xx_HAL_Driver/Inc/stm32f4xx_ll_bus.h ****   *         @arg @ref LL_APB1_GRP1_PERIPH_PWR
1329:Drivers/STM32F4xx_HAL_Driver/Inc/stm32f4xx_ll_bus.h ****   *         @arg @ref LL_APB1_GRP1_PERIPH_DAC1 (*)
1330:Drivers/STM32F4xx_HAL_Driver/Inc/stm32f4xx_ll_bus.h ****   *         @arg @ref LL_APB1_GRP1_PERIPH_UART7 (*)
1331:Drivers/STM32F4xx_HAL_Driver/Inc/stm32f4xx_ll_bus.h ****   *         @arg @ref LL_APB1_GRP1_PERIPH_UART8 (*)
1332:Drivers/STM32F4xx_HAL_Driver/Inc/stm32f4xx_ll_bus.h ****   *         @arg @ref LL_APB1_GRP1_PERIPH_RTCAPB (*)
ARM GAS  C:\Users\chris\AppData\Local\Temp\ccpkeIoa.s 			page 50


1333:Drivers/STM32F4xx_HAL_Driver/Inc/stm32f4xx_ll_bus.h ****   *
1334:Drivers/STM32F4xx_HAL_Driver/Inc/stm32f4xx_ll_bus.h ****   *         (*) value not defined in all devices.
1335:Drivers/STM32F4xx_HAL_Driver/Inc/stm32f4xx_ll_bus.h ****   * @retval None
1336:Drivers/STM32F4xx_HAL_Driver/Inc/stm32f4xx_ll_bus.h ****   */
1337:Drivers/STM32F4xx_HAL_Driver/Inc/stm32f4xx_ll_bus.h **** __STATIC_INLINE void LL_APB1_GRP1_DisableClock(uint32_t Periphs)
1338:Drivers/STM32F4xx_HAL_Driver/Inc/stm32f4xx_ll_bus.h **** {
1339:Drivers/STM32F4xx_HAL_Driver/Inc/stm32f4xx_ll_bus.h ****   CLEAR_BIT(RCC->APB1ENR, Periphs);
1340:Drivers/STM32F4xx_HAL_Driver/Inc/stm32f4xx_ll_bus.h **** }
1341:Drivers/STM32F4xx_HAL_Driver/Inc/stm32f4xx_ll_bus.h **** 
1342:Drivers/STM32F4xx_HAL_Driver/Inc/stm32f4xx_ll_bus.h **** /**
1343:Drivers/STM32F4xx_HAL_Driver/Inc/stm32f4xx_ll_bus.h ****   * @brief  Force APB1 peripherals reset.
1344:Drivers/STM32F4xx_HAL_Driver/Inc/stm32f4xx_ll_bus.h ****   * @rmtoll APB1RSTR     TIM2RST        LL_APB1_GRP1_ForceReset\n
1345:Drivers/STM32F4xx_HAL_Driver/Inc/stm32f4xx_ll_bus.h ****   *         APB1RSTR     TIM3RST        LL_APB1_GRP1_ForceReset\n
1346:Drivers/STM32F4xx_HAL_Driver/Inc/stm32f4xx_ll_bus.h ****   *         APB1RSTR     TIM4RST        LL_APB1_GRP1_ForceReset\n
1347:Drivers/STM32F4xx_HAL_Driver/Inc/stm32f4xx_ll_bus.h ****   *         APB1RSTR     TIM5RST        LL_APB1_GRP1_ForceReset\n
1348:Drivers/STM32F4xx_HAL_Driver/Inc/stm32f4xx_ll_bus.h ****   *         APB1RSTR     TIM6RST        LL_APB1_GRP1_ForceReset\n
1349:Drivers/STM32F4xx_HAL_Driver/Inc/stm32f4xx_ll_bus.h ****   *         APB1RSTR     TIM7RST        LL_APB1_GRP1_ForceReset\n
1350:Drivers/STM32F4xx_HAL_Driver/Inc/stm32f4xx_ll_bus.h ****   *         APB1RSTR     TIM12RST       LL_APB1_GRP1_ForceReset\n
1351:Drivers/STM32F4xx_HAL_Driver/Inc/stm32f4xx_ll_bus.h ****   *         APB1RSTR     TIM13RST       LL_APB1_GRP1_ForceReset\n
1352:Drivers/STM32F4xx_HAL_Driver/Inc/stm32f4xx_ll_bus.h ****   *         APB1RSTR     TIM14RST       LL_APB1_GRP1_ForceReset\n
1353:Drivers/STM32F4xx_HAL_Driver/Inc/stm32f4xx_ll_bus.h ****   *         APB1RSTR     LPTIM1RST      LL_APB1_GRP1_ForceReset\n
1354:Drivers/STM32F4xx_HAL_Driver/Inc/stm32f4xx_ll_bus.h ****   *         APB1RSTR     WWDGRST        LL_APB1_GRP1_ForceReset\n
1355:Drivers/STM32F4xx_HAL_Driver/Inc/stm32f4xx_ll_bus.h ****   *         APB1RSTR     SPI2RST        LL_APB1_GRP1_ForceReset\n
1356:Drivers/STM32F4xx_HAL_Driver/Inc/stm32f4xx_ll_bus.h ****   *         APB1RSTR     SPI3RST        LL_APB1_GRP1_ForceReset\n
1357:Drivers/STM32F4xx_HAL_Driver/Inc/stm32f4xx_ll_bus.h ****   *         APB1RSTR     SPDIFRXRST     LL_APB1_GRP1_ForceReset\n
1358:Drivers/STM32F4xx_HAL_Driver/Inc/stm32f4xx_ll_bus.h ****   *         APB1RSTR     USART2RST      LL_APB1_GRP1_ForceReset\n
1359:Drivers/STM32F4xx_HAL_Driver/Inc/stm32f4xx_ll_bus.h ****   *         APB1RSTR     USART3RST      LL_APB1_GRP1_ForceReset\n
1360:Drivers/STM32F4xx_HAL_Driver/Inc/stm32f4xx_ll_bus.h ****   *         APB1RSTR     UART4RST       LL_APB1_GRP1_ForceReset\n
1361:Drivers/STM32F4xx_HAL_Driver/Inc/stm32f4xx_ll_bus.h ****   *         APB1RSTR     UART5RST       LL_APB1_GRP1_ForceReset\n
1362:Drivers/STM32F4xx_HAL_Driver/Inc/stm32f4xx_ll_bus.h ****   *         APB1RSTR     I2C1RST        LL_APB1_GRP1_ForceReset\n
1363:Drivers/STM32F4xx_HAL_Driver/Inc/stm32f4xx_ll_bus.h ****   *         APB1RSTR     I2C2RST        LL_APB1_GRP1_ForceReset\n
1364:Drivers/STM32F4xx_HAL_Driver/Inc/stm32f4xx_ll_bus.h ****   *         APB1RSTR     I2C3RST        LL_APB1_GRP1_ForceReset\n
1365:Drivers/STM32F4xx_HAL_Driver/Inc/stm32f4xx_ll_bus.h ****   *         APB1RSTR     FMPI2C1RST     LL_APB1_GRP1_ForceReset\n
1366:Drivers/STM32F4xx_HAL_Driver/Inc/stm32f4xx_ll_bus.h ****   *         APB1RSTR     CAN1RST        LL_APB1_GRP1_ForceReset\n
1367:Drivers/STM32F4xx_HAL_Driver/Inc/stm32f4xx_ll_bus.h ****   *         APB1RSTR     CAN2RST        LL_APB1_GRP1_ForceReset\n
1368:Drivers/STM32F4xx_HAL_Driver/Inc/stm32f4xx_ll_bus.h ****   *         APB1RSTR     CAN3RST        LL_APB1_GRP1_ForceReset\n
1369:Drivers/STM32F4xx_HAL_Driver/Inc/stm32f4xx_ll_bus.h ****   *         APB1RSTR     CECRST         LL_APB1_GRP1_ForceReset\n
1370:Drivers/STM32F4xx_HAL_Driver/Inc/stm32f4xx_ll_bus.h ****   *         APB1RSTR     PWRRST         LL_APB1_GRP1_ForceReset\n
1371:Drivers/STM32F4xx_HAL_Driver/Inc/stm32f4xx_ll_bus.h ****   *         APB1RSTR     DACRST         LL_APB1_GRP1_ForceReset\n
1372:Drivers/STM32F4xx_HAL_Driver/Inc/stm32f4xx_ll_bus.h ****   *         APB1RSTR     UART7RST       LL_APB1_GRP1_ForceReset\n
1373:Drivers/STM32F4xx_HAL_Driver/Inc/stm32f4xx_ll_bus.h ****   *         APB1RSTR     UART8RST       LL_APB1_GRP1_ForceReset
1374:Drivers/STM32F4xx_HAL_Driver/Inc/stm32f4xx_ll_bus.h ****   * @param  Periphs This parameter can be a combination of the following values:
1375:Drivers/STM32F4xx_HAL_Driver/Inc/stm32f4xx_ll_bus.h ****   *         @arg @ref LL_APB1_GRP1_PERIPH_TIM2 (*)
1376:Drivers/STM32F4xx_HAL_Driver/Inc/stm32f4xx_ll_bus.h ****   *         @arg @ref LL_APB1_GRP1_PERIPH_TIM3 (*)
1377:Drivers/STM32F4xx_HAL_Driver/Inc/stm32f4xx_ll_bus.h ****   *         @arg @ref LL_APB1_GRP1_PERIPH_TIM4 (*)
1378:Drivers/STM32F4xx_HAL_Driver/Inc/stm32f4xx_ll_bus.h ****   *         @arg @ref LL_APB1_GRP1_PERIPH_TIM5
1379:Drivers/STM32F4xx_HAL_Driver/Inc/stm32f4xx_ll_bus.h ****   *         @arg @ref LL_APB1_GRP1_PERIPH_TIM6 (*)
1380:Drivers/STM32F4xx_HAL_Driver/Inc/stm32f4xx_ll_bus.h ****   *         @arg @ref LL_APB1_GRP1_PERIPH_TIM7 (*)
1381:Drivers/STM32F4xx_HAL_Driver/Inc/stm32f4xx_ll_bus.h ****   *         @arg @ref LL_APB1_GRP1_PERIPH_TIM12 (*)
1382:Drivers/STM32F4xx_HAL_Driver/Inc/stm32f4xx_ll_bus.h ****   *         @arg @ref LL_APB1_GRP1_PERIPH_TIM13 (*)
1383:Drivers/STM32F4xx_HAL_Driver/Inc/stm32f4xx_ll_bus.h ****   *         @arg @ref LL_APB1_GRP1_PERIPH_TIM14 (*)
1384:Drivers/STM32F4xx_HAL_Driver/Inc/stm32f4xx_ll_bus.h ****   *         @arg @ref LL_APB1_GRP1_PERIPH_LPTIM1 (*)
1385:Drivers/STM32F4xx_HAL_Driver/Inc/stm32f4xx_ll_bus.h ****   *         @arg @ref LL_APB1_GRP1_PERIPH_WWDG
1386:Drivers/STM32F4xx_HAL_Driver/Inc/stm32f4xx_ll_bus.h ****   *         @arg @ref LL_APB1_GRP1_PERIPH_SPI2 (*)
1387:Drivers/STM32F4xx_HAL_Driver/Inc/stm32f4xx_ll_bus.h ****   *         @arg @ref LL_APB1_GRP1_PERIPH_SPI3 (*)
1388:Drivers/STM32F4xx_HAL_Driver/Inc/stm32f4xx_ll_bus.h ****   *         @arg @ref LL_APB1_GRP1_PERIPH_SPDIFRX (*)
1389:Drivers/STM32F4xx_HAL_Driver/Inc/stm32f4xx_ll_bus.h ****   *         @arg @ref LL_APB1_GRP1_PERIPH_USART2
ARM GAS  C:\Users\chris\AppData\Local\Temp\ccpkeIoa.s 			page 51


1390:Drivers/STM32F4xx_HAL_Driver/Inc/stm32f4xx_ll_bus.h ****   *         @arg @ref LL_APB1_GRP1_PERIPH_USART3 (*)
1391:Drivers/STM32F4xx_HAL_Driver/Inc/stm32f4xx_ll_bus.h ****   *         @arg @ref LL_APB1_GRP1_PERIPH_UART4 (*)
1392:Drivers/STM32F4xx_HAL_Driver/Inc/stm32f4xx_ll_bus.h ****   *         @arg @ref LL_APB1_GRP1_PERIPH_UART5 (*)
1393:Drivers/STM32F4xx_HAL_Driver/Inc/stm32f4xx_ll_bus.h ****   *         @arg @ref LL_APB1_GRP1_PERIPH_I2C1
1394:Drivers/STM32F4xx_HAL_Driver/Inc/stm32f4xx_ll_bus.h ****   *         @arg @ref LL_APB1_GRP1_PERIPH_I2C2
1395:Drivers/STM32F4xx_HAL_Driver/Inc/stm32f4xx_ll_bus.h ****   *         @arg @ref LL_APB1_GRP1_PERIPH_I2C3 (*)
1396:Drivers/STM32F4xx_HAL_Driver/Inc/stm32f4xx_ll_bus.h ****   *         @arg @ref LL_APB1_GRP1_PERIPH_FMPI2C1 (*)
1397:Drivers/STM32F4xx_HAL_Driver/Inc/stm32f4xx_ll_bus.h ****   *         @arg @ref LL_APB1_GRP1_PERIPH_CAN1 (*)
1398:Drivers/STM32F4xx_HAL_Driver/Inc/stm32f4xx_ll_bus.h ****   *         @arg @ref LL_APB1_GRP1_PERIPH_CAN2 (*)
1399:Drivers/STM32F4xx_HAL_Driver/Inc/stm32f4xx_ll_bus.h ****   *         @arg @ref LL_APB1_GRP1_PERIPH_CAN3 (*)
1400:Drivers/STM32F4xx_HAL_Driver/Inc/stm32f4xx_ll_bus.h ****   *         @arg @ref LL_APB1_GRP1_PERIPH_CEC (*)
1401:Drivers/STM32F4xx_HAL_Driver/Inc/stm32f4xx_ll_bus.h ****   *         @arg @ref LL_APB1_GRP1_PERIPH_PWR
1402:Drivers/STM32F4xx_HAL_Driver/Inc/stm32f4xx_ll_bus.h ****   *         @arg @ref LL_APB1_GRP1_PERIPH_DAC1 (*)
1403:Drivers/STM32F4xx_HAL_Driver/Inc/stm32f4xx_ll_bus.h ****   *         @arg @ref LL_APB1_GRP1_PERIPH_UART7 (*)
1404:Drivers/STM32F4xx_HAL_Driver/Inc/stm32f4xx_ll_bus.h ****   *         @arg @ref LL_APB1_GRP1_PERIPH_UART8 (*)
1405:Drivers/STM32F4xx_HAL_Driver/Inc/stm32f4xx_ll_bus.h ****   *
1406:Drivers/STM32F4xx_HAL_Driver/Inc/stm32f4xx_ll_bus.h ****   *         (*) value not defined in all devices.
1407:Drivers/STM32F4xx_HAL_Driver/Inc/stm32f4xx_ll_bus.h ****   * @retval None
1408:Drivers/STM32F4xx_HAL_Driver/Inc/stm32f4xx_ll_bus.h ****   */
1409:Drivers/STM32F4xx_HAL_Driver/Inc/stm32f4xx_ll_bus.h **** __STATIC_INLINE void LL_APB1_GRP1_ForceReset(uint32_t Periphs)
1410:Drivers/STM32F4xx_HAL_Driver/Inc/stm32f4xx_ll_bus.h **** {
1411:Drivers/STM32F4xx_HAL_Driver/Inc/stm32f4xx_ll_bus.h ****   SET_BIT(RCC->APB1RSTR, Periphs);
1412:Drivers/STM32F4xx_HAL_Driver/Inc/stm32f4xx_ll_bus.h **** }
1413:Drivers/STM32F4xx_HAL_Driver/Inc/stm32f4xx_ll_bus.h **** 
1414:Drivers/STM32F4xx_HAL_Driver/Inc/stm32f4xx_ll_bus.h **** /**
1415:Drivers/STM32F4xx_HAL_Driver/Inc/stm32f4xx_ll_bus.h ****   * @brief  Release APB1 peripherals reset.
1416:Drivers/STM32F4xx_HAL_Driver/Inc/stm32f4xx_ll_bus.h ****   * @rmtoll APB1RSTR     TIM2RST        LL_APB1_GRP1_ReleaseReset\n
1417:Drivers/STM32F4xx_HAL_Driver/Inc/stm32f4xx_ll_bus.h ****   *         APB1RSTR     TIM3RST        LL_APB1_GRP1_ReleaseReset\n
1418:Drivers/STM32F4xx_HAL_Driver/Inc/stm32f4xx_ll_bus.h ****   *         APB1RSTR     TIM4RST        LL_APB1_GRP1_ReleaseReset\n
1419:Drivers/STM32F4xx_HAL_Driver/Inc/stm32f4xx_ll_bus.h ****   *         APB1RSTR     TIM5RST        LL_APB1_GRP1_ReleaseReset\n
1420:Drivers/STM32F4xx_HAL_Driver/Inc/stm32f4xx_ll_bus.h ****   *         APB1RSTR     TIM6RST        LL_APB1_GRP1_ReleaseReset\n
1421:Drivers/STM32F4xx_HAL_Driver/Inc/stm32f4xx_ll_bus.h ****   *         APB1RSTR     TIM7RST        LL_APB1_GRP1_ReleaseReset\n
1422:Drivers/STM32F4xx_HAL_Driver/Inc/stm32f4xx_ll_bus.h ****   *         APB1RSTR     TIM12RST       LL_APB1_GRP1_ReleaseReset\n
1423:Drivers/STM32F4xx_HAL_Driver/Inc/stm32f4xx_ll_bus.h ****   *         APB1RSTR     TIM13RST       LL_APB1_GRP1_ReleaseReset\n
1424:Drivers/STM32F4xx_HAL_Driver/Inc/stm32f4xx_ll_bus.h ****   *         APB1RSTR     TIM14RST       LL_APB1_GRP1_ReleaseReset\n
1425:Drivers/STM32F4xx_HAL_Driver/Inc/stm32f4xx_ll_bus.h ****   *         APB1RSTR     LPTIM1RST      LL_APB1_GRP1_ReleaseReset\n
1426:Drivers/STM32F4xx_HAL_Driver/Inc/stm32f4xx_ll_bus.h ****   *         APB1RSTR     WWDGRST        LL_APB1_GRP1_ReleaseReset\n
1427:Drivers/STM32F4xx_HAL_Driver/Inc/stm32f4xx_ll_bus.h ****   *         APB1RSTR     SPI2RST        LL_APB1_GRP1_ReleaseReset\n
1428:Drivers/STM32F4xx_HAL_Driver/Inc/stm32f4xx_ll_bus.h ****   *         APB1RSTR     SPI3RST        LL_APB1_GRP1_ReleaseReset\n
1429:Drivers/STM32F4xx_HAL_Driver/Inc/stm32f4xx_ll_bus.h ****   *         APB1RSTR     SPDIFRXRST     LL_APB1_GRP1_ReleaseReset\n
1430:Drivers/STM32F4xx_HAL_Driver/Inc/stm32f4xx_ll_bus.h ****   *         APB1RSTR     USART2RST      LL_APB1_GRP1_ReleaseReset\n
1431:Drivers/STM32F4xx_HAL_Driver/Inc/stm32f4xx_ll_bus.h ****   *         APB1RSTR     USART3RST      LL_APB1_GRP1_ReleaseReset\n
1432:Drivers/STM32F4xx_HAL_Driver/Inc/stm32f4xx_ll_bus.h ****   *         APB1RSTR     UART4RST       LL_APB1_GRP1_ReleaseReset\n
1433:Drivers/STM32F4xx_HAL_Driver/Inc/stm32f4xx_ll_bus.h ****   *         APB1RSTR     UART5RST       LL_APB1_GRP1_ReleaseReset\n
1434:Drivers/STM32F4xx_HAL_Driver/Inc/stm32f4xx_ll_bus.h ****   *         APB1RSTR     I2C1RST        LL_APB1_GRP1_ReleaseReset\n
1435:Drivers/STM32F4xx_HAL_Driver/Inc/stm32f4xx_ll_bus.h ****   *         APB1RSTR     I2C2RST        LL_APB1_GRP1_ReleaseReset\n
1436:Drivers/STM32F4xx_HAL_Driver/Inc/stm32f4xx_ll_bus.h ****   *         APB1RSTR     I2C3RST        LL_APB1_GRP1_ReleaseReset\n
1437:Drivers/STM32F4xx_HAL_Driver/Inc/stm32f4xx_ll_bus.h ****   *         APB1RSTR     FMPI2C1RST     LL_APB1_GRP1_ReleaseReset\n
1438:Drivers/STM32F4xx_HAL_Driver/Inc/stm32f4xx_ll_bus.h ****   *         APB1RSTR     CAN1RST        LL_APB1_GRP1_ReleaseReset\n
1439:Drivers/STM32F4xx_HAL_Driver/Inc/stm32f4xx_ll_bus.h ****   *         APB1RSTR     CAN2RST        LL_APB1_GRP1_ReleaseReset\n
1440:Drivers/STM32F4xx_HAL_Driver/Inc/stm32f4xx_ll_bus.h ****   *         APB1RSTR     CAN3RST        LL_APB1_GRP1_ReleaseReset\n
1441:Drivers/STM32F4xx_HAL_Driver/Inc/stm32f4xx_ll_bus.h ****   *         APB1RSTR     CECRST         LL_APB1_GRP1_ReleaseReset\n
1442:Drivers/STM32F4xx_HAL_Driver/Inc/stm32f4xx_ll_bus.h ****   *         APB1RSTR     PWRRST         LL_APB1_GRP1_ReleaseReset\n
1443:Drivers/STM32F4xx_HAL_Driver/Inc/stm32f4xx_ll_bus.h ****   *         APB1RSTR     DACRST         LL_APB1_GRP1_ReleaseReset\n
1444:Drivers/STM32F4xx_HAL_Driver/Inc/stm32f4xx_ll_bus.h ****   *         APB1RSTR     UART7RST       LL_APB1_GRP1_ReleaseReset\n
1445:Drivers/STM32F4xx_HAL_Driver/Inc/stm32f4xx_ll_bus.h ****   *         APB1RSTR     UART8RST       LL_APB1_GRP1_ReleaseReset
1446:Drivers/STM32F4xx_HAL_Driver/Inc/stm32f4xx_ll_bus.h ****   * @param  Periphs This parameter can be a combination of the following values:
ARM GAS  C:\Users\chris\AppData\Local\Temp\ccpkeIoa.s 			page 52


1447:Drivers/STM32F4xx_HAL_Driver/Inc/stm32f4xx_ll_bus.h ****   *         @arg @ref LL_APB1_GRP1_PERIPH_TIM2 (*)
1448:Drivers/STM32F4xx_HAL_Driver/Inc/stm32f4xx_ll_bus.h ****   *         @arg @ref LL_APB1_GRP1_PERIPH_TIM3 (*)
1449:Drivers/STM32F4xx_HAL_Driver/Inc/stm32f4xx_ll_bus.h ****   *         @arg @ref LL_APB1_GRP1_PERIPH_TIM4 (*)
1450:Drivers/STM32F4xx_HAL_Driver/Inc/stm32f4xx_ll_bus.h ****   *         @arg @ref LL_APB1_GRP1_PERIPH_TIM5
1451:Drivers/STM32F4xx_HAL_Driver/Inc/stm32f4xx_ll_bus.h ****   *         @arg @ref LL_APB1_GRP1_PERIPH_TIM6 (*)
1452:Drivers/STM32F4xx_HAL_Driver/Inc/stm32f4xx_ll_bus.h ****   *         @arg @ref LL_APB1_GRP1_PERIPH_TIM7 (*)
1453:Drivers/STM32F4xx_HAL_Driver/Inc/stm32f4xx_ll_bus.h ****   *         @arg @ref LL_APB1_GRP1_PERIPH_TIM12 (*)
1454:Drivers/STM32F4xx_HAL_Driver/Inc/stm32f4xx_ll_bus.h ****   *         @arg @ref LL_APB1_GRP1_PERIPH_TIM13 (*)
1455:Drivers/STM32F4xx_HAL_Driver/Inc/stm32f4xx_ll_bus.h ****   *         @arg @ref LL_APB1_GRP1_PERIPH_TIM14 (*)
1456:Drivers/STM32F4xx_HAL_Driver/Inc/stm32f4xx_ll_bus.h ****   *         @arg @ref LL_APB1_GRP1_PERIPH_LPTIM1 (*)
1457:Drivers/STM32F4xx_HAL_Driver/Inc/stm32f4xx_ll_bus.h ****   *         @arg @ref LL_APB1_GRP1_PERIPH_WWDG
1458:Drivers/STM32F4xx_HAL_Driver/Inc/stm32f4xx_ll_bus.h ****   *         @arg @ref LL_APB1_GRP1_PERIPH_SPI2 (*)
1459:Drivers/STM32F4xx_HAL_Driver/Inc/stm32f4xx_ll_bus.h ****   *         @arg @ref LL_APB1_GRP1_PERIPH_SPI3 (*)
1460:Drivers/STM32F4xx_HAL_Driver/Inc/stm32f4xx_ll_bus.h ****   *         @arg @ref LL_APB1_GRP1_PERIPH_SPDIFRX (*)
1461:Drivers/STM32F4xx_HAL_Driver/Inc/stm32f4xx_ll_bus.h ****   *         @arg @ref LL_APB1_GRP1_PERIPH_USART2
1462:Drivers/STM32F4xx_HAL_Driver/Inc/stm32f4xx_ll_bus.h ****   *         @arg @ref LL_APB1_GRP1_PERIPH_USART3 (*)
1463:Drivers/STM32F4xx_HAL_Driver/Inc/stm32f4xx_ll_bus.h ****   *         @arg @ref LL_APB1_GRP1_PERIPH_UART4 (*)
1464:Drivers/STM32F4xx_HAL_Driver/Inc/stm32f4xx_ll_bus.h ****   *         @arg @ref LL_APB1_GRP1_PERIPH_UART5 (*)
1465:Drivers/STM32F4xx_HAL_Driver/Inc/stm32f4xx_ll_bus.h ****   *         @arg @ref LL_APB1_GRP1_PERIPH_I2C1
1466:Drivers/STM32F4xx_HAL_Driver/Inc/stm32f4xx_ll_bus.h ****   *         @arg @ref LL_APB1_GRP1_PERIPH_I2C2
1467:Drivers/STM32F4xx_HAL_Driver/Inc/stm32f4xx_ll_bus.h ****   *         @arg @ref LL_APB1_GRP1_PERIPH_I2C3 (*)
1468:Drivers/STM32F4xx_HAL_Driver/Inc/stm32f4xx_ll_bus.h ****   *         @arg @ref LL_APB1_GRP1_PERIPH_FMPI2C1 (*)
1469:Drivers/STM32F4xx_HAL_Driver/Inc/stm32f4xx_ll_bus.h ****   *         @arg @ref LL_APB1_GRP1_PERIPH_CAN1 (*)
1470:Drivers/STM32F4xx_HAL_Driver/Inc/stm32f4xx_ll_bus.h ****   *         @arg @ref LL_APB1_GRP1_PERIPH_CAN2 (*)
1471:Drivers/STM32F4xx_HAL_Driver/Inc/stm32f4xx_ll_bus.h ****   *         @arg @ref LL_APB1_GRP1_PERIPH_CAN3 (*)
1472:Drivers/STM32F4xx_HAL_Driver/Inc/stm32f4xx_ll_bus.h ****   *         @arg @ref LL_APB1_GRP1_PERIPH_CEC (*)
1473:Drivers/STM32F4xx_HAL_Driver/Inc/stm32f4xx_ll_bus.h ****   *         @arg @ref LL_APB1_GRP1_PERIPH_PWR
1474:Drivers/STM32F4xx_HAL_Driver/Inc/stm32f4xx_ll_bus.h ****   *         @arg @ref LL_APB1_GRP1_PERIPH_DAC1 (*)
1475:Drivers/STM32F4xx_HAL_Driver/Inc/stm32f4xx_ll_bus.h ****   *         @arg @ref LL_APB1_GRP1_PERIPH_UART7 (*)
1476:Drivers/STM32F4xx_HAL_Driver/Inc/stm32f4xx_ll_bus.h ****   *         @arg @ref LL_APB1_GRP1_PERIPH_UART8 (*)
1477:Drivers/STM32F4xx_HAL_Driver/Inc/stm32f4xx_ll_bus.h ****   *
1478:Drivers/STM32F4xx_HAL_Driver/Inc/stm32f4xx_ll_bus.h ****   *         (*) value not defined in all devices.
1479:Drivers/STM32F4xx_HAL_Driver/Inc/stm32f4xx_ll_bus.h ****   * @retval None
1480:Drivers/STM32F4xx_HAL_Driver/Inc/stm32f4xx_ll_bus.h ****   */
1481:Drivers/STM32F4xx_HAL_Driver/Inc/stm32f4xx_ll_bus.h **** __STATIC_INLINE void LL_APB1_GRP1_ReleaseReset(uint32_t Periphs)
1482:Drivers/STM32F4xx_HAL_Driver/Inc/stm32f4xx_ll_bus.h **** {
1483:Drivers/STM32F4xx_HAL_Driver/Inc/stm32f4xx_ll_bus.h ****   CLEAR_BIT(RCC->APB1RSTR, Periphs);
1484:Drivers/STM32F4xx_HAL_Driver/Inc/stm32f4xx_ll_bus.h **** }
1485:Drivers/STM32F4xx_HAL_Driver/Inc/stm32f4xx_ll_bus.h **** 
1486:Drivers/STM32F4xx_HAL_Driver/Inc/stm32f4xx_ll_bus.h **** /**
1487:Drivers/STM32F4xx_HAL_Driver/Inc/stm32f4xx_ll_bus.h ****   * @brief  Enable APB1 peripheral clocks in low-power mode
1488:Drivers/STM32F4xx_HAL_Driver/Inc/stm32f4xx_ll_bus.h ****   * @rmtoll APB1LPENR     TIM2LPEN        LL_APB1_GRP1_EnableClockLowPower\n
1489:Drivers/STM32F4xx_HAL_Driver/Inc/stm32f4xx_ll_bus.h ****   *         APB1LPENR     TIM3LPEN        LL_APB1_GRP1_EnableClockLowPower\n
1490:Drivers/STM32F4xx_HAL_Driver/Inc/stm32f4xx_ll_bus.h ****   *         APB1LPENR     TIM4LPEN        LL_APB1_GRP1_EnableClockLowPower\n
1491:Drivers/STM32F4xx_HAL_Driver/Inc/stm32f4xx_ll_bus.h ****   *         APB1LPENR     TIM5LPEN        LL_APB1_GRP1_EnableClockLowPower\n
1492:Drivers/STM32F4xx_HAL_Driver/Inc/stm32f4xx_ll_bus.h ****   *         APB1LPENR     TIM6LPEN        LL_APB1_GRP1_EnableClockLowPower\n
1493:Drivers/STM32F4xx_HAL_Driver/Inc/stm32f4xx_ll_bus.h ****   *         APB1LPENR     TIM7LPEN        LL_APB1_GRP1_EnableClockLowPower\n
1494:Drivers/STM32F4xx_HAL_Driver/Inc/stm32f4xx_ll_bus.h ****   *         APB1LPENR     TIM12LPEN       LL_APB1_GRP1_EnableClockLowPower\n
1495:Drivers/STM32F4xx_HAL_Driver/Inc/stm32f4xx_ll_bus.h ****   *         APB1LPENR     TIM13LPEN       LL_APB1_GRP1_EnableClockLowPower\n
1496:Drivers/STM32F4xx_HAL_Driver/Inc/stm32f4xx_ll_bus.h ****   *         APB1LPENR     TIM14LPEN       LL_APB1_GRP1_EnableClockLowPower\n
1497:Drivers/STM32F4xx_HAL_Driver/Inc/stm32f4xx_ll_bus.h ****   *         APB1LPENR     LPTIM1LPEN      LL_APB1_GRP1_EnableClockLowPower\n
1498:Drivers/STM32F4xx_HAL_Driver/Inc/stm32f4xx_ll_bus.h ****   *         APB1LPENR     WWDGLPEN        LL_APB1_GRP1_EnableClockLowPower\n
1499:Drivers/STM32F4xx_HAL_Driver/Inc/stm32f4xx_ll_bus.h ****   *         APB1LPENR     SPI2LPEN        LL_APB1_GRP1_EnableClockLowPower\n
1500:Drivers/STM32F4xx_HAL_Driver/Inc/stm32f4xx_ll_bus.h ****   *         APB1LPENR     SPI3LPEN        LL_APB1_GRP1_EnableClockLowPower\n
1501:Drivers/STM32F4xx_HAL_Driver/Inc/stm32f4xx_ll_bus.h ****   *         APB1LPENR     SPDIFRXLPEN     LL_APB1_GRP1_EnableClockLowPower\n
1502:Drivers/STM32F4xx_HAL_Driver/Inc/stm32f4xx_ll_bus.h ****   *         APB1LPENR     USART2LPEN      LL_APB1_GRP1_EnableClockLowPower\n
1503:Drivers/STM32F4xx_HAL_Driver/Inc/stm32f4xx_ll_bus.h ****   *         APB1LPENR     USART3LPEN      LL_APB1_GRP1_EnableClockLowPower\n
ARM GAS  C:\Users\chris\AppData\Local\Temp\ccpkeIoa.s 			page 53


1504:Drivers/STM32F4xx_HAL_Driver/Inc/stm32f4xx_ll_bus.h ****   *         APB1LPENR     UART4LPEN       LL_APB1_GRP1_EnableClockLowPower\n
1505:Drivers/STM32F4xx_HAL_Driver/Inc/stm32f4xx_ll_bus.h ****   *         APB1LPENR     UART5LPEN       LL_APB1_GRP1_EnableClockLowPower\n
1506:Drivers/STM32F4xx_HAL_Driver/Inc/stm32f4xx_ll_bus.h ****   *         APB1LPENR     I2C1LPEN        LL_APB1_GRP1_EnableClockLowPower\n
1507:Drivers/STM32F4xx_HAL_Driver/Inc/stm32f4xx_ll_bus.h ****   *         APB1LPENR     I2C2LPEN        LL_APB1_GRP1_EnableClockLowPower\n
1508:Drivers/STM32F4xx_HAL_Driver/Inc/stm32f4xx_ll_bus.h ****   *         APB1LPENR     I2C3LPEN        LL_APB1_GRP1_EnableClockLowPower\n
1509:Drivers/STM32F4xx_HAL_Driver/Inc/stm32f4xx_ll_bus.h ****   *         APB1LPENR     FMPI2C1LPEN     LL_APB1_GRP1_EnableClockLowPower\n
1510:Drivers/STM32F4xx_HAL_Driver/Inc/stm32f4xx_ll_bus.h ****   *         APB1LPENR     CAN1LPEN        LL_APB1_GRP1_EnableClockLowPower\n
1511:Drivers/STM32F4xx_HAL_Driver/Inc/stm32f4xx_ll_bus.h ****   *         APB1LPENR     CAN2LPEN        LL_APB1_GRP1_EnableClockLowPower\n
1512:Drivers/STM32F4xx_HAL_Driver/Inc/stm32f4xx_ll_bus.h ****   *         APB1LPENR     CAN3LPEN        LL_APB1_GRP1_EnableClockLowPower\n
1513:Drivers/STM32F4xx_HAL_Driver/Inc/stm32f4xx_ll_bus.h ****   *         APB1LPENR     CECLPEN         LL_APB1_GRP1_EnableClockLowPower\n
1514:Drivers/STM32F4xx_HAL_Driver/Inc/stm32f4xx_ll_bus.h ****   *         APB1LPENR     PWRLPEN         LL_APB1_GRP1_EnableClockLowPower\n
1515:Drivers/STM32F4xx_HAL_Driver/Inc/stm32f4xx_ll_bus.h ****   *         APB1LPENR     DACLPEN         LL_APB1_GRP1_EnableClockLowPower\n
1516:Drivers/STM32F4xx_HAL_Driver/Inc/stm32f4xx_ll_bus.h ****   *         APB1LPENR     UART7LPEN       LL_APB1_GRP1_EnableClockLowPower\n
1517:Drivers/STM32F4xx_HAL_Driver/Inc/stm32f4xx_ll_bus.h ****   *         APB1LPENR     UART8LPEN       LL_APB1_GRP1_EnableClockLowPower\n
1518:Drivers/STM32F4xx_HAL_Driver/Inc/stm32f4xx_ll_bus.h ****   *         APB1LPENR     RTCAPBLPEN      LL_APB1_GRP1_EnableClockLowPower
1519:Drivers/STM32F4xx_HAL_Driver/Inc/stm32f4xx_ll_bus.h ****   * @param  Periphs This parameter can be a combination of the following values:
1520:Drivers/STM32F4xx_HAL_Driver/Inc/stm32f4xx_ll_bus.h ****   *         @arg @ref LL_APB1_GRP1_PERIPH_TIM2 (*)
1521:Drivers/STM32F4xx_HAL_Driver/Inc/stm32f4xx_ll_bus.h ****   *         @arg @ref LL_APB1_GRP1_PERIPH_TIM3 (*)
1522:Drivers/STM32F4xx_HAL_Driver/Inc/stm32f4xx_ll_bus.h ****   *         @arg @ref LL_APB1_GRP1_PERIPH_TIM4 (*)
1523:Drivers/STM32F4xx_HAL_Driver/Inc/stm32f4xx_ll_bus.h ****   *         @arg @ref LL_APB1_GRP1_PERIPH_TIM5
1524:Drivers/STM32F4xx_HAL_Driver/Inc/stm32f4xx_ll_bus.h ****   *         @arg @ref LL_APB1_GRP1_PERIPH_TIM6 (*)
1525:Drivers/STM32F4xx_HAL_Driver/Inc/stm32f4xx_ll_bus.h ****   *         @arg @ref LL_APB1_GRP1_PERIPH_TIM7 (*)
1526:Drivers/STM32F4xx_HAL_Driver/Inc/stm32f4xx_ll_bus.h ****   *         @arg @ref LL_APB1_GRP1_PERIPH_TIM12 (*)
1527:Drivers/STM32F4xx_HAL_Driver/Inc/stm32f4xx_ll_bus.h ****   *         @arg @ref LL_APB1_GRP1_PERIPH_TIM13 (*)
1528:Drivers/STM32F4xx_HAL_Driver/Inc/stm32f4xx_ll_bus.h ****   *         @arg @ref LL_APB1_GRP1_PERIPH_TIM14 (*)
1529:Drivers/STM32F4xx_HAL_Driver/Inc/stm32f4xx_ll_bus.h ****   *         @arg @ref LL_APB1_GRP1_PERIPH_LPTIM1 (*)
1530:Drivers/STM32F4xx_HAL_Driver/Inc/stm32f4xx_ll_bus.h ****   *         @arg @ref LL_APB1_GRP1_PERIPH_WWDG
1531:Drivers/STM32F4xx_HAL_Driver/Inc/stm32f4xx_ll_bus.h ****   *         @arg @ref LL_APB1_GRP1_PERIPH_SPI2 (*)
1532:Drivers/STM32F4xx_HAL_Driver/Inc/stm32f4xx_ll_bus.h ****   *         @arg @ref LL_APB1_GRP1_PERIPH_SPI3 (*)
1533:Drivers/STM32F4xx_HAL_Driver/Inc/stm32f4xx_ll_bus.h ****   *         @arg @ref LL_APB1_GRP1_PERIPH_SPDIFRX (*)
1534:Drivers/STM32F4xx_HAL_Driver/Inc/stm32f4xx_ll_bus.h ****   *         @arg @ref LL_APB1_GRP1_PERIPH_USART2
1535:Drivers/STM32F4xx_HAL_Driver/Inc/stm32f4xx_ll_bus.h ****   *         @arg @ref LL_APB1_GRP1_PERIPH_USART3 (*)
1536:Drivers/STM32F4xx_HAL_Driver/Inc/stm32f4xx_ll_bus.h ****   *         @arg @ref LL_APB1_GRP1_PERIPH_UART4 (*)
1537:Drivers/STM32F4xx_HAL_Driver/Inc/stm32f4xx_ll_bus.h ****   *         @arg @ref LL_APB1_GRP1_PERIPH_UART5 (*)
1538:Drivers/STM32F4xx_HAL_Driver/Inc/stm32f4xx_ll_bus.h ****   *         @arg @ref LL_APB1_GRP1_PERIPH_I2C1
1539:Drivers/STM32F4xx_HAL_Driver/Inc/stm32f4xx_ll_bus.h ****   *         @arg @ref LL_APB1_GRP1_PERIPH_I2C2
1540:Drivers/STM32F4xx_HAL_Driver/Inc/stm32f4xx_ll_bus.h ****   *         @arg @ref LL_APB1_GRP1_PERIPH_I2C3 (*)
1541:Drivers/STM32F4xx_HAL_Driver/Inc/stm32f4xx_ll_bus.h ****   *         @arg @ref LL_APB1_GRP1_PERIPH_FMPI2C1 (*)
1542:Drivers/STM32F4xx_HAL_Driver/Inc/stm32f4xx_ll_bus.h ****   *         @arg @ref LL_APB1_GRP1_PERIPH_CAN1 (*)
1543:Drivers/STM32F4xx_HAL_Driver/Inc/stm32f4xx_ll_bus.h ****   *         @arg @ref LL_APB1_GRP1_PERIPH_CAN2 (*)
1544:Drivers/STM32F4xx_HAL_Driver/Inc/stm32f4xx_ll_bus.h ****   *         @arg @ref LL_APB1_GRP1_PERIPH_CAN3 (*)
1545:Drivers/STM32F4xx_HAL_Driver/Inc/stm32f4xx_ll_bus.h ****   *         @arg @ref LL_APB1_GRP1_PERIPH_CEC (*)
1546:Drivers/STM32F4xx_HAL_Driver/Inc/stm32f4xx_ll_bus.h ****   *         @arg @ref LL_APB1_GRP1_PERIPH_PWR
1547:Drivers/STM32F4xx_HAL_Driver/Inc/stm32f4xx_ll_bus.h ****   *         @arg @ref LL_APB1_GRP1_PERIPH_DAC1 (*)
1548:Drivers/STM32F4xx_HAL_Driver/Inc/stm32f4xx_ll_bus.h ****   *         @arg @ref LL_APB1_GRP1_PERIPH_UART7 (*)
1549:Drivers/STM32F4xx_HAL_Driver/Inc/stm32f4xx_ll_bus.h ****   *         @arg @ref LL_APB1_GRP1_PERIPH_UART8 (*)
1550:Drivers/STM32F4xx_HAL_Driver/Inc/stm32f4xx_ll_bus.h ****   *         @arg @ref LL_APB1_GRP1_PERIPH_RTCAPB (*)
1551:Drivers/STM32F4xx_HAL_Driver/Inc/stm32f4xx_ll_bus.h ****   *
1552:Drivers/STM32F4xx_HAL_Driver/Inc/stm32f4xx_ll_bus.h ****   *         (*) value not defined in all devices.
1553:Drivers/STM32F4xx_HAL_Driver/Inc/stm32f4xx_ll_bus.h ****   * @retval None
1554:Drivers/STM32F4xx_HAL_Driver/Inc/stm32f4xx_ll_bus.h ****   */
1555:Drivers/STM32F4xx_HAL_Driver/Inc/stm32f4xx_ll_bus.h **** __STATIC_INLINE void LL_APB1_GRP1_EnableClockLowPower(uint32_t Periphs)
1556:Drivers/STM32F4xx_HAL_Driver/Inc/stm32f4xx_ll_bus.h **** {
1557:Drivers/STM32F4xx_HAL_Driver/Inc/stm32f4xx_ll_bus.h ****   __IO uint32_t tmpreg;
1558:Drivers/STM32F4xx_HAL_Driver/Inc/stm32f4xx_ll_bus.h ****   SET_BIT(RCC->APB1LPENR, Periphs);
1559:Drivers/STM32F4xx_HAL_Driver/Inc/stm32f4xx_ll_bus.h ****   /* Delay after an RCC peripheral clock enabling */
1560:Drivers/STM32F4xx_HAL_Driver/Inc/stm32f4xx_ll_bus.h ****   tmpreg = READ_BIT(RCC->APB1LPENR, Periphs);
ARM GAS  C:\Users\chris\AppData\Local\Temp\ccpkeIoa.s 			page 54


1561:Drivers/STM32F4xx_HAL_Driver/Inc/stm32f4xx_ll_bus.h ****   (void)tmpreg;
1562:Drivers/STM32F4xx_HAL_Driver/Inc/stm32f4xx_ll_bus.h **** }
1563:Drivers/STM32F4xx_HAL_Driver/Inc/stm32f4xx_ll_bus.h **** 
1564:Drivers/STM32F4xx_HAL_Driver/Inc/stm32f4xx_ll_bus.h **** /**
1565:Drivers/STM32F4xx_HAL_Driver/Inc/stm32f4xx_ll_bus.h ****   * @brief  Disable APB1 peripheral clocks in low-power mode
1566:Drivers/STM32F4xx_HAL_Driver/Inc/stm32f4xx_ll_bus.h ****   * @rmtoll APB1LPENR     TIM2LPEN        LL_APB1_GRP1_DisableClockLowPower\n
1567:Drivers/STM32F4xx_HAL_Driver/Inc/stm32f4xx_ll_bus.h ****   *         APB1LPENR     TIM3LPEN        LL_APB1_GRP1_DisableClockLowPower\n
1568:Drivers/STM32F4xx_HAL_Driver/Inc/stm32f4xx_ll_bus.h ****   *         APB1LPENR     TIM4LPEN        LL_APB1_GRP1_DisableClockLowPower\n
1569:Drivers/STM32F4xx_HAL_Driver/Inc/stm32f4xx_ll_bus.h ****   *         APB1LPENR     TIM5LPEN        LL_APB1_GRP1_DisableClockLowPower\n
1570:Drivers/STM32F4xx_HAL_Driver/Inc/stm32f4xx_ll_bus.h ****   *         APB1LPENR     TIM6LPEN        LL_APB1_GRP1_DisableClockLowPower\n
1571:Drivers/STM32F4xx_HAL_Driver/Inc/stm32f4xx_ll_bus.h ****   *         APB1LPENR     TIM7LPEN        LL_APB1_GRP1_DisableClockLowPower\n
1572:Drivers/STM32F4xx_HAL_Driver/Inc/stm32f4xx_ll_bus.h ****   *         APB1LPENR     TIM12LPEN       LL_APB1_GRP1_DisableClockLowPower\n
1573:Drivers/STM32F4xx_HAL_Driver/Inc/stm32f4xx_ll_bus.h ****   *         APB1LPENR     TIM13LPEN       LL_APB1_GRP1_DisableClockLowPower\n
1574:Drivers/STM32F4xx_HAL_Driver/Inc/stm32f4xx_ll_bus.h ****   *         APB1LPENR     TIM14LPEN       LL_APB1_GRP1_DisableClockLowPower\n
1575:Drivers/STM32F4xx_HAL_Driver/Inc/stm32f4xx_ll_bus.h ****   *         APB1LPENR     LPTIM1LPEN      LL_APB1_GRP1_DisableClockLowPower\n
1576:Drivers/STM32F4xx_HAL_Driver/Inc/stm32f4xx_ll_bus.h ****   *         APB1LPENR     WWDGLPEN        LL_APB1_GRP1_DisableClockLowPower\n
1577:Drivers/STM32F4xx_HAL_Driver/Inc/stm32f4xx_ll_bus.h ****   *         APB1LPENR     SPI2LPEN        LL_APB1_GRP1_DisableClockLowPower\n
1578:Drivers/STM32F4xx_HAL_Driver/Inc/stm32f4xx_ll_bus.h ****   *         APB1LPENR     SPI3LPEN        LL_APB1_GRP1_DisableClockLowPower\n
1579:Drivers/STM32F4xx_HAL_Driver/Inc/stm32f4xx_ll_bus.h ****   *         APB1LPENR     SPDIFRXLPEN     LL_APB1_GRP1_DisableClockLowPower\n
1580:Drivers/STM32F4xx_HAL_Driver/Inc/stm32f4xx_ll_bus.h ****   *         APB1LPENR     USART2LPEN      LL_APB1_GRP1_DisableClockLowPower\n
1581:Drivers/STM32F4xx_HAL_Driver/Inc/stm32f4xx_ll_bus.h ****   *         APB1LPENR     USART3LPEN      LL_APB1_GRP1_DisableClockLowPower\n
1582:Drivers/STM32F4xx_HAL_Driver/Inc/stm32f4xx_ll_bus.h ****   *         APB1LPENR     UART4LPEN       LL_APB1_GRP1_DisableClockLowPower\n
1583:Drivers/STM32F4xx_HAL_Driver/Inc/stm32f4xx_ll_bus.h ****   *         APB1LPENR     UART5LPEN       LL_APB1_GRP1_DisableClockLowPower\n
1584:Drivers/STM32F4xx_HAL_Driver/Inc/stm32f4xx_ll_bus.h ****   *         APB1LPENR     I2C1LPEN        LL_APB1_GRP1_DisableClockLowPower\n
1585:Drivers/STM32F4xx_HAL_Driver/Inc/stm32f4xx_ll_bus.h ****   *         APB1LPENR     I2C2LPEN        LL_APB1_GRP1_DisableClockLowPower\n
1586:Drivers/STM32F4xx_HAL_Driver/Inc/stm32f4xx_ll_bus.h ****   *         APB1LPENR     I2C3LPEN        LL_APB1_GRP1_DisableClockLowPower\n
1587:Drivers/STM32F4xx_HAL_Driver/Inc/stm32f4xx_ll_bus.h ****   *         APB1LPENR     FMPI2C1LPEN     LL_APB1_GRP1_DisableClockLowPower\n
1588:Drivers/STM32F4xx_HAL_Driver/Inc/stm32f4xx_ll_bus.h ****   *         APB1LPENR     CAN1LPEN        LL_APB1_GRP1_DisableClockLowPower\n
1589:Drivers/STM32F4xx_HAL_Driver/Inc/stm32f4xx_ll_bus.h ****   *         APB1LPENR     CAN2LPEN        LL_APB1_GRP1_DisableClockLowPower\n
1590:Drivers/STM32F4xx_HAL_Driver/Inc/stm32f4xx_ll_bus.h ****   *         APB1LPENR     CAN3LPEN        LL_APB1_GRP1_DisableClockLowPower\n
1591:Drivers/STM32F4xx_HAL_Driver/Inc/stm32f4xx_ll_bus.h ****   *         APB1LPENR     CECLPEN         LL_APB1_GRP1_DisableClockLowPower\n
1592:Drivers/STM32F4xx_HAL_Driver/Inc/stm32f4xx_ll_bus.h ****   *         APB1LPENR     PWRLPEN         LL_APB1_GRP1_DisableClockLowPower\n
1593:Drivers/STM32F4xx_HAL_Driver/Inc/stm32f4xx_ll_bus.h ****   *         APB1LPENR     DACLPEN         LL_APB1_GRP1_DisableClockLowPower\n
1594:Drivers/STM32F4xx_HAL_Driver/Inc/stm32f4xx_ll_bus.h ****   *         APB1LPENR     UART7LPEN       LL_APB1_GRP1_DisableClockLowPower\n
1595:Drivers/STM32F4xx_HAL_Driver/Inc/stm32f4xx_ll_bus.h ****   *         APB1LPENR     UART8LPEN       LL_APB1_GRP1_DisableClockLowPower\n
1596:Drivers/STM32F4xx_HAL_Driver/Inc/stm32f4xx_ll_bus.h ****   *         APB1LPENR     RTCAPBLPEN      LL_APB1_GRP1_DisableClockLowPower
1597:Drivers/STM32F4xx_HAL_Driver/Inc/stm32f4xx_ll_bus.h ****   * @param  Periphs This parameter can be a combination of the following values:
1598:Drivers/STM32F4xx_HAL_Driver/Inc/stm32f4xx_ll_bus.h ****   *         @arg @ref LL_APB1_GRP1_PERIPH_TIM2 (*)
1599:Drivers/STM32F4xx_HAL_Driver/Inc/stm32f4xx_ll_bus.h ****   *         @arg @ref LL_APB1_GRP1_PERIPH_TIM3 (*)
1600:Drivers/STM32F4xx_HAL_Driver/Inc/stm32f4xx_ll_bus.h ****   *         @arg @ref LL_APB1_GRP1_PERIPH_TIM4 (*)
1601:Drivers/STM32F4xx_HAL_Driver/Inc/stm32f4xx_ll_bus.h ****   *         @arg @ref LL_APB1_GRP1_PERIPH_TIM5
1602:Drivers/STM32F4xx_HAL_Driver/Inc/stm32f4xx_ll_bus.h ****   *         @arg @ref LL_APB1_GRP1_PERIPH_TIM6 (*)
1603:Drivers/STM32F4xx_HAL_Driver/Inc/stm32f4xx_ll_bus.h ****   *         @arg @ref LL_APB1_GRP1_PERIPH_TIM7 (*)
1604:Drivers/STM32F4xx_HAL_Driver/Inc/stm32f4xx_ll_bus.h ****   *         @arg @ref LL_APB1_GRP1_PERIPH_TIM12 (*)
1605:Drivers/STM32F4xx_HAL_Driver/Inc/stm32f4xx_ll_bus.h ****   *         @arg @ref LL_APB1_GRP1_PERIPH_TIM13 (*)
1606:Drivers/STM32F4xx_HAL_Driver/Inc/stm32f4xx_ll_bus.h ****   *         @arg @ref LL_APB1_GRP1_PERIPH_TIM14 (*)
1607:Drivers/STM32F4xx_HAL_Driver/Inc/stm32f4xx_ll_bus.h ****   *         @arg @ref LL_APB1_GRP1_PERIPH_LPTIM1 (*)
1608:Drivers/STM32F4xx_HAL_Driver/Inc/stm32f4xx_ll_bus.h ****   *         @arg @ref LL_APB1_GRP1_PERIPH_WWDG
1609:Drivers/STM32F4xx_HAL_Driver/Inc/stm32f4xx_ll_bus.h ****   *         @arg @ref LL_APB1_GRP1_PERIPH_SPI2 (*)
1610:Drivers/STM32F4xx_HAL_Driver/Inc/stm32f4xx_ll_bus.h ****   *         @arg @ref LL_APB1_GRP1_PERIPH_SPI3 (*)
1611:Drivers/STM32F4xx_HAL_Driver/Inc/stm32f4xx_ll_bus.h ****   *         @arg @ref LL_APB1_GRP1_PERIPH_SPDIFRX (*)
1612:Drivers/STM32F4xx_HAL_Driver/Inc/stm32f4xx_ll_bus.h ****   *         @arg @ref LL_APB1_GRP1_PERIPH_USART2
1613:Drivers/STM32F4xx_HAL_Driver/Inc/stm32f4xx_ll_bus.h ****   *         @arg @ref LL_APB1_GRP1_PERIPH_USART3 (*)
1614:Drivers/STM32F4xx_HAL_Driver/Inc/stm32f4xx_ll_bus.h ****   *         @arg @ref LL_APB1_GRP1_PERIPH_UART4 (*)
1615:Drivers/STM32F4xx_HAL_Driver/Inc/stm32f4xx_ll_bus.h ****   *         @arg @ref LL_APB1_GRP1_PERIPH_UART5 (*)
1616:Drivers/STM32F4xx_HAL_Driver/Inc/stm32f4xx_ll_bus.h ****   *         @arg @ref LL_APB1_GRP1_PERIPH_I2C1
1617:Drivers/STM32F4xx_HAL_Driver/Inc/stm32f4xx_ll_bus.h ****   *         @arg @ref LL_APB1_GRP1_PERIPH_I2C2
ARM GAS  C:\Users\chris\AppData\Local\Temp\ccpkeIoa.s 			page 55


1618:Drivers/STM32F4xx_HAL_Driver/Inc/stm32f4xx_ll_bus.h ****   *         @arg @ref LL_APB1_GRP1_PERIPH_I2C3 (*)
1619:Drivers/STM32F4xx_HAL_Driver/Inc/stm32f4xx_ll_bus.h ****   *         @arg @ref LL_APB1_GRP1_PERIPH_FMPI2C1 (*)
1620:Drivers/STM32F4xx_HAL_Driver/Inc/stm32f4xx_ll_bus.h ****   *         @arg @ref LL_APB1_GRP1_PERIPH_CAN1 (*)
1621:Drivers/STM32F4xx_HAL_Driver/Inc/stm32f4xx_ll_bus.h ****   *         @arg @ref LL_APB1_GRP1_PERIPH_CAN2 (*)
1622:Drivers/STM32F4xx_HAL_Driver/Inc/stm32f4xx_ll_bus.h ****   *         @arg @ref LL_APB1_GRP1_PERIPH_CAN3 (*)
1623:Drivers/STM32F4xx_HAL_Driver/Inc/stm32f4xx_ll_bus.h ****   *         @arg @ref LL_APB1_GRP1_PERIPH_CEC (*)
1624:Drivers/STM32F4xx_HAL_Driver/Inc/stm32f4xx_ll_bus.h ****   *         @arg @ref LL_APB1_GRP1_PERIPH_PWR
1625:Drivers/STM32F4xx_HAL_Driver/Inc/stm32f4xx_ll_bus.h ****   *         @arg @ref LL_APB1_GRP1_PERIPH_DAC1 (*)
1626:Drivers/STM32F4xx_HAL_Driver/Inc/stm32f4xx_ll_bus.h ****   *         @arg @ref LL_APB1_GRP1_PERIPH_UART7 (*)
1627:Drivers/STM32F4xx_HAL_Driver/Inc/stm32f4xx_ll_bus.h ****   *         @arg @ref LL_APB1_GRP1_PERIPH_UART8 (*)
1628:Drivers/STM32F4xx_HAL_Driver/Inc/stm32f4xx_ll_bus.h ****   *         @arg @ref LL_APB1_GRP1_PERIPH_RTCAPB (*)
1629:Drivers/STM32F4xx_HAL_Driver/Inc/stm32f4xx_ll_bus.h ****   *
1630:Drivers/STM32F4xx_HAL_Driver/Inc/stm32f4xx_ll_bus.h ****   *         (*) value not defined in all devices.
1631:Drivers/STM32F4xx_HAL_Driver/Inc/stm32f4xx_ll_bus.h ****   * @retval None
1632:Drivers/STM32F4xx_HAL_Driver/Inc/stm32f4xx_ll_bus.h ****   */
1633:Drivers/STM32F4xx_HAL_Driver/Inc/stm32f4xx_ll_bus.h **** __STATIC_INLINE void LL_APB1_GRP1_DisableClockLowPower(uint32_t Periphs)
1634:Drivers/STM32F4xx_HAL_Driver/Inc/stm32f4xx_ll_bus.h **** {
1635:Drivers/STM32F4xx_HAL_Driver/Inc/stm32f4xx_ll_bus.h ****   CLEAR_BIT(RCC->APB1LPENR, Periphs);
1636:Drivers/STM32F4xx_HAL_Driver/Inc/stm32f4xx_ll_bus.h **** }
1637:Drivers/STM32F4xx_HAL_Driver/Inc/stm32f4xx_ll_bus.h **** 
1638:Drivers/STM32F4xx_HAL_Driver/Inc/stm32f4xx_ll_bus.h **** /**
1639:Drivers/STM32F4xx_HAL_Driver/Inc/stm32f4xx_ll_bus.h ****   * @}
1640:Drivers/STM32F4xx_HAL_Driver/Inc/stm32f4xx_ll_bus.h ****   */
1641:Drivers/STM32F4xx_HAL_Driver/Inc/stm32f4xx_ll_bus.h **** 
1642:Drivers/STM32F4xx_HAL_Driver/Inc/stm32f4xx_ll_bus.h **** /** @defgroup BUS_LL_EF_APB2 APB2
1643:Drivers/STM32F4xx_HAL_Driver/Inc/stm32f4xx_ll_bus.h ****   * @{
1644:Drivers/STM32F4xx_HAL_Driver/Inc/stm32f4xx_ll_bus.h ****   */
1645:Drivers/STM32F4xx_HAL_Driver/Inc/stm32f4xx_ll_bus.h **** 
1646:Drivers/STM32F4xx_HAL_Driver/Inc/stm32f4xx_ll_bus.h **** /**
1647:Drivers/STM32F4xx_HAL_Driver/Inc/stm32f4xx_ll_bus.h ****   * @brief  Enable APB2 peripherals clock.
1648:Drivers/STM32F4xx_HAL_Driver/Inc/stm32f4xx_ll_bus.h ****   * @rmtoll APB2ENR     TIM1EN        LL_APB2_GRP1_EnableClock\n
1649:Drivers/STM32F4xx_HAL_Driver/Inc/stm32f4xx_ll_bus.h ****   *         APB2ENR     TIM8EN        LL_APB2_GRP1_EnableClock\n
1650:Drivers/STM32F4xx_HAL_Driver/Inc/stm32f4xx_ll_bus.h ****   *         APB2ENR     USART1EN      LL_APB2_GRP1_EnableClock\n
1651:Drivers/STM32F4xx_HAL_Driver/Inc/stm32f4xx_ll_bus.h ****   *         APB2ENR     USART6EN      LL_APB2_GRP1_EnableClock\n
1652:Drivers/STM32F4xx_HAL_Driver/Inc/stm32f4xx_ll_bus.h ****   *         APB2ENR     UART9EN       LL_APB2_GRP1_EnableClock\n
1653:Drivers/STM32F4xx_HAL_Driver/Inc/stm32f4xx_ll_bus.h ****   *         APB2ENR     UART10EN      LL_APB2_GRP1_EnableClock\n
1654:Drivers/STM32F4xx_HAL_Driver/Inc/stm32f4xx_ll_bus.h ****   *         APB2ENR     ADC1EN        LL_APB2_GRP1_EnableClock\n
1655:Drivers/STM32F4xx_HAL_Driver/Inc/stm32f4xx_ll_bus.h ****   *         APB2ENR     ADC2EN        LL_APB2_GRP1_EnableClock\n
1656:Drivers/STM32F4xx_HAL_Driver/Inc/stm32f4xx_ll_bus.h ****   *         APB2ENR     ADC3EN        LL_APB2_GRP1_EnableClock\n
1657:Drivers/STM32F4xx_HAL_Driver/Inc/stm32f4xx_ll_bus.h ****   *         APB2ENR     SDIOEN        LL_APB2_GRP1_EnableClock\n
1658:Drivers/STM32F4xx_HAL_Driver/Inc/stm32f4xx_ll_bus.h ****   *         APB2ENR     SPI1EN        LL_APB2_GRP1_EnableClock\n
1659:Drivers/STM32F4xx_HAL_Driver/Inc/stm32f4xx_ll_bus.h ****   *         APB2ENR     SPI4EN        LL_APB2_GRP1_EnableClock\n
1660:Drivers/STM32F4xx_HAL_Driver/Inc/stm32f4xx_ll_bus.h ****   *         APB2ENR     SYSCFGEN      LL_APB2_GRP1_EnableClock\n
1661:Drivers/STM32F4xx_HAL_Driver/Inc/stm32f4xx_ll_bus.h ****   *         APB2ENR     EXTITEN       LL_APB2_GRP1_EnableClock\n
1662:Drivers/STM32F4xx_HAL_Driver/Inc/stm32f4xx_ll_bus.h ****   *         APB2ENR     TIM9EN        LL_APB2_GRP1_EnableClock\n
1663:Drivers/STM32F4xx_HAL_Driver/Inc/stm32f4xx_ll_bus.h ****   *         APB2ENR     TIM10EN       LL_APB2_GRP1_EnableClock\n
1664:Drivers/STM32F4xx_HAL_Driver/Inc/stm32f4xx_ll_bus.h ****   *         APB2ENR     TIM11EN       LL_APB2_GRP1_EnableClock\n
1665:Drivers/STM32F4xx_HAL_Driver/Inc/stm32f4xx_ll_bus.h ****   *         APB2ENR     SPI5EN        LL_APB2_GRP1_EnableClock\n
1666:Drivers/STM32F4xx_HAL_Driver/Inc/stm32f4xx_ll_bus.h ****   *         APB2ENR     SPI6EN        LL_APB2_GRP1_EnableClock\n
1667:Drivers/STM32F4xx_HAL_Driver/Inc/stm32f4xx_ll_bus.h ****   *         APB2ENR     SAI1EN        LL_APB2_GRP1_EnableClock\n
1668:Drivers/STM32F4xx_HAL_Driver/Inc/stm32f4xx_ll_bus.h ****   *         APB2ENR     SAI2EN        LL_APB2_GRP1_EnableClock\n
1669:Drivers/STM32F4xx_HAL_Driver/Inc/stm32f4xx_ll_bus.h ****   *         APB2ENR     LTDCEN        LL_APB2_GRP1_EnableClock\n
1670:Drivers/STM32F4xx_HAL_Driver/Inc/stm32f4xx_ll_bus.h ****   *         APB2ENR     DSIEN         LL_APB2_GRP1_EnableClock\n
1671:Drivers/STM32F4xx_HAL_Driver/Inc/stm32f4xx_ll_bus.h ****   *         APB2ENR     DFSDM1EN      LL_APB2_GRP1_EnableClock\n
1672:Drivers/STM32F4xx_HAL_Driver/Inc/stm32f4xx_ll_bus.h ****   *         APB2ENR     DFSDM2EN      LL_APB2_GRP1_EnableClock
1673:Drivers/STM32F4xx_HAL_Driver/Inc/stm32f4xx_ll_bus.h ****   * @param  Periphs This parameter can be a combination of the following values:
1674:Drivers/STM32F4xx_HAL_Driver/Inc/stm32f4xx_ll_bus.h ****   *         @arg @ref LL_APB2_GRP1_PERIPH_TIM1
ARM GAS  C:\Users\chris\AppData\Local\Temp\ccpkeIoa.s 			page 56


1675:Drivers/STM32F4xx_HAL_Driver/Inc/stm32f4xx_ll_bus.h ****   *         @arg @ref LL_APB2_GRP1_PERIPH_TIM8 (*)
1676:Drivers/STM32F4xx_HAL_Driver/Inc/stm32f4xx_ll_bus.h ****   *         @arg @ref LL_APB2_GRP1_PERIPH_USART1
1677:Drivers/STM32F4xx_HAL_Driver/Inc/stm32f4xx_ll_bus.h ****   *         @arg @ref LL_APB2_GRP1_PERIPH_USART6 (*)
1678:Drivers/STM32F4xx_HAL_Driver/Inc/stm32f4xx_ll_bus.h ****   *         @arg @ref LL_APB2_GRP1_PERIPH_UART9 (*)
1679:Drivers/STM32F4xx_HAL_Driver/Inc/stm32f4xx_ll_bus.h ****   *         @arg @ref LL_APB2_GRP1_PERIPH_UART10 (*)
1680:Drivers/STM32F4xx_HAL_Driver/Inc/stm32f4xx_ll_bus.h ****   *         @arg @ref LL_APB2_GRP1_PERIPH_ADC1
1681:Drivers/STM32F4xx_HAL_Driver/Inc/stm32f4xx_ll_bus.h ****   *         @arg @ref LL_APB2_GRP1_PERIPH_ADC2 (*)
1682:Drivers/STM32F4xx_HAL_Driver/Inc/stm32f4xx_ll_bus.h ****   *         @arg @ref LL_APB2_GRP1_PERIPH_ADC3 (*)
1683:Drivers/STM32F4xx_HAL_Driver/Inc/stm32f4xx_ll_bus.h ****   *         @arg @ref LL_APB2_GRP1_PERIPH_SDIO (*)
1684:Drivers/STM32F4xx_HAL_Driver/Inc/stm32f4xx_ll_bus.h ****   *         @arg @ref LL_APB2_GRP1_PERIPH_SPI1
1685:Drivers/STM32F4xx_HAL_Driver/Inc/stm32f4xx_ll_bus.h ****   *         @arg @ref LL_APB2_GRP1_PERIPH_SPI4 (*)
1686:Drivers/STM32F4xx_HAL_Driver/Inc/stm32f4xx_ll_bus.h ****   *         @arg @ref LL_APB2_GRP1_PERIPH_SYSCFG
1687:Drivers/STM32F4xx_HAL_Driver/Inc/stm32f4xx_ll_bus.h ****   *         @arg @ref LL_APB2_GRP1_PERIPH_EXTI (*)
1688:Drivers/STM32F4xx_HAL_Driver/Inc/stm32f4xx_ll_bus.h ****   *         @arg @ref LL_APB2_GRP1_PERIPH_TIM9
1689:Drivers/STM32F4xx_HAL_Driver/Inc/stm32f4xx_ll_bus.h ****   *         @arg @ref LL_APB2_GRP1_PERIPH_TIM10 (*)
1690:Drivers/STM32F4xx_HAL_Driver/Inc/stm32f4xx_ll_bus.h ****   *         @arg @ref LL_APB2_GRP1_PERIPH_TIM11
1691:Drivers/STM32F4xx_HAL_Driver/Inc/stm32f4xx_ll_bus.h ****   *         @arg @ref LL_APB2_GRP1_PERIPH_SPI5 (*)
1692:Drivers/STM32F4xx_HAL_Driver/Inc/stm32f4xx_ll_bus.h ****   *         @arg @ref LL_APB2_GRP1_PERIPH_SPI6 (*)
1693:Drivers/STM32F4xx_HAL_Driver/Inc/stm32f4xx_ll_bus.h ****   *         @arg @ref LL_APB2_GRP1_PERIPH_SAI1 (*)
1694:Drivers/STM32F4xx_HAL_Driver/Inc/stm32f4xx_ll_bus.h ****   *         @arg @ref LL_APB2_GRP1_PERIPH_SAI2 (*)
1695:Drivers/STM32F4xx_HAL_Driver/Inc/stm32f4xx_ll_bus.h ****   *         @arg @ref LL_APB2_GRP1_PERIPH_LTDC (*)
1696:Drivers/STM32F4xx_HAL_Driver/Inc/stm32f4xx_ll_bus.h ****   *         @arg @ref LL_APB2_GRP1_PERIPH_DSI  (*)
1697:Drivers/STM32F4xx_HAL_Driver/Inc/stm32f4xx_ll_bus.h ****   *         @arg @ref LL_APB2_GRP1_PERIPH_DFSDM1 (*)
1698:Drivers/STM32F4xx_HAL_Driver/Inc/stm32f4xx_ll_bus.h ****   *         @arg @ref LL_APB2_GRP1_PERIPH_DFSDM2 (*)
1699:Drivers/STM32F4xx_HAL_Driver/Inc/stm32f4xx_ll_bus.h **** 
1700:Drivers/STM32F4xx_HAL_Driver/Inc/stm32f4xx_ll_bus.h ****   *
1701:Drivers/STM32F4xx_HAL_Driver/Inc/stm32f4xx_ll_bus.h ****   *         (*) value not defined in all devices.
1702:Drivers/STM32F4xx_HAL_Driver/Inc/stm32f4xx_ll_bus.h ****   * @retval None
1703:Drivers/STM32F4xx_HAL_Driver/Inc/stm32f4xx_ll_bus.h ****   */
1704:Drivers/STM32F4xx_HAL_Driver/Inc/stm32f4xx_ll_bus.h **** __STATIC_INLINE void LL_APB2_GRP1_EnableClock(uint32_t Periphs)
1705:Drivers/STM32F4xx_HAL_Driver/Inc/stm32f4xx_ll_bus.h **** {
1706:Drivers/STM32F4xx_HAL_Driver/Inc/stm32f4xx_ll_bus.h ****   __IO uint32_t tmpreg;
1707:Drivers/STM32F4xx_HAL_Driver/Inc/stm32f4xx_ll_bus.h ****   SET_BIT(RCC->APB2ENR, Periphs);
1708:Drivers/STM32F4xx_HAL_Driver/Inc/stm32f4xx_ll_bus.h ****   /* Delay after an RCC peripheral clock enabling */
1709:Drivers/STM32F4xx_HAL_Driver/Inc/stm32f4xx_ll_bus.h ****   tmpreg = READ_BIT(RCC->APB2ENR, Periphs);
1710:Drivers/STM32F4xx_HAL_Driver/Inc/stm32f4xx_ll_bus.h ****   (void)tmpreg;
1711:Drivers/STM32F4xx_HAL_Driver/Inc/stm32f4xx_ll_bus.h **** }
1712:Drivers/STM32F4xx_HAL_Driver/Inc/stm32f4xx_ll_bus.h **** 
1713:Drivers/STM32F4xx_HAL_Driver/Inc/stm32f4xx_ll_bus.h **** /**
1714:Drivers/STM32F4xx_HAL_Driver/Inc/stm32f4xx_ll_bus.h ****   * @brief  Check if APB2 peripheral clock is enabled or not
1715:Drivers/STM32F4xx_HAL_Driver/Inc/stm32f4xx_ll_bus.h ****   * @rmtoll APB2ENR     TIM1EN        LL_APB2_GRP1_IsEnabledClock\n
1716:Drivers/STM32F4xx_HAL_Driver/Inc/stm32f4xx_ll_bus.h ****   *         APB2ENR     TIM8EN        LL_APB2_GRP1_IsEnabledClock\n
1717:Drivers/STM32F4xx_HAL_Driver/Inc/stm32f4xx_ll_bus.h ****   *         APB2ENR     USART1EN      LL_APB2_GRP1_IsEnabledClock\n
1718:Drivers/STM32F4xx_HAL_Driver/Inc/stm32f4xx_ll_bus.h ****   *         APB2ENR     USART6EN      LL_APB2_GRP1_IsEnabledClock\n
1719:Drivers/STM32F4xx_HAL_Driver/Inc/stm32f4xx_ll_bus.h ****   *         APB2ENR     UART9EN       LL_APB2_GRP1_IsEnabledClock\n
1720:Drivers/STM32F4xx_HAL_Driver/Inc/stm32f4xx_ll_bus.h ****   *         APB2ENR     UART10EN      LL_APB2_GRP1_IsEnabledClock\n
1721:Drivers/STM32F4xx_HAL_Driver/Inc/stm32f4xx_ll_bus.h ****   *         APB2ENR     ADC1EN        LL_APB2_GRP1_IsEnabledClock\n
1722:Drivers/STM32F4xx_HAL_Driver/Inc/stm32f4xx_ll_bus.h ****   *         APB2ENR     ADC2EN        LL_APB2_GRP1_IsEnabledClock\n
1723:Drivers/STM32F4xx_HAL_Driver/Inc/stm32f4xx_ll_bus.h ****   *         APB2ENR     ADC3EN        LL_APB2_GRP1_IsEnabledClock\n
1724:Drivers/STM32F4xx_HAL_Driver/Inc/stm32f4xx_ll_bus.h ****   *         APB2ENR     SDIOEN        LL_APB2_GRP1_IsEnabledClock\n
1725:Drivers/STM32F4xx_HAL_Driver/Inc/stm32f4xx_ll_bus.h ****   *         APB2ENR     SPI1EN        LL_APB2_GRP1_IsEnabledClock\n
1726:Drivers/STM32F4xx_HAL_Driver/Inc/stm32f4xx_ll_bus.h ****   *         APB2ENR     SPI4EN        LL_APB2_GRP1_IsEnabledClock\n
1727:Drivers/STM32F4xx_HAL_Driver/Inc/stm32f4xx_ll_bus.h ****   *         APB2ENR     SYSCFGEN      LL_APB2_GRP1_IsEnabledClock\n
1728:Drivers/STM32F4xx_HAL_Driver/Inc/stm32f4xx_ll_bus.h ****   *         APB2ENR     EXTITEN       LL_APB2_GRP1_IsEnabledClock\n
1729:Drivers/STM32F4xx_HAL_Driver/Inc/stm32f4xx_ll_bus.h ****   *         APB2ENR     TIM9EN        LL_APB2_GRP1_IsEnabledClock\n
1730:Drivers/STM32F4xx_HAL_Driver/Inc/stm32f4xx_ll_bus.h ****   *         APB2ENR     TIM10EN       LL_APB2_GRP1_IsEnabledClock\n
1731:Drivers/STM32F4xx_HAL_Driver/Inc/stm32f4xx_ll_bus.h ****   *         APB2ENR     TIM11EN       LL_APB2_GRP1_IsEnabledClock\n
ARM GAS  C:\Users\chris\AppData\Local\Temp\ccpkeIoa.s 			page 57


1732:Drivers/STM32F4xx_HAL_Driver/Inc/stm32f4xx_ll_bus.h ****   *         APB2ENR     SPI5EN        LL_APB2_GRP1_IsEnabledClock\n
1733:Drivers/STM32F4xx_HAL_Driver/Inc/stm32f4xx_ll_bus.h ****   *         APB2ENR     SPI6EN        LL_APB2_GRP1_IsEnabledClock\n
1734:Drivers/STM32F4xx_HAL_Driver/Inc/stm32f4xx_ll_bus.h ****   *         APB2ENR     SAI1EN        LL_APB2_GRP1_IsEnabledClock\n
1735:Drivers/STM32F4xx_HAL_Driver/Inc/stm32f4xx_ll_bus.h ****   *         APB2ENR     SAI2EN        LL_APB2_GRP1_IsEnabledClock\n
1736:Drivers/STM32F4xx_HAL_Driver/Inc/stm32f4xx_ll_bus.h ****   *         APB2ENR     LTDCEN        LL_APB2_GRP1_IsEnabledClock\n
1737:Drivers/STM32F4xx_HAL_Driver/Inc/stm32f4xx_ll_bus.h ****   *         APB2ENR     DSIEN         LL_APB2_GRP1_IsEnabledClock\n
1738:Drivers/STM32F4xx_HAL_Driver/Inc/stm32f4xx_ll_bus.h ****   *         APB2ENR     DFSDM1EN      LL_APB2_GRP1_IsEnabledClock\n
1739:Drivers/STM32F4xx_HAL_Driver/Inc/stm32f4xx_ll_bus.h ****   *         APB2ENR     DFSDM2EN      LL_APB2_GRP1_IsEnabledClock
1740:Drivers/STM32F4xx_HAL_Driver/Inc/stm32f4xx_ll_bus.h ****   * @param  Periphs This parameter can be a combination of the following values:
1741:Drivers/STM32F4xx_HAL_Driver/Inc/stm32f4xx_ll_bus.h ****   *         @arg @ref LL_APB2_GRP1_PERIPH_TIM1
1742:Drivers/STM32F4xx_HAL_Driver/Inc/stm32f4xx_ll_bus.h ****   *         @arg @ref LL_APB2_GRP1_PERIPH_TIM8 (*)
1743:Drivers/STM32F4xx_HAL_Driver/Inc/stm32f4xx_ll_bus.h ****   *         @arg @ref LL_APB2_GRP1_PERIPH_USART1
1744:Drivers/STM32F4xx_HAL_Driver/Inc/stm32f4xx_ll_bus.h ****   *         @arg @ref LL_APB2_GRP1_PERIPH_USART6 (*)
1745:Drivers/STM32F4xx_HAL_Driver/Inc/stm32f4xx_ll_bus.h ****   *         @arg @ref LL_APB2_GRP1_PERIPH_UART9 (*)
1746:Drivers/STM32F4xx_HAL_Driver/Inc/stm32f4xx_ll_bus.h ****   *         @arg @ref LL_APB2_GRP1_PERIPH_UART10 (*)
1747:Drivers/STM32F4xx_HAL_Driver/Inc/stm32f4xx_ll_bus.h ****   *         @arg @ref LL_APB2_GRP1_PERIPH_ADC1
1748:Drivers/STM32F4xx_HAL_Driver/Inc/stm32f4xx_ll_bus.h ****   *         @arg @ref LL_APB2_GRP1_PERIPH_ADC2 (*)
1749:Drivers/STM32F4xx_HAL_Driver/Inc/stm32f4xx_ll_bus.h ****   *         @arg @ref LL_APB2_GRP1_PERIPH_ADC3 (*)
1750:Drivers/STM32F4xx_HAL_Driver/Inc/stm32f4xx_ll_bus.h ****   *         @arg @ref LL_APB2_GRP1_PERIPH_SDIO (*)
1751:Drivers/STM32F4xx_HAL_Driver/Inc/stm32f4xx_ll_bus.h ****   *         @arg @ref LL_APB2_GRP1_PERIPH_SPI1
1752:Drivers/STM32F4xx_HAL_Driver/Inc/stm32f4xx_ll_bus.h ****   *         @arg @ref LL_APB2_GRP1_PERIPH_SPI4 (*)
1753:Drivers/STM32F4xx_HAL_Driver/Inc/stm32f4xx_ll_bus.h ****   *         @arg @ref LL_APB2_GRP1_PERIPH_SYSCFG
1754:Drivers/STM32F4xx_HAL_Driver/Inc/stm32f4xx_ll_bus.h ****   *         @arg @ref LL_APB2_GRP1_PERIPH_EXTI (*)
1755:Drivers/STM32F4xx_HAL_Driver/Inc/stm32f4xx_ll_bus.h ****   *         @arg @ref LL_APB2_GRP1_PERIPH_TIM9
1756:Drivers/STM32F4xx_HAL_Driver/Inc/stm32f4xx_ll_bus.h ****   *         @arg @ref LL_APB2_GRP1_PERIPH_TIM10 (*)
1757:Drivers/STM32F4xx_HAL_Driver/Inc/stm32f4xx_ll_bus.h ****   *         @arg @ref LL_APB2_GRP1_PERIPH_TIM11
1758:Drivers/STM32F4xx_HAL_Driver/Inc/stm32f4xx_ll_bus.h ****   *         @arg @ref LL_APB2_GRP1_PERIPH_SPI5 (*)
1759:Drivers/STM32F4xx_HAL_Driver/Inc/stm32f4xx_ll_bus.h ****   *         @arg @ref LL_APB2_GRP1_PERIPH_SPI6 (*)
1760:Drivers/STM32F4xx_HAL_Driver/Inc/stm32f4xx_ll_bus.h ****   *         @arg @ref LL_APB2_GRP1_PERIPH_SAI1 (*)
1761:Drivers/STM32F4xx_HAL_Driver/Inc/stm32f4xx_ll_bus.h ****   *         @arg @ref LL_APB2_GRP1_PERIPH_SAI2 (*)
1762:Drivers/STM32F4xx_HAL_Driver/Inc/stm32f4xx_ll_bus.h ****   *         @arg @ref LL_APB2_GRP1_PERIPH_LTDC (*)
1763:Drivers/STM32F4xx_HAL_Driver/Inc/stm32f4xx_ll_bus.h ****   *         @arg @ref LL_APB2_GRP1_PERIPH_DSI  (*)
1764:Drivers/STM32F4xx_HAL_Driver/Inc/stm32f4xx_ll_bus.h ****   *         @arg @ref LL_APB2_GRP1_PERIPH_DFSDM1 (*)
1765:Drivers/STM32F4xx_HAL_Driver/Inc/stm32f4xx_ll_bus.h ****   *         @arg @ref LL_APB2_GRP1_PERIPH_DFSDM2 (*)
1766:Drivers/STM32F4xx_HAL_Driver/Inc/stm32f4xx_ll_bus.h ****   *
1767:Drivers/STM32F4xx_HAL_Driver/Inc/stm32f4xx_ll_bus.h ****   *         (*) value not defined in all devices.
1768:Drivers/STM32F4xx_HAL_Driver/Inc/stm32f4xx_ll_bus.h ****   * @retval State of Periphs (1 or 0).
1769:Drivers/STM32F4xx_HAL_Driver/Inc/stm32f4xx_ll_bus.h ****   */
1770:Drivers/STM32F4xx_HAL_Driver/Inc/stm32f4xx_ll_bus.h **** __STATIC_INLINE uint32_t LL_APB2_GRP1_IsEnabledClock(uint32_t Periphs)
1771:Drivers/STM32F4xx_HAL_Driver/Inc/stm32f4xx_ll_bus.h **** {
1772:Drivers/STM32F4xx_HAL_Driver/Inc/stm32f4xx_ll_bus.h ****   return (READ_BIT(RCC->APB2ENR, Periphs) == Periphs);
1773:Drivers/STM32F4xx_HAL_Driver/Inc/stm32f4xx_ll_bus.h **** }
1774:Drivers/STM32F4xx_HAL_Driver/Inc/stm32f4xx_ll_bus.h **** 
1775:Drivers/STM32F4xx_HAL_Driver/Inc/stm32f4xx_ll_bus.h **** /**
1776:Drivers/STM32F4xx_HAL_Driver/Inc/stm32f4xx_ll_bus.h ****   * @brief  Disable APB2 peripherals clock.
1777:Drivers/STM32F4xx_HAL_Driver/Inc/stm32f4xx_ll_bus.h ****   * @rmtoll APB2ENR     TIM1EN        LL_APB2_GRP1_DisableClock\n
1778:Drivers/STM32F4xx_HAL_Driver/Inc/stm32f4xx_ll_bus.h ****   *         APB2ENR     TIM8EN        LL_APB2_GRP1_DisableClock\n
1779:Drivers/STM32F4xx_HAL_Driver/Inc/stm32f4xx_ll_bus.h ****   *         APB2ENR     USART1EN      LL_APB2_GRP1_DisableClock\n
1780:Drivers/STM32F4xx_HAL_Driver/Inc/stm32f4xx_ll_bus.h ****   *         APB2ENR     USART6EN      LL_APB2_GRP1_DisableClock\n
1781:Drivers/STM32F4xx_HAL_Driver/Inc/stm32f4xx_ll_bus.h ****   *         APB2ENR     UART9EN       LL_APB2_GRP1_DisableClock\n
1782:Drivers/STM32F4xx_HAL_Driver/Inc/stm32f4xx_ll_bus.h ****   *         APB2ENR     UART10EN      LL_APB2_GRP1_DisableClock\n
1783:Drivers/STM32F4xx_HAL_Driver/Inc/stm32f4xx_ll_bus.h ****   *         APB2ENR     ADC1EN        LL_APB2_GRP1_DisableClock\n
1784:Drivers/STM32F4xx_HAL_Driver/Inc/stm32f4xx_ll_bus.h ****   *         APB2ENR     ADC2EN        LL_APB2_GRP1_DisableClock\n
1785:Drivers/STM32F4xx_HAL_Driver/Inc/stm32f4xx_ll_bus.h ****   *         APB2ENR     ADC3EN        LL_APB2_GRP1_DisableClock\n
1786:Drivers/STM32F4xx_HAL_Driver/Inc/stm32f4xx_ll_bus.h ****   *         APB2ENR     SDIOEN        LL_APB2_GRP1_DisableClock\n
1787:Drivers/STM32F4xx_HAL_Driver/Inc/stm32f4xx_ll_bus.h ****   *         APB2ENR     SPI1EN        LL_APB2_GRP1_DisableClock\n
1788:Drivers/STM32F4xx_HAL_Driver/Inc/stm32f4xx_ll_bus.h ****   *         APB2ENR     SPI4EN        LL_APB2_GRP1_DisableClock\n
ARM GAS  C:\Users\chris\AppData\Local\Temp\ccpkeIoa.s 			page 58


1789:Drivers/STM32F4xx_HAL_Driver/Inc/stm32f4xx_ll_bus.h ****   *         APB2ENR     SYSCFGEN      LL_APB2_GRP1_DisableClock\n
1790:Drivers/STM32F4xx_HAL_Driver/Inc/stm32f4xx_ll_bus.h ****   *         APB2ENR     EXTITEN       LL_APB2_GRP1_DisableClock\n
1791:Drivers/STM32F4xx_HAL_Driver/Inc/stm32f4xx_ll_bus.h ****   *         APB2ENR     TIM9EN        LL_APB2_GRP1_DisableClock\n
1792:Drivers/STM32F4xx_HAL_Driver/Inc/stm32f4xx_ll_bus.h ****   *         APB2ENR     TIM10EN       LL_APB2_GRP1_DisableClock\n
1793:Drivers/STM32F4xx_HAL_Driver/Inc/stm32f4xx_ll_bus.h ****   *         APB2ENR     TIM11EN       LL_APB2_GRP1_DisableClock\n
1794:Drivers/STM32F4xx_HAL_Driver/Inc/stm32f4xx_ll_bus.h ****   *         APB2ENR     SPI5EN        LL_APB2_GRP1_DisableClock\n
1795:Drivers/STM32F4xx_HAL_Driver/Inc/stm32f4xx_ll_bus.h ****   *         APB2ENR     SPI6EN        LL_APB2_GRP1_DisableClock\n
1796:Drivers/STM32F4xx_HAL_Driver/Inc/stm32f4xx_ll_bus.h ****   *         APB2ENR     SAI1EN        LL_APB2_GRP1_DisableClock\n
1797:Drivers/STM32F4xx_HAL_Driver/Inc/stm32f4xx_ll_bus.h ****   *         APB2ENR     SAI2EN        LL_APB2_GRP1_DisableClock\n
1798:Drivers/STM32F4xx_HAL_Driver/Inc/stm32f4xx_ll_bus.h ****   *         APB2ENR     LTDCEN        LL_APB2_GRP1_DisableClock\n
1799:Drivers/STM32F4xx_HAL_Driver/Inc/stm32f4xx_ll_bus.h ****   *         APB2ENR     DSIEN         LL_APB2_GRP1_DisableClock\n
1800:Drivers/STM32F4xx_HAL_Driver/Inc/stm32f4xx_ll_bus.h ****   *         APB2ENR     DFSDM1EN      LL_APB2_GRP1_DisableClock\n
1801:Drivers/STM32F4xx_HAL_Driver/Inc/stm32f4xx_ll_bus.h ****   *         APB2ENR     DFSDM2EN      LL_APB2_GRP1_DisableClock
1802:Drivers/STM32F4xx_HAL_Driver/Inc/stm32f4xx_ll_bus.h ****   * @param  Periphs This parameter can be a combination of the following values:
1803:Drivers/STM32F4xx_HAL_Driver/Inc/stm32f4xx_ll_bus.h ****   *         @arg @ref LL_APB2_GRP1_PERIPH_TIM1
1804:Drivers/STM32F4xx_HAL_Driver/Inc/stm32f4xx_ll_bus.h ****   *         @arg @ref LL_APB2_GRP1_PERIPH_TIM8 (*)
1805:Drivers/STM32F4xx_HAL_Driver/Inc/stm32f4xx_ll_bus.h ****   *         @arg @ref LL_APB2_GRP1_PERIPH_USART1
1806:Drivers/STM32F4xx_HAL_Driver/Inc/stm32f4xx_ll_bus.h ****   *         @arg @ref LL_APB2_GRP1_PERIPH_USART6 (*)
1807:Drivers/STM32F4xx_HAL_Driver/Inc/stm32f4xx_ll_bus.h ****   *         @arg @ref LL_APB2_GRP1_PERIPH_UART9 (*)
1808:Drivers/STM32F4xx_HAL_Driver/Inc/stm32f4xx_ll_bus.h ****   *         @arg @ref LL_APB2_GRP1_PERIPH_UART10 (*)
1809:Drivers/STM32F4xx_HAL_Driver/Inc/stm32f4xx_ll_bus.h ****   *         @arg @ref LL_APB2_GRP1_PERIPH_ADC1
1810:Drivers/STM32F4xx_HAL_Driver/Inc/stm32f4xx_ll_bus.h ****   *         @arg @ref LL_APB2_GRP1_PERIPH_ADC2 (*)
1811:Drivers/STM32F4xx_HAL_Driver/Inc/stm32f4xx_ll_bus.h ****   *         @arg @ref LL_APB2_GRP1_PERIPH_ADC3 (*)
1812:Drivers/STM32F4xx_HAL_Driver/Inc/stm32f4xx_ll_bus.h ****   *         @arg @ref LL_APB2_GRP1_PERIPH_SDIO (*)
1813:Drivers/STM32F4xx_HAL_Driver/Inc/stm32f4xx_ll_bus.h ****   *         @arg @ref LL_APB2_GRP1_PERIPH_SPI1
1814:Drivers/STM32F4xx_HAL_Driver/Inc/stm32f4xx_ll_bus.h ****   *         @arg @ref LL_APB2_GRP1_PERIPH_SPI4 (*)
1815:Drivers/STM32F4xx_HAL_Driver/Inc/stm32f4xx_ll_bus.h ****   *         @arg @ref LL_APB2_GRP1_PERIPH_SYSCFG
1816:Drivers/STM32F4xx_HAL_Driver/Inc/stm32f4xx_ll_bus.h ****   *         @arg @ref LL_APB2_GRP1_PERIPH_EXTI (*)
1817:Drivers/STM32F4xx_HAL_Driver/Inc/stm32f4xx_ll_bus.h ****   *         @arg @ref LL_APB2_GRP1_PERIPH_TIM9
1818:Drivers/STM32F4xx_HAL_Driver/Inc/stm32f4xx_ll_bus.h ****   *         @arg @ref LL_APB2_GRP1_PERIPH_TIM10 (*)
1819:Drivers/STM32F4xx_HAL_Driver/Inc/stm32f4xx_ll_bus.h ****   *         @arg @ref LL_APB2_GRP1_PERIPH_TIM11
1820:Drivers/STM32F4xx_HAL_Driver/Inc/stm32f4xx_ll_bus.h ****   *         @arg @ref LL_APB2_GRP1_PERIPH_SPI5 (*)
1821:Drivers/STM32F4xx_HAL_Driver/Inc/stm32f4xx_ll_bus.h ****   *         @arg @ref LL_APB2_GRP1_PERIPH_SPI6 (*)
1822:Drivers/STM32F4xx_HAL_Driver/Inc/stm32f4xx_ll_bus.h ****   *         @arg @ref LL_APB2_GRP1_PERIPH_SAI1 (*)
1823:Drivers/STM32F4xx_HAL_Driver/Inc/stm32f4xx_ll_bus.h ****   *         @arg @ref LL_APB2_GRP1_PERIPH_SAI2 (*)
1824:Drivers/STM32F4xx_HAL_Driver/Inc/stm32f4xx_ll_bus.h ****   *         @arg @ref LL_APB2_GRP1_PERIPH_LTDC (*)
1825:Drivers/STM32F4xx_HAL_Driver/Inc/stm32f4xx_ll_bus.h ****   *         @arg @ref LL_APB2_GRP1_PERIPH_DSI  (*)
1826:Drivers/STM32F4xx_HAL_Driver/Inc/stm32f4xx_ll_bus.h ****   *         @arg @ref LL_APB2_GRP1_PERIPH_DFSDM1 (*)
1827:Drivers/STM32F4xx_HAL_Driver/Inc/stm32f4xx_ll_bus.h ****   *         @arg @ref LL_APB2_GRP1_PERIPH_DFSDM2 (*)
1828:Drivers/STM32F4xx_HAL_Driver/Inc/stm32f4xx_ll_bus.h ****   *
1829:Drivers/STM32F4xx_HAL_Driver/Inc/stm32f4xx_ll_bus.h ****   *         (*) value not defined in all devices.
1830:Drivers/STM32F4xx_HAL_Driver/Inc/stm32f4xx_ll_bus.h ****   * @retval None
1831:Drivers/STM32F4xx_HAL_Driver/Inc/stm32f4xx_ll_bus.h ****   */
1832:Drivers/STM32F4xx_HAL_Driver/Inc/stm32f4xx_ll_bus.h **** __STATIC_INLINE void LL_APB2_GRP1_DisableClock(uint32_t Periphs)
1833:Drivers/STM32F4xx_HAL_Driver/Inc/stm32f4xx_ll_bus.h **** {
1834:Drivers/STM32F4xx_HAL_Driver/Inc/stm32f4xx_ll_bus.h ****   CLEAR_BIT(RCC->APB2ENR, Periphs);
1835:Drivers/STM32F4xx_HAL_Driver/Inc/stm32f4xx_ll_bus.h **** }
1836:Drivers/STM32F4xx_HAL_Driver/Inc/stm32f4xx_ll_bus.h **** 
1837:Drivers/STM32F4xx_HAL_Driver/Inc/stm32f4xx_ll_bus.h **** /**
1838:Drivers/STM32F4xx_HAL_Driver/Inc/stm32f4xx_ll_bus.h ****   * @brief  Force APB2 peripherals reset.
1839:Drivers/STM32F4xx_HAL_Driver/Inc/stm32f4xx_ll_bus.h ****   * @rmtoll APB2RSTR     TIM1RST        LL_APB2_GRP1_ForceReset\n
1840:Drivers/STM32F4xx_HAL_Driver/Inc/stm32f4xx_ll_bus.h ****   *         APB2RSTR     TIM8RST        LL_APB2_GRP1_ForceReset\n
1841:Drivers/STM32F4xx_HAL_Driver/Inc/stm32f4xx_ll_bus.h ****   *         APB2RSTR     USART1RST      LL_APB2_GRP1_ForceReset\n
1842:Drivers/STM32F4xx_HAL_Driver/Inc/stm32f4xx_ll_bus.h ****   *         APB2RSTR     USART6RST      LL_APB2_GRP1_ForceReset\n
1843:Drivers/STM32F4xx_HAL_Driver/Inc/stm32f4xx_ll_bus.h ****   *         APB2RSTR     UART9RST       LL_APB2_GRP1_ForceReset\n
1844:Drivers/STM32F4xx_HAL_Driver/Inc/stm32f4xx_ll_bus.h ****   *         APB2RSTR     UART10RST      LL_APB2_GRP1_ForceReset\n
1845:Drivers/STM32F4xx_HAL_Driver/Inc/stm32f4xx_ll_bus.h ****   *         APB2RSTR     ADCRST         LL_APB2_GRP1_ForceReset\n
ARM GAS  C:\Users\chris\AppData\Local\Temp\ccpkeIoa.s 			page 59


1846:Drivers/STM32F4xx_HAL_Driver/Inc/stm32f4xx_ll_bus.h ****   *         APB2RSTR     SDIORST        LL_APB2_GRP1_ForceReset\n
1847:Drivers/STM32F4xx_HAL_Driver/Inc/stm32f4xx_ll_bus.h ****   *         APB2RSTR     SPI1RST        LL_APB2_GRP1_ForceReset\n
1848:Drivers/STM32F4xx_HAL_Driver/Inc/stm32f4xx_ll_bus.h ****   *         APB2RSTR     SPI4RST        LL_APB2_GRP1_ForceReset\n
1849:Drivers/STM32F4xx_HAL_Driver/Inc/stm32f4xx_ll_bus.h ****   *         APB2RSTR     SYSCFGRST      LL_APB2_GRP1_ForceReset\n
1850:Drivers/STM32F4xx_HAL_Driver/Inc/stm32f4xx_ll_bus.h ****   *         APB2RSTR     TIM9RST        LL_APB2_GRP1_ForceReset\n
1851:Drivers/STM32F4xx_HAL_Driver/Inc/stm32f4xx_ll_bus.h ****   *         APB2RSTR     TIM10RST       LL_APB2_GRP1_ForceReset\n
1852:Drivers/STM32F4xx_HAL_Driver/Inc/stm32f4xx_ll_bus.h ****   *         APB2RSTR     TIM11RST       LL_APB2_GRP1_ForceReset\n
1853:Drivers/STM32F4xx_HAL_Driver/Inc/stm32f4xx_ll_bus.h ****   *         APB2RSTR     SPI5RST        LL_APB2_GRP1_ForceReset\n
1854:Drivers/STM32F4xx_HAL_Driver/Inc/stm32f4xx_ll_bus.h ****   *         APB2RSTR     SPI6RST        LL_APB2_GRP1_ForceReset\n
1855:Drivers/STM32F4xx_HAL_Driver/Inc/stm32f4xx_ll_bus.h ****   *         APB2RSTR     SAI1RST        LL_APB2_GRP1_ForceReset\n
1856:Drivers/STM32F4xx_HAL_Driver/Inc/stm32f4xx_ll_bus.h ****   *         APB2RSTR     SAI2RST        LL_APB2_GRP1_ForceReset\n
1857:Drivers/STM32F4xx_HAL_Driver/Inc/stm32f4xx_ll_bus.h ****   *         APB2RSTR     LTDCRST        LL_APB2_GRP1_ForceReset\n
1858:Drivers/STM32F4xx_HAL_Driver/Inc/stm32f4xx_ll_bus.h ****   *         APB2RSTR     DSIRST         LL_APB2_GRP1_ForceReset\n
1859:Drivers/STM32F4xx_HAL_Driver/Inc/stm32f4xx_ll_bus.h ****   *         APB2RSTR     DFSDM1RST      LL_APB2_GRP1_ForceReset\n
1860:Drivers/STM32F4xx_HAL_Driver/Inc/stm32f4xx_ll_bus.h ****   *         APB2RSTR     DFSDM2RST      LL_APB2_GRP1_ForceReset
1861:Drivers/STM32F4xx_HAL_Driver/Inc/stm32f4xx_ll_bus.h ****   * @param  Periphs This parameter can be a combination of the following values:
1862:Drivers/STM32F4xx_HAL_Driver/Inc/stm32f4xx_ll_bus.h ****   *         @arg @ref LL_APB2_GRP1_PERIPH_ALL
1863:Drivers/STM32F4xx_HAL_Driver/Inc/stm32f4xx_ll_bus.h ****   *         @arg @ref LL_APB2_GRP1_PERIPH_TIM1
1864:Drivers/STM32F4xx_HAL_Driver/Inc/stm32f4xx_ll_bus.h ****   *         @arg @ref LL_APB2_GRP1_PERIPH_TIM8 (*)
1865:Drivers/STM32F4xx_HAL_Driver/Inc/stm32f4xx_ll_bus.h ****   *         @arg @ref LL_APB2_GRP1_PERIPH_USART1
1866:Drivers/STM32F4xx_HAL_Driver/Inc/stm32f4xx_ll_bus.h ****   *         @arg @ref LL_APB2_GRP1_PERIPH_USART6 (*)
1867:Drivers/STM32F4xx_HAL_Driver/Inc/stm32f4xx_ll_bus.h ****   *         @arg @ref LL_APB2_GRP1_PERIPH_UART9 (*)
1868:Drivers/STM32F4xx_HAL_Driver/Inc/stm32f4xx_ll_bus.h ****   *         @arg @ref LL_APB2_GRP1_PERIPH_UART10 (*)
1869:Drivers/STM32F4xx_HAL_Driver/Inc/stm32f4xx_ll_bus.h ****   *         @arg @ref LL_APB2_GRP1_PERIPH_ADC
1870:Drivers/STM32F4xx_HAL_Driver/Inc/stm32f4xx_ll_bus.h ****   *         @arg @ref LL_APB2_GRP1_PERIPH_SDIO (*)
1871:Drivers/STM32F4xx_HAL_Driver/Inc/stm32f4xx_ll_bus.h ****   *         @arg @ref LL_APB2_GRP1_PERIPH_SPI1
1872:Drivers/STM32F4xx_HAL_Driver/Inc/stm32f4xx_ll_bus.h ****   *         @arg @ref LL_APB2_GRP1_PERIPH_SPI4 (*)
1873:Drivers/STM32F4xx_HAL_Driver/Inc/stm32f4xx_ll_bus.h ****   *         @arg @ref LL_APB2_GRP1_PERIPH_SYSCFG
1874:Drivers/STM32F4xx_HAL_Driver/Inc/stm32f4xx_ll_bus.h ****   *         @arg @ref LL_APB2_GRP1_PERIPH_TIM9
1875:Drivers/STM32F4xx_HAL_Driver/Inc/stm32f4xx_ll_bus.h ****   *         @arg @ref LL_APB2_GRP1_PERIPH_TIM10 (*)
1876:Drivers/STM32F4xx_HAL_Driver/Inc/stm32f4xx_ll_bus.h ****   *         @arg @ref LL_APB2_GRP1_PERIPH_TIM11
1877:Drivers/STM32F4xx_HAL_Driver/Inc/stm32f4xx_ll_bus.h ****   *         @arg @ref LL_APB2_GRP1_PERIPH_SPI5 (*)
1878:Drivers/STM32F4xx_HAL_Driver/Inc/stm32f4xx_ll_bus.h ****   *         @arg @ref LL_APB2_GRP1_PERIPH_SPI6 (*)
1879:Drivers/STM32F4xx_HAL_Driver/Inc/stm32f4xx_ll_bus.h ****   *         @arg @ref LL_APB2_GRP1_PERIPH_SAI1 (*)
1880:Drivers/STM32F4xx_HAL_Driver/Inc/stm32f4xx_ll_bus.h ****   *         @arg @ref LL_APB2_GRP1_PERIPH_SAI2 (*)
1881:Drivers/STM32F4xx_HAL_Driver/Inc/stm32f4xx_ll_bus.h ****   *         @arg @ref LL_APB2_GRP1_PERIPH_LTDC (*)
1882:Drivers/STM32F4xx_HAL_Driver/Inc/stm32f4xx_ll_bus.h ****   *         @arg @ref LL_APB2_GRP1_PERIPH_DSI  (*)
1883:Drivers/STM32F4xx_HAL_Driver/Inc/stm32f4xx_ll_bus.h ****   *         @arg @ref LL_APB2_GRP1_PERIPH_DFSDM1 (*)
1884:Drivers/STM32F4xx_HAL_Driver/Inc/stm32f4xx_ll_bus.h ****   *         @arg @ref LL_APB2_GRP1_PERIPH_DFSDM2 (*)
1885:Drivers/STM32F4xx_HAL_Driver/Inc/stm32f4xx_ll_bus.h ****   *
1886:Drivers/STM32F4xx_HAL_Driver/Inc/stm32f4xx_ll_bus.h ****   *         (*) value not defined in all devices.
1887:Drivers/STM32F4xx_HAL_Driver/Inc/stm32f4xx_ll_bus.h ****   * @retval None
1888:Drivers/STM32F4xx_HAL_Driver/Inc/stm32f4xx_ll_bus.h ****   */
1889:Drivers/STM32F4xx_HAL_Driver/Inc/stm32f4xx_ll_bus.h **** __STATIC_INLINE void LL_APB2_GRP1_ForceReset(uint32_t Periphs)
 192              		.loc 3 1889 22 view .LVU34
 193              	.LBB25:
1890:Drivers/STM32F4xx_HAL_Driver/Inc/stm32f4xx_ll_bus.h **** {
1891:Drivers/STM32F4xx_HAL_Driver/Inc/stm32f4xx_ll_bus.h ****   SET_BIT(RCC->APB2RSTR, Periphs);
 194              		.loc 3 1891 3 view .LVU35
 195 0016 03F59433 		add	r3, r3, #75776
 196 001a 5A6A     		ldr	r2, [r3, #36]
 197 001c 42F01002 		orr	r2, r2, #16
 198 0020 5A62     		str	r2, [r3, #36]
 199              	.LVL15:
 200              		.loc 3 1891 3 is_stmt 0 view .LVU36
 201              	.LBE25:
 202              	.LBE24:
ARM GAS  C:\Users\chris\AppData\Local\Temp\ccpkeIoa.s 			page 60


 137:Drivers/STM32F4xx_HAL_Driver/Src/stm32f4xx_ll_usart.c ****   }
 203              		.loc 1 137 5 is_stmt 1 view .LVU37
 204              	.LBB26:
 205              	.LBI26:
1892:Drivers/STM32F4xx_HAL_Driver/Inc/stm32f4xx_ll_bus.h **** }
1893:Drivers/STM32F4xx_HAL_Driver/Inc/stm32f4xx_ll_bus.h **** 
1894:Drivers/STM32F4xx_HAL_Driver/Inc/stm32f4xx_ll_bus.h **** /**
1895:Drivers/STM32F4xx_HAL_Driver/Inc/stm32f4xx_ll_bus.h ****   * @brief  Release APB2 peripherals reset.
1896:Drivers/STM32F4xx_HAL_Driver/Inc/stm32f4xx_ll_bus.h ****   * @rmtoll APB2RSTR     TIM1RST        LL_APB2_GRP1_ReleaseReset\n
1897:Drivers/STM32F4xx_HAL_Driver/Inc/stm32f4xx_ll_bus.h ****   *         APB2RSTR     TIM8RST        LL_APB2_GRP1_ReleaseReset\n
1898:Drivers/STM32F4xx_HAL_Driver/Inc/stm32f4xx_ll_bus.h ****   *         APB2RSTR     USART1RST      LL_APB2_GRP1_ReleaseReset\n
1899:Drivers/STM32F4xx_HAL_Driver/Inc/stm32f4xx_ll_bus.h ****   *         APB2RSTR     USART6RST      LL_APB2_GRP1_ReleaseReset\n
1900:Drivers/STM32F4xx_HAL_Driver/Inc/stm32f4xx_ll_bus.h ****   *         APB2RSTR     UART9RST       LL_APB2_GRP1_ReleaseReset\n
1901:Drivers/STM32F4xx_HAL_Driver/Inc/stm32f4xx_ll_bus.h ****   *         APB2RSTR     UART10RST      LL_APB2_GRP1_ReleaseReset\n
1902:Drivers/STM32F4xx_HAL_Driver/Inc/stm32f4xx_ll_bus.h ****   *         APB2RSTR     ADCRST         LL_APB2_GRP1_ReleaseReset\n
1903:Drivers/STM32F4xx_HAL_Driver/Inc/stm32f4xx_ll_bus.h ****   *         APB2RSTR     SDIORST        LL_APB2_GRP1_ReleaseReset\n
1904:Drivers/STM32F4xx_HAL_Driver/Inc/stm32f4xx_ll_bus.h ****   *         APB2RSTR     SPI1RST        LL_APB2_GRP1_ReleaseReset\n
1905:Drivers/STM32F4xx_HAL_Driver/Inc/stm32f4xx_ll_bus.h ****   *         APB2RSTR     SPI4RST        LL_APB2_GRP1_ReleaseReset\n
1906:Drivers/STM32F4xx_HAL_Driver/Inc/stm32f4xx_ll_bus.h ****   *         APB2RSTR     SYSCFGRST      LL_APB2_GRP1_ReleaseReset\n
1907:Drivers/STM32F4xx_HAL_Driver/Inc/stm32f4xx_ll_bus.h ****   *         APB2RSTR     TIM9RST        LL_APB2_GRP1_ReleaseReset\n
1908:Drivers/STM32F4xx_HAL_Driver/Inc/stm32f4xx_ll_bus.h ****   *         APB2RSTR     TIM10RST       LL_APB2_GRP1_ReleaseReset\n
1909:Drivers/STM32F4xx_HAL_Driver/Inc/stm32f4xx_ll_bus.h ****   *         APB2RSTR     TIM11RST       LL_APB2_GRP1_ReleaseReset\n
1910:Drivers/STM32F4xx_HAL_Driver/Inc/stm32f4xx_ll_bus.h ****   *         APB2RSTR     SPI5RST        LL_APB2_GRP1_ReleaseReset\n
1911:Drivers/STM32F4xx_HAL_Driver/Inc/stm32f4xx_ll_bus.h ****   *         APB2RSTR     SPI6RST        LL_APB2_GRP1_ReleaseReset\n
1912:Drivers/STM32F4xx_HAL_Driver/Inc/stm32f4xx_ll_bus.h ****   *         APB2RSTR     SAI1RST        LL_APB2_GRP1_ReleaseReset\n
1913:Drivers/STM32F4xx_HAL_Driver/Inc/stm32f4xx_ll_bus.h ****   *         APB2RSTR     SAI2RST        LL_APB2_GRP1_ReleaseReset\n
1914:Drivers/STM32F4xx_HAL_Driver/Inc/stm32f4xx_ll_bus.h ****   *         APB2RSTR     LTDCRST        LL_APB2_GRP1_ReleaseReset\n
1915:Drivers/STM32F4xx_HAL_Driver/Inc/stm32f4xx_ll_bus.h ****   *         APB2RSTR     DSIRST         LL_APB2_GRP1_ReleaseReset\n
1916:Drivers/STM32F4xx_HAL_Driver/Inc/stm32f4xx_ll_bus.h ****   *         APB2RSTR     DFSDM1RST      LL_APB2_GRP1_ReleaseReset\n
1917:Drivers/STM32F4xx_HAL_Driver/Inc/stm32f4xx_ll_bus.h ****   *         APB2RSTR     DFSDM2RST      LL_APB2_GRP1_ReleaseReset
1918:Drivers/STM32F4xx_HAL_Driver/Inc/stm32f4xx_ll_bus.h ****   * @param  Periphs This parameter can be a combination of the following values:
1919:Drivers/STM32F4xx_HAL_Driver/Inc/stm32f4xx_ll_bus.h ****   *         @arg @ref LL_APB2_GRP1_PERIPH_ALL
1920:Drivers/STM32F4xx_HAL_Driver/Inc/stm32f4xx_ll_bus.h ****   *         @arg @ref LL_APB2_GRP1_PERIPH_TIM1
1921:Drivers/STM32F4xx_HAL_Driver/Inc/stm32f4xx_ll_bus.h ****   *         @arg @ref LL_APB2_GRP1_PERIPH_TIM8 (*)
1922:Drivers/STM32F4xx_HAL_Driver/Inc/stm32f4xx_ll_bus.h ****   *         @arg @ref LL_APB2_GRP1_PERIPH_USART1
1923:Drivers/STM32F4xx_HAL_Driver/Inc/stm32f4xx_ll_bus.h ****   *         @arg @ref LL_APB2_GRP1_PERIPH_USART6 (*)
1924:Drivers/STM32F4xx_HAL_Driver/Inc/stm32f4xx_ll_bus.h ****   *         @arg @ref LL_APB2_GRP1_PERIPH_UART9 (*)
1925:Drivers/STM32F4xx_HAL_Driver/Inc/stm32f4xx_ll_bus.h ****   *         @arg @ref LL_APB2_GRP1_PERIPH_UART10 (*)
1926:Drivers/STM32F4xx_HAL_Driver/Inc/stm32f4xx_ll_bus.h ****   *         @arg @ref LL_APB2_GRP1_PERIPH_ADC
1927:Drivers/STM32F4xx_HAL_Driver/Inc/stm32f4xx_ll_bus.h ****   *         @arg @ref LL_APB2_GRP1_PERIPH_SDIO (*)
1928:Drivers/STM32F4xx_HAL_Driver/Inc/stm32f4xx_ll_bus.h ****   *         @arg @ref LL_APB2_GRP1_PERIPH_SPI1
1929:Drivers/STM32F4xx_HAL_Driver/Inc/stm32f4xx_ll_bus.h ****   *         @arg @ref LL_APB2_GRP1_PERIPH_SPI4 (*)
1930:Drivers/STM32F4xx_HAL_Driver/Inc/stm32f4xx_ll_bus.h ****   *         @arg @ref LL_APB2_GRP1_PERIPH_SYSCFG
1931:Drivers/STM32F4xx_HAL_Driver/Inc/stm32f4xx_ll_bus.h ****   *         @arg @ref LL_APB2_GRP1_PERIPH_EXTI (*)
1932:Drivers/STM32F4xx_HAL_Driver/Inc/stm32f4xx_ll_bus.h ****   *         @arg @ref LL_APB2_GRP1_PERIPH_TIM9
1933:Drivers/STM32F4xx_HAL_Driver/Inc/stm32f4xx_ll_bus.h ****   *         @arg @ref LL_APB2_GRP1_PERIPH_TIM10 (*)
1934:Drivers/STM32F4xx_HAL_Driver/Inc/stm32f4xx_ll_bus.h ****   *         @arg @ref LL_APB2_GRP1_PERIPH_TIM11
1935:Drivers/STM32F4xx_HAL_Driver/Inc/stm32f4xx_ll_bus.h ****   *         @arg @ref LL_APB2_GRP1_PERIPH_SPI5 (*)
1936:Drivers/STM32F4xx_HAL_Driver/Inc/stm32f4xx_ll_bus.h ****   *         @arg @ref LL_APB2_GRP1_PERIPH_SPI6 (*)
1937:Drivers/STM32F4xx_HAL_Driver/Inc/stm32f4xx_ll_bus.h ****   *         @arg @ref LL_APB2_GRP1_PERIPH_SAI1 (*)
1938:Drivers/STM32F4xx_HAL_Driver/Inc/stm32f4xx_ll_bus.h ****   *         @arg @ref LL_APB2_GRP1_PERIPH_SAI2 (*)
1939:Drivers/STM32F4xx_HAL_Driver/Inc/stm32f4xx_ll_bus.h ****   *         @arg @ref LL_APB2_GRP1_PERIPH_LTDC (*)
1940:Drivers/STM32F4xx_HAL_Driver/Inc/stm32f4xx_ll_bus.h ****   *         @arg @ref LL_APB2_GRP1_PERIPH_DSI  (*)
1941:Drivers/STM32F4xx_HAL_Driver/Inc/stm32f4xx_ll_bus.h ****   *         @arg @ref LL_APB2_GRP1_PERIPH_DFSDM1 (*)
1942:Drivers/STM32F4xx_HAL_Driver/Inc/stm32f4xx_ll_bus.h ****   *         @arg @ref LL_APB2_GRP1_PERIPH_DFSDM2 (*)
1943:Drivers/STM32F4xx_HAL_Driver/Inc/stm32f4xx_ll_bus.h ****   *
1944:Drivers/STM32F4xx_HAL_Driver/Inc/stm32f4xx_ll_bus.h ****   *         (*) value not defined in all devices.
ARM GAS  C:\Users\chris\AppData\Local\Temp\ccpkeIoa.s 			page 61


1945:Drivers/STM32F4xx_HAL_Driver/Inc/stm32f4xx_ll_bus.h ****   * @retval None
1946:Drivers/STM32F4xx_HAL_Driver/Inc/stm32f4xx_ll_bus.h ****   */
1947:Drivers/STM32F4xx_HAL_Driver/Inc/stm32f4xx_ll_bus.h **** __STATIC_INLINE void LL_APB2_GRP1_ReleaseReset(uint32_t Periphs)
 206              		.loc 3 1947 22 view .LVU38
 207              	.LBB27:
1948:Drivers/STM32F4xx_HAL_Driver/Inc/stm32f4xx_ll_bus.h **** {
1949:Drivers/STM32F4xx_HAL_Driver/Inc/stm32f4xx_ll_bus.h ****   CLEAR_BIT(RCC->APB2RSTR, Periphs);
 208              		.loc 3 1949 3 view .LVU39
 209 0022 5A6A     		ldr	r2, [r3, #36]
 210 0024 22F01002 		bic	r2, r2, #16
 211 0028 5A62     		str	r2, [r3, #36]
 212              	.LVL16:
 213              		.loc 3 1949 3 is_stmt 0 view .LVU40
 214              	.LBE27:
 215              	.LBE26:
 126:Drivers/STM32F4xx_HAL_Driver/Src/stm32f4xx_ll_usart.c **** 
 216              		.loc 1 126 15 view .LVU41
 217 002a 0020     		movs	r0, #0
 218              	.LVL17:
 219              	.LBB29:
 220              	.LBB28:
1950:Drivers/STM32F4xx_HAL_Driver/Inc/stm32f4xx_ll_bus.h **** }
 221              		.loc 3 1950 1 view .LVU42
 222 002c 7047     		bx	lr
 223              	.LVL18:
 224              	.L14:
 225              		.loc 3 1950 1 view .LVU43
 226              	.LBE28:
 227              	.LBE29:
 142:Drivers/STM32F4xx_HAL_Driver/Src/stm32f4xx_ll_usart.c **** 
 228              		.loc 1 142 5 is_stmt 1 view .LVU44
 229              	.LBB30:
 230              	.LBI30:
1409:Drivers/STM32F4xx_HAL_Driver/Inc/stm32f4xx_ll_bus.h **** {
 231              		.loc 3 1409 22 view .LVU45
 232              	.LBB31:
1411:Drivers/STM32F4xx_HAL_Driver/Inc/stm32f4xx_ll_bus.h **** }
 233              		.loc 3 1411 3 view .LVU46
 234 002e 03F5FA33 		add	r3, r3, #128000
 235 0032 1A6A     		ldr	r2, [r3, #32]
 236 0034 42F40032 		orr	r2, r2, #131072
 237 0038 1A62     		str	r2, [r3, #32]
 238              	.LVL19:
1411:Drivers/STM32F4xx_HAL_Driver/Inc/stm32f4xx_ll_bus.h **** }
 239              		.loc 3 1411 3 is_stmt 0 view .LVU47
 240              	.LBE31:
 241              	.LBE30:
 145:Drivers/STM32F4xx_HAL_Driver/Src/stm32f4xx_ll_usart.c ****   }
 242              		.loc 1 145 5 is_stmt 1 view .LVU48
 243              	.LBB32:
 244              	.LBI32:
1481:Drivers/STM32F4xx_HAL_Driver/Inc/stm32f4xx_ll_bus.h **** {
 245              		.loc 3 1481 22 view .LVU49
 246              	.LBB33:
1483:Drivers/STM32F4xx_HAL_Driver/Inc/stm32f4xx_ll_bus.h **** }
 247              		.loc 3 1483 3 view .LVU50
 248 003a 1A6A     		ldr	r2, [r3, #32]
ARM GAS  C:\Users\chris\AppData\Local\Temp\ccpkeIoa.s 			page 62


 249 003c 22F40032 		bic	r2, r2, #131072
 250 0040 1A62     		str	r2, [r3, #32]
 251              	.LVL20:
1483:Drivers/STM32F4xx_HAL_Driver/Inc/stm32f4xx_ll_bus.h **** }
 252              		.loc 3 1483 3 is_stmt 0 view .LVU51
 253              	.LBE33:
 254              	.LBE32:
 126:Drivers/STM32F4xx_HAL_Driver/Src/stm32f4xx_ll_usart.c **** 
 255              		.loc 1 126 15 view .LVU52
 256 0042 0020     		movs	r0, #0
 257              	.LVL21:
 258              	.LBB35:
 259              	.LBB34:
1484:Drivers/STM32F4xx_HAL_Driver/Inc/stm32f4xx_ll_bus.h **** 
 260              		.loc 3 1484 1 view .LVU53
 261 0044 7047     		bx	lr
 262              	.LVL22:
 263              	.L15:
1484:Drivers/STM32F4xx_HAL_Driver/Inc/stm32f4xx_ll_bus.h **** 
 264              		.loc 3 1484 1 view .LVU54
 265              	.LBE34:
 266              	.LBE35:
 161:Drivers/STM32F4xx_HAL_Driver/Src/stm32f4xx_ll_usart.c **** 
 267              		.loc 1 161 5 is_stmt 1 view .LVU55
 268              	.LBB36:
 269              	.LBI36:
1889:Drivers/STM32F4xx_HAL_Driver/Inc/stm32f4xx_ll_bus.h **** {
 270              		.loc 3 1889 22 view .LVU56
 271              	.LBB37:
1891:Drivers/STM32F4xx_HAL_Driver/Inc/stm32f4xx_ll_bus.h **** }
 272              		.loc 3 1891 3 view .LVU57
 273 0046 03F59233 		add	r3, r3, #74752
 274 004a 5A6A     		ldr	r2, [r3, #36]
 275 004c 42F02002 		orr	r2, r2, #32
 276 0050 5A62     		str	r2, [r3, #36]
 277              	.LVL23:
1891:Drivers/STM32F4xx_HAL_Driver/Inc/stm32f4xx_ll_bus.h **** }
 278              		.loc 3 1891 3 is_stmt 0 view .LVU58
 279              	.LBE37:
 280              	.LBE36:
 164:Drivers/STM32F4xx_HAL_Driver/Src/stm32f4xx_ll_usart.c ****   }
 281              		.loc 1 164 5 is_stmt 1 view .LVU59
 282              	.LBB38:
 283              	.LBI38:
1947:Drivers/STM32F4xx_HAL_Driver/Inc/stm32f4xx_ll_bus.h **** {
 284              		.loc 3 1947 22 view .LVU60
 285              	.LBB39:
1949:Drivers/STM32F4xx_HAL_Driver/Inc/stm32f4xx_ll_bus.h **** }
 286              		.loc 3 1949 3 view .LVU61
 287 0052 5A6A     		ldr	r2, [r3, #36]
 288 0054 22F02002 		bic	r2, r2, #32
 289 0058 5A62     		str	r2, [r3, #36]
 290              	.LVL24:
1949:Drivers/STM32F4xx_HAL_Driver/Inc/stm32f4xx_ll_bus.h **** }
 291              		.loc 3 1949 3 is_stmt 0 view .LVU62
 292              	.LBE39:
 293              	.LBE38:
ARM GAS  C:\Users\chris\AppData\Local\Temp\ccpkeIoa.s 			page 63


 126:Drivers/STM32F4xx_HAL_Driver/Src/stm32f4xx_ll_usart.c **** 
 294              		.loc 1 126 15 view .LVU63
 295 005a 0020     		movs	r0, #0
 296              	.LVL25:
 297              	.LBB41:
 298              	.LBB40:
 299              		.loc 3 1950 1 view .LVU64
 300 005c 7047     		bx	lr
 301              	.L17:
 302 005e 00BF     		.align	2
 303              	.L16:
 304 0060 00100140 		.word	1073811456
 305 0064 00440040 		.word	1073759232
 306 0068 00140140 		.word	1073812480
 307              	.LBE40:
 308              	.LBE41:
 309              		.cfi_endproc
 310              	.LFE403:
 312              		.section	.text.LL_USART_Init,"ax",%progbits
 313              		.align	1
 314              		.global	LL_USART_Init
 315              		.syntax unified
 316              		.thumb
 317              		.thumb_func
 319              	LL_USART_Init:
 320              	.LVL26:
 321              	.LFB404:
 234:Drivers/STM32F4xx_HAL_Driver/Src/stm32f4xx_ll_usart.c **** 
 235:Drivers/STM32F4xx_HAL_Driver/Src/stm32f4xx_ll_usart.c **** /**
 236:Drivers/STM32F4xx_HAL_Driver/Src/stm32f4xx_ll_usart.c ****   * @brief  Initialize USART registers according to the specified
 237:Drivers/STM32F4xx_HAL_Driver/Src/stm32f4xx_ll_usart.c ****   *         parameters in USART_InitStruct.
 238:Drivers/STM32F4xx_HAL_Driver/Src/stm32f4xx_ll_usart.c ****   * @note   As some bits in USART configuration registers can only be written when the USART is dis
 239:Drivers/STM32F4xx_HAL_Driver/Src/stm32f4xx_ll_usart.c ****   *         USART IP should be in disabled state prior calling this function. Otherwise, ERROR resu
 240:Drivers/STM32F4xx_HAL_Driver/Src/stm32f4xx_ll_usart.c ****   * @note   Baud rate value stored in USART_InitStruct BaudRate field, should be valid (different f
 241:Drivers/STM32F4xx_HAL_Driver/Src/stm32f4xx_ll_usart.c ****   * @param  USARTx USART Instance
 242:Drivers/STM32F4xx_HAL_Driver/Src/stm32f4xx_ll_usart.c ****   * @param  USART_InitStruct pointer to a LL_USART_InitTypeDef structure
 243:Drivers/STM32F4xx_HAL_Driver/Src/stm32f4xx_ll_usart.c ****   *         that contains the configuration information for the specified USART peripheral.
 244:Drivers/STM32F4xx_HAL_Driver/Src/stm32f4xx_ll_usart.c ****   * @retval An ErrorStatus enumeration value:
 245:Drivers/STM32F4xx_HAL_Driver/Src/stm32f4xx_ll_usart.c ****   *          - SUCCESS: USART registers are initialized according to USART_InitStruct content
 246:Drivers/STM32F4xx_HAL_Driver/Src/stm32f4xx_ll_usart.c ****   *          - ERROR: Problem occurred during USART Registers initialization
 247:Drivers/STM32F4xx_HAL_Driver/Src/stm32f4xx_ll_usart.c ****   */
 248:Drivers/STM32F4xx_HAL_Driver/Src/stm32f4xx_ll_usart.c **** ErrorStatus LL_USART_Init(USART_TypeDef *USARTx, const LL_USART_InitTypeDef *USART_InitStruct)
 249:Drivers/STM32F4xx_HAL_Driver/Src/stm32f4xx_ll_usart.c **** {
 322              		.loc 1 249 1 is_stmt 1 view -0
 323              		.cfi_startproc
 324              		@ args = 0, pretend = 0, frame = 16
 325              		@ frame_needed = 0, uses_anonymous_args = 0
 250:Drivers/STM32F4xx_HAL_Driver/Src/stm32f4xx_ll_usart.c ****   ErrorStatus status = ERROR;
 326              		.loc 1 250 3 view .LVU66
 251:Drivers/STM32F4xx_HAL_Driver/Src/stm32f4xx_ll_usart.c ****   uint32_t periphclk = LL_RCC_PERIPH_FREQUENCY_NO;
 327              		.loc 1 251 3 view .LVU67
 252:Drivers/STM32F4xx_HAL_Driver/Src/stm32f4xx_ll_usart.c ****   LL_RCC_ClocksTypeDef rcc_clocks;
 328              		.loc 1 252 3 view .LVU68
 253:Drivers/STM32F4xx_HAL_Driver/Src/stm32f4xx_ll_usart.c **** 
 254:Drivers/STM32F4xx_HAL_Driver/Src/stm32f4xx_ll_usart.c ****   /* Check the parameters */
 255:Drivers/STM32F4xx_HAL_Driver/Src/stm32f4xx_ll_usart.c ****   assert_param(IS_UART_INSTANCE(USARTx));
 329              		.loc 1 255 3 view .LVU69
ARM GAS  C:\Users\chris\AppData\Local\Temp\ccpkeIoa.s 			page 64


 256:Drivers/STM32F4xx_HAL_Driver/Src/stm32f4xx_ll_usart.c ****   assert_param(IS_LL_USART_BAUDRATE(USART_InitStruct->BaudRate));
 330              		.loc 1 256 3 view .LVU70
 257:Drivers/STM32F4xx_HAL_Driver/Src/stm32f4xx_ll_usart.c ****   assert_param(IS_LL_USART_DATAWIDTH(USART_InitStruct->DataWidth));
 331              		.loc 1 257 3 view .LVU71
 258:Drivers/STM32F4xx_HAL_Driver/Src/stm32f4xx_ll_usart.c ****   assert_param(IS_LL_USART_STOPBITS(USART_InitStruct->StopBits));
 332              		.loc 1 258 3 view .LVU72
 259:Drivers/STM32F4xx_HAL_Driver/Src/stm32f4xx_ll_usart.c ****   assert_param(IS_LL_USART_PARITY(USART_InitStruct->Parity));
 333              		.loc 1 259 3 view .LVU73
 260:Drivers/STM32F4xx_HAL_Driver/Src/stm32f4xx_ll_usart.c ****   assert_param(IS_LL_USART_DIRECTION(USART_InitStruct->TransferDirection));
 334              		.loc 1 260 3 view .LVU74
 261:Drivers/STM32F4xx_HAL_Driver/Src/stm32f4xx_ll_usart.c ****   assert_param(IS_LL_USART_HWCONTROL(USART_InitStruct->HardwareFlowControl));
 335              		.loc 1 261 3 view .LVU75
 262:Drivers/STM32F4xx_HAL_Driver/Src/stm32f4xx_ll_usart.c ****   assert_param(IS_LL_USART_OVERSAMPLING(USART_InitStruct->OverSampling));
 336              		.loc 1 262 3 view .LVU76
 263:Drivers/STM32F4xx_HAL_Driver/Src/stm32f4xx_ll_usart.c **** 
 264:Drivers/STM32F4xx_HAL_Driver/Src/stm32f4xx_ll_usart.c ****   /* USART needs to be in disabled state, in order to be able to configure some bits in
 265:Drivers/STM32F4xx_HAL_Driver/Src/stm32f4xx_ll_usart.c ****      CRx registers */
 266:Drivers/STM32F4xx_HAL_Driver/Src/stm32f4xx_ll_usart.c ****   if (LL_USART_IsEnabled(USARTx) == 0U)
 337              		.loc 1 266 3 view .LVU77
 338              	.LBB42:
 339              	.LBI42:
 435:Drivers/STM32F4xx_HAL_Driver/Inc/stm32f4xx_ll_usart.h **** {
 340              		.loc 2 435 26 view .LVU78
 341              	.LBB43:
 437:Drivers/STM32F4xx_HAL_Driver/Inc/stm32f4xx_ll_usart.h **** }
 342              		.loc 2 437 3 view .LVU79
 437:Drivers/STM32F4xx_HAL_Driver/Inc/stm32f4xx_ll_usart.h **** }
 343              		.loc 2 437 11 is_stmt 0 view .LVU80
 344 0000 C368     		ldr	r3, [r0, #12]
 345              	.LVL27:
 437:Drivers/STM32F4xx_HAL_Driver/Inc/stm32f4xx_ll_usart.h **** }
 346              		.loc 2 437 11 view .LVU81
 347              	.LBE43:
 348              	.LBE42:
 349              		.loc 1 266 6 discriminator 1 view .LVU82
 350 0002 13F4005F 		tst	r3, #8192
 351 0006 01D0     		beq	.L31
 250:Drivers/STM32F4xx_HAL_Driver/Src/stm32f4xx_ll_usart.c ****   uint32_t periphclk = LL_RCC_PERIPH_FREQUENCY_NO;
 352              		.loc 1 250 15 view .LVU83
 353 0008 0120     		movs	r0, #1
 354              	.LVL28:
 267:Drivers/STM32F4xx_HAL_Driver/Src/stm32f4xx_ll_usart.c ****   {
 268:Drivers/STM32F4xx_HAL_Driver/Src/stm32f4xx_ll_usart.c ****     /*---------------------------- USART CR1 Configuration -----------------------
 269:Drivers/STM32F4xx_HAL_Driver/Src/stm32f4xx_ll_usart.c ****      * Configure USARTx CR1 (USART Word Length, Parity, Mode and Oversampling bits) with parameters
 270:Drivers/STM32F4xx_HAL_Driver/Src/stm32f4xx_ll_usart.c ****      * - DataWidth:          USART_CR1_M bits according to USART_InitStruct->DataWidth value
 271:Drivers/STM32F4xx_HAL_Driver/Src/stm32f4xx_ll_usart.c ****      * - Parity:             USART_CR1_PCE, USART_CR1_PS bits according to USART_InitStruct->Parity
 272:Drivers/STM32F4xx_HAL_Driver/Src/stm32f4xx_ll_usart.c ****      * - TransferDirection:  USART_CR1_TE, USART_CR1_RE bits according to USART_InitStruct->Transfe
 273:Drivers/STM32F4xx_HAL_Driver/Src/stm32f4xx_ll_usart.c ****      * - Oversampling:       USART_CR1_OVER8 bit according to USART_InitStruct->OverSampling value.
 274:Drivers/STM32F4xx_HAL_Driver/Src/stm32f4xx_ll_usart.c ****      */
 275:Drivers/STM32F4xx_HAL_Driver/Src/stm32f4xx_ll_usart.c ****     MODIFY_REG(USARTx->CR1,
 276:Drivers/STM32F4xx_HAL_Driver/Src/stm32f4xx_ll_usart.c ****                (USART_CR1_M | USART_CR1_PCE | USART_CR1_PS |
 277:Drivers/STM32F4xx_HAL_Driver/Src/stm32f4xx_ll_usart.c ****                 USART_CR1_TE | USART_CR1_RE | USART_CR1_OVER8),
 278:Drivers/STM32F4xx_HAL_Driver/Src/stm32f4xx_ll_usart.c ****                (USART_InitStruct->DataWidth | USART_InitStruct->Parity |
 279:Drivers/STM32F4xx_HAL_Driver/Src/stm32f4xx_ll_usart.c ****                 USART_InitStruct->TransferDirection | USART_InitStruct->OverSampling));
 280:Drivers/STM32F4xx_HAL_Driver/Src/stm32f4xx_ll_usart.c **** 
 281:Drivers/STM32F4xx_HAL_Driver/Src/stm32f4xx_ll_usart.c ****     /*---------------------------- USART CR2 Configuration -----------------------
 282:Drivers/STM32F4xx_HAL_Driver/Src/stm32f4xx_ll_usart.c ****      * Configure USARTx CR2 (Stop bits) with parameters:
ARM GAS  C:\Users\chris\AppData\Local\Temp\ccpkeIoa.s 			page 65


 283:Drivers/STM32F4xx_HAL_Driver/Src/stm32f4xx_ll_usart.c ****      * - Stop Bits:          USART_CR2_STOP bits according to USART_InitStruct->StopBits value.
 284:Drivers/STM32F4xx_HAL_Driver/Src/stm32f4xx_ll_usart.c ****      * - CLKEN, CPOL, CPHA and LBCL bits are to be configured using LL_USART_ClockInit().
 285:Drivers/STM32F4xx_HAL_Driver/Src/stm32f4xx_ll_usart.c ****      */
 286:Drivers/STM32F4xx_HAL_Driver/Src/stm32f4xx_ll_usart.c ****     LL_USART_SetStopBitsLength(USARTx, USART_InitStruct->StopBits);
 287:Drivers/STM32F4xx_HAL_Driver/Src/stm32f4xx_ll_usart.c **** 
 288:Drivers/STM32F4xx_HAL_Driver/Src/stm32f4xx_ll_usart.c ****     /*---------------------------- USART CR3 Configuration -----------------------
 289:Drivers/STM32F4xx_HAL_Driver/Src/stm32f4xx_ll_usart.c ****      * Configure USARTx CR3 (Hardware Flow Control) with parameters:
 290:Drivers/STM32F4xx_HAL_Driver/Src/stm32f4xx_ll_usart.c ****      * - HardwareFlowControl: USART_CR3_RTSE, USART_CR3_CTSE bits according to USART_InitStruct->Ha
 291:Drivers/STM32F4xx_HAL_Driver/Src/stm32f4xx_ll_usart.c ****      */
 292:Drivers/STM32F4xx_HAL_Driver/Src/stm32f4xx_ll_usart.c ****     LL_USART_SetHWFlowCtrl(USARTx, USART_InitStruct->HardwareFlowControl);
 293:Drivers/STM32F4xx_HAL_Driver/Src/stm32f4xx_ll_usart.c **** 
 294:Drivers/STM32F4xx_HAL_Driver/Src/stm32f4xx_ll_usart.c ****     /*---------------------------- USART BRR Configuration -----------------------
 295:Drivers/STM32F4xx_HAL_Driver/Src/stm32f4xx_ll_usart.c ****      * Retrieve Clock frequency used for USART Peripheral
 296:Drivers/STM32F4xx_HAL_Driver/Src/stm32f4xx_ll_usart.c ****      */
 297:Drivers/STM32F4xx_HAL_Driver/Src/stm32f4xx_ll_usart.c ****     LL_RCC_GetSystemClocksFreq(&rcc_clocks);
 298:Drivers/STM32F4xx_HAL_Driver/Src/stm32f4xx_ll_usart.c ****     if (USARTx == USART1)
 299:Drivers/STM32F4xx_HAL_Driver/Src/stm32f4xx_ll_usart.c ****     {
 300:Drivers/STM32F4xx_HAL_Driver/Src/stm32f4xx_ll_usart.c ****       periphclk = rcc_clocks.PCLK2_Frequency;
 301:Drivers/STM32F4xx_HAL_Driver/Src/stm32f4xx_ll_usart.c ****     }
 302:Drivers/STM32F4xx_HAL_Driver/Src/stm32f4xx_ll_usart.c ****     else if (USARTx == USART2)
 303:Drivers/STM32F4xx_HAL_Driver/Src/stm32f4xx_ll_usart.c ****     {
 304:Drivers/STM32F4xx_HAL_Driver/Src/stm32f4xx_ll_usart.c ****       periphclk = rcc_clocks.PCLK1_Frequency;
 305:Drivers/STM32F4xx_HAL_Driver/Src/stm32f4xx_ll_usart.c ****     }
 306:Drivers/STM32F4xx_HAL_Driver/Src/stm32f4xx_ll_usart.c **** #if defined(USART3)
 307:Drivers/STM32F4xx_HAL_Driver/Src/stm32f4xx_ll_usart.c ****     else if (USARTx == USART3)
 308:Drivers/STM32F4xx_HAL_Driver/Src/stm32f4xx_ll_usart.c ****     {
 309:Drivers/STM32F4xx_HAL_Driver/Src/stm32f4xx_ll_usart.c ****       periphclk = rcc_clocks.PCLK1_Frequency;
 310:Drivers/STM32F4xx_HAL_Driver/Src/stm32f4xx_ll_usart.c ****     }
 311:Drivers/STM32F4xx_HAL_Driver/Src/stm32f4xx_ll_usart.c **** #endif /* USART3 */
 312:Drivers/STM32F4xx_HAL_Driver/Src/stm32f4xx_ll_usart.c **** #if defined(USART6)
 313:Drivers/STM32F4xx_HAL_Driver/Src/stm32f4xx_ll_usart.c ****     else if (USARTx == USART6)
 314:Drivers/STM32F4xx_HAL_Driver/Src/stm32f4xx_ll_usart.c ****     {
 315:Drivers/STM32F4xx_HAL_Driver/Src/stm32f4xx_ll_usart.c ****       periphclk = rcc_clocks.PCLK2_Frequency;
 316:Drivers/STM32F4xx_HAL_Driver/Src/stm32f4xx_ll_usart.c ****     }
 317:Drivers/STM32F4xx_HAL_Driver/Src/stm32f4xx_ll_usart.c **** #endif /* USART6 */
 318:Drivers/STM32F4xx_HAL_Driver/Src/stm32f4xx_ll_usart.c **** #if defined(UART4)
 319:Drivers/STM32F4xx_HAL_Driver/Src/stm32f4xx_ll_usart.c ****     else if (USARTx == UART4)
 320:Drivers/STM32F4xx_HAL_Driver/Src/stm32f4xx_ll_usart.c ****     {
 321:Drivers/STM32F4xx_HAL_Driver/Src/stm32f4xx_ll_usart.c ****       periphclk = rcc_clocks.PCLK1_Frequency;
 322:Drivers/STM32F4xx_HAL_Driver/Src/stm32f4xx_ll_usart.c ****     }
 323:Drivers/STM32F4xx_HAL_Driver/Src/stm32f4xx_ll_usart.c **** #endif /* UART4 */
 324:Drivers/STM32F4xx_HAL_Driver/Src/stm32f4xx_ll_usart.c **** #if defined(UART5)
 325:Drivers/STM32F4xx_HAL_Driver/Src/stm32f4xx_ll_usart.c ****     else if (USARTx == UART5)
 326:Drivers/STM32F4xx_HAL_Driver/Src/stm32f4xx_ll_usart.c ****     {
 327:Drivers/STM32F4xx_HAL_Driver/Src/stm32f4xx_ll_usart.c ****       periphclk = rcc_clocks.PCLK1_Frequency;
 328:Drivers/STM32F4xx_HAL_Driver/Src/stm32f4xx_ll_usart.c ****     }
 329:Drivers/STM32F4xx_HAL_Driver/Src/stm32f4xx_ll_usart.c **** #endif /* UART5 */
 330:Drivers/STM32F4xx_HAL_Driver/Src/stm32f4xx_ll_usart.c **** #if defined(UART7)
 331:Drivers/STM32F4xx_HAL_Driver/Src/stm32f4xx_ll_usart.c ****     else if (USARTx == UART7)
 332:Drivers/STM32F4xx_HAL_Driver/Src/stm32f4xx_ll_usart.c ****     {
 333:Drivers/STM32F4xx_HAL_Driver/Src/stm32f4xx_ll_usart.c ****       periphclk = rcc_clocks.PCLK1_Frequency;
 334:Drivers/STM32F4xx_HAL_Driver/Src/stm32f4xx_ll_usart.c ****     }
 335:Drivers/STM32F4xx_HAL_Driver/Src/stm32f4xx_ll_usart.c **** #endif /* UART7 */
 336:Drivers/STM32F4xx_HAL_Driver/Src/stm32f4xx_ll_usart.c **** #if defined(UART8)
 337:Drivers/STM32F4xx_HAL_Driver/Src/stm32f4xx_ll_usart.c ****     else if (USARTx == UART8)
 338:Drivers/STM32F4xx_HAL_Driver/Src/stm32f4xx_ll_usart.c ****     {
 339:Drivers/STM32F4xx_HAL_Driver/Src/stm32f4xx_ll_usart.c ****       periphclk = rcc_clocks.PCLK1_Frequency;
ARM GAS  C:\Users\chris\AppData\Local\Temp\ccpkeIoa.s 			page 66


 340:Drivers/STM32F4xx_HAL_Driver/Src/stm32f4xx_ll_usart.c ****     }
 341:Drivers/STM32F4xx_HAL_Driver/Src/stm32f4xx_ll_usart.c **** #endif /* UART8 */
 342:Drivers/STM32F4xx_HAL_Driver/Src/stm32f4xx_ll_usart.c **** #if defined(UART9)
 343:Drivers/STM32F4xx_HAL_Driver/Src/stm32f4xx_ll_usart.c ****     else if (USARTx == UART9)
 344:Drivers/STM32F4xx_HAL_Driver/Src/stm32f4xx_ll_usart.c ****     {
 345:Drivers/STM32F4xx_HAL_Driver/Src/stm32f4xx_ll_usart.c ****       periphclk = rcc_clocks.PCLK2_Frequency;
 346:Drivers/STM32F4xx_HAL_Driver/Src/stm32f4xx_ll_usart.c ****     }
 347:Drivers/STM32F4xx_HAL_Driver/Src/stm32f4xx_ll_usart.c **** #endif /* UART9 */
 348:Drivers/STM32F4xx_HAL_Driver/Src/stm32f4xx_ll_usart.c **** #if defined(UART10)
 349:Drivers/STM32F4xx_HAL_Driver/Src/stm32f4xx_ll_usart.c ****     else if (USARTx == UART10)
 350:Drivers/STM32F4xx_HAL_Driver/Src/stm32f4xx_ll_usart.c ****     {
 351:Drivers/STM32F4xx_HAL_Driver/Src/stm32f4xx_ll_usart.c ****       periphclk = rcc_clocks.PCLK2_Frequency;
 352:Drivers/STM32F4xx_HAL_Driver/Src/stm32f4xx_ll_usart.c ****     }
 353:Drivers/STM32F4xx_HAL_Driver/Src/stm32f4xx_ll_usart.c **** #endif /* UART10 */
 354:Drivers/STM32F4xx_HAL_Driver/Src/stm32f4xx_ll_usart.c ****     else
 355:Drivers/STM32F4xx_HAL_Driver/Src/stm32f4xx_ll_usart.c ****     {
 356:Drivers/STM32F4xx_HAL_Driver/Src/stm32f4xx_ll_usart.c ****       /* Nothing to do, as error code is already assigned to ERROR value */
 357:Drivers/STM32F4xx_HAL_Driver/Src/stm32f4xx_ll_usart.c ****     }
 358:Drivers/STM32F4xx_HAL_Driver/Src/stm32f4xx_ll_usart.c **** 
 359:Drivers/STM32F4xx_HAL_Driver/Src/stm32f4xx_ll_usart.c ****     /* Configure the USART Baud Rate :
 360:Drivers/STM32F4xx_HAL_Driver/Src/stm32f4xx_ll_usart.c ****        - valid baud rate value (different from 0) is required
 361:Drivers/STM32F4xx_HAL_Driver/Src/stm32f4xx_ll_usart.c ****        - Peripheral clock as returned by RCC service, should be valid (different from 0).
 362:Drivers/STM32F4xx_HAL_Driver/Src/stm32f4xx_ll_usart.c ****     */
 363:Drivers/STM32F4xx_HAL_Driver/Src/stm32f4xx_ll_usart.c ****     if ((periphclk != LL_RCC_PERIPH_FREQUENCY_NO)
 364:Drivers/STM32F4xx_HAL_Driver/Src/stm32f4xx_ll_usart.c ****         && (USART_InitStruct->BaudRate != 0U))
 365:Drivers/STM32F4xx_HAL_Driver/Src/stm32f4xx_ll_usart.c ****     {
 366:Drivers/STM32F4xx_HAL_Driver/Src/stm32f4xx_ll_usart.c ****       status = SUCCESS;
 367:Drivers/STM32F4xx_HAL_Driver/Src/stm32f4xx_ll_usart.c ****       LL_USART_SetBaudRate(USARTx,
 368:Drivers/STM32F4xx_HAL_Driver/Src/stm32f4xx_ll_usart.c ****                            periphclk,
 369:Drivers/STM32F4xx_HAL_Driver/Src/stm32f4xx_ll_usart.c ****                            USART_InitStruct->OverSampling,
 370:Drivers/STM32F4xx_HAL_Driver/Src/stm32f4xx_ll_usart.c ****                            USART_InitStruct->BaudRate);
 371:Drivers/STM32F4xx_HAL_Driver/Src/stm32f4xx_ll_usart.c **** 
 372:Drivers/STM32F4xx_HAL_Driver/Src/stm32f4xx_ll_usart.c ****       /* Check BRR is greater than or equal to 16d */
 373:Drivers/STM32F4xx_HAL_Driver/Src/stm32f4xx_ll_usart.c ****       assert_param(IS_LL_USART_BRR_MIN(USARTx->BRR));
 355              		.loc 1 373 7 is_stmt 1 view .LVU84
 374:Drivers/STM32F4xx_HAL_Driver/Src/stm32f4xx_ll_usart.c ****     }
 375:Drivers/STM32F4xx_HAL_Driver/Src/stm32f4xx_ll_usart.c ****   }
 376:Drivers/STM32F4xx_HAL_Driver/Src/stm32f4xx_ll_usart.c ****   /* Endif (=> USART not in Disabled state => return ERROR) */
 377:Drivers/STM32F4xx_HAL_Driver/Src/stm32f4xx_ll_usart.c **** 
 378:Drivers/STM32F4xx_HAL_Driver/Src/stm32f4xx_ll_usart.c ****   return (status);
 356              		.loc 1 378 3 view .LVU85
 379:Drivers/STM32F4xx_HAL_Driver/Src/stm32f4xx_ll_usart.c **** }
 357              		.loc 1 379 1 is_stmt 0 view .LVU86
 358 000a 7047     		bx	lr
 359              	.LVL29:
 360              	.L31:
 249:Drivers/STM32F4xx_HAL_Driver/Src/stm32f4xx_ll_usart.c ****   ErrorStatus status = ERROR;
 361              		.loc 1 249 1 view .LVU87
 362 000c 30B5     		push	{r4, r5, lr}
 363              	.LCFI1:
 364              		.cfi_def_cfa_offset 12
 365              		.cfi_offset 4, -12
 366              		.cfi_offset 5, -8
 367              		.cfi_offset 14, -4
 368 000e 85B0     		sub	sp, sp, #20
 369              	.LCFI2:
 370              		.cfi_def_cfa_offset 32
ARM GAS  C:\Users\chris\AppData\Local\Temp\ccpkeIoa.s 			page 67


 371 0010 0446     		mov	r4, r0
 372 0012 0D46     		mov	r5, r1
 275:Drivers/STM32F4xx_HAL_Driver/Src/stm32f4xx_ll_usart.c ****                (USART_CR1_M | USART_CR1_PCE | USART_CR1_PS |
 373              		.loc 1 275 5 is_stmt 1 view .LVU88
 374 0014 C368     		ldr	r3, [r0, #12]
 375 0016 23F41643 		bic	r3, r3, #38400
 376 001a 23F00C03 		bic	r3, r3, #12
 377 001e 4A68     		ldr	r2, [r1, #4]
 378 0020 C968     		ldr	r1, [r1, #12]
 379              	.LVL30:
 275:Drivers/STM32F4xx_HAL_Driver/Src/stm32f4xx_ll_usart.c ****                (USART_CR1_M | USART_CR1_PCE | USART_CR1_PS |
 380              		.loc 1 275 5 is_stmt 0 view .LVU89
 381 0022 0A43     		orrs	r2, r2, r1
 382 0024 2969     		ldr	r1, [r5, #16]
 383 0026 0A43     		orrs	r2, r2, r1
 384 0028 A969     		ldr	r1, [r5, #24]
 385 002a 0A43     		orrs	r2, r2, r1
 386 002c 1343     		orrs	r3, r3, r2
 387 002e C360     		str	r3, [r0, #12]
 286:Drivers/STM32F4xx_HAL_Driver/Src/stm32f4xx_ll_usart.c **** 
 388              		.loc 1 286 5 is_stmt 1 view .LVU90
 286:Drivers/STM32F4xx_HAL_Driver/Src/stm32f4xx_ll_usart.c **** 
 389              		.loc 1 286 56 is_stmt 0 view .LVU91
 390 0030 AB68     		ldr	r3, [r5, #8]
 391              	.LVL31:
 392              	.LBB44:
 393              	.LBI44:
 805:Drivers/STM32F4xx_HAL_Driver/Inc/stm32f4xx_ll_usart.h **** {
 394              		.loc 2 805 22 is_stmt 1 view .LVU92
 395              	.LBB45:
 807:Drivers/STM32F4xx_HAL_Driver/Inc/stm32f4xx_ll_usart.h **** }
 396              		.loc 2 807 3 view .LVU93
 397 0032 0269     		ldr	r2, [r0, #16]
 398 0034 22F44052 		bic	r2, r2, #12288
 399 0038 1343     		orrs	r3, r3, r2
 400              	.LVL32:
 807:Drivers/STM32F4xx_HAL_Driver/Inc/stm32f4xx_ll_usart.h **** }
 401              		.loc 2 807 3 is_stmt 0 view .LVU94
 402 003a 0361     		str	r3, [r0, #16]
 403              	.LVL33:
 807:Drivers/STM32F4xx_HAL_Driver/Inc/stm32f4xx_ll_usart.h **** }
 404              		.loc 2 807 3 view .LVU95
 405              	.LBE45:
 406              	.LBE44:
 292:Drivers/STM32F4xx_HAL_Driver/Src/stm32f4xx_ll_usart.c **** 
 407              		.loc 1 292 5 is_stmt 1 view .LVU96
 292:Drivers/STM32F4xx_HAL_Driver/Src/stm32f4xx_ll_usart.c **** 
 408              		.loc 1 292 52 is_stmt 0 view .LVU97
 409 003c 6B69     		ldr	r3, [r5, #20]
 410              	.LVL34:
 411              	.LBB46:
 412              	.LBI46:
 949:Drivers/STM32F4xx_HAL_Driver/Inc/stm32f4xx_ll_usart.h **** {
 413              		.loc 2 949 22 is_stmt 1 view .LVU98
 414              	.LBB47:
 951:Drivers/STM32F4xx_HAL_Driver/Inc/stm32f4xx_ll_usart.h **** }
 415              		.loc 2 951 3 view .LVU99
ARM GAS  C:\Users\chris\AppData\Local\Temp\ccpkeIoa.s 			page 68


 416 003e 4269     		ldr	r2, [r0, #20]
 417 0040 22F44072 		bic	r2, r2, #768
 418 0044 1343     		orrs	r3, r3, r2
 419              	.LVL35:
 951:Drivers/STM32F4xx_HAL_Driver/Inc/stm32f4xx_ll_usart.h **** }
 420              		.loc 2 951 3 is_stmt 0 view .LVU100
 421 0046 4361     		str	r3, [r0, #20]
 422              	.LVL36:
 951:Drivers/STM32F4xx_HAL_Driver/Inc/stm32f4xx_ll_usart.h **** }
 423              		.loc 2 951 3 view .LVU101
 424              	.LBE47:
 425              	.LBE46:
 297:Drivers/STM32F4xx_HAL_Driver/Src/stm32f4xx_ll_usart.c ****     if (USARTx == USART1)
 426              		.loc 1 297 5 is_stmt 1 view .LVU102
 427 0048 6846     		mov	r0, sp
 428              	.LVL37:
 297:Drivers/STM32F4xx_HAL_Driver/Src/stm32f4xx_ll_usart.c ****     if (USARTx == USART1)
 429              		.loc 1 297 5 is_stmt 0 view .LVU103
 430 004a FFF7FEFF 		bl	LL_RCC_GetSystemClocksFreq
 431              	.LVL38:
 298:Drivers/STM32F4xx_HAL_Driver/Src/stm32f4xx_ll_usart.c ****     {
 432              		.loc 1 298 5 is_stmt 1 view .LVU104
 298:Drivers/STM32F4xx_HAL_Driver/Src/stm32f4xx_ll_usart.c ****     {
 433              		.loc 1 298 8 is_stmt 0 view .LVU105
 434 004e 0F4B     		ldr	r3, .L36
 435 0050 9C42     		cmp	r4, r3
 436 0052 08D0     		beq	.L32
 302:Drivers/STM32F4xx_HAL_Driver/Src/stm32f4xx_ll_usart.c ****     {
 437              		.loc 1 302 10 is_stmt 1 view .LVU106
 302:Drivers/STM32F4xx_HAL_Driver/Src/stm32f4xx_ll_usart.c ****     {
 438              		.loc 1 302 13 is_stmt 0 view .LVU107
 439 0054 0E4B     		ldr	r3, .L36+4
 440 0056 9C42     		cmp	r4, r3
 441 0058 0BD0     		beq	.L33
 313:Drivers/STM32F4xx_HAL_Driver/Src/stm32f4xx_ll_usart.c ****     {
 442              		.loc 1 313 10 is_stmt 1 view .LVU108
 313:Drivers/STM32F4xx_HAL_Driver/Src/stm32f4xx_ll_usart.c ****     {
 443              		.loc 1 313 13 is_stmt 0 view .LVU109
 444 005a 0E4B     		ldr	r3, .L36+8
 445 005c 9C42     		cmp	r4, r3
 446 005e 0AD0     		beq	.L34
 250:Drivers/STM32F4xx_HAL_Driver/Src/stm32f4xx_ll_usart.c ****   uint32_t periphclk = LL_RCC_PERIPH_FREQUENCY_NO;
 447              		.loc 1 250 15 view .LVU110
 448 0060 0120     		movs	r0, #1
 449              	.LVL39:
 450              	.L19:
 373:Drivers/STM32F4xx_HAL_Driver/Src/stm32f4xx_ll_usart.c ****     }
 451              		.loc 1 373 7 is_stmt 1 view .LVU111
 378:Drivers/STM32F4xx_HAL_Driver/Src/stm32f4xx_ll_usart.c **** }
 452              		.loc 1 378 3 view .LVU112
 453              		.loc 1 379 1 is_stmt 0 view .LVU113
 454 0062 05B0     		add	sp, sp, #20
 455              	.LCFI3:
 456              		.cfi_remember_state
 457              		.cfi_def_cfa_offset 12
 458              		@ sp needed
 459 0064 30BD     		pop	{r4, r5, pc}
ARM GAS  C:\Users\chris\AppData\Local\Temp\ccpkeIoa.s 			page 69


 460              	.LVL40:
 461              	.L32:
 462              	.LCFI4:
 463              		.cfi_restore_state
 300:Drivers/STM32F4xx_HAL_Driver/Src/stm32f4xx_ll_usart.c ****     }
 464              		.loc 1 300 7 is_stmt 1 view .LVU114
 300:Drivers/STM32F4xx_HAL_Driver/Src/stm32f4xx_ll_usart.c ****     }
 465              		.loc 1 300 17 is_stmt 0 view .LVU115
 466 0066 0399     		ldr	r1, [sp, #12]
 467              	.LVL41:
 468              	.L21:
 357:Drivers/STM32F4xx_HAL_Driver/Src/stm32f4xx_ll_usart.c **** 
 469              		.loc 1 357 5 is_stmt 1 view .LVU116
 363:Drivers/STM32F4xx_HAL_Driver/Src/stm32f4xx_ll_usart.c ****         && (USART_InitStruct->BaudRate != 0U))
 470              		.loc 1 363 5 view .LVU117
 363:Drivers/STM32F4xx_HAL_Driver/Src/stm32f4xx_ll_usart.c ****         && (USART_InitStruct->BaudRate != 0U))
 471              		.loc 1 363 8 is_stmt 0 view .LVU118
 472 0068 69B1     		cbz	r1, .L25
 364:Drivers/STM32F4xx_HAL_Driver/Src/stm32f4xx_ll_usart.c ****     {
 473              		.loc 1 364 29 view .LVU119
 474 006a 2B68     		ldr	r3, [r5]
 364:Drivers/STM32F4xx_HAL_Driver/Src/stm32f4xx_ll_usart.c ****     {
 475              		.loc 1 364 9 view .LVU120
 476 006c 2BB9     		cbnz	r3, .L35
 250:Drivers/STM32F4xx_HAL_Driver/Src/stm32f4xx_ll_usart.c ****   uint32_t periphclk = LL_RCC_PERIPH_FREQUENCY_NO;
 477              		.loc 1 250 15 view .LVU121
 478 006e 0120     		movs	r0, #1
 479 0070 F7E7     		b	.L19
 480              	.LVL42:
 481              	.L33:
 304:Drivers/STM32F4xx_HAL_Driver/Src/stm32f4xx_ll_usart.c ****     }
 482              		.loc 1 304 7 is_stmt 1 view .LVU122
 304:Drivers/STM32F4xx_HAL_Driver/Src/stm32f4xx_ll_usart.c ****     }
 483              		.loc 1 304 17 is_stmt 0 view .LVU123
 484 0072 0299     		ldr	r1, [sp, #8]
 485              	.LVL43:
 304:Drivers/STM32F4xx_HAL_Driver/Src/stm32f4xx_ll_usart.c ****     }
 486              		.loc 1 304 17 view .LVU124
 487 0074 F8E7     		b	.L21
 488              	.LVL44:
 489              	.L34:
 315:Drivers/STM32F4xx_HAL_Driver/Src/stm32f4xx_ll_usart.c ****     }
 490              		.loc 1 315 7 is_stmt 1 view .LVU125
 315:Drivers/STM32F4xx_HAL_Driver/Src/stm32f4xx_ll_usart.c ****     }
 491              		.loc 1 315 17 is_stmt 0 view .LVU126
 492 0076 0399     		ldr	r1, [sp, #12]
 493              	.LVL45:
 315:Drivers/STM32F4xx_HAL_Driver/Src/stm32f4xx_ll_usart.c ****     }
 494              		.loc 1 315 17 view .LVU127
 495 0078 F6E7     		b	.L21
 496              	.L35:
 366:Drivers/STM32F4xx_HAL_Driver/Src/stm32f4xx_ll_usart.c ****       LL_USART_SetBaudRate(USARTx,
 497              		.loc 1 366 7 is_stmt 1 view .LVU128
 498              	.LVL46:
 367:Drivers/STM32F4xx_HAL_Driver/Src/stm32f4xx_ll_usart.c ****                            periphclk,
 499              		.loc 1 367 7 view .LVU129
 500 007a AA69     		ldr	r2, [r5, #24]
ARM GAS  C:\Users\chris\AppData\Local\Temp\ccpkeIoa.s 			page 70


 501 007c 2046     		mov	r0, r4
 502 007e FFF7FEFF 		bl	LL_USART_SetBaudRate
 503              	.LVL47:
 366:Drivers/STM32F4xx_HAL_Driver/Src/stm32f4xx_ll_usart.c ****       LL_USART_SetBaudRate(USARTx,
 504              		.loc 1 366 14 is_stmt 0 view .LVU130
 505 0082 0020     		movs	r0, #0
 506 0084 EDE7     		b	.L19
 507              	.LVL48:
 508              	.L25:
 250:Drivers/STM32F4xx_HAL_Driver/Src/stm32f4xx_ll_usart.c ****   uint32_t periphclk = LL_RCC_PERIPH_FREQUENCY_NO;
 509              		.loc 1 250 15 view .LVU131
 510 0086 0120     		movs	r0, #1
 511 0088 EBE7     		b	.L19
 512              	.L37:
 513 008a 00BF     		.align	2
 514              	.L36:
 515 008c 00100140 		.word	1073811456
 516 0090 00440040 		.word	1073759232
 517 0094 00140140 		.word	1073812480
 518              		.cfi_endproc
 519              	.LFE404:
 521              		.section	.text.LL_USART_StructInit,"ax",%progbits
 522              		.align	1
 523              		.global	LL_USART_StructInit
 524              		.syntax unified
 525              		.thumb
 526              		.thumb_func
 528              	LL_USART_StructInit:
 529              	.LVL49:
 530              	.LFB405:
 380:Drivers/STM32F4xx_HAL_Driver/Src/stm32f4xx_ll_usart.c **** 
 381:Drivers/STM32F4xx_HAL_Driver/Src/stm32f4xx_ll_usart.c **** /**
 382:Drivers/STM32F4xx_HAL_Driver/Src/stm32f4xx_ll_usart.c ****   * @brief Set each @ref LL_USART_InitTypeDef field to default value.
 383:Drivers/STM32F4xx_HAL_Driver/Src/stm32f4xx_ll_usart.c ****   * @param USART_InitStruct Pointer to a @ref LL_USART_InitTypeDef structure
 384:Drivers/STM32F4xx_HAL_Driver/Src/stm32f4xx_ll_usart.c ****   *                         whose fields will be set to default values.
 385:Drivers/STM32F4xx_HAL_Driver/Src/stm32f4xx_ll_usart.c ****   * @retval None
 386:Drivers/STM32F4xx_HAL_Driver/Src/stm32f4xx_ll_usart.c ****   */
 387:Drivers/STM32F4xx_HAL_Driver/Src/stm32f4xx_ll_usart.c **** 
 388:Drivers/STM32F4xx_HAL_Driver/Src/stm32f4xx_ll_usart.c **** void LL_USART_StructInit(LL_USART_InitTypeDef *USART_InitStruct)
 389:Drivers/STM32F4xx_HAL_Driver/Src/stm32f4xx_ll_usart.c **** {
 531              		.loc 1 389 1 is_stmt 1 view -0
 532              		.cfi_startproc
 533              		@ args = 0, pretend = 0, frame = 0
 534              		@ frame_needed = 0, uses_anonymous_args = 0
 535              		@ link register save eliminated.
 390:Drivers/STM32F4xx_HAL_Driver/Src/stm32f4xx_ll_usart.c ****   /* Set USART_InitStruct fields to default values */
 391:Drivers/STM32F4xx_HAL_Driver/Src/stm32f4xx_ll_usart.c ****   USART_InitStruct->BaudRate            = 9600U;
 536              		.loc 1 391 3 view .LVU133
 537              		.loc 1 391 41 is_stmt 0 view .LVU134
 538 0000 4FF41653 		mov	r3, #9600
 539 0004 0360     		str	r3, [r0]
 392:Drivers/STM32F4xx_HAL_Driver/Src/stm32f4xx_ll_usart.c ****   USART_InitStruct->DataWidth           = LL_USART_DATAWIDTH_8B;
 540              		.loc 1 392 3 is_stmt 1 view .LVU135
 541              		.loc 1 392 41 is_stmt 0 view .LVU136
 542 0006 0023     		movs	r3, #0
 543 0008 4360     		str	r3, [r0, #4]
 393:Drivers/STM32F4xx_HAL_Driver/Src/stm32f4xx_ll_usart.c ****   USART_InitStruct->StopBits            = LL_USART_STOPBITS_1;
ARM GAS  C:\Users\chris\AppData\Local\Temp\ccpkeIoa.s 			page 71


 544              		.loc 1 393 3 is_stmt 1 view .LVU137
 545              		.loc 1 393 41 is_stmt 0 view .LVU138
 546 000a 8360     		str	r3, [r0, #8]
 394:Drivers/STM32F4xx_HAL_Driver/Src/stm32f4xx_ll_usart.c ****   USART_InitStruct->Parity              = LL_USART_PARITY_NONE ;
 547              		.loc 1 394 3 is_stmt 1 view .LVU139
 548              		.loc 1 394 41 is_stmt 0 view .LVU140
 549 000c C360     		str	r3, [r0, #12]
 395:Drivers/STM32F4xx_HAL_Driver/Src/stm32f4xx_ll_usart.c ****   USART_InitStruct->TransferDirection   = LL_USART_DIRECTION_TX_RX;
 550              		.loc 1 395 3 is_stmt 1 view .LVU141
 551              		.loc 1 395 41 is_stmt 0 view .LVU142
 552 000e 0C22     		movs	r2, #12
 553 0010 0261     		str	r2, [r0, #16]
 396:Drivers/STM32F4xx_HAL_Driver/Src/stm32f4xx_ll_usart.c ****   USART_InitStruct->HardwareFlowControl = LL_USART_HWCONTROL_NONE;
 554              		.loc 1 396 3 is_stmt 1 view .LVU143
 555              		.loc 1 396 41 is_stmt 0 view .LVU144
 556 0012 4361     		str	r3, [r0, #20]
 397:Drivers/STM32F4xx_HAL_Driver/Src/stm32f4xx_ll_usart.c ****   USART_InitStruct->OverSampling        = LL_USART_OVERSAMPLING_16;
 557              		.loc 1 397 3 is_stmt 1 view .LVU145
 558              		.loc 1 397 41 is_stmt 0 view .LVU146
 559 0014 8361     		str	r3, [r0, #24]
 398:Drivers/STM32F4xx_HAL_Driver/Src/stm32f4xx_ll_usart.c **** }
 560              		.loc 1 398 1 view .LVU147
 561 0016 7047     		bx	lr
 562              		.cfi_endproc
 563              	.LFE405:
 565              		.section	.text.LL_USART_ClockInit,"ax",%progbits
 566              		.align	1
 567              		.global	LL_USART_ClockInit
 568              		.syntax unified
 569              		.thumb
 570              		.thumb_func
 572              	LL_USART_ClockInit:
 573              	.LVL50:
 574              	.LFB406:
 399:Drivers/STM32F4xx_HAL_Driver/Src/stm32f4xx_ll_usart.c **** 
 400:Drivers/STM32F4xx_HAL_Driver/Src/stm32f4xx_ll_usart.c **** /**
 401:Drivers/STM32F4xx_HAL_Driver/Src/stm32f4xx_ll_usart.c ****   * @brief  Initialize USART Clock related settings according to the
 402:Drivers/STM32F4xx_HAL_Driver/Src/stm32f4xx_ll_usart.c ****   *         specified parameters in the USART_ClockInitStruct.
 403:Drivers/STM32F4xx_HAL_Driver/Src/stm32f4xx_ll_usart.c ****   * @note   As some bits in USART configuration registers can only be written when the USART is dis
 404:Drivers/STM32F4xx_HAL_Driver/Src/stm32f4xx_ll_usart.c ****   *         USART IP should be in disabled state prior calling this function. Otherwise, ERROR resu
 405:Drivers/STM32F4xx_HAL_Driver/Src/stm32f4xx_ll_usart.c ****   * @param  USARTx USART Instance
 406:Drivers/STM32F4xx_HAL_Driver/Src/stm32f4xx_ll_usart.c ****   * @param  USART_ClockInitStruct Pointer to a @ref LL_USART_ClockInitTypeDef structure
 407:Drivers/STM32F4xx_HAL_Driver/Src/stm32f4xx_ll_usart.c ****   *         that contains the Clock configuration information for the specified USART peripheral.
 408:Drivers/STM32F4xx_HAL_Driver/Src/stm32f4xx_ll_usart.c ****   * @retval An ErrorStatus enumeration value:
 409:Drivers/STM32F4xx_HAL_Driver/Src/stm32f4xx_ll_usart.c ****   *          - SUCCESS: USART registers related to Clock settings are initialized according to USAR
 410:Drivers/STM32F4xx_HAL_Driver/Src/stm32f4xx_ll_usart.c ****   *          - ERROR: Problem occurred during USART Registers initialization
 411:Drivers/STM32F4xx_HAL_Driver/Src/stm32f4xx_ll_usart.c ****   */
 412:Drivers/STM32F4xx_HAL_Driver/Src/stm32f4xx_ll_usart.c **** ErrorStatus LL_USART_ClockInit(USART_TypeDef *USARTx, const LL_USART_ClockInitTypeDef *USART_ClockI
 413:Drivers/STM32F4xx_HAL_Driver/Src/stm32f4xx_ll_usart.c **** {
 575              		.loc 1 413 1 is_stmt 1 view -0
 576              		.cfi_startproc
 577              		@ args = 0, pretend = 0, frame = 0
 578              		@ frame_needed = 0, uses_anonymous_args = 0
 579              		@ link register save eliminated.
 414:Drivers/STM32F4xx_HAL_Driver/Src/stm32f4xx_ll_usart.c ****   ErrorStatus status = SUCCESS;
 580              		.loc 1 414 3 view .LVU149
 415:Drivers/STM32F4xx_HAL_Driver/Src/stm32f4xx_ll_usart.c **** 
ARM GAS  C:\Users\chris\AppData\Local\Temp\ccpkeIoa.s 			page 72


 416:Drivers/STM32F4xx_HAL_Driver/Src/stm32f4xx_ll_usart.c ****   /* Check USART Instance and Clock signal output parameters */
 417:Drivers/STM32F4xx_HAL_Driver/Src/stm32f4xx_ll_usart.c ****   assert_param(IS_UART_INSTANCE(USARTx));
 581              		.loc 1 417 3 view .LVU150
 418:Drivers/STM32F4xx_HAL_Driver/Src/stm32f4xx_ll_usart.c ****   assert_param(IS_LL_USART_CLOCKOUTPUT(USART_ClockInitStruct->ClockOutput));
 582              		.loc 1 418 3 view .LVU151
 419:Drivers/STM32F4xx_HAL_Driver/Src/stm32f4xx_ll_usart.c **** 
 420:Drivers/STM32F4xx_HAL_Driver/Src/stm32f4xx_ll_usart.c ****   /* USART needs to be in disabled state, in order to be able to configure some bits in
 421:Drivers/STM32F4xx_HAL_Driver/Src/stm32f4xx_ll_usart.c ****      CRx registers */
 422:Drivers/STM32F4xx_HAL_Driver/Src/stm32f4xx_ll_usart.c ****   if (LL_USART_IsEnabled(USARTx) == 0U)
 583              		.loc 1 422 3 view .LVU152
 584              	.LBB48:
 585              	.LBI48:
 435:Drivers/STM32F4xx_HAL_Driver/Inc/stm32f4xx_ll_usart.h **** {
 586              		.loc 2 435 26 view .LVU153
 587              	.LBB49:
 437:Drivers/STM32F4xx_HAL_Driver/Inc/stm32f4xx_ll_usart.h **** }
 588              		.loc 2 437 3 view .LVU154
 437:Drivers/STM32F4xx_HAL_Driver/Inc/stm32f4xx_ll_usart.h **** }
 589              		.loc 2 437 11 is_stmt 0 view .LVU155
 590 0000 C368     		ldr	r3, [r0, #12]
 591              	.LVL51:
 437:Drivers/STM32F4xx_HAL_Driver/Inc/stm32f4xx_ll_usart.h **** }
 592              		.loc 2 437 11 view .LVU156
 593              	.LBE49:
 594              	.LBE48:
 595              		.loc 1 422 6 discriminator 1 view .LVU157
 596 0002 13F4005F 		tst	r3, #8192
 597 0006 18D1     		bne	.L42
 423:Drivers/STM32F4xx_HAL_Driver/Src/stm32f4xx_ll_usart.c ****   {
 424:Drivers/STM32F4xx_HAL_Driver/Src/stm32f4xx_ll_usart.c ****     /*---------------------------- USART CR2 Configuration -----------------------*/
 425:Drivers/STM32F4xx_HAL_Driver/Src/stm32f4xx_ll_usart.c ****     /* If Clock signal has to be output */
 426:Drivers/STM32F4xx_HAL_Driver/Src/stm32f4xx_ll_usart.c ****     if (USART_ClockInitStruct->ClockOutput == LL_USART_CLOCK_DISABLE)
 598              		.loc 1 426 5 is_stmt 1 view .LVU158
 599              		.loc 1 426 30 is_stmt 0 view .LVU159
 600 0008 0B68     		ldr	r3, [r1]
 601              		.loc 1 426 8 view .LVU160
 602 000a 2BB9     		cbnz	r3, .L41
 427:Drivers/STM32F4xx_HAL_Driver/Src/stm32f4xx_ll_usart.c ****     {
 428:Drivers/STM32F4xx_HAL_Driver/Src/stm32f4xx_ll_usart.c ****       /* Deactivate Clock signal delivery :
 429:Drivers/STM32F4xx_HAL_Driver/Src/stm32f4xx_ll_usart.c ****        * - Disable Clock Output:        USART_CR2_CLKEN cleared
 430:Drivers/STM32F4xx_HAL_Driver/Src/stm32f4xx_ll_usart.c ****        */
 431:Drivers/STM32F4xx_HAL_Driver/Src/stm32f4xx_ll_usart.c ****       LL_USART_DisableSCLKOutput(USARTx);
 603              		.loc 1 431 7 is_stmt 1 view .LVU161
 604              	.LVL52:
 605              	.LBB50:
 606              	.LBI50:
 776:Drivers/STM32F4xx_HAL_Driver/Inc/stm32f4xx_ll_usart.h **** {
 607              		.loc 2 776 22 view .LVU162
 608              	.LBB51:
 778:Drivers/STM32F4xx_HAL_Driver/Inc/stm32f4xx_ll_usart.h **** }
 609              		.loc 2 778 3 view .LVU163
 610 000c 0369     		ldr	r3, [r0, #16]
 611 000e 23F40063 		bic	r3, r3, #2048
 612 0012 0361     		str	r3, [r0, #16]
 613              	.LVL53:
 778:Drivers/STM32F4xx_HAL_Driver/Inc/stm32f4xx_ll_usart.h **** }
 614              		.loc 2 778 3 is_stmt 0 view .LVU164
ARM GAS  C:\Users\chris\AppData\Local\Temp\ccpkeIoa.s 			page 73


 615              	.LBE51:
 616              	.LBE50:
 414:Drivers/STM32F4xx_HAL_Driver/Src/stm32f4xx_ll_usart.c **** 
 617              		.loc 1 414 15 view .LVU165
 618 0014 0020     		movs	r0, #0
 619              	.LVL54:
 620              	.LBB53:
 621              	.LBB52:
 779:Drivers/STM32F4xx_HAL_Driver/Inc/stm32f4xx_ll_usart.h **** 
 622              		.loc 2 779 1 view .LVU166
 623 0016 7047     		bx	lr
 624              	.LVL55:
 625              	.L41:
 779:Drivers/STM32F4xx_HAL_Driver/Inc/stm32f4xx_ll_usart.h **** 
 626              		.loc 2 779 1 view .LVU167
 627              	.LBE52:
 628              	.LBE53:
 413:Drivers/STM32F4xx_HAL_Driver/Src/stm32f4xx_ll_usart.c ****   ErrorStatus status = SUCCESS;
 629              		.loc 1 413 1 view .LVU168
 630 0018 10B4     		push	{r4}
 631              	.LCFI5:
 632              		.cfi_def_cfa_offset 4
 633              		.cfi_offset 4, -4
 432:Drivers/STM32F4xx_HAL_Driver/Src/stm32f4xx_ll_usart.c ****     }
 433:Drivers/STM32F4xx_HAL_Driver/Src/stm32f4xx_ll_usart.c ****     else
 434:Drivers/STM32F4xx_HAL_Driver/Src/stm32f4xx_ll_usart.c ****     {
 435:Drivers/STM32F4xx_HAL_Driver/Src/stm32f4xx_ll_usart.c ****       /* Ensure USART instance is USART capable */
 436:Drivers/STM32F4xx_HAL_Driver/Src/stm32f4xx_ll_usart.c ****       assert_param(IS_USART_INSTANCE(USARTx));
 634              		.loc 1 436 7 is_stmt 1 view .LVU169
 437:Drivers/STM32F4xx_HAL_Driver/Src/stm32f4xx_ll_usart.c **** 
 438:Drivers/STM32F4xx_HAL_Driver/Src/stm32f4xx_ll_usart.c ****       /* Check clock related parameters */
 439:Drivers/STM32F4xx_HAL_Driver/Src/stm32f4xx_ll_usart.c ****       assert_param(IS_LL_USART_CLOCKPOLARITY(USART_ClockInitStruct->ClockPolarity));
 635              		.loc 1 439 7 view .LVU170
 440:Drivers/STM32F4xx_HAL_Driver/Src/stm32f4xx_ll_usart.c ****       assert_param(IS_LL_USART_CLOCKPHASE(USART_ClockInitStruct->ClockPhase));
 636              		.loc 1 440 7 view .LVU171
 441:Drivers/STM32F4xx_HAL_Driver/Src/stm32f4xx_ll_usart.c ****       assert_param(IS_LL_USART_LASTBITCLKOUTPUT(USART_ClockInitStruct->LastBitClockPulse));
 637              		.loc 1 441 7 view .LVU172
 442:Drivers/STM32F4xx_HAL_Driver/Src/stm32f4xx_ll_usart.c **** 
 443:Drivers/STM32F4xx_HAL_Driver/Src/stm32f4xx_ll_usart.c ****       /*---------------------------- USART CR2 Configuration -----------------------
 444:Drivers/STM32F4xx_HAL_Driver/Src/stm32f4xx_ll_usart.c ****        * Configure USARTx CR2 (Clock signal related bits) with parameters:
 445:Drivers/STM32F4xx_HAL_Driver/Src/stm32f4xx_ll_usart.c ****        * - Enable Clock Output:         USART_CR2_CLKEN set
 446:Drivers/STM32F4xx_HAL_Driver/Src/stm32f4xx_ll_usart.c ****        * - Clock Polarity:              USART_CR2_CPOL bit according to USART_ClockInitStruct->Cloc
 447:Drivers/STM32F4xx_HAL_Driver/Src/stm32f4xx_ll_usart.c ****        * - Clock Phase:                 USART_CR2_CPHA bit according to USART_ClockInitStruct->Cloc
 448:Drivers/STM32F4xx_HAL_Driver/Src/stm32f4xx_ll_usart.c ****        * - Last Bit Clock Pulse Output: USART_CR2_LBCL bit according to USART_ClockInitStruct->Last
 449:Drivers/STM32F4xx_HAL_Driver/Src/stm32f4xx_ll_usart.c ****        */
 450:Drivers/STM32F4xx_HAL_Driver/Src/stm32f4xx_ll_usart.c ****       MODIFY_REG(USARTx->CR2,
 638              		.loc 1 450 7 view .LVU173
 639 001a 0369     		ldr	r3, [r0, #16]
 640 001c 23F47063 		bic	r3, r3, #3840
 641 0020 4A68     		ldr	r2, [r1, #4]
 642 0022 8C68     		ldr	r4, [r1, #8]
 643 0024 2243     		orrs	r2, r2, r4
 644 0026 C968     		ldr	r1, [r1, #12]
 645              	.LVL56:
 646              		.loc 1 450 7 is_stmt 0 view .LVU174
 647 0028 0A43     		orrs	r2, r2, r1
 648 002a 1343     		orrs	r3, r3, r2
ARM GAS  C:\Users\chris\AppData\Local\Temp\ccpkeIoa.s 			page 74


 649 002c 43F40063 		orr	r3, r3, #2048
 650 0030 0361     		str	r3, [r0, #16]
 414:Drivers/STM32F4xx_HAL_Driver/Src/stm32f4xx_ll_usart.c **** 
 651              		.loc 1 414 15 view .LVU175
 652 0032 0020     		movs	r0, #0
 653              	.LVL57:
 451:Drivers/STM32F4xx_HAL_Driver/Src/stm32f4xx_ll_usart.c ****                  USART_CR2_CLKEN | USART_CR2_CPHA | USART_CR2_CPOL | USART_CR2_LBCL,
 452:Drivers/STM32F4xx_HAL_Driver/Src/stm32f4xx_ll_usart.c ****                  USART_CR2_CLKEN | USART_ClockInitStruct->ClockPolarity |
 453:Drivers/STM32F4xx_HAL_Driver/Src/stm32f4xx_ll_usart.c ****                  USART_ClockInitStruct->ClockPhase | USART_ClockInitStruct->LastBitClockPulse);
 454:Drivers/STM32F4xx_HAL_Driver/Src/stm32f4xx_ll_usart.c ****     }
 455:Drivers/STM32F4xx_HAL_Driver/Src/stm32f4xx_ll_usart.c ****   }
 456:Drivers/STM32F4xx_HAL_Driver/Src/stm32f4xx_ll_usart.c ****   /* Else (USART not in Disabled state => return ERROR */
 457:Drivers/STM32F4xx_HAL_Driver/Src/stm32f4xx_ll_usart.c ****   else
 458:Drivers/STM32F4xx_HAL_Driver/Src/stm32f4xx_ll_usart.c ****   {
 459:Drivers/STM32F4xx_HAL_Driver/Src/stm32f4xx_ll_usart.c ****     status = ERROR;
 460:Drivers/STM32F4xx_HAL_Driver/Src/stm32f4xx_ll_usart.c ****   }
 461:Drivers/STM32F4xx_HAL_Driver/Src/stm32f4xx_ll_usart.c **** 
 462:Drivers/STM32F4xx_HAL_Driver/Src/stm32f4xx_ll_usart.c ****   return (status);
 654              		.loc 1 462 3 is_stmt 1 view .LVU176
 463:Drivers/STM32F4xx_HAL_Driver/Src/stm32f4xx_ll_usart.c **** }
 655              		.loc 1 463 1 is_stmt 0 view .LVU177
 656 0034 5DF8044B 		ldr	r4, [sp], #4
 657              	.LCFI6:
 658              		.cfi_restore 4
 659              		.cfi_def_cfa_offset 0
 660 0038 7047     		bx	lr
 661              	.LVL58:
 662              	.L42:
 459:Drivers/STM32F4xx_HAL_Driver/Src/stm32f4xx_ll_usart.c ****   }
 663              		.loc 1 459 12 view .LVU178
 664 003a 0120     		movs	r0, #1
 665              	.LVL59:
 462:Drivers/STM32F4xx_HAL_Driver/Src/stm32f4xx_ll_usart.c **** }
 666              		.loc 1 462 3 is_stmt 1 view .LVU179
 667              		.loc 1 463 1 is_stmt 0 view .LVU180
 668 003c 7047     		bx	lr
 669              		.cfi_endproc
 670              	.LFE406:
 672              		.section	.text.LL_USART_ClockStructInit,"ax",%progbits
 673              		.align	1
 674              		.global	LL_USART_ClockStructInit
 675              		.syntax unified
 676              		.thumb
 677              		.thumb_func
 679              	LL_USART_ClockStructInit:
 680              	.LVL60:
 681              	.LFB407:
 464:Drivers/STM32F4xx_HAL_Driver/Src/stm32f4xx_ll_usart.c **** 
 465:Drivers/STM32F4xx_HAL_Driver/Src/stm32f4xx_ll_usart.c **** /**
 466:Drivers/STM32F4xx_HAL_Driver/Src/stm32f4xx_ll_usart.c ****   * @brief Set each field of a @ref LL_USART_ClockInitTypeDef type structure to default value.
 467:Drivers/STM32F4xx_HAL_Driver/Src/stm32f4xx_ll_usart.c ****   * @param USART_ClockInitStruct Pointer to a @ref LL_USART_ClockInitTypeDef structure
 468:Drivers/STM32F4xx_HAL_Driver/Src/stm32f4xx_ll_usart.c ****   *                              whose fields will be set to default values.
 469:Drivers/STM32F4xx_HAL_Driver/Src/stm32f4xx_ll_usart.c ****   * @retval None
 470:Drivers/STM32F4xx_HAL_Driver/Src/stm32f4xx_ll_usart.c ****   */
 471:Drivers/STM32F4xx_HAL_Driver/Src/stm32f4xx_ll_usart.c **** void LL_USART_ClockStructInit(LL_USART_ClockInitTypeDef *USART_ClockInitStruct)
 472:Drivers/STM32F4xx_HAL_Driver/Src/stm32f4xx_ll_usart.c **** {
 682              		.loc 1 472 1 is_stmt 1 view -0
ARM GAS  C:\Users\chris\AppData\Local\Temp\ccpkeIoa.s 			page 75


 683              		.cfi_startproc
 684              		@ args = 0, pretend = 0, frame = 0
 685              		@ frame_needed = 0, uses_anonymous_args = 0
 686              		@ link register save eliminated.
 473:Drivers/STM32F4xx_HAL_Driver/Src/stm32f4xx_ll_usart.c ****   /* Set LL_USART_ClockInitStruct fields with default values */
 474:Drivers/STM32F4xx_HAL_Driver/Src/stm32f4xx_ll_usart.c ****   USART_ClockInitStruct->ClockOutput       = LL_USART_CLOCK_DISABLE;
 687              		.loc 1 474 3 view .LVU182
 688              		.loc 1 474 44 is_stmt 0 view .LVU183
 689 0000 0023     		movs	r3, #0
 690 0002 0360     		str	r3, [r0]
 475:Drivers/STM32F4xx_HAL_Driver/Src/stm32f4xx_ll_usart.c ****   USART_ClockInitStruct->ClockPolarity     = LL_USART_POLARITY_LOW;            /* Not relevant when
 691              		.loc 1 475 3 is_stmt 1 view .LVU184
 692              		.loc 1 475 44 is_stmt 0 view .LVU185
 693 0004 4360     		str	r3, [r0, #4]
 476:Drivers/STM32F4xx_HAL_Driver/Src/stm32f4xx_ll_usart.c ****   USART_ClockInitStruct->ClockPhase        = LL_USART_PHASE_1EDGE;             /* Not relevant when
 694              		.loc 1 476 3 is_stmt 1 view .LVU186
 695              		.loc 1 476 44 is_stmt 0 view .LVU187
 696 0006 8360     		str	r3, [r0, #8]
 477:Drivers/STM32F4xx_HAL_Driver/Src/stm32f4xx_ll_usart.c ****   USART_ClockInitStruct->LastBitClockPulse = LL_USART_LASTCLKPULSE_NO_OUTPUT;  /* Not relevant when
 697              		.loc 1 477 3 is_stmt 1 view .LVU188
 698              		.loc 1 477 44 is_stmt 0 view .LVU189
 699 0008 C360     		str	r3, [r0, #12]
 478:Drivers/STM32F4xx_HAL_Driver/Src/stm32f4xx_ll_usart.c **** }
 700              		.loc 1 478 1 view .LVU190
 701 000a 7047     		bx	lr
 702              		.cfi_endproc
 703              	.LFE407:
 705              		.text
 706              	.Letext0:
 707              		.file 4 "c:\\ST\\STM32CubeCLT_1.20.0\\GNU-tools-for-STM32\\bin\\../lib/gcc/arm-none-eabi/13.3.1/..
 708              		.file 5 "c:\\ST\\STM32CubeCLT_1.20.0\\GNU-tools-for-STM32\\bin\\../lib/gcc/arm-none-eabi/13.3.1/..
 709              		.file 6 "Drivers/CMSIS/Device/ST/STM32F4xx/Include/stm32f401xe.h"
 710              		.file 7 "Drivers/CMSIS/Device/ST/STM32F4xx/Include/stm32f4xx.h"
 711              		.file 8 "Drivers/STM32F4xx_HAL_Driver/Inc/stm32f4xx_ll_rcc.h"
ARM GAS  C:\Users\chris\AppData\Local\Temp\ccpkeIoa.s 			page 76


DEFINED SYMBOLS
                            *ABS*:00000000 stm32f4xx_ll_usart.c
C:\Users\chris\AppData\Local\Temp\ccpkeIoa.s:22     .text.LL_USART_SetBaudRate:00000000 $t
C:\Users\chris\AppData\Local\Temp\ccpkeIoa.s:27     .text.LL_USART_SetBaudRate:00000000 LL_USART_SetBaudRate
C:\Users\chris\AppData\Local\Temp\ccpkeIoa.s:144    .text.LL_USART_SetBaudRate:000000c8 $d
C:\Users\chris\AppData\Local\Temp\ccpkeIoa.s:149    .text.LL_USART_DeInit:00000000 $t
C:\Users\chris\AppData\Local\Temp\ccpkeIoa.s:155    .text.LL_USART_DeInit:00000000 LL_USART_DeInit
C:\Users\chris\AppData\Local\Temp\ccpkeIoa.s:304    .text.LL_USART_DeInit:00000060 $d
C:\Users\chris\AppData\Local\Temp\ccpkeIoa.s:313    .text.LL_USART_Init:00000000 $t
C:\Users\chris\AppData\Local\Temp\ccpkeIoa.s:319    .text.LL_USART_Init:00000000 LL_USART_Init
C:\Users\chris\AppData\Local\Temp\ccpkeIoa.s:515    .text.LL_USART_Init:0000008c $d
C:\Users\chris\AppData\Local\Temp\ccpkeIoa.s:522    .text.LL_USART_StructInit:00000000 $t
C:\Users\chris\AppData\Local\Temp\ccpkeIoa.s:528    .text.LL_USART_StructInit:00000000 LL_USART_StructInit
C:\Users\chris\AppData\Local\Temp\ccpkeIoa.s:566    .text.LL_USART_ClockInit:00000000 $t
C:\Users\chris\AppData\Local\Temp\ccpkeIoa.s:572    .text.LL_USART_ClockInit:00000000 LL_USART_ClockInit
C:\Users\chris\AppData\Local\Temp\ccpkeIoa.s:673    .text.LL_USART_ClockStructInit:00000000 $t
C:\Users\chris\AppData\Local\Temp\ccpkeIoa.s:679    .text.LL_USART_ClockStructInit:00000000 LL_USART_ClockStructInit

UNDEFINED SYMBOLS
__aeabi_uldivmod
LL_RCC_GetSystemClocksFreq
