ARM GAS  C:\Users\chris\AppData\Local\Temp\ccsULun0.s 			page 1


   1              		.cpu cortex-m4
   2              		.arch armv7e-m
   3              		.fpu fpv4-sp-d16
   4              		.eabi_attribute 27, 1
   5              		.eabi_attribute 28, 1
   6              		.eabi_attribute 20, 1
   7              		.eabi_attribute 21, 1
   8              		.eabi_attribute 23, 3
   9              		.eabi_attribute 24, 1
  10              		.eabi_attribute 25, 1
  11              		.eabi_attribute 26, 1
  12              		.eabi_attribute 30, 1
  13              		.eabi_attribute 34, 1
  14              		.eabi_attribute 18, 4
  15              		.file	"stm32f4xx_ll_spi.c"
  16              		.text
  17              	.Ltext0:
  18              		.cfi_sections	.debug_frame
  19              		.file 1 "Drivers/STM32F4xx_HAL_Driver/Src/stm32f4xx_ll_spi.c"
  20              		.section	.text.LL_SPI_DeInit,"ax",%progbits
  21              		.align	1
  22              		.global	LL_SPI_DeInit
  23              		.syntax unified
  24              		.thumb
  25              		.thumb_func
  27              	LL_SPI_DeInit:
  28              	.LVL0:
  29              	.LFB374:
   1:Drivers/STM32F4xx_HAL_Driver/Src/stm32f4xx_ll_spi.c **** /**
   2:Drivers/STM32F4xx_HAL_Driver/Src/stm32f4xx_ll_spi.c ****   ******************************************************************************
   3:Drivers/STM32F4xx_HAL_Driver/Src/stm32f4xx_ll_spi.c ****   * @file    stm32f4xx_ll_spi.c
   4:Drivers/STM32F4xx_HAL_Driver/Src/stm32f4xx_ll_spi.c ****   * @author  MCD Application Team
   5:Drivers/STM32F4xx_HAL_Driver/Src/stm32f4xx_ll_spi.c ****   * @brief   SPI LL module driver.
   6:Drivers/STM32F4xx_HAL_Driver/Src/stm32f4xx_ll_spi.c ****   ******************************************************************************
   7:Drivers/STM32F4xx_HAL_Driver/Src/stm32f4xx_ll_spi.c ****   * @attention
   8:Drivers/STM32F4xx_HAL_Driver/Src/stm32f4xx_ll_spi.c ****   *
   9:Drivers/STM32F4xx_HAL_Driver/Src/stm32f4xx_ll_spi.c ****   * Copyright (c) 2016 STMicroelectronics.
  10:Drivers/STM32F4xx_HAL_Driver/Src/stm32f4xx_ll_spi.c ****   * All rights reserved.
  11:Drivers/STM32F4xx_HAL_Driver/Src/stm32f4xx_ll_spi.c ****   *
  12:Drivers/STM32F4xx_HAL_Driver/Src/stm32f4xx_ll_spi.c ****   * This software is licensed under terms that can be found in the LICENSE file
  13:Drivers/STM32F4xx_HAL_Driver/Src/stm32f4xx_ll_spi.c ****   * in the root directory of this software component.
  14:Drivers/STM32F4xx_HAL_Driver/Src/stm32f4xx_ll_spi.c ****   * If no LICENSE file comes with this software, it is provided AS-IS.
  15:Drivers/STM32F4xx_HAL_Driver/Src/stm32f4xx_ll_spi.c ****   *
  16:Drivers/STM32F4xx_HAL_Driver/Src/stm32f4xx_ll_spi.c ****   ******************************************************************************
  17:Drivers/STM32F4xx_HAL_Driver/Src/stm32f4xx_ll_spi.c ****   */
  18:Drivers/STM32F4xx_HAL_Driver/Src/stm32f4xx_ll_spi.c **** #if defined(USE_FULL_LL_DRIVER)
  19:Drivers/STM32F4xx_HAL_Driver/Src/stm32f4xx_ll_spi.c **** 
  20:Drivers/STM32F4xx_HAL_Driver/Src/stm32f4xx_ll_spi.c **** /* Includes ------------------------------------------------------------------*/
  21:Drivers/STM32F4xx_HAL_Driver/Src/stm32f4xx_ll_spi.c **** #include "stm32f4xx_ll_spi.h"
  22:Drivers/STM32F4xx_HAL_Driver/Src/stm32f4xx_ll_spi.c **** #include "stm32f4xx_ll_bus.h"
  23:Drivers/STM32F4xx_HAL_Driver/Src/stm32f4xx_ll_spi.c **** #include "stm32f4xx_ll_rcc.h"
  24:Drivers/STM32F4xx_HAL_Driver/Src/stm32f4xx_ll_spi.c **** 
  25:Drivers/STM32F4xx_HAL_Driver/Src/stm32f4xx_ll_spi.c **** #ifdef  USE_FULL_ASSERT
  26:Drivers/STM32F4xx_HAL_Driver/Src/stm32f4xx_ll_spi.c **** #include "stm32_assert.h"
  27:Drivers/STM32F4xx_HAL_Driver/Src/stm32f4xx_ll_spi.c **** #else
  28:Drivers/STM32F4xx_HAL_Driver/Src/stm32f4xx_ll_spi.c **** #define assert_param(expr) ((void)0U)
  29:Drivers/STM32F4xx_HAL_Driver/Src/stm32f4xx_ll_spi.c **** #endif /* USE_FULL_ASSERT */
ARM GAS  C:\Users\chris\AppData\Local\Temp\ccsULun0.s 			page 2


  30:Drivers/STM32F4xx_HAL_Driver/Src/stm32f4xx_ll_spi.c **** 
  31:Drivers/STM32F4xx_HAL_Driver/Src/stm32f4xx_ll_spi.c **** /** @addtogroup STM32F4xx_LL_Driver
  32:Drivers/STM32F4xx_HAL_Driver/Src/stm32f4xx_ll_spi.c ****   * @{
  33:Drivers/STM32F4xx_HAL_Driver/Src/stm32f4xx_ll_spi.c ****   */
  34:Drivers/STM32F4xx_HAL_Driver/Src/stm32f4xx_ll_spi.c **** 
  35:Drivers/STM32F4xx_HAL_Driver/Src/stm32f4xx_ll_spi.c **** #if defined (SPI1) || defined (SPI2) || defined (SPI3) || defined (SPI4) || defined (SPI5) || defin
  36:Drivers/STM32F4xx_HAL_Driver/Src/stm32f4xx_ll_spi.c **** 
  37:Drivers/STM32F4xx_HAL_Driver/Src/stm32f4xx_ll_spi.c **** /** @addtogroup SPI_LL
  38:Drivers/STM32F4xx_HAL_Driver/Src/stm32f4xx_ll_spi.c ****   * @{
  39:Drivers/STM32F4xx_HAL_Driver/Src/stm32f4xx_ll_spi.c ****   */
  40:Drivers/STM32F4xx_HAL_Driver/Src/stm32f4xx_ll_spi.c **** 
  41:Drivers/STM32F4xx_HAL_Driver/Src/stm32f4xx_ll_spi.c **** /* Private types -------------------------------------------------------------*/
  42:Drivers/STM32F4xx_HAL_Driver/Src/stm32f4xx_ll_spi.c **** /* Private variables ---------------------------------------------------------*/
  43:Drivers/STM32F4xx_HAL_Driver/Src/stm32f4xx_ll_spi.c **** 
  44:Drivers/STM32F4xx_HAL_Driver/Src/stm32f4xx_ll_spi.c **** /* Private constants ---------------------------------------------------------*/
  45:Drivers/STM32F4xx_HAL_Driver/Src/stm32f4xx_ll_spi.c **** /** @defgroup SPI_LL_Private_Constants SPI Private Constants
  46:Drivers/STM32F4xx_HAL_Driver/Src/stm32f4xx_ll_spi.c ****   * @{
  47:Drivers/STM32F4xx_HAL_Driver/Src/stm32f4xx_ll_spi.c ****   */
  48:Drivers/STM32F4xx_HAL_Driver/Src/stm32f4xx_ll_spi.c **** /* SPI registers Masks */
  49:Drivers/STM32F4xx_HAL_Driver/Src/stm32f4xx_ll_spi.c **** #define SPI_CR1_CLEAR_MASK                 (SPI_CR1_CPHA    | SPI_CR1_CPOL     | SPI_CR1_MSTR   | \
  50:Drivers/STM32F4xx_HAL_Driver/Src/stm32f4xx_ll_spi.c ****                                             SPI_CR1_BR      | SPI_CR1_LSBFIRST | SPI_CR1_SSI    | \
  51:Drivers/STM32F4xx_HAL_Driver/Src/stm32f4xx_ll_spi.c ****                                             SPI_CR1_SSM     | SPI_CR1_RXONLY   | SPI_CR1_DFF    | \
  52:Drivers/STM32F4xx_HAL_Driver/Src/stm32f4xx_ll_spi.c ****                                             SPI_CR1_CRCNEXT | SPI_CR1_CRCEN    | SPI_CR1_BIDIOE | \
  53:Drivers/STM32F4xx_HAL_Driver/Src/stm32f4xx_ll_spi.c ****                                             SPI_CR1_BIDIMODE)
  54:Drivers/STM32F4xx_HAL_Driver/Src/stm32f4xx_ll_spi.c **** /**
  55:Drivers/STM32F4xx_HAL_Driver/Src/stm32f4xx_ll_spi.c ****   * @}
  56:Drivers/STM32F4xx_HAL_Driver/Src/stm32f4xx_ll_spi.c ****   */
  57:Drivers/STM32F4xx_HAL_Driver/Src/stm32f4xx_ll_spi.c **** 
  58:Drivers/STM32F4xx_HAL_Driver/Src/stm32f4xx_ll_spi.c **** /* Private macros ------------------------------------------------------------*/
  59:Drivers/STM32F4xx_HAL_Driver/Src/stm32f4xx_ll_spi.c **** /** @defgroup SPI_LL_Private_Macros SPI Private Macros
  60:Drivers/STM32F4xx_HAL_Driver/Src/stm32f4xx_ll_spi.c ****   * @{
  61:Drivers/STM32F4xx_HAL_Driver/Src/stm32f4xx_ll_spi.c ****   */
  62:Drivers/STM32F4xx_HAL_Driver/Src/stm32f4xx_ll_spi.c **** #define IS_LL_SPI_TRANSFER_DIRECTION(__VALUE__) (((__VALUE__) == LL_SPI_FULL_DUPLEX)       \
  63:Drivers/STM32F4xx_HAL_Driver/Src/stm32f4xx_ll_spi.c ****                                                  || ((__VALUE__) == LL_SPI_SIMPLEX_RX)     \
  64:Drivers/STM32F4xx_HAL_Driver/Src/stm32f4xx_ll_spi.c ****                                                  || ((__VALUE__) == LL_SPI_HALF_DUPLEX_RX) \
  65:Drivers/STM32F4xx_HAL_Driver/Src/stm32f4xx_ll_spi.c ****                                                  || ((__VALUE__) == LL_SPI_HALF_DUPLEX_TX))
  66:Drivers/STM32F4xx_HAL_Driver/Src/stm32f4xx_ll_spi.c **** 
  67:Drivers/STM32F4xx_HAL_Driver/Src/stm32f4xx_ll_spi.c **** #define IS_LL_SPI_MODE(__VALUE__) (((__VALUE__) == LL_SPI_MODE_MASTER) \
  68:Drivers/STM32F4xx_HAL_Driver/Src/stm32f4xx_ll_spi.c ****                                    || ((__VALUE__) == LL_SPI_MODE_SLAVE))
  69:Drivers/STM32F4xx_HAL_Driver/Src/stm32f4xx_ll_spi.c **** 
  70:Drivers/STM32F4xx_HAL_Driver/Src/stm32f4xx_ll_spi.c **** #define IS_LL_SPI_DATAWIDTH(__VALUE__) (((__VALUE__) == LL_SPI_DATAWIDTH_8BIT)  \
  71:Drivers/STM32F4xx_HAL_Driver/Src/stm32f4xx_ll_spi.c ****                                         || ((__VALUE__) == LL_SPI_DATAWIDTH_16BIT))
  72:Drivers/STM32F4xx_HAL_Driver/Src/stm32f4xx_ll_spi.c **** 
  73:Drivers/STM32F4xx_HAL_Driver/Src/stm32f4xx_ll_spi.c **** #define IS_LL_SPI_POLARITY(__VALUE__) (((__VALUE__) == LL_SPI_POLARITY_LOW) \
  74:Drivers/STM32F4xx_HAL_Driver/Src/stm32f4xx_ll_spi.c ****                                        || ((__VALUE__) == LL_SPI_POLARITY_HIGH))
  75:Drivers/STM32F4xx_HAL_Driver/Src/stm32f4xx_ll_spi.c **** 
  76:Drivers/STM32F4xx_HAL_Driver/Src/stm32f4xx_ll_spi.c **** #define IS_LL_SPI_PHASE(__VALUE__) (((__VALUE__) == LL_SPI_PHASE_1EDGE) \
  77:Drivers/STM32F4xx_HAL_Driver/Src/stm32f4xx_ll_spi.c ****                                     || ((__VALUE__) == LL_SPI_PHASE_2EDGE))
  78:Drivers/STM32F4xx_HAL_Driver/Src/stm32f4xx_ll_spi.c **** 
  79:Drivers/STM32F4xx_HAL_Driver/Src/stm32f4xx_ll_spi.c **** #define IS_LL_SPI_NSS(__VALUE__) (((__VALUE__) == LL_SPI_NSS_SOFT)          \
  80:Drivers/STM32F4xx_HAL_Driver/Src/stm32f4xx_ll_spi.c ****                                   || ((__VALUE__) == LL_SPI_NSS_HARD_INPUT) \
  81:Drivers/STM32F4xx_HAL_Driver/Src/stm32f4xx_ll_spi.c ****                                   || ((__VALUE__) == LL_SPI_NSS_HARD_OUTPUT))
  82:Drivers/STM32F4xx_HAL_Driver/Src/stm32f4xx_ll_spi.c **** 
  83:Drivers/STM32F4xx_HAL_Driver/Src/stm32f4xx_ll_spi.c **** #define IS_LL_SPI_BAUDRATE(__VALUE__) (((__VALUE__) == LL_SPI_BAUDRATEPRESCALER_DIV2)      \
  84:Drivers/STM32F4xx_HAL_Driver/Src/stm32f4xx_ll_spi.c ****                                        || ((__VALUE__) == LL_SPI_BAUDRATEPRESCALER_DIV4)   \
  85:Drivers/STM32F4xx_HAL_Driver/Src/stm32f4xx_ll_spi.c ****                                        || ((__VALUE__) == LL_SPI_BAUDRATEPRESCALER_DIV8)   \
  86:Drivers/STM32F4xx_HAL_Driver/Src/stm32f4xx_ll_spi.c ****                                        || ((__VALUE__) == LL_SPI_BAUDRATEPRESCALER_DIV16)  \
ARM GAS  C:\Users\chris\AppData\Local\Temp\ccsULun0.s 			page 3


  87:Drivers/STM32F4xx_HAL_Driver/Src/stm32f4xx_ll_spi.c ****                                        || ((__VALUE__) == LL_SPI_BAUDRATEPRESCALER_DIV32)  \
  88:Drivers/STM32F4xx_HAL_Driver/Src/stm32f4xx_ll_spi.c ****                                        || ((__VALUE__) == LL_SPI_BAUDRATEPRESCALER_DIV64)  \
  89:Drivers/STM32F4xx_HAL_Driver/Src/stm32f4xx_ll_spi.c ****                                        || ((__VALUE__) == LL_SPI_BAUDRATEPRESCALER_DIV128) \
  90:Drivers/STM32F4xx_HAL_Driver/Src/stm32f4xx_ll_spi.c ****                                        || ((__VALUE__) == LL_SPI_BAUDRATEPRESCALER_DIV256))
  91:Drivers/STM32F4xx_HAL_Driver/Src/stm32f4xx_ll_spi.c **** 
  92:Drivers/STM32F4xx_HAL_Driver/Src/stm32f4xx_ll_spi.c **** #define IS_LL_SPI_BITORDER(__VALUE__) (((__VALUE__) == LL_SPI_LSB_FIRST) \
  93:Drivers/STM32F4xx_HAL_Driver/Src/stm32f4xx_ll_spi.c ****                                        || ((__VALUE__) == LL_SPI_MSB_FIRST))
  94:Drivers/STM32F4xx_HAL_Driver/Src/stm32f4xx_ll_spi.c **** 
  95:Drivers/STM32F4xx_HAL_Driver/Src/stm32f4xx_ll_spi.c **** #define IS_LL_SPI_CRCCALCULATION(__VALUE__) (((__VALUE__) == LL_SPI_CRCCALCULATION_ENABLE) \
  96:Drivers/STM32F4xx_HAL_Driver/Src/stm32f4xx_ll_spi.c ****                                              || ((__VALUE__) == LL_SPI_CRCCALCULATION_DISABLE))
  97:Drivers/STM32F4xx_HAL_Driver/Src/stm32f4xx_ll_spi.c **** 
  98:Drivers/STM32F4xx_HAL_Driver/Src/stm32f4xx_ll_spi.c **** #define IS_LL_SPI_CRC_POLYNOMIAL(__VALUE__) ((__VALUE__) >= 0x1U)
  99:Drivers/STM32F4xx_HAL_Driver/Src/stm32f4xx_ll_spi.c **** 
 100:Drivers/STM32F4xx_HAL_Driver/Src/stm32f4xx_ll_spi.c **** /**
 101:Drivers/STM32F4xx_HAL_Driver/Src/stm32f4xx_ll_spi.c ****   * @}
 102:Drivers/STM32F4xx_HAL_Driver/Src/stm32f4xx_ll_spi.c ****   */
 103:Drivers/STM32F4xx_HAL_Driver/Src/stm32f4xx_ll_spi.c **** 
 104:Drivers/STM32F4xx_HAL_Driver/Src/stm32f4xx_ll_spi.c **** /* Private function prototypes -----------------------------------------------*/
 105:Drivers/STM32F4xx_HAL_Driver/Src/stm32f4xx_ll_spi.c **** 
 106:Drivers/STM32F4xx_HAL_Driver/Src/stm32f4xx_ll_spi.c **** /* Exported functions --------------------------------------------------------*/
 107:Drivers/STM32F4xx_HAL_Driver/Src/stm32f4xx_ll_spi.c **** /** @addtogroup SPI_LL_Exported_Functions
 108:Drivers/STM32F4xx_HAL_Driver/Src/stm32f4xx_ll_spi.c ****   * @{
 109:Drivers/STM32F4xx_HAL_Driver/Src/stm32f4xx_ll_spi.c ****   */
 110:Drivers/STM32F4xx_HAL_Driver/Src/stm32f4xx_ll_spi.c **** 
 111:Drivers/STM32F4xx_HAL_Driver/Src/stm32f4xx_ll_spi.c **** /** @addtogroup SPI_LL_EF_Init
 112:Drivers/STM32F4xx_HAL_Driver/Src/stm32f4xx_ll_spi.c ****   * @{
 113:Drivers/STM32F4xx_HAL_Driver/Src/stm32f4xx_ll_spi.c ****   */
 114:Drivers/STM32F4xx_HAL_Driver/Src/stm32f4xx_ll_spi.c **** 
 115:Drivers/STM32F4xx_HAL_Driver/Src/stm32f4xx_ll_spi.c **** /**
 116:Drivers/STM32F4xx_HAL_Driver/Src/stm32f4xx_ll_spi.c ****   * @brief  De-initialize the SPI registers to their default reset values.
 117:Drivers/STM32F4xx_HAL_Driver/Src/stm32f4xx_ll_spi.c ****   * @param  SPIx SPI Instance
 118:Drivers/STM32F4xx_HAL_Driver/Src/stm32f4xx_ll_spi.c ****   * @retval An ErrorStatus enumeration value:
 119:Drivers/STM32F4xx_HAL_Driver/Src/stm32f4xx_ll_spi.c ****   *          - SUCCESS: SPI registers are de-initialized
 120:Drivers/STM32F4xx_HAL_Driver/Src/stm32f4xx_ll_spi.c ****   *          - ERROR: SPI registers are not de-initialized
 121:Drivers/STM32F4xx_HAL_Driver/Src/stm32f4xx_ll_spi.c ****   */
 122:Drivers/STM32F4xx_HAL_Driver/Src/stm32f4xx_ll_spi.c **** ErrorStatus LL_SPI_DeInit(const SPI_TypeDef *SPIx)
 123:Drivers/STM32F4xx_HAL_Driver/Src/stm32f4xx_ll_spi.c **** {
  30              		.loc 1 123 1 view -0
  31              		.cfi_startproc
  32              		@ args = 0, pretend = 0, frame = 0
  33              		@ frame_needed = 0, uses_anonymous_args = 0
  34              		@ link register save eliminated.
  35              		.loc 1 123 1 is_stmt 0 view .LVU1
  36 0000 0346     		mov	r3, r0
 124:Drivers/STM32F4xx_HAL_Driver/Src/stm32f4xx_ll_spi.c ****   ErrorStatus status = ERROR;
  37              		.loc 1 124 3 is_stmt 1 view .LVU2
  38              	.LVL1:
 125:Drivers/STM32F4xx_HAL_Driver/Src/stm32f4xx_ll_spi.c **** 
 126:Drivers/STM32F4xx_HAL_Driver/Src/stm32f4xx_ll_spi.c ****   /* Check the parameters */
 127:Drivers/STM32F4xx_HAL_Driver/Src/stm32f4xx_ll_spi.c ****   assert_param(IS_SPI_ALL_INSTANCE(SPIx));
  39              		.loc 1 127 3 view .LVU3
 128:Drivers/STM32F4xx_HAL_Driver/Src/stm32f4xx_ll_spi.c **** 
 129:Drivers/STM32F4xx_HAL_Driver/Src/stm32f4xx_ll_spi.c **** #if defined(SPI1)
 130:Drivers/STM32F4xx_HAL_Driver/Src/stm32f4xx_ll_spi.c ****   if (SPIx == SPI1)
  40              		.loc 1 130 3 view .LVU4
  41              		.loc 1 130 6 is_stmt 0 view .LVU5
  42 0002 1E4A     		ldr	r2, .L11
ARM GAS  C:\Users\chris\AppData\Local\Temp\ccsULun0.s 			page 4


  43 0004 9042     		cmp	r0, r2
  44 0006 0AD0     		beq	.L7
 124:Drivers/STM32F4xx_HAL_Driver/Src/stm32f4xx_ll_spi.c **** 
  45              		.loc 1 124 15 view .LVU6
  46 0008 0120     		movs	r0, #1
  47              	.LVL2:
  48              	.L2:
 131:Drivers/STM32F4xx_HAL_Driver/Src/stm32f4xx_ll_spi.c ****   {
 132:Drivers/STM32F4xx_HAL_Driver/Src/stm32f4xx_ll_spi.c ****     /* Force reset of SPI clock */
 133:Drivers/STM32F4xx_HAL_Driver/Src/stm32f4xx_ll_spi.c ****     LL_APB2_GRP1_ForceReset(LL_APB2_GRP1_PERIPH_SPI1);
 134:Drivers/STM32F4xx_HAL_Driver/Src/stm32f4xx_ll_spi.c **** 
 135:Drivers/STM32F4xx_HAL_Driver/Src/stm32f4xx_ll_spi.c ****     /* Release reset of SPI clock */
 136:Drivers/STM32F4xx_HAL_Driver/Src/stm32f4xx_ll_spi.c ****     LL_APB2_GRP1_ReleaseReset(LL_APB2_GRP1_PERIPH_SPI1);
 137:Drivers/STM32F4xx_HAL_Driver/Src/stm32f4xx_ll_spi.c **** 
 138:Drivers/STM32F4xx_HAL_Driver/Src/stm32f4xx_ll_spi.c ****     status = SUCCESS;
 139:Drivers/STM32F4xx_HAL_Driver/Src/stm32f4xx_ll_spi.c ****   }
 140:Drivers/STM32F4xx_HAL_Driver/Src/stm32f4xx_ll_spi.c **** #endif /* SPI1 */
 141:Drivers/STM32F4xx_HAL_Driver/Src/stm32f4xx_ll_spi.c **** #if defined(SPI2)
 142:Drivers/STM32F4xx_HAL_Driver/Src/stm32f4xx_ll_spi.c ****   if (SPIx == SPI2)
  49              		.loc 1 142 3 is_stmt 1 view .LVU7
  50              		.loc 1 142 6 is_stmt 0 view .LVU8
  51 000a 1D4A     		ldr	r2, .L11+4
  52 000c 9342     		cmp	r3, r2
  53 000e 12D0     		beq	.L8
  54              	.LVL3:
  55              	.L3:
 143:Drivers/STM32F4xx_HAL_Driver/Src/stm32f4xx_ll_spi.c ****   {
 144:Drivers/STM32F4xx_HAL_Driver/Src/stm32f4xx_ll_spi.c ****     /* Force reset of SPI clock */
 145:Drivers/STM32F4xx_HAL_Driver/Src/stm32f4xx_ll_spi.c ****     LL_APB1_GRP1_ForceReset(LL_APB1_GRP1_PERIPH_SPI2);
 146:Drivers/STM32F4xx_HAL_Driver/Src/stm32f4xx_ll_spi.c **** 
 147:Drivers/STM32F4xx_HAL_Driver/Src/stm32f4xx_ll_spi.c ****     /* Release reset of SPI clock */
 148:Drivers/STM32F4xx_HAL_Driver/Src/stm32f4xx_ll_spi.c ****     LL_APB1_GRP1_ReleaseReset(LL_APB1_GRP1_PERIPH_SPI2);
 149:Drivers/STM32F4xx_HAL_Driver/Src/stm32f4xx_ll_spi.c **** 
 150:Drivers/STM32F4xx_HAL_Driver/Src/stm32f4xx_ll_spi.c ****     status = SUCCESS;
 151:Drivers/STM32F4xx_HAL_Driver/Src/stm32f4xx_ll_spi.c ****   }
 152:Drivers/STM32F4xx_HAL_Driver/Src/stm32f4xx_ll_spi.c **** #endif /* SPI2 */
 153:Drivers/STM32F4xx_HAL_Driver/Src/stm32f4xx_ll_spi.c **** #if defined(SPI3)
 154:Drivers/STM32F4xx_HAL_Driver/Src/stm32f4xx_ll_spi.c ****   if (SPIx == SPI3)
  56              		.loc 1 154 3 is_stmt 1 view .LVU9
  57              		.loc 1 154 6 is_stmt 0 view .LVU10
  58 0010 1C4A     		ldr	r2, .L11+8
  59 0012 9342     		cmp	r3, r2
  60 0014 1BD0     		beq	.L9
  61              	.LVL4:
  62              	.L4:
 155:Drivers/STM32F4xx_HAL_Driver/Src/stm32f4xx_ll_spi.c ****   {
 156:Drivers/STM32F4xx_HAL_Driver/Src/stm32f4xx_ll_spi.c ****     /* Force reset of SPI clock */
 157:Drivers/STM32F4xx_HAL_Driver/Src/stm32f4xx_ll_spi.c ****     LL_APB1_GRP1_ForceReset(LL_APB1_GRP1_PERIPH_SPI3);
 158:Drivers/STM32F4xx_HAL_Driver/Src/stm32f4xx_ll_spi.c **** 
 159:Drivers/STM32F4xx_HAL_Driver/Src/stm32f4xx_ll_spi.c ****     /* Release reset of SPI clock */
 160:Drivers/STM32F4xx_HAL_Driver/Src/stm32f4xx_ll_spi.c ****     LL_APB1_GRP1_ReleaseReset(LL_APB1_GRP1_PERIPH_SPI3);
 161:Drivers/STM32F4xx_HAL_Driver/Src/stm32f4xx_ll_spi.c **** 
 162:Drivers/STM32F4xx_HAL_Driver/Src/stm32f4xx_ll_spi.c ****     status = SUCCESS;
 163:Drivers/STM32F4xx_HAL_Driver/Src/stm32f4xx_ll_spi.c ****   }
 164:Drivers/STM32F4xx_HAL_Driver/Src/stm32f4xx_ll_spi.c **** #endif /* SPI3 */
 165:Drivers/STM32F4xx_HAL_Driver/Src/stm32f4xx_ll_spi.c **** #if defined(SPI4)
 166:Drivers/STM32F4xx_HAL_Driver/Src/stm32f4xx_ll_spi.c ****   if (SPIx == SPI4)
ARM GAS  C:\Users\chris\AppData\Local\Temp\ccsULun0.s 			page 5


  63              		.loc 1 166 3 is_stmt 1 view .LVU11
  64              		.loc 1 166 6 is_stmt 0 view .LVU12
  65 0016 1C4A     		ldr	r2, .L11+12
  66 0018 9342     		cmp	r3, r2
  67 001a 24D0     		beq	.L10
  68              	.LVL5:
  69              	.L5:
 167:Drivers/STM32F4xx_HAL_Driver/Src/stm32f4xx_ll_spi.c ****   {
 168:Drivers/STM32F4xx_HAL_Driver/Src/stm32f4xx_ll_spi.c ****     /* Force reset of SPI clock */
 169:Drivers/STM32F4xx_HAL_Driver/Src/stm32f4xx_ll_spi.c ****     LL_APB2_GRP1_ForceReset(LL_APB2_GRP1_PERIPH_SPI4);
 170:Drivers/STM32F4xx_HAL_Driver/Src/stm32f4xx_ll_spi.c **** 
 171:Drivers/STM32F4xx_HAL_Driver/Src/stm32f4xx_ll_spi.c ****     /* Release reset of SPI clock */
 172:Drivers/STM32F4xx_HAL_Driver/Src/stm32f4xx_ll_spi.c ****     LL_APB2_GRP1_ReleaseReset(LL_APB2_GRP1_PERIPH_SPI4);
 173:Drivers/STM32F4xx_HAL_Driver/Src/stm32f4xx_ll_spi.c **** 
 174:Drivers/STM32F4xx_HAL_Driver/Src/stm32f4xx_ll_spi.c ****     status = SUCCESS;
 175:Drivers/STM32F4xx_HAL_Driver/Src/stm32f4xx_ll_spi.c ****   }
 176:Drivers/STM32F4xx_HAL_Driver/Src/stm32f4xx_ll_spi.c **** #endif /* SPI4 */
 177:Drivers/STM32F4xx_HAL_Driver/Src/stm32f4xx_ll_spi.c **** #if defined(SPI5)
 178:Drivers/STM32F4xx_HAL_Driver/Src/stm32f4xx_ll_spi.c ****   if (SPIx == SPI5)
 179:Drivers/STM32F4xx_HAL_Driver/Src/stm32f4xx_ll_spi.c ****   {
 180:Drivers/STM32F4xx_HAL_Driver/Src/stm32f4xx_ll_spi.c ****     /* Force reset of SPI clock */
 181:Drivers/STM32F4xx_HAL_Driver/Src/stm32f4xx_ll_spi.c ****     LL_APB2_GRP1_ForceReset(LL_APB2_GRP1_PERIPH_SPI5);
 182:Drivers/STM32F4xx_HAL_Driver/Src/stm32f4xx_ll_spi.c **** 
 183:Drivers/STM32F4xx_HAL_Driver/Src/stm32f4xx_ll_spi.c ****     /* Release reset of SPI clock */
 184:Drivers/STM32F4xx_HAL_Driver/Src/stm32f4xx_ll_spi.c ****     LL_APB2_GRP1_ReleaseReset(LL_APB2_GRP1_PERIPH_SPI5);
 185:Drivers/STM32F4xx_HAL_Driver/Src/stm32f4xx_ll_spi.c **** 
 186:Drivers/STM32F4xx_HAL_Driver/Src/stm32f4xx_ll_spi.c ****     status = SUCCESS;
 187:Drivers/STM32F4xx_HAL_Driver/Src/stm32f4xx_ll_spi.c ****   }
 188:Drivers/STM32F4xx_HAL_Driver/Src/stm32f4xx_ll_spi.c **** #endif /* SPI5 */
 189:Drivers/STM32F4xx_HAL_Driver/Src/stm32f4xx_ll_spi.c **** #if defined(SPI6)
 190:Drivers/STM32F4xx_HAL_Driver/Src/stm32f4xx_ll_spi.c ****   if (SPIx == SPI6)
 191:Drivers/STM32F4xx_HAL_Driver/Src/stm32f4xx_ll_spi.c ****   {
 192:Drivers/STM32F4xx_HAL_Driver/Src/stm32f4xx_ll_spi.c ****     /* Force reset of SPI clock */
 193:Drivers/STM32F4xx_HAL_Driver/Src/stm32f4xx_ll_spi.c ****     LL_APB2_GRP1_ForceReset(LL_APB2_GRP1_PERIPH_SPI6);
 194:Drivers/STM32F4xx_HAL_Driver/Src/stm32f4xx_ll_spi.c **** 
 195:Drivers/STM32F4xx_HAL_Driver/Src/stm32f4xx_ll_spi.c ****     /* Release reset of SPI clock */
 196:Drivers/STM32F4xx_HAL_Driver/Src/stm32f4xx_ll_spi.c ****     LL_APB2_GRP1_ReleaseReset(LL_APB2_GRP1_PERIPH_SPI6);
 197:Drivers/STM32F4xx_HAL_Driver/Src/stm32f4xx_ll_spi.c **** 
 198:Drivers/STM32F4xx_HAL_Driver/Src/stm32f4xx_ll_spi.c ****     status = SUCCESS;
 199:Drivers/STM32F4xx_HAL_Driver/Src/stm32f4xx_ll_spi.c ****   }
 200:Drivers/STM32F4xx_HAL_Driver/Src/stm32f4xx_ll_spi.c **** #endif /* SPI6 */
 201:Drivers/STM32F4xx_HAL_Driver/Src/stm32f4xx_ll_spi.c **** 
 202:Drivers/STM32F4xx_HAL_Driver/Src/stm32f4xx_ll_spi.c ****   return status;
  70              		.loc 1 202 3 is_stmt 1 view .LVU13
 203:Drivers/STM32F4xx_HAL_Driver/Src/stm32f4xx_ll_spi.c **** }
  71              		.loc 1 203 1 is_stmt 0 view .LVU14
  72 001c 7047     		bx	lr
  73              	.LVL6:
  74              	.L7:
 133:Drivers/STM32F4xx_HAL_Driver/Src/stm32f4xx_ll_spi.c **** 
  75              		.loc 1 133 5 is_stmt 1 view .LVU15
  76              	.LBB26:
  77              	.LBI26:
  78              		.file 2 "Drivers/STM32F4xx_HAL_Driver/Inc/stm32f4xx_ll_bus.h"
   1:Drivers/STM32F4xx_HAL_Driver/Inc/stm32f4xx_ll_bus.h **** /**
   2:Drivers/STM32F4xx_HAL_Driver/Inc/stm32f4xx_ll_bus.h ****   ******************************************************************************
   3:Drivers/STM32F4xx_HAL_Driver/Inc/stm32f4xx_ll_bus.h ****   * @file    stm32f4xx_ll_bus.h
ARM GAS  C:\Users\chris\AppData\Local\Temp\ccsULun0.s 			page 6


   4:Drivers/STM32F4xx_HAL_Driver/Inc/stm32f4xx_ll_bus.h ****   * @author  MCD Application Team
   5:Drivers/STM32F4xx_HAL_Driver/Inc/stm32f4xx_ll_bus.h ****   * @brief   Header file of BUS LL module.
   6:Drivers/STM32F4xx_HAL_Driver/Inc/stm32f4xx_ll_bus.h **** 
   7:Drivers/STM32F4xx_HAL_Driver/Inc/stm32f4xx_ll_bus.h ****   @verbatim
   8:Drivers/STM32F4xx_HAL_Driver/Inc/stm32f4xx_ll_bus.h ****                       ##### RCC Limitations #####
   9:Drivers/STM32F4xx_HAL_Driver/Inc/stm32f4xx_ll_bus.h ****   ==============================================================================
  10:Drivers/STM32F4xx_HAL_Driver/Inc/stm32f4xx_ll_bus.h ****     [..]
  11:Drivers/STM32F4xx_HAL_Driver/Inc/stm32f4xx_ll_bus.h ****       A delay between an RCC peripheral clock enable and the effective peripheral
  12:Drivers/STM32F4xx_HAL_Driver/Inc/stm32f4xx_ll_bus.h ****       enabling should be taken into account in order to manage the peripheral read/write
  13:Drivers/STM32F4xx_HAL_Driver/Inc/stm32f4xx_ll_bus.h ****       from/to registers.
  14:Drivers/STM32F4xx_HAL_Driver/Inc/stm32f4xx_ll_bus.h ****       (+) This delay depends on the peripheral mapping.
  15:Drivers/STM32F4xx_HAL_Driver/Inc/stm32f4xx_ll_bus.h ****         (++) AHB & APB peripherals, 1 dummy read is necessary
  16:Drivers/STM32F4xx_HAL_Driver/Inc/stm32f4xx_ll_bus.h **** 
  17:Drivers/STM32F4xx_HAL_Driver/Inc/stm32f4xx_ll_bus.h ****     [..]
  18:Drivers/STM32F4xx_HAL_Driver/Inc/stm32f4xx_ll_bus.h ****       Workarounds:
  19:Drivers/STM32F4xx_HAL_Driver/Inc/stm32f4xx_ll_bus.h ****       (#) For AHB & APB peripherals, a dummy read to the peripheral register has been
  20:Drivers/STM32F4xx_HAL_Driver/Inc/stm32f4xx_ll_bus.h ****           inserted in each LL_{BUS}_GRP{x}_EnableClock() function.
  21:Drivers/STM32F4xx_HAL_Driver/Inc/stm32f4xx_ll_bus.h **** 
  22:Drivers/STM32F4xx_HAL_Driver/Inc/stm32f4xx_ll_bus.h ****   @endverbatim
  23:Drivers/STM32F4xx_HAL_Driver/Inc/stm32f4xx_ll_bus.h ****   ******************************************************************************
  24:Drivers/STM32F4xx_HAL_Driver/Inc/stm32f4xx_ll_bus.h ****   * @attention
  25:Drivers/STM32F4xx_HAL_Driver/Inc/stm32f4xx_ll_bus.h ****   *
  26:Drivers/STM32F4xx_HAL_Driver/Inc/stm32f4xx_ll_bus.h ****   * Copyright (c) 2017 STMicroelectronics.
  27:Drivers/STM32F4xx_HAL_Driver/Inc/stm32f4xx_ll_bus.h ****   * All rights reserved.
  28:Drivers/STM32F4xx_HAL_Driver/Inc/stm32f4xx_ll_bus.h ****   *
  29:Drivers/STM32F4xx_HAL_Driver/Inc/stm32f4xx_ll_bus.h ****   * This software is licensed under terms that can be found in the LICENSE file in
  30:Drivers/STM32F4xx_HAL_Driver/Inc/stm32f4xx_ll_bus.h ****   * the root directory of this software component.
  31:Drivers/STM32F4xx_HAL_Driver/Inc/stm32f4xx_ll_bus.h ****   * If no LICENSE file comes with this software, it is provided AS-IS.
  32:Drivers/STM32F4xx_HAL_Driver/Inc/stm32f4xx_ll_bus.h ****   ******************************************************************************
  33:Drivers/STM32F4xx_HAL_Driver/Inc/stm32f4xx_ll_bus.h ****   */
  34:Drivers/STM32F4xx_HAL_Driver/Inc/stm32f4xx_ll_bus.h **** 
  35:Drivers/STM32F4xx_HAL_Driver/Inc/stm32f4xx_ll_bus.h **** /* Define to prevent recursive inclusion -------------------------------------*/
  36:Drivers/STM32F4xx_HAL_Driver/Inc/stm32f4xx_ll_bus.h **** #ifndef __STM32F4xx_LL_BUS_H
  37:Drivers/STM32F4xx_HAL_Driver/Inc/stm32f4xx_ll_bus.h **** #define __STM32F4xx_LL_BUS_H
  38:Drivers/STM32F4xx_HAL_Driver/Inc/stm32f4xx_ll_bus.h **** 
  39:Drivers/STM32F4xx_HAL_Driver/Inc/stm32f4xx_ll_bus.h **** #ifdef __cplusplus
  40:Drivers/STM32F4xx_HAL_Driver/Inc/stm32f4xx_ll_bus.h **** extern "C" {
  41:Drivers/STM32F4xx_HAL_Driver/Inc/stm32f4xx_ll_bus.h **** #endif
  42:Drivers/STM32F4xx_HAL_Driver/Inc/stm32f4xx_ll_bus.h **** 
  43:Drivers/STM32F4xx_HAL_Driver/Inc/stm32f4xx_ll_bus.h **** /* Includes ------------------------------------------------------------------*/
  44:Drivers/STM32F4xx_HAL_Driver/Inc/stm32f4xx_ll_bus.h **** #include "stm32f4xx.h"
  45:Drivers/STM32F4xx_HAL_Driver/Inc/stm32f4xx_ll_bus.h **** 
  46:Drivers/STM32F4xx_HAL_Driver/Inc/stm32f4xx_ll_bus.h **** /** @addtogroup STM32F4xx_LL_Driver
  47:Drivers/STM32F4xx_HAL_Driver/Inc/stm32f4xx_ll_bus.h ****   * @{
  48:Drivers/STM32F4xx_HAL_Driver/Inc/stm32f4xx_ll_bus.h ****   */
  49:Drivers/STM32F4xx_HAL_Driver/Inc/stm32f4xx_ll_bus.h **** 
  50:Drivers/STM32F4xx_HAL_Driver/Inc/stm32f4xx_ll_bus.h **** #if defined(RCC)
  51:Drivers/STM32F4xx_HAL_Driver/Inc/stm32f4xx_ll_bus.h **** 
  52:Drivers/STM32F4xx_HAL_Driver/Inc/stm32f4xx_ll_bus.h **** /** @defgroup BUS_LL BUS
  53:Drivers/STM32F4xx_HAL_Driver/Inc/stm32f4xx_ll_bus.h ****   * @{
  54:Drivers/STM32F4xx_HAL_Driver/Inc/stm32f4xx_ll_bus.h ****   */
  55:Drivers/STM32F4xx_HAL_Driver/Inc/stm32f4xx_ll_bus.h **** 
  56:Drivers/STM32F4xx_HAL_Driver/Inc/stm32f4xx_ll_bus.h **** /* Private types -------------------------------------------------------------*/
  57:Drivers/STM32F4xx_HAL_Driver/Inc/stm32f4xx_ll_bus.h **** /* Private variables ---------------------------------------------------------*/
  58:Drivers/STM32F4xx_HAL_Driver/Inc/stm32f4xx_ll_bus.h **** /* Private constants ---------------------------------------------------------*/
  59:Drivers/STM32F4xx_HAL_Driver/Inc/stm32f4xx_ll_bus.h **** /* Private macros ------------------------------------------------------------*/
  60:Drivers/STM32F4xx_HAL_Driver/Inc/stm32f4xx_ll_bus.h **** /* Exported types ------------------------------------------------------------*/
ARM GAS  C:\Users\chris\AppData\Local\Temp\ccsULun0.s 			page 7


  61:Drivers/STM32F4xx_HAL_Driver/Inc/stm32f4xx_ll_bus.h **** /* Exported constants --------------------------------------------------------*/
  62:Drivers/STM32F4xx_HAL_Driver/Inc/stm32f4xx_ll_bus.h **** /** @defgroup BUS_LL_Exported_Constants BUS Exported Constants
  63:Drivers/STM32F4xx_HAL_Driver/Inc/stm32f4xx_ll_bus.h ****   * @{
  64:Drivers/STM32F4xx_HAL_Driver/Inc/stm32f4xx_ll_bus.h ****   */
  65:Drivers/STM32F4xx_HAL_Driver/Inc/stm32f4xx_ll_bus.h **** 
  66:Drivers/STM32F4xx_HAL_Driver/Inc/stm32f4xx_ll_bus.h **** /** @defgroup BUS_LL_EC_AHB1_GRP1_PERIPH  AHB1 GRP1 PERIPH
  67:Drivers/STM32F4xx_HAL_Driver/Inc/stm32f4xx_ll_bus.h ****   * @{
  68:Drivers/STM32F4xx_HAL_Driver/Inc/stm32f4xx_ll_bus.h ****   */
  69:Drivers/STM32F4xx_HAL_Driver/Inc/stm32f4xx_ll_bus.h **** #define LL_AHB1_GRP1_PERIPH_ALL             0xFFFFFFFFU
  70:Drivers/STM32F4xx_HAL_Driver/Inc/stm32f4xx_ll_bus.h **** #define LL_AHB1_GRP1_PERIPH_GPIOA           RCC_AHB1ENR_GPIOAEN
  71:Drivers/STM32F4xx_HAL_Driver/Inc/stm32f4xx_ll_bus.h **** #define LL_AHB1_GRP1_PERIPH_GPIOB           RCC_AHB1ENR_GPIOBEN
  72:Drivers/STM32F4xx_HAL_Driver/Inc/stm32f4xx_ll_bus.h **** #define LL_AHB1_GRP1_PERIPH_GPIOC           RCC_AHB1ENR_GPIOCEN
  73:Drivers/STM32F4xx_HAL_Driver/Inc/stm32f4xx_ll_bus.h **** #if defined(GPIOD)
  74:Drivers/STM32F4xx_HAL_Driver/Inc/stm32f4xx_ll_bus.h **** #define LL_AHB1_GRP1_PERIPH_GPIOD           RCC_AHB1ENR_GPIODEN
  75:Drivers/STM32F4xx_HAL_Driver/Inc/stm32f4xx_ll_bus.h **** #endif /* GPIOD */
  76:Drivers/STM32F4xx_HAL_Driver/Inc/stm32f4xx_ll_bus.h **** #if defined(GPIOE)
  77:Drivers/STM32F4xx_HAL_Driver/Inc/stm32f4xx_ll_bus.h **** #define LL_AHB1_GRP1_PERIPH_GPIOE           RCC_AHB1ENR_GPIOEEN
  78:Drivers/STM32F4xx_HAL_Driver/Inc/stm32f4xx_ll_bus.h **** #endif /* GPIOE */
  79:Drivers/STM32F4xx_HAL_Driver/Inc/stm32f4xx_ll_bus.h **** #if defined(GPIOF)
  80:Drivers/STM32F4xx_HAL_Driver/Inc/stm32f4xx_ll_bus.h **** #define LL_AHB1_GRP1_PERIPH_GPIOF           RCC_AHB1ENR_GPIOFEN
  81:Drivers/STM32F4xx_HAL_Driver/Inc/stm32f4xx_ll_bus.h **** #endif /* GPIOF */
  82:Drivers/STM32F4xx_HAL_Driver/Inc/stm32f4xx_ll_bus.h **** #if defined(GPIOG)
  83:Drivers/STM32F4xx_HAL_Driver/Inc/stm32f4xx_ll_bus.h **** #define LL_AHB1_GRP1_PERIPH_GPIOG           RCC_AHB1ENR_GPIOGEN
  84:Drivers/STM32F4xx_HAL_Driver/Inc/stm32f4xx_ll_bus.h **** #endif /* GPIOG */
  85:Drivers/STM32F4xx_HAL_Driver/Inc/stm32f4xx_ll_bus.h **** #if defined(GPIOH)
  86:Drivers/STM32F4xx_HAL_Driver/Inc/stm32f4xx_ll_bus.h **** #define LL_AHB1_GRP1_PERIPH_GPIOH           RCC_AHB1ENR_GPIOHEN
  87:Drivers/STM32F4xx_HAL_Driver/Inc/stm32f4xx_ll_bus.h **** #endif /* GPIOH */
  88:Drivers/STM32F4xx_HAL_Driver/Inc/stm32f4xx_ll_bus.h **** #if defined(GPIOI)
  89:Drivers/STM32F4xx_HAL_Driver/Inc/stm32f4xx_ll_bus.h **** #define LL_AHB1_GRP1_PERIPH_GPIOI           RCC_AHB1ENR_GPIOIEN
  90:Drivers/STM32F4xx_HAL_Driver/Inc/stm32f4xx_ll_bus.h **** #endif /* GPIOI */
  91:Drivers/STM32F4xx_HAL_Driver/Inc/stm32f4xx_ll_bus.h **** #if defined(GPIOJ)
  92:Drivers/STM32F4xx_HAL_Driver/Inc/stm32f4xx_ll_bus.h **** #define LL_AHB1_GRP1_PERIPH_GPIOJ           RCC_AHB1ENR_GPIOJEN
  93:Drivers/STM32F4xx_HAL_Driver/Inc/stm32f4xx_ll_bus.h **** #endif /* GPIOJ */
  94:Drivers/STM32F4xx_HAL_Driver/Inc/stm32f4xx_ll_bus.h **** #if defined(GPIOK)
  95:Drivers/STM32F4xx_HAL_Driver/Inc/stm32f4xx_ll_bus.h **** #define LL_AHB1_GRP1_PERIPH_GPIOK           RCC_AHB1ENR_GPIOKEN
  96:Drivers/STM32F4xx_HAL_Driver/Inc/stm32f4xx_ll_bus.h **** #endif /* GPIOK */
  97:Drivers/STM32F4xx_HAL_Driver/Inc/stm32f4xx_ll_bus.h **** #define LL_AHB1_GRP1_PERIPH_CRC             RCC_AHB1ENR_CRCEN
  98:Drivers/STM32F4xx_HAL_Driver/Inc/stm32f4xx_ll_bus.h **** #if defined(RCC_AHB1ENR_BKPSRAMEN)
  99:Drivers/STM32F4xx_HAL_Driver/Inc/stm32f4xx_ll_bus.h **** #define LL_AHB1_GRP1_PERIPH_BKPSRAM         RCC_AHB1ENR_BKPSRAMEN
 100:Drivers/STM32F4xx_HAL_Driver/Inc/stm32f4xx_ll_bus.h **** #endif /* RCC_AHB1ENR_BKPSRAMEN */
 101:Drivers/STM32F4xx_HAL_Driver/Inc/stm32f4xx_ll_bus.h **** #if defined(RCC_AHB1ENR_CCMDATARAMEN)
 102:Drivers/STM32F4xx_HAL_Driver/Inc/stm32f4xx_ll_bus.h **** #define LL_AHB1_GRP1_PERIPH_CCMDATARAM      RCC_AHB1ENR_CCMDATARAMEN
 103:Drivers/STM32F4xx_HAL_Driver/Inc/stm32f4xx_ll_bus.h **** #endif /* RCC_AHB1ENR_CCMDATARAMEN */
 104:Drivers/STM32F4xx_HAL_Driver/Inc/stm32f4xx_ll_bus.h **** #define LL_AHB1_GRP1_PERIPH_DMA1            RCC_AHB1ENR_DMA1EN
 105:Drivers/STM32F4xx_HAL_Driver/Inc/stm32f4xx_ll_bus.h **** #define LL_AHB1_GRP1_PERIPH_DMA2            RCC_AHB1ENR_DMA2EN
 106:Drivers/STM32F4xx_HAL_Driver/Inc/stm32f4xx_ll_bus.h **** #if defined(RCC_AHB1ENR_RNGEN)
 107:Drivers/STM32F4xx_HAL_Driver/Inc/stm32f4xx_ll_bus.h **** #define LL_AHB1_GRP1_PERIPH_RNG             RCC_AHB1ENR_RNGEN
 108:Drivers/STM32F4xx_HAL_Driver/Inc/stm32f4xx_ll_bus.h **** #endif /* RCC_AHB1ENR_RNGEN */
 109:Drivers/STM32F4xx_HAL_Driver/Inc/stm32f4xx_ll_bus.h **** #if defined(DMA2D)
 110:Drivers/STM32F4xx_HAL_Driver/Inc/stm32f4xx_ll_bus.h **** #define LL_AHB1_GRP1_PERIPH_DMA2D           RCC_AHB1ENR_DMA2DEN
 111:Drivers/STM32F4xx_HAL_Driver/Inc/stm32f4xx_ll_bus.h **** #endif /* DMA2D */
 112:Drivers/STM32F4xx_HAL_Driver/Inc/stm32f4xx_ll_bus.h **** #if defined(ETH)
 113:Drivers/STM32F4xx_HAL_Driver/Inc/stm32f4xx_ll_bus.h **** #define LL_AHB1_GRP1_PERIPH_ETHMAC          RCC_AHB1ENR_ETHMACEN
 114:Drivers/STM32F4xx_HAL_Driver/Inc/stm32f4xx_ll_bus.h **** #define LL_AHB1_GRP1_PERIPH_ETHMACTX        RCC_AHB1ENR_ETHMACTXEN
 115:Drivers/STM32F4xx_HAL_Driver/Inc/stm32f4xx_ll_bus.h **** #define LL_AHB1_GRP1_PERIPH_ETHMACRX        RCC_AHB1ENR_ETHMACRXEN
 116:Drivers/STM32F4xx_HAL_Driver/Inc/stm32f4xx_ll_bus.h **** #define LL_AHB1_GRP1_PERIPH_ETHMACPTP       RCC_AHB1ENR_ETHMACPTPEN
 117:Drivers/STM32F4xx_HAL_Driver/Inc/stm32f4xx_ll_bus.h **** #endif /* ETH */
ARM GAS  C:\Users\chris\AppData\Local\Temp\ccsULun0.s 			page 8


 118:Drivers/STM32F4xx_HAL_Driver/Inc/stm32f4xx_ll_bus.h **** #if defined(USB_OTG_HS)
 119:Drivers/STM32F4xx_HAL_Driver/Inc/stm32f4xx_ll_bus.h **** #define LL_AHB1_GRP1_PERIPH_OTGHS           RCC_AHB1ENR_OTGHSEN
 120:Drivers/STM32F4xx_HAL_Driver/Inc/stm32f4xx_ll_bus.h **** #define LL_AHB1_GRP1_PERIPH_OTGHSULPI       RCC_AHB1ENR_OTGHSULPIEN
 121:Drivers/STM32F4xx_HAL_Driver/Inc/stm32f4xx_ll_bus.h **** #endif /* USB_OTG_HS */
 122:Drivers/STM32F4xx_HAL_Driver/Inc/stm32f4xx_ll_bus.h **** #define LL_AHB1_GRP1_PERIPH_FLITF           RCC_AHB1LPENR_FLITFLPEN
 123:Drivers/STM32F4xx_HAL_Driver/Inc/stm32f4xx_ll_bus.h **** #define LL_AHB1_GRP1_PERIPH_SRAM1           RCC_AHB1LPENR_SRAM1LPEN
 124:Drivers/STM32F4xx_HAL_Driver/Inc/stm32f4xx_ll_bus.h **** #if defined(RCC_AHB1LPENR_SRAM2LPEN)
 125:Drivers/STM32F4xx_HAL_Driver/Inc/stm32f4xx_ll_bus.h **** #define LL_AHB1_GRP1_PERIPH_SRAM2           RCC_AHB1LPENR_SRAM2LPEN
 126:Drivers/STM32F4xx_HAL_Driver/Inc/stm32f4xx_ll_bus.h **** #endif /* RCC_AHB1LPENR_SRAM2LPEN */
 127:Drivers/STM32F4xx_HAL_Driver/Inc/stm32f4xx_ll_bus.h **** #if defined(RCC_AHB1LPENR_SRAM3LPEN)
 128:Drivers/STM32F4xx_HAL_Driver/Inc/stm32f4xx_ll_bus.h **** #define LL_AHB1_GRP1_PERIPH_SRAM3           RCC_AHB1LPENR_SRAM3LPEN
 129:Drivers/STM32F4xx_HAL_Driver/Inc/stm32f4xx_ll_bus.h **** #endif /* RCC_AHB1LPENR_SRAM3LPEN */
 130:Drivers/STM32F4xx_HAL_Driver/Inc/stm32f4xx_ll_bus.h **** /**
 131:Drivers/STM32F4xx_HAL_Driver/Inc/stm32f4xx_ll_bus.h ****   * @}
 132:Drivers/STM32F4xx_HAL_Driver/Inc/stm32f4xx_ll_bus.h ****   */
 133:Drivers/STM32F4xx_HAL_Driver/Inc/stm32f4xx_ll_bus.h **** 
 134:Drivers/STM32F4xx_HAL_Driver/Inc/stm32f4xx_ll_bus.h **** #if defined(RCC_AHB2_SUPPORT)
 135:Drivers/STM32F4xx_HAL_Driver/Inc/stm32f4xx_ll_bus.h **** /** @defgroup BUS_LL_EC_AHB2_GRP1_PERIPH  AHB2 GRP1 PERIPH
 136:Drivers/STM32F4xx_HAL_Driver/Inc/stm32f4xx_ll_bus.h ****   * @{
 137:Drivers/STM32F4xx_HAL_Driver/Inc/stm32f4xx_ll_bus.h ****   */
 138:Drivers/STM32F4xx_HAL_Driver/Inc/stm32f4xx_ll_bus.h **** #define LL_AHB2_GRP1_PERIPH_ALL            0xFFFFFFFFU
 139:Drivers/STM32F4xx_HAL_Driver/Inc/stm32f4xx_ll_bus.h **** #if defined(DCMI)
 140:Drivers/STM32F4xx_HAL_Driver/Inc/stm32f4xx_ll_bus.h **** #define LL_AHB2_GRP1_PERIPH_DCMI           RCC_AHB2ENR_DCMIEN
 141:Drivers/STM32F4xx_HAL_Driver/Inc/stm32f4xx_ll_bus.h **** #endif /* DCMI */
 142:Drivers/STM32F4xx_HAL_Driver/Inc/stm32f4xx_ll_bus.h **** #if defined(CRYP)
 143:Drivers/STM32F4xx_HAL_Driver/Inc/stm32f4xx_ll_bus.h **** #define LL_AHB2_GRP1_PERIPH_CRYP           RCC_AHB2ENR_CRYPEN
 144:Drivers/STM32F4xx_HAL_Driver/Inc/stm32f4xx_ll_bus.h **** #endif /* CRYP */
 145:Drivers/STM32F4xx_HAL_Driver/Inc/stm32f4xx_ll_bus.h **** #if defined(AES)
 146:Drivers/STM32F4xx_HAL_Driver/Inc/stm32f4xx_ll_bus.h **** #define LL_AHB2_GRP1_PERIPH_AES            RCC_AHB2ENR_AESEN
 147:Drivers/STM32F4xx_HAL_Driver/Inc/stm32f4xx_ll_bus.h **** #endif /* AES */
 148:Drivers/STM32F4xx_HAL_Driver/Inc/stm32f4xx_ll_bus.h **** #if defined(HASH)
 149:Drivers/STM32F4xx_HAL_Driver/Inc/stm32f4xx_ll_bus.h **** #define LL_AHB2_GRP1_PERIPH_HASH           RCC_AHB2ENR_HASHEN
 150:Drivers/STM32F4xx_HAL_Driver/Inc/stm32f4xx_ll_bus.h **** #endif /* HASH */
 151:Drivers/STM32F4xx_HAL_Driver/Inc/stm32f4xx_ll_bus.h **** #if defined(RCC_AHB2ENR_RNGEN)
 152:Drivers/STM32F4xx_HAL_Driver/Inc/stm32f4xx_ll_bus.h **** #define LL_AHB2_GRP1_PERIPH_RNG            RCC_AHB2ENR_RNGEN
 153:Drivers/STM32F4xx_HAL_Driver/Inc/stm32f4xx_ll_bus.h **** #endif /* RCC_AHB2ENR_RNGEN */
 154:Drivers/STM32F4xx_HAL_Driver/Inc/stm32f4xx_ll_bus.h **** #if defined(USB_OTG_FS)
 155:Drivers/STM32F4xx_HAL_Driver/Inc/stm32f4xx_ll_bus.h **** #define LL_AHB2_GRP1_PERIPH_OTGFS          RCC_AHB2ENR_OTGFSEN
 156:Drivers/STM32F4xx_HAL_Driver/Inc/stm32f4xx_ll_bus.h **** #endif /* USB_OTG_FS */
 157:Drivers/STM32F4xx_HAL_Driver/Inc/stm32f4xx_ll_bus.h **** /**
 158:Drivers/STM32F4xx_HAL_Driver/Inc/stm32f4xx_ll_bus.h ****   * @}
 159:Drivers/STM32F4xx_HAL_Driver/Inc/stm32f4xx_ll_bus.h ****   */
 160:Drivers/STM32F4xx_HAL_Driver/Inc/stm32f4xx_ll_bus.h **** #endif /* RCC_AHB2_SUPPORT */
 161:Drivers/STM32F4xx_HAL_Driver/Inc/stm32f4xx_ll_bus.h **** 
 162:Drivers/STM32F4xx_HAL_Driver/Inc/stm32f4xx_ll_bus.h **** #if defined(RCC_AHB3_SUPPORT)
 163:Drivers/STM32F4xx_HAL_Driver/Inc/stm32f4xx_ll_bus.h **** /** @defgroup BUS_LL_EC_AHB3_GRP1_PERIPH  AHB3 GRP1 PERIPH
 164:Drivers/STM32F4xx_HAL_Driver/Inc/stm32f4xx_ll_bus.h ****   * @{
 165:Drivers/STM32F4xx_HAL_Driver/Inc/stm32f4xx_ll_bus.h ****   */
 166:Drivers/STM32F4xx_HAL_Driver/Inc/stm32f4xx_ll_bus.h **** #define LL_AHB3_GRP1_PERIPH_ALL            0xFFFFFFFFU
 167:Drivers/STM32F4xx_HAL_Driver/Inc/stm32f4xx_ll_bus.h **** #if defined(FSMC_Bank1)
 168:Drivers/STM32F4xx_HAL_Driver/Inc/stm32f4xx_ll_bus.h **** #define LL_AHB3_GRP1_PERIPH_FSMC           RCC_AHB3ENR_FSMCEN
 169:Drivers/STM32F4xx_HAL_Driver/Inc/stm32f4xx_ll_bus.h **** #endif /* FSMC_Bank1 */
 170:Drivers/STM32F4xx_HAL_Driver/Inc/stm32f4xx_ll_bus.h **** #if defined(FMC_Bank1)
 171:Drivers/STM32F4xx_HAL_Driver/Inc/stm32f4xx_ll_bus.h **** #define LL_AHB3_GRP1_PERIPH_FMC            RCC_AHB3ENR_FMCEN
 172:Drivers/STM32F4xx_HAL_Driver/Inc/stm32f4xx_ll_bus.h **** #endif /* FMC_Bank1 */
 173:Drivers/STM32F4xx_HAL_Driver/Inc/stm32f4xx_ll_bus.h **** #if defined(QUADSPI)
 174:Drivers/STM32F4xx_HAL_Driver/Inc/stm32f4xx_ll_bus.h **** #define LL_AHB3_GRP1_PERIPH_QSPI           RCC_AHB3ENR_QSPIEN
ARM GAS  C:\Users\chris\AppData\Local\Temp\ccsULun0.s 			page 9


 175:Drivers/STM32F4xx_HAL_Driver/Inc/stm32f4xx_ll_bus.h **** #endif /* QUADSPI */
 176:Drivers/STM32F4xx_HAL_Driver/Inc/stm32f4xx_ll_bus.h **** /**
 177:Drivers/STM32F4xx_HAL_Driver/Inc/stm32f4xx_ll_bus.h ****   * @}
 178:Drivers/STM32F4xx_HAL_Driver/Inc/stm32f4xx_ll_bus.h ****   */
 179:Drivers/STM32F4xx_HAL_Driver/Inc/stm32f4xx_ll_bus.h **** #endif /* RCC_AHB3_SUPPORT */
 180:Drivers/STM32F4xx_HAL_Driver/Inc/stm32f4xx_ll_bus.h **** 
 181:Drivers/STM32F4xx_HAL_Driver/Inc/stm32f4xx_ll_bus.h **** /** @defgroup BUS_LL_EC_APB1_GRP1_PERIPH  APB1 GRP1 PERIPH
 182:Drivers/STM32F4xx_HAL_Driver/Inc/stm32f4xx_ll_bus.h ****   * @{
 183:Drivers/STM32F4xx_HAL_Driver/Inc/stm32f4xx_ll_bus.h ****   */
 184:Drivers/STM32F4xx_HAL_Driver/Inc/stm32f4xx_ll_bus.h **** #define LL_APB1_GRP1_PERIPH_ALL            0xFFFFFFFFU
 185:Drivers/STM32F4xx_HAL_Driver/Inc/stm32f4xx_ll_bus.h **** #if defined(TIM2)
 186:Drivers/STM32F4xx_HAL_Driver/Inc/stm32f4xx_ll_bus.h **** #define LL_APB1_GRP1_PERIPH_TIM2           RCC_APB1ENR_TIM2EN
 187:Drivers/STM32F4xx_HAL_Driver/Inc/stm32f4xx_ll_bus.h **** #endif /* TIM2 */
 188:Drivers/STM32F4xx_HAL_Driver/Inc/stm32f4xx_ll_bus.h **** #if defined(TIM3)
 189:Drivers/STM32F4xx_HAL_Driver/Inc/stm32f4xx_ll_bus.h **** #define LL_APB1_GRP1_PERIPH_TIM3           RCC_APB1ENR_TIM3EN
 190:Drivers/STM32F4xx_HAL_Driver/Inc/stm32f4xx_ll_bus.h **** #endif /* TIM3 */
 191:Drivers/STM32F4xx_HAL_Driver/Inc/stm32f4xx_ll_bus.h **** #if defined(TIM4)
 192:Drivers/STM32F4xx_HAL_Driver/Inc/stm32f4xx_ll_bus.h **** #define LL_APB1_GRP1_PERIPH_TIM4           RCC_APB1ENR_TIM4EN
 193:Drivers/STM32F4xx_HAL_Driver/Inc/stm32f4xx_ll_bus.h **** #endif /* TIM4 */
 194:Drivers/STM32F4xx_HAL_Driver/Inc/stm32f4xx_ll_bus.h **** #define LL_APB1_GRP1_PERIPH_TIM5           RCC_APB1ENR_TIM5EN
 195:Drivers/STM32F4xx_HAL_Driver/Inc/stm32f4xx_ll_bus.h **** #if defined(TIM6)
 196:Drivers/STM32F4xx_HAL_Driver/Inc/stm32f4xx_ll_bus.h **** #define LL_APB1_GRP1_PERIPH_TIM6           RCC_APB1ENR_TIM6EN
 197:Drivers/STM32F4xx_HAL_Driver/Inc/stm32f4xx_ll_bus.h **** #endif /* TIM6 */
 198:Drivers/STM32F4xx_HAL_Driver/Inc/stm32f4xx_ll_bus.h **** #if defined(TIM7)
 199:Drivers/STM32F4xx_HAL_Driver/Inc/stm32f4xx_ll_bus.h **** #define LL_APB1_GRP1_PERIPH_TIM7           RCC_APB1ENR_TIM7EN
 200:Drivers/STM32F4xx_HAL_Driver/Inc/stm32f4xx_ll_bus.h **** #endif /* TIM7 */
 201:Drivers/STM32F4xx_HAL_Driver/Inc/stm32f4xx_ll_bus.h **** #if defined(TIM12)
 202:Drivers/STM32F4xx_HAL_Driver/Inc/stm32f4xx_ll_bus.h **** #define LL_APB1_GRP1_PERIPH_TIM12          RCC_APB1ENR_TIM12EN
 203:Drivers/STM32F4xx_HAL_Driver/Inc/stm32f4xx_ll_bus.h **** #endif /* TIM12 */
 204:Drivers/STM32F4xx_HAL_Driver/Inc/stm32f4xx_ll_bus.h **** #if defined(TIM13)
 205:Drivers/STM32F4xx_HAL_Driver/Inc/stm32f4xx_ll_bus.h **** #define LL_APB1_GRP1_PERIPH_TIM13          RCC_APB1ENR_TIM13EN
 206:Drivers/STM32F4xx_HAL_Driver/Inc/stm32f4xx_ll_bus.h **** #endif /* TIM13 */
 207:Drivers/STM32F4xx_HAL_Driver/Inc/stm32f4xx_ll_bus.h **** #if defined(TIM14)
 208:Drivers/STM32F4xx_HAL_Driver/Inc/stm32f4xx_ll_bus.h **** #define LL_APB1_GRP1_PERIPH_TIM14          RCC_APB1ENR_TIM14EN
 209:Drivers/STM32F4xx_HAL_Driver/Inc/stm32f4xx_ll_bus.h **** #endif /* TIM14 */
 210:Drivers/STM32F4xx_HAL_Driver/Inc/stm32f4xx_ll_bus.h **** #if defined(LPTIM1)
 211:Drivers/STM32F4xx_HAL_Driver/Inc/stm32f4xx_ll_bus.h **** #define LL_APB1_GRP1_PERIPH_LPTIM1         RCC_APB1ENR_LPTIM1EN
 212:Drivers/STM32F4xx_HAL_Driver/Inc/stm32f4xx_ll_bus.h **** #endif /* LPTIM1 */
 213:Drivers/STM32F4xx_HAL_Driver/Inc/stm32f4xx_ll_bus.h **** #if defined(RCC_APB1ENR_RTCAPBEN)
 214:Drivers/STM32F4xx_HAL_Driver/Inc/stm32f4xx_ll_bus.h **** #define LL_APB1_GRP1_PERIPH_RTCAPB         RCC_APB1ENR_RTCAPBEN
 215:Drivers/STM32F4xx_HAL_Driver/Inc/stm32f4xx_ll_bus.h **** #endif /* RCC_APB1ENR_RTCAPBEN */
 216:Drivers/STM32F4xx_HAL_Driver/Inc/stm32f4xx_ll_bus.h **** #define LL_APB1_GRP1_PERIPH_WWDG           RCC_APB1ENR_WWDGEN
 217:Drivers/STM32F4xx_HAL_Driver/Inc/stm32f4xx_ll_bus.h **** #if defined(SPI2)
 218:Drivers/STM32F4xx_HAL_Driver/Inc/stm32f4xx_ll_bus.h **** #define LL_APB1_GRP1_PERIPH_SPI2           RCC_APB1ENR_SPI2EN
 219:Drivers/STM32F4xx_HAL_Driver/Inc/stm32f4xx_ll_bus.h **** #endif /* SPI2 */
 220:Drivers/STM32F4xx_HAL_Driver/Inc/stm32f4xx_ll_bus.h **** #if defined(SPI3)
 221:Drivers/STM32F4xx_HAL_Driver/Inc/stm32f4xx_ll_bus.h **** #define LL_APB1_GRP1_PERIPH_SPI3           RCC_APB1ENR_SPI3EN
 222:Drivers/STM32F4xx_HAL_Driver/Inc/stm32f4xx_ll_bus.h **** #endif /* SPI3 */
 223:Drivers/STM32F4xx_HAL_Driver/Inc/stm32f4xx_ll_bus.h **** #if defined(SPDIFRX)
 224:Drivers/STM32F4xx_HAL_Driver/Inc/stm32f4xx_ll_bus.h **** #define LL_APB1_GRP1_PERIPH_SPDIFRX        RCC_APB1ENR_SPDIFRXEN
 225:Drivers/STM32F4xx_HAL_Driver/Inc/stm32f4xx_ll_bus.h **** #endif /* SPDIFRX */
 226:Drivers/STM32F4xx_HAL_Driver/Inc/stm32f4xx_ll_bus.h **** #define LL_APB1_GRP1_PERIPH_USART2         RCC_APB1ENR_USART2EN
 227:Drivers/STM32F4xx_HAL_Driver/Inc/stm32f4xx_ll_bus.h **** #if defined(USART3)
 228:Drivers/STM32F4xx_HAL_Driver/Inc/stm32f4xx_ll_bus.h **** #define LL_APB1_GRP1_PERIPH_USART3         RCC_APB1ENR_USART3EN
 229:Drivers/STM32F4xx_HAL_Driver/Inc/stm32f4xx_ll_bus.h **** #endif /* USART3 */
 230:Drivers/STM32F4xx_HAL_Driver/Inc/stm32f4xx_ll_bus.h **** #if defined(UART4)
 231:Drivers/STM32F4xx_HAL_Driver/Inc/stm32f4xx_ll_bus.h **** #define LL_APB1_GRP1_PERIPH_UART4          RCC_APB1ENR_UART4EN
ARM GAS  C:\Users\chris\AppData\Local\Temp\ccsULun0.s 			page 10


 232:Drivers/STM32F4xx_HAL_Driver/Inc/stm32f4xx_ll_bus.h **** #endif /* UART4 */
 233:Drivers/STM32F4xx_HAL_Driver/Inc/stm32f4xx_ll_bus.h **** #if defined(UART5)
 234:Drivers/STM32F4xx_HAL_Driver/Inc/stm32f4xx_ll_bus.h **** #define LL_APB1_GRP1_PERIPH_UART5          RCC_APB1ENR_UART5EN
 235:Drivers/STM32F4xx_HAL_Driver/Inc/stm32f4xx_ll_bus.h **** #endif /* UART5 */
 236:Drivers/STM32F4xx_HAL_Driver/Inc/stm32f4xx_ll_bus.h **** #define LL_APB1_GRP1_PERIPH_I2C1           RCC_APB1ENR_I2C1EN
 237:Drivers/STM32F4xx_HAL_Driver/Inc/stm32f4xx_ll_bus.h **** #define LL_APB1_GRP1_PERIPH_I2C2           RCC_APB1ENR_I2C2EN
 238:Drivers/STM32F4xx_HAL_Driver/Inc/stm32f4xx_ll_bus.h **** #if defined(I2C3)
 239:Drivers/STM32F4xx_HAL_Driver/Inc/stm32f4xx_ll_bus.h **** #define LL_APB1_GRP1_PERIPH_I2C3           RCC_APB1ENR_I2C3EN
 240:Drivers/STM32F4xx_HAL_Driver/Inc/stm32f4xx_ll_bus.h **** #endif /* I2C3 */
 241:Drivers/STM32F4xx_HAL_Driver/Inc/stm32f4xx_ll_bus.h **** #if defined(FMPI2C1)
 242:Drivers/STM32F4xx_HAL_Driver/Inc/stm32f4xx_ll_bus.h **** #define LL_APB1_GRP1_PERIPH_FMPI2C1        RCC_APB1ENR_FMPI2C1EN
 243:Drivers/STM32F4xx_HAL_Driver/Inc/stm32f4xx_ll_bus.h **** #endif /* FMPI2C1 */
 244:Drivers/STM32F4xx_HAL_Driver/Inc/stm32f4xx_ll_bus.h **** #if defined(CAN1)
 245:Drivers/STM32F4xx_HAL_Driver/Inc/stm32f4xx_ll_bus.h **** #define LL_APB1_GRP1_PERIPH_CAN1           RCC_APB1ENR_CAN1EN
 246:Drivers/STM32F4xx_HAL_Driver/Inc/stm32f4xx_ll_bus.h **** #endif /* CAN1 */
 247:Drivers/STM32F4xx_HAL_Driver/Inc/stm32f4xx_ll_bus.h **** #if defined(CAN2)
 248:Drivers/STM32F4xx_HAL_Driver/Inc/stm32f4xx_ll_bus.h **** #define LL_APB1_GRP1_PERIPH_CAN2           RCC_APB1ENR_CAN2EN
 249:Drivers/STM32F4xx_HAL_Driver/Inc/stm32f4xx_ll_bus.h **** #endif /* CAN2 */
 250:Drivers/STM32F4xx_HAL_Driver/Inc/stm32f4xx_ll_bus.h **** #if defined(CAN3)
 251:Drivers/STM32F4xx_HAL_Driver/Inc/stm32f4xx_ll_bus.h **** #define LL_APB1_GRP1_PERIPH_CAN3           RCC_APB1ENR_CAN3EN
 252:Drivers/STM32F4xx_HAL_Driver/Inc/stm32f4xx_ll_bus.h **** #endif /* CAN3 */
 253:Drivers/STM32F4xx_HAL_Driver/Inc/stm32f4xx_ll_bus.h **** #if defined(CEC)
 254:Drivers/STM32F4xx_HAL_Driver/Inc/stm32f4xx_ll_bus.h **** #define LL_APB1_GRP1_PERIPH_CEC            RCC_APB1ENR_CECEN
 255:Drivers/STM32F4xx_HAL_Driver/Inc/stm32f4xx_ll_bus.h **** #endif /* CEC */
 256:Drivers/STM32F4xx_HAL_Driver/Inc/stm32f4xx_ll_bus.h **** #define LL_APB1_GRP1_PERIPH_PWR            RCC_APB1ENR_PWREN
 257:Drivers/STM32F4xx_HAL_Driver/Inc/stm32f4xx_ll_bus.h **** #if defined(DAC1)
 258:Drivers/STM32F4xx_HAL_Driver/Inc/stm32f4xx_ll_bus.h **** #define LL_APB1_GRP1_PERIPH_DAC1           RCC_APB1ENR_DACEN
 259:Drivers/STM32F4xx_HAL_Driver/Inc/stm32f4xx_ll_bus.h **** #endif /* DAC1 */
 260:Drivers/STM32F4xx_HAL_Driver/Inc/stm32f4xx_ll_bus.h **** #if defined(UART7)
 261:Drivers/STM32F4xx_HAL_Driver/Inc/stm32f4xx_ll_bus.h **** #define LL_APB1_GRP1_PERIPH_UART7          RCC_APB1ENR_UART7EN
 262:Drivers/STM32F4xx_HAL_Driver/Inc/stm32f4xx_ll_bus.h **** #endif /* UART7 */
 263:Drivers/STM32F4xx_HAL_Driver/Inc/stm32f4xx_ll_bus.h **** #if defined(UART8)
 264:Drivers/STM32F4xx_HAL_Driver/Inc/stm32f4xx_ll_bus.h **** #define LL_APB1_GRP1_PERIPH_UART8          RCC_APB1ENR_UART8EN
 265:Drivers/STM32F4xx_HAL_Driver/Inc/stm32f4xx_ll_bus.h **** #endif /* UART8 */
 266:Drivers/STM32F4xx_HAL_Driver/Inc/stm32f4xx_ll_bus.h **** /**
 267:Drivers/STM32F4xx_HAL_Driver/Inc/stm32f4xx_ll_bus.h ****   * @}
 268:Drivers/STM32F4xx_HAL_Driver/Inc/stm32f4xx_ll_bus.h ****   */
 269:Drivers/STM32F4xx_HAL_Driver/Inc/stm32f4xx_ll_bus.h **** 
 270:Drivers/STM32F4xx_HAL_Driver/Inc/stm32f4xx_ll_bus.h **** /** @defgroup BUS_LL_EC_APB2_GRP1_PERIPH  APB2 GRP1 PERIPH
 271:Drivers/STM32F4xx_HAL_Driver/Inc/stm32f4xx_ll_bus.h ****   * @{
 272:Drivers/STM32F4xx_HAL_Driver/Inc/stm32f4xx_ll_bus.h ****   */
 273:Drivers/STM32F4xx_HAL_Driver/Inc/stm32f4xx_ll_bus.h **** #define LL_APB2_GRP1_PERIPH_ALL          0xFFFFFFFFU
 274:Drivers/STM32F4xx_HAL_Driver/Inc/stm32f4xx_ll_bus.h **** #define LL_APB2_GRP1_PERIPH_TIM1         RCC_APB2ENR_TIM1EN
 275:Drivers/STM32F4xx_HAL_Driver/Inc/stm32f4xx_ll_bus.h **** #if defined(TIM8)
 276:Drivers/STM32F4xx_HAL_Driver/Inc/stm32f4xx_ll_bus.h **** #define LL_APB2_GRP1_PERIPH_TIM8         RCC_APB2ENR_TIM8EN
 277:Drivers/STM32F4xx_HAL_Driver/Inc/stm32f4xx_ll_bus.h **** #endif /* TIM8 */
 278:Drivers/STM32F4xx_HAL_Driver/Inc/stm32f4xx_ll_bus.h **** #define LL_APB2_GRP1_PERIPH_USART1       RCC_APB2ENR_USART1EN
 279:Drivers/STM32F4xx_HAL_Driver/Inc/stm32f4xx_ll_bus.h **** #if defined(USART6)
 280:Drivers/STM32F4xx_HAL_Driver/Inc/stm32f4xx_ll_bus.h **** #define LL_APB2_GRP1_PERIPH_USART6       RCC_APB2ENR_USART6EN
 281:Drivers/STM32F4xx_HAL_Driver/Inc/stm32f4xx_ll_bus.h **** #endif /* USART6 */
 282:Drivers/STM32F4xx_HAL_Driver/Inc/stm32f4xx_ll_bus.h **** #if defined(UART9)
 283:Drivers/STM32F4xx_HAL_Driver/Inc/stm32f4xx_ll_bus.h **** #define LL_APB2_GRP1_PERIPH_UART9        RCC_APB2ENR_UART9EN
 284:Drivers/STM32F4xx_HAL_Driver/Inc/stm32f4xx_ll_bus.h **** #endif /* UART9 */
 285:Drivers/STM32F4xx_HAL_Driver/Inc/stm32f4xx_ll_bus.h **** #if defined(UART10)
 286:Drivers/STM32F4xx_HAL_Driver/Inc/stm32f4xx_ll_bus.h **** #define LL_APB2_GRP1_PERIPH_UART10       RCC_APB2ENR_UART10EN
 287:Drivers/STM32F4xx_HAL_Driver/Inc/stm32f4xx_ll_bus.h **** #endif /* UART10 */
 288:Drivers/STM32F4xx_HAL_Driver/Inc/stm32f4xx_ll_bus.h **** #define LL_APB2_GRP1_PERIPH_ADC1         RCC_APB2ENR_ADC1EN
ARM GAS  C:\Users\chris\AppData\Local\Temp\ccsULun0.s 			page 11


 289:Drivers/STM32F4xx_HAL_Driver/Inc/stm32f4xx_ll_bus.h **** #if defined(ADC2)
 290:Drivers/STM32F4xx_HAL_Driver/Inc/stm32f4xx_ll_bus.h **** #define LL_APB2_GRP1_PERIPH_ADC2         RCC_APB2ENR_ADC2EN
 291:Drivers/STM32F4xx_HAL_Driver/Inc/stm32f4xx_ll_bus.h **** #endif /* ADC2 */
 292:Drivers/STM32F4xx_HAL_Driver/Inc/stm32f4xx_ll_bus.h **** #if defined(ADC3)
 293:Drivers/STM32F4xx_HAL_Driver/Inc/stm32f4xx_ll_bus.h **** #define LL_APB2_GRP1_PERIPH_ADC3         RCC_APB2ENR_ADC3EN
 294:Drivers/STM32F4xx_HAL_Driver/Inc/stm32f4xx_ll_bus.h **** #endif /* ADC3 */
 295:Drivers/STM32F4xx_HAL_Driver/Inc/stm32f4xx_ll_bus.h **** #if defined(SDIO)
 296:Drivers/STM32F4xx_HAL_Driver/Inc/stm32f4xx_ll_bus.h **** #define LL_APB2_GRP1_PERIPH_SDIO         RCC_APB2ENR_SDIOEN
 297:Drivers/STM32F4xx_HAL_Driver/Inc/stm32f4xx_ll_bus.h **** #endif /* SDIO */
 298:Drivers/STM32F4xx_HAL_Driver/Inc/stm32f4xx_ll_bus.h **** #define LL_APB2_GRP1_PERIPH_SPI1         RCC_APB2ENR_SPI1EN
 299:Drivers/STM32F4xx_HAL_Driver/Inc/stm32f4xx_ll_bus.h **** #if defined(SPI4)
 300:Drivers/STM32F4xx_HAL_Driver/Inc/stm32f4xx_ll_bus.h **** #define LL_APB2_GRP1_PERIPH_SPI4         RCC_APB2ENR_SPI4EN
 301:Drivers/STM32F4xx_HAL_Driver/Inc/stm32f4xx_ll_bus.h **** #endif /* SPI4 */
 302:Drivers/STM32F4xx_HAL_Driver/Inc/stm32f4xx_ll_bus.h **** #define LL_APB2_GRP1_PERIPH_SYSCFG       RCC_APB2ENR_SYSCFGEN
 303:Drivers/STM32F4xx_HAL_Driver/Inc/stm32f4xx_ll_bus.h **** #if defined(RCC_APB2ENR_EXTITEN)
 304:Drivers/STM32F4xx_HAL_Driver/Inc/stm32f4xx_ll_bus.h **** #define LL_APB2_GRP1_PERIPH_EXTI         RCC_APB2ENR_EXTITEN
 305:Drivers/STM32F4xx_HAL_Driver/Inc/stm32f4xx_ll_bus.h **** #endif /* RCC_APB2ENR_EXTITEN */
 306:Drivers/STM32F4xx_HAL_Driver/Inc/stm32f4xx_ll_bus.h **** #define LL_APB2_GRP1_PERIPH_TIM9         RCC_APB2ENR_TIM9EN
 307:Drivers/STM32F4xx_HAL_Driver/Inc/stm32f4xx_ll_bus.h **** #if defined(TIM10)
 308:Drivers/STM32F4xx_HAL_Driver/Inc/stm32f4xx_ll_bus.h **** #define LL_APB2_GRP1_PERIPH_TIM10        RCC_APB2ENR_TIM10EN
 309:Drivers/STM32F4xx_HAL_Driver/Inc/stm32f4xx_ll_bus.h **** #endif /* TIM10 */
 310:Drivers/STM32F4xx_HAL_Driver/Inc/stm32f4xx_ll_bus.h **** #define LL_APB2_GRP1_PERIPH_TIM11        RCC_APB2ENR_TIM11EN
 311:Drivers/STM32F4xx_HAL_Driver/Inc/stm32f4xx_ll_bus.h **** #if defined(SPI5)
 312:Drivers/STM32F4xx_HAL_Driver/Inc/stm32f4xx_ll_bus.h **** #define LL_APB2_GRP1_PERIPH_SPI5         RCC_APB2ENR_SPI5EN
 313:Drivers/STM32F4xx_HAL_Driver/Inc/stm32f4xx_ll_bus.h **** #endif /* SPI5 */
 314:Drivers/STM32F4xx_HAL_Driver/Inc/stm32f4xx_ll_bus.h **** #if defined(SPI6)
 315:Drivers/STM32F4xx_HAL_Driver/Inc/stm32f4xx_ll_bus.h **** #define LL_APB2_GRP1_PERIPH_SPI6         RCC_APB2ENR_SPI6EN
 316:Drivers/STM32F4xx_HAL_Driver/Inc/stm32f4xx_ll_bus.h **** #endif /* SPI6 */
 317:Drivers/STM32F4xx_HAL_Driver/Inc/stm32f4xx_ll_bus.h **** #if defined(SAI1)
 318:Drivers/STM32F4xx_HAL_Driver/Inc/stm32f4xx_ll_bus.h **** #define LL_APB2_GRP1_PERIPH_SAI1         RCC_APB2ENR_SAI1EN
 319:Drivers/STM32F4xx_HAL_Driver/Inc/stm32f4xx_ll_bus.h **** #endif /* SAI1 */
 320:Drivers/STM32F4xx_HAL_Driver/Inc/stm32f4xx_ll_bus.h **** #if defined(SAI2)
 321:Drivers/STM32F4xx_HAL_Driver/Inc/stm32f4xx_ll_bus.h **** #define LL_APB2_GRP1_PERIPH_SAI2         RCC_APB2ENR_SAI2EN
 322:Drivers/STM32F4xx_HAL_Driver/Inc/stm32f4xx_ll_bus.h **** #endif /* SAI2 */
 323:Drivers/STM32F4xx_HAL_Driver/Inc/stm32f4xx_ll_bus.h **** #if defined(LTDC)
 324:Drivers/STM32F4xx_HAL_Driver/Inc/stm32f4xx_ll_bus.h **** #define LL_APB2_GRP1_PERIPH_LTDC         RCC_APB2ENR_LTDCEN
 325:Drivers/STM32F4xx_HAL_Driver/Inc/stm32f4xx_ll_bus.h **** #endif /* LTDC */
 326:Drivers/STM32F4xx_HAL_Driver/Inc/stm32f4xx_ll_bus.h **** #if defined(DSI)
 327:Drivers/STM32F4xx_HAL_Driver/Inc/stm32f4xx_ll_bus.h **** #define LL_APB2_GRP1_PERIPH_DSI          RCC_APB2ENR_DSIEN
 328:Drivers/STM32F4xx_HAL_Driver/Inc/stm32f4xx_ll_bus.h **** #endif /* DSI */
 329:Drivers/STM32F4xx_HAL_Driver/Inc/stm32f4xx_ll_bus.h **** #if defined(DFSDM1_Channel0)
 330:Drivers/STM32F4xx_HAL_Driver/Inc/stm32f4xx_ll_bus.h **** #define LL_APB2_GRP1_PERIPH_DFSDM1       RCC_APB2ENR_DFSDM1EN
 331:Drivers/STM32F4xx_HAL_Driver/Inc/stm32f4xx_ll_bus.h **** #endif /* DFSDM1_Channel0 */
 332:Drivers/STM32F4xx_HAL_Driver/Inc/stm32f4xx_ll_bus.h **** #if defined(DFSDM2_Channel0)
 333:Drivers/STM32F4xx_HAL_Driver/Inc/stm32f4xx_ll_bus.h **** #define LL_APB2_GRP1_PERIPH_DFSDM2       RCC_APB2ENR_DFSDM2EN
 334:Drivers/STM32F4xx_HAL_Driver/Inc/stm32f4xx_ll_bus.h **** #endif /* DFSDM2_Channel0 */
 335:Drivers/STM32F4xx_HAL_Driver/Inc/stm32f4xx_ll_bus.h **** #define LL_APB2_GRP1_PERIPH_ADC          RCC_APB2RSTR_ADCRST
 336:Drivers/STM32F4xx_HAL_Driver/Inc/stm32f4xx_ll_bus.h **** /**
 337:Drivers/STM32F4xx_HAL_Driver/Inc/stm32f4xx_ll_bus.h ****   * @}
 338:Drivers/STM32F4xx_HAL_Driver/Inc/stm32f4xx_ll_bus.h ****   */
 339:Drivers/STM32F4xx_HAL_Driver/Inc/stm32f4xx_ll_bus.h **** 
 340:Drivers/STM32F4xx_HAL_Driver/Inc/stm32f4xx_ll_bus.h **** /**
 341:Drivers/STM32F4xx_HAL_Driver/Inc/stm32f4xx_ll_bus.h ****   * @}
 342:Drivers/STM32F4xx_HAL_Driver/Inc/stm32f4xx_ll_bus.h ****   */
 343:Drivers/STM32F4xx_HAL_Driver/Inc/stm32f4xx_ll_bus.h **** 
 344:Drivers/STM32F4xx_HAL_Driver/Inc/stm32f4xx_ll_bus.h **** /* Exported macro ------------------------------------------------------------*/
 345:Drivers/STM32F4xx_HAL_Driver/Inc/stm32f4xx_ll_bus.h **** /* Exported functions --------------------------------------------------------*/
ARM GAS  C:\Users\chris\AppData\Local\Temp\ccsULun0.s 			page 12


 346:Drivers/STM32F4xx_HAL_Driver/Inc/stm32f4xx_ll_bus.h **** /** @defgroup BUS_LL_Exported_Functions BUS Exported Functions
 347:Drivers/STM32F4xx_HAL_Driver/Inc/stm32f4xx_ll_bus.h ****   * @{
 348:Drivers/STM32F4xx_HAL_Driver/Inc/stm32f4xx_ll_bus.h ****   */
 349:Drivers/STM32F4xx_HAL_Driver/Inc/stm32f4xx_ll_bus.h **** 
 350:Drivers/STM32F4xx_HAL_Driver/Inc/stm32f4xx_ll_bus.h **** /** @defgroup BUS_LL_EF_AHB1 AHB1
 351:Drivers/STM32F4xx_HAL_Driver/Inc/stm32f4xx_ll_bus.h ****   * @{
 352:Drivers/STM32F4xx_HAL_Driver/Inc/stm32f4xx_ll_bus.h ****   */
 353:Drivers/STM32F4xx_HAL_Driver/Inc/stm32f4xx_ll_bus.h **** 
 354:Drivers/STM32F4xx_HAL_Driver/Inc/stm32f4xx_ll_bus.h **** /**
 355:Drivers/STM32F4xx_HAL_Driver/Inc/stm32f4xx_ll_bus.h ****   * @brief  Enable AHB1 peripherals clock.
 356:Drivers/STM32F4xx_HAL_Driver/Inc/stm32f4xx_ll_bus.h ****   * @rmtoll AHB1ENR      GPIOAEN            LL_AHB1_GRP1_EnableClock\n
 357:Drivers/STM32F4xx_HAL_Driver/Inc/stm32f4xx_ll_bus.h ****   *         AHB1ENR      GPIOBEN            LL_AHB1_GRP1_EnableClock\n
 358:Drivers/STM32F4xx_HAL_Driver/Inc/stm32f4xx_ll_bus.h ****   *         AHB1ENR      GPIOCEN            LL_AHB1_GRP1_EnableClock\n
 359:Drivers/STM32F4xx_HAL_Driver/Inc/stm32f4xx_ll_bus.h ****   *         AHB1ENR      GPIODEN            LL_AHB1_GRP1_EnableClock\n
 360:Drivers/STM32F4xx_HAL_Driver/Inc/stm32f4xx_ll_bus.h ****   *         AHB1ENR      GPIOEEN            LL_AHB1_GRP1_EnableClock\n
 361:Drivers/STM32F4xx_HAL_Driver/Inc/stm32f4xx_ll_bus.h ****   *         AHB1ENR      GPIOFEN            LL_AHB1_GRP1_EnableClock\n
 362:Drivers/STM32F4xx_HAL_Driver/Inc/stm32f4xx_ll_bus.h ****   *         AHB1ENR      GPIOGEN            LL_AHB1_GRP1_EnableClock\n
 363:Drivers/STM32F4xx_HAL_Driver/Inc/stm32f4xx_ll_bus.h ****   *         AHB1ENR      GPIOHEN            LL_AHB1_GRP1_EnableClock\n
 364:Drivers/STM32F4xx_HAL_Driver/Inc/stm32f4xx_ll_bus.h ****   *         AHB1ENR      GPIOIEN            LL_AHB1_GRP1_EnableClock\n
 365:Drivers/STM32F4xx_HAL_Driver/Inc/stm32f4xx_ll_bus.h ****   *         AHB1ENR      GPIOJEN            LL_AHB1_GRP1_EnableClock\n
 366:Drivers/STM32F4xx_HAL_Driver/Inc/stm32f4xx_ll_bus.h ****   *         AHB1ENR      GPIOKEN            LL_AHB1_GRP1_EnableClock\n
 367:Drivers/STM32F4xx_HAL_Driver/Inc/stm32f4xx_ll_bus.h ****   *         AHB1ENR      CRCEN              LL_AHB1_GRP1_EnableClock\n
 368:Drivers/STM32F4xx_HAL_Driver/Inc/stm32f4xx_ll_bus.h ****   *         AHB1ENR      BKPSRAMEN          LL_AHB1_GRP1_EnableClock\n
 369:Drivers/STM32F4xx_HAL_Driver/Inc/stm32f4xx_ll_bus.h ****   *         AHB1ENR      CCMDATARAMEN       LL_AHB1_GRP1_EnableClock\n
 370:Drivers/STM32F4xx_HAL_Driver/Inc/stm32f4xx_ll_bus.h ****   *         AHB1ENR      DMA1EN             LL_AHB1_GRP1_EnableClock\n
 371:Drivers/STM32F4xx_HAL_Driver/Inc/stm32f4xx_ll_bus.h ****   *         AHB1ENR      DMA2EN             LL_AHB1_GRP1_EnableClock\n
 372:Drivers/STM32F4xx_HAL_Driver/Inc/stm32f4xx_ll_bus.h ****   *         AHB1ENR      RNGEN              LL_AHB1_GRP1_EnableClock\n
 373:Drivers/STM32F4xx_HAL_Driver/Inc/stm32f4xx_ll_bus.h ****   *         AHB1ENR      DMA2DEN            LL_AHB1_GRP1_EnableClock\n
 374:Drivers/STM32F4xx_HAL_Driver/Inc/stm32f4xx_ll_bus.h ****   *         AHB1ENR      ETHMACEN           LL_AHB1_GRP1_EnableClock\n
 375:Drivers/STM32F4xx_HAL_Driver/Inc/stm32f4xx_ll_bus.h ****   *         AHB1ENR      ETHMACTXEN         LL_AHB1_GRP1_EnableClock\n
 376:Drivers/STM32F4xx_HAL_Driver/Inc/stm32f4xx_ll_bus.h ****   *         AHB1ENR      ETHMACRXEN         LL_AHB1_GRP1_EnableClock\n
 377:Drivers/STM32F4xx_HAL_Driver/Inc/stm32f4xx_ll_bus.h ****   *         AHB1ENR      ETHMACPTPEN        LL_AHB1_GRP1_EnableClock\n
 378:Drivers/STM32F4xx_HAL_Driver/Inc/stm32f4xx_ll_bus.h ****   *         AHB1ENR      OTGHSEN            LL_AHB1_GRP1_EnableClock\n
 379:Drivers/STM32F4xx_HAL_Driver/Inc/stm32f4xx_ll_bus.h ****   *         AHB1ENR      OTGHSULPIEN        LL_AHB1_GRP1_EnableClock
 380:Drivers/STM32F4xx_HAL_Driver/Inc/stm32f4xx_ll_bus.h ****   * @param  Periphs This parameter can be a combination of the following values:
 381:Drivers/STM32F4xx_HAL_Driver/Inc/stm32f4xx_ll_bus.h ****   *         @arg @ref LL_AHB1_GRP1_PERIPH_GPIOA
 382:Drivers/STM32F4xx_HAL_Driver/Inc/stm32f4xx_ll_bus.h ****   *         @arg @ref LL_AHB1_GRP1_PERIPH_GPIOB
 383:Drivers/STM32F4xx_HAL_Driver/Inc/stm32f4xx_ll_bus.h ****   *         @arg @ref LL_AHB1_GRP1_PERIPH_GPIOC
 384:Drivers/STM32F4xx_HAL_Driver/Inc/stm32f4xx_ll_bus.h ****   *         @arg @ref LL_AHB1_GRP1_PERIPH_GPIOD (*)
 385:Drivers/STM32F4xx_HAL_Driver/Inc/stm32f4xx_ll_bus.h ****   *         @arg @ref LL_AHB1_GRP1_PERIPH_GPIOE (*)
 386:Drivers/STM32F4xx_HAL_Driver/Inc/stm32f4xx_ll_bus.h ****   *         @arg @ref LL_AHB1_GRP1_PERIPH_GPIOF (*)
 387:Drivers/STM32F4xx_HAL_Driver/Inc/stm32f4xx_ll_bus.h ****   *         @arg @ref LL_AHB1_GRP1_PERIPH_GPIOG (*)
 388:Drivers/STM32F4xx_HAL_Driver/Inc/stm32f4xx_ll_bus.h ****   *         @arg @ref LL_AHB1_GRP1_PERIPH_GPIOH (*)
 389:Drivers/STM32F4xx_HAL_Driver/Inc/stm32f4xx_ll_bus.h ****   *         @arg @ref LL_AHB1_GRP1_PERIPH_GPIOI (*)
 390:Drivers/STM32F4xx_HAL_Driver/Inc/stm32f4xx_ll_bus.h ****   *         @arg @ref LL_AHB1_GRP1_PERIPH_GPIOJ (*)
 391:Drivers/STM32F4xx_HAL_Driver/Inc/stm32f4xx_ll_bus.h ****   *         @arg @ref LL_AHB1_GRP1_PERIPH_GPIOK (*)
 392:Drivers/STM32F4xx_HAL_Driver/Inc/stm32f4xx_ll_bus.h ****   *         @arg @ref LL_AHB1_GRP1_PERIPH_CRC
 393:Drivers/STM32F4xx_HAL_Driver/Inc/stm32f4xx_ll_bus.h ****   *         @arg @ref LL_AHB1_GRP1_PERIPH_BKPSRAM (*)
 394:Drivers/STM32F4xx_HAL_Driver/Inc/stm32f4xx_ll_bus.h ****   *         @arg @ref LL_AHB1_GRP1_PERIPH_CCMDATARAM (*)
 395:Drivers/STM32F4xx_HAL_Driver/Inc/stm32f4xx_ll_bus.h ****   *         @arg @ref LL_AHB1_GRP1_PERIPH_DMA1
 396:Drivers/STM32F4xx_HAL_Driver/Inc/stm32f4xx_ll_bus.h ****   *         @arg @ref LL_AHB1_GRP1_PERIPH_DMA2
 397:Drivers/STM32F4xx_HAL_Driver/Inc/stm32f4xx_ll_bus.h ****   *         @arg @ref LL_AHB1_GRP1_PERIPH_RNG (*)
 398:Drivers/STM32F4xx_HAL_Driver/Inc/stm32f4xx_ll_bus.h ****   *         @arg @ref LL_AHB1_GRP1_PERIPH_DMA2D (*)
 399:Drivers/STM32F4xx_HAL_Driver/Inc/stm32f4xx_ll_bus.h ****   *         @arg @ref LL_AHB1_GRP1_PERIPH_ETHMAC (*)
 400:Drivers/STM32F4xx_HAL_Driver/Inc/stm32f4xx_ll_bus.h ****   *         @arg @ref LL_AHB1_GRP1_PERIPH_ETHMACTX (*)
 401:Drivers/STM32F4xx_HAL_Driver/Inc/stm32f4xx_ll_bus.h ****   *         @arg @ref LL_AHB1_GRP1_PERIPH_ETHMACRX (*)
 402:Drivers/STM32F4xx_HAL_Driver/Inc/stm32f4xx_ll_bus.h ****   *         @arg @ref LL_AHB1_GRP1_PERIPH_ETHMACPTP (*)
ARM GAS  C:\Users\chris\AppData\Local\Temp\ccsULun0.s 			page 13


 403:Drivers/STM32F4xx_HAL_Driver/Inc/stm32f4xx_ll_bus.h ****   *         @arg @ref LL_AHB1_GRP1_PERIPH_OTGHS (*)
 404:Drivers/STM32F4xx_HAL_Driver/Inc/stm32f4xx_ll_bus.h ****   *         @arg @ref LL_AHB1_GRP1_PERIPH_OTGHSULPI (*)
 405:Drivers/STM32F4xx_HAL_Driver/Inc/stm32f4xx_ll_bus.h ****   *
 406:Drivers/STM32F4xx_HAL_Driver/Inc/stm32f4xx_ll_bus.h ****   *         (*) value not defined in all devices.
 407:Drivers/STM32F4xx_HAL_Driver/Inc/stm32f4xx_ll_bus.h ****   * @retval None
 408:Drivers/STM32F4xx_HAL_Driver/Inc/stm32f4xx_ll_bus.h ****   */
 409:Drivers/STM32F4xx_HAL_Driver/Inc/stm32f4xx_ll_bus.h **** __STATIC_INLINE void LL_AHB1_GRP1_EnableClock(uint32_t Periphs)
 410:Drivers/STM32F4xx_HAL_Driver/Inc/stm32f4xx_ll_bus.h **** {
 411:Drivers/STM32F4xx_HAL_Driver/Inc/stm32f4xx_ll_bus.h ****   __IO uint32_t tmpreg;
 412:Drivers/STM32F4xx_HAL_Driver/Inc/stm32f4xx_ll_bus.h ****   SET_BIT(RCC->AHB1ENR, Periphs);
 413:Drivers/STM32F4xx_HAL_Driver/Inc/stm32f4xx_ll_bus.h ****   /* Delay after an RCC peripheral clock enabling */
 414:Drivers/STM32F4xx_HAL_Driver/Inc/stm32f4xx_ll_bus.h ****   tmpreg = READ_BIT(RCC->AHB1ENR, Periphs);
 415:Drivers/STM32F4xx_HAL_Driver/Inc/stm32f4xx_ll_bus.h ****   (void)tmpreg;
 416:Drivers/STM32F4xx_HAL_Driver/Inc/stm32f4xx_ll_bus.h **** }
 417:Drivers/STM32F4xx_HAL_Driver/Inc/stm32f4xx_ll_bus.h **** 
 418:Drivers/STM32F4xx_HAL_Driver/Inc/stm32f4xx_ll_bus.h **** /**
 419:Drivers/STM32F4xx_HAL_Driver/Inc/stm32f4xx_ll_bus.h ****   * @brief  Check if AHB1 peripheral clock is enabled or not
 420:Drivers/STM32F4xx_HAL_Driver/Inc/stm32f4xx_ll_bus.h ****   * @rmtoll AHB1ENR      GPIOAEN            LL_AHB1_GRP1_IsEnabledClock\n
 421:Drivers/STM32F4xx_HAL_Driver/Inc/stm32f4xx_ll_bus.h ****   *         AHB1ENR      GPIOBEN            LL_AHB1_GRP1_IsEnabledClock\n
 422:Drivers/STM32F4xx_HAL_Driver/Inc/stm32f4xx_ll_bus.h ****   *         AHB1ENR      GPIOCEN            LL_AHB1_GRP1_IsEnabledClock\n
 423:Drivers/STM32F4xx_HAL_Driver/Inc/stm32f4xx_ll_bus.h ****   *         AHB1ENR      GPIODEN            LL_AHB1_GRP1_IsEnabledClock\n
 424:Drivers/STM32F4xx_HAL_Driver/Inc/stm32f4xx_ll_bus.h ****   *         AHB1ENR      GPIOEEN            LL_AHB1_GRP1_IsEnabledClock\n
 425:Drivers/STM32F4xx_HAL_Driver/Inc/stm32f4xx_ll_bus.h ****   *         AHB1ENR      GPIOFEN            LL_AHB1_GRP1_IsEnabledClock\n
 426:Drivers/STM32F4xx_HAL_Driver/Inc/stm32f4xx_ll_bus.h ****   *         AHB1ENR      GPIOGEN            LL_AHB1_GRP1_IsEnabledClock\n
 427:Drivers/STM32F4xx_HAL_Driver/Inc/stm32f4xx_ll_bus.h ****   *         AHB1ENR      GPIOHEN            LL_AHB1_GRP1_IsEnabledClock\n
 428:Drivers/STM32F4xx_HAL_Driver/Inc/stm32f4xx_ll_bus.h ****   *         AHB1ENR      GPIOIEN            LL_AHB1_GRP1_IsEnabledClock\n
 429:Drivers/STM32F4xx_HAL_Driver/Inc/stm32f4xx_ll_bus.h ****   *         AHB1ENR      GPIOJEN            LL_AHB1_GRP1_IsEnabledClock\n
 430:Drivers/STM32F4xx_HAL_Driver/Inc/stm32f4xx_ll_bus.h ****   *         AHB1ENR      GPIOKEN            LL_AHB1_GRP1_IsEnabledClock\n
 431:Drivers/STM32F4xx_HAL_Driver/Inc/stm32f4xx_ll_bus.h ****   *         AHB1ENR      CRCEN              LL_AHB1_GRP1_IsEnabledClock\n
 432:Drivers/STM32F4xx_HAL_Driver/Inc/stm32f4xx_ll_bus.h ****   *         AHB1ENR      BKPSRAMEN          LL_AHB1_GRP1_IsEnabledClock\n
 433:Drivers/STM32F4xx_HAL_Driver/Inc/stm32f4xx_ll_bus.h ****   *         AHB1ENR      CCMDATARAMEN       LL_AHB1_GRP1_IsEnabledClock\n
 434:Drivers/STM32F4xx_HAL_Driver/Inc/stm32f4xx_ll_bus.h ****   *         AHB1ENR      DMA1EN             LL_AHB1_GRP1_IsEnabledClock\n
 435:Drivers/STM32F4xx_HAL_Driver/Inc/stm32f4xx_ll_bus.h ****   *         AHB1ENR      DMA2EN             LL_AHB1_GRP1_IsEnabledClock\n
 436:Drivers/STM32F4xx_HAL_Driver/Inc/stm32f4xx_ll_bus.h ****   *         AHB1ENR      RNGEN              LL_AHB1_GRP1_IsEnabledClock\n
 437:Drivers/STM32F4xx_HAL_Driver/Inc/stm32f4xx_ll_bus.h ****   *         AHB1ENR      DMA2DEN            LL_AHB1_GRP1_IsEnabledClock\n
 438:Drivers/STM32F4xx_HAL_Driver/Inc/stm32f4xx_ll_bus.h ****   *         AHB1ENR      ETHMACEN           LL_AHB1_GRP1_IsEnabledClock\n
 439:Drivers/STM32F4xx_HAL_Driver/Inc/stm32f4xx_ll_bus.h ****   *         AHB1ENR      ETHMACTXEN         LL_AHB1_GRP1_IsEnabledClock\n
 440:Drivers/STM32F4xx_HAL_Driver/Inc/stm32f4xx_ll_bus.h ****   *         AHB1ENR      ETHMACRXEN         LL_AHB1_GRP1_IsEnabledClock\n
 441:Drivers/STM32F4xx_HAL_Driver/Inc/stm32f4xx_ll_bus.h ****   *         AHB1ENR      ETHMACPTPEN        LL_AHB1_GRP1_IsEnabledClock\n
 442:Drivers/STM32F4xx_HAL_Driver/Inc/stm32f4xx_ll_bus.h ****   *         AHB1ENR      OTGHSEN            LL_AHB1_GRP1_IsEnabledClock\n
 443:Drivers/STM32F4xx_HAL_Driver/Inc/stm32f4xx_ll_bus.h ****   *         AHB1ENR      OTGHSULPIEN        LL_AHB1_GRP1_IsEnabledClock
 444:Drivers/STM32F4xx_HAL_Driver/Inc/stm32f4xx_ll_bus.h ****   * @param  Periphs This parameter can be a combination of the following values:
 445:Drivers/STM32F4xx_HAL_Driver/Inc/stm32f4xx_ll_bus.h ****   *         @arg @ref LL_AHB1_GRP1_PERIPH_GPIOA
 446:Drivers/STM32F4xx_HAL_Driver/Inc/stm32f4xx_ll_bus.h ****   *         @arg @ref LL_AHB1_GRP1_PERIPH_GPIOB
 447:Drivers/STM32F4xx_HAL_Driver/Inc/stm32f4xx_ll_bus.h ****   *         @arg @ref LL_AHB1_GRP1_PERIPH_GPIOC
 448:Drivers/STM32F4xx_HAL_Driver/Inc/stm32f4xx_ll_bus.h ****   *         @arg @ref LL_AHB1_GRP1_PERIPH_GPIOD (*)
 449:Drivers/STM32F4xx_HAL_Driver/Inc/stm32f4xx_ll_bus.h ****   *         @arg @ref LL_AHB1_GRP1_PERIPH_GPIOE (*)
 450:Drivers/STM32F4xx_HAL_Driver/Inc/stm32f4xx_ll_bus.h ****   *         @arg @ref LL_AHB1_GRP1_PERIPH_GPIOF (*)
 451:Drivers/STM32F4xx_HAL_Driver/Inc/stm32f4xx_ll_bus.h ****   *         @arg @ref LL_AHB1_GRP1_PERIPH_GPIOG (*)
 452:Drivers/STM32F4xx_HAL_Driver/Inc/stm32f4xx_ll_bus.h ****   *         @arg @ref LL_AHB1_GRP1_PERIPH_GPIOH (*)
 453:Drivers/STM32F4xx_HAL_Driver/Inc/stm32f4xx_ll_bus.h ****   *         @arg @ref LL_AHB1_GRP1_PERIPH_GPIOI (*)
 454:Drivers/STM32F4xx_HAL_Driver/Inc/stm32f4xx_ll_bus.h ****   *         @arg @ref LL_AHB1_GRP1_PERIPH_GPIOJ (*)
 455:Drivers/STM32F4xx_HAL_Driver/Inc/stm32f4xx_ll_bus.h ****   *         @arg @ref LL_AHB1_GRP1_PERIPH_GPIOK (*)
 456:Drivers/STM32F4xx_HAL_Driver/Inc/stm32f4xx_ll_bus.h ****   *         @arg @ref LL_AHB1_GRP1_PERIPH_CRC
 457:Drivers/STM32F4xx_HAL_Driver/Inc/stm32f4xx_ll_bus.h ****   *         @arg @ref LL_AHB1_GRP1_PERIPH_BKPSRAM (*)
 458:Drivers/STM32F4xx_HAL_Driver/Inc/stm32f4xx_ll_bus.h ****   *         @arg @ref LL_AHB1_GRP1_PERIPH_CCMDATARAM (*)
 459:Drivers/STM32F4xx_HAL_Driver/Inc/stm32f4xx_ll_bus.h ****   *         @arg @ref LL_AHB1_GRP1_PERIPH_DMA1
ARM GAS  C:\Users\chris\AppData\Local\Temp\ccsULun0.s 			page 14


 460:Drivers/STM32F4xx_HAL_Driver/Inc/stm32f4xx_ll_bus.h ****   *         @arg @ref LL_AHB1_GRP1_PERIPH_DMA2
 461:Drivers/STM32F4xx_HAL_Driver/Inc/stm32f4xx_ll_bus.h ****   *         @arg @ref LL_AHB1_GRP1_PERIPH_RNG (*)
 462:Drivers/STM32F4xx_HAL_Driver/Inc/stm32f4xx_ll_bus.h ****   *         @arg @ref LL_AHB1_GRP1_PERIPH_DMA2D (*)
 463:Drivers/STM32F4xx_HAL_Driver/Inc/stm32f4xx_ll_bus.h ****   *         @arg @ref LL_AHB1_GRP1_PERIPH_ETHMAC (*)
 464:Drivers/STM32F4xx_HAL_Driver/Inc/stm32f4xx_ll_bus.h ****   *         @arg @ref LL_AHB1_GRP1_PERIPH_ETHMACTX (*)
 465:Drivers/STM32F4xx_HAL_Driver/Inc/stm32f4xx_ll_bus.h ****   *         @arg @ref LL_AHB1_GRP1_PERIPH_ETHMACRX (*)
 466:Drivers/STM32F4xx_HAL_Driver/Inc/stm32f4xx_ll_bus.h ****   *         @arg @ref LL_AHB1_GRP1_PERIPH_ETHMACPTP (*)
 467:Drivers/STM32F4xx_HAL_Driver/Inc/stm32f4xx_ll_bus.h ****   *         @arg @ref LL_AHB1_GRP1_PERIPH_OTGHS (*)
 468:Drivers/STM32F4xx_HAL_Driver/Inc/stm32f4xx_ll_bus.h ****   *         @arg @ref LL_AHB1_GRP1_PERIPH_OTGHSULPI (*)
 469:Drivers/STM32F4xx_HAL_Driver/Inc/stm32f4xx_ll_bus.h ****   *
 470:Drivers/STM32F4xx_HAL_Driver/Inc/stm32f4xx_ll_bus.h ****   *         (*) value not defined in all devices.
 471:Drivers/STM32F4xx_HAL_Driver/Inc/stm32f4xx_ll_bus.h ****   * @retval State of Periphs (1 or 0).
 472:Drivers/STM32F4xx_HAL_Driver/Inc/stm32f4xx_ll_bus.h ****   */
 473:Drivers/STM32F4xx_HAL_Driver/Inc/stm32f4xx_ll_bus.h **** __STATIC_INLINE uint32_t LL_AHB1_GRP1_IsEnabledClock(uint32_t Periphs)
 474:Drivers/STM32F4xx_HAL_Driver/Inc/stm32f4xx_ll_bus.h **** {
 475:Drivers/STM32F4xx_HAL_Driver/Inc/stm32f4xx_ll_bus.h ****   return (READ_BIT(RCC->AHB1ENR, Periphs) == Periphs);
 476:Drivers/STM32F4xx_HAL_Driver/Inc/stm32f4xx_ll_bus.h **** }
 477:Drivers/STM32F4xx_HAL_Driver/Inc/stm32f4xx_ll_bus.h **** 
 478:Drivers/STM32F4xx_HAL_Driver/Inc/stm32f4xx_ll_bus.h **** /**
 479:Drivers/STM32F4xx_HAL_Driver/Inc/stm32f4xx_ll_bus.h ****   * @brief  Disable AHB1 peripherals clock.
 480:Drivers/STM32F4xx_HAL_Driver/Inc/stm32f4xx_ll_bus.h ****   * @rmtoll AHB1ENR      GPIOAEN            LL_AHB1_GRP1_DisableClock\n
 481:Drivers/STM32F4xx_HAL_Driver/Inc/stm32f4xx_ll_bus.h ****   *         AHB1ENR      GPIOBEN            LL_AHB1_GRP1_DisableClock\n
 482:Drivers/STM32F4xx_HAL_Driver/Inc/stm32f4xx_ll_bus.h ****   *         AHB1ENR      GPIOCEN            LL_AHB1_GRP1_DisableClock\n
 483:Drivers/STM32F4xx_HAL_Driver/Inc/stm32f4xx_ll_bus.h ****   *         AHB1ENR      GPIODEN            LL_AHB1_GRP1_DisableClock\n
 484:Drivers/STM32F4xx_HAL_Driver/Inc/stm32f4xx_ll_bus.h ****   *         AHB1ENR      GPIOEEN            LL_AHB1_GRP1_DisableClock\n
 485:Drivers/STM32F4xx_HAL_Driver/Inc/stm32f4xx_ll_bus.h ****   *         AHB1ENR      GPIOFEN            LL_AHB1_GRP1_DisableClock\n
 486:Drivers/STM32F4xx_HAL_Driver/Inc/stm32f4xx_ll_bus.h ****   *         AHB1ENR      GPIOGEN            LL_AHB1_GRP1_DisableClock\n
 487:Drivers/STM32F4xx_HAL_Driver/Inc/stm32f4xx_ll_bus.h ****   *         AHB1ENR      GPIOHEN            LL_AHB1_GRP1_DisableClock\n
 488:Drivers/STM32F4xx_HAL_Driver/Inc/stm32f4xx_ll_bus.h ****   *         AHB1ENR      GPIOIEN            LL_AHB1_GRP1_DisableClock\n
 489:Drivers/STM32F4xx_HAL_Driver/Inc/stm32f4xx_ll_bus.h ****   *         AHB1ENR      GPIOJEN            LL_AHB1_GRP1_DisableClock\n
 490:Drivers/STM32F4xx_HAL_Driver/Inc/stm32f4xx_ll_bus.h ****   *         AHB1ENR      GPIOKEN            LL_AHB1_GRP1_DisableClock\n
 491:Drivers/STM32F4xx_HAL_Driver/Inc/stm32f4xx_ll_bus.h ****   *         AHB1ENR      CRCEN              LL_AHB1_GRP1_DisableClock\n
 492:Drivers/STM32F4xx_HAL_Driver/Inc/stm32f4xx_ll_bus.h ****   *         AHB1ENR      BKPSRAMEN          LL_AHB1_GRP1_DisableClock\n
 493:Drivers/STM32F4xx_HAL_Driver/Inc/stm32f4xx_ll_bus.h ****   *         AHB1ENR      CCMDATARAMEN       LL_AHB1_GRP1_DisableClock\n
 494:Drivers/STM32F4xx_HAL_Driver/Inc/stm32f4xx_ll_bus.h ****   *         AHB1ENR      DMA1EN             LL_AHB1_GRP1_DisableClock\n
 495:Drivers/STM32F4xx_HAL_Driver/Inc/stm32f4xx_ll_bus.h ****   *         AHB1ENR      DMA2EN             LL_AHB1_GRP1_DisableClock\n
 496:Drivers/STM32F4xx_HAL_Driver/Inc/stm32f4xx_ll_bus.h ****   *         AHB1ENR      RNGEN              LL_AHB1_GRP1_DisableClock\n
 497:Drivers/STM32F4xx_HAL_Driver/Inc/stm32f4xx_ll_bus.h ****   *         AHB1ENR      DMA2DEN            LL_AHB1_GRP1_DisableClock\n
 498:Drivers/STM32F4xx_HAL_Driver/Inc/stm32f4xx_ll_bus.h ****   *         AHB1ENR      ETHMACEN           LL_AHB1_GRP1_DisableClock\n
 499:Drivers/STM32F4xx_HAL_Driver/Inc/stm32f4xx_ll_bus.h ****   *         AHB1ENR      ETHMACTXEN         LL_AHB1_GRP1_DisableClock\n
 500:Drivers/STM32F4xx_HAL_Driver/Inc/stm32f4xx_ll_bus.h ****   *         AHB1ENR      ETHMACRXEN         LL_AHB1_GRP1_DisableClock\n
 501:Drivers/STM32F4xx_HAL_Driver/Inc/stm32f4xx_ll_bus.h ****   *         AHB1ENR      ETHMACPTPEN        LL_AHB1_GRP1_DisableClock\n
 502:Drivers/STM32F4xx_HAL_Driver/Inc/stm32f4xx_ll_bus.h ****   *         AHB1ENR      OTGHSEN            LL_AHB1_GRP1_DisableClock\n
 503:Drivers/STM32F4xx_HAL_Driver/Inc/stm32f4xx_ll_bus.h ****   *         AHB1ENR      OTGHSULPIEN        LL_AHB1_GRP1_DisableClock
 504:Drivers/STM32F4xx_HAL_Driver/Inc/stm32f4xx_ll_bus.h ****   * @param  Periphs This parameter can be a combination of the following values:
 505:Drivers/STM32F4xx_HAL_Driver/Inc/stm32f4xx_ll_bus.h ****   *         @arg @ref LL_AHB1_GRP1_PERIPH_GPIOA
 506:Drivers/STM32F4xx_HAL_Driver/Inc/stm32f4xx_ll_bus.h ****   *         @arg @ref LL_AHB1_GRP1_PERIPH_GPIOB
 507:Drivers/STM32F4xx_HAL_Driver/Inc/stm32f4xx_ll_bus.h ****   *         @arg @ref LL_AHB1_GRP1_PERIPH_GPIOC
 508:Drivers/STM32F4xx_HAL_Driver/Inc/stm32f4xx_ll_bus.h ****   *         @arg @ref LL_AHB1_GRP1_PERIPH_GPIOD (*)
 509:Drivers/STM32F4xx_HAL_Driver/Inc/stm32f4xx_ll_bus.h ****   *         @arg @ref LL_AHB1_GRP1_PERIPH_GPIOE (*)
 510:Drivers/STM32F4xx_HAL_Driver/Inc/stm32f4xx_ll_bus.h ****   *         @arg @ref LL_AHB1_GRP1_PERIPH_GPIOF (*)
 511:Drivers/STM32F4xx_HAL_Driver/Inc/stm32f4xx_ll_bus.h ****   *         @arg @ref LL_AHB1_GRP1_PERIPH_GPIOG (*)
 512:Drivers/STM32F4xx_HAL_Driver/Inc/stm32f4xx_ll_bus.h ****   *         @arg @ref LL_AHB1_GRP1_PERIPH_GPIOH (*)
 513:Drivers/STM32F4xx_HAL_Driver/Inc/stm32f4xx_ll_bus.h ****   *         @arg @ref LL_AHB1_GRP1_PERIPH_GPIOI (*)
 514:Drivers/STM32F4xx_HAL_Driver/Inc/stm32f4xx_ll_bus.h ****   *         @arg @ref LL_AHB1_GRP1_PERIPH_GPIOJ (*)
 515:Drivers/STM32F4xx_HAL_Driver/Inc/stm32f4xx_ll_bus.h ****   *         @arg @ref LL_AHB1_GRP1_PERIPH_GPIOK (*)
 516:Drivers/STM32F4xx_HAL_Driver/Inc/stm32f4xx_ll_bus.h ****   *         @arg @ref LL_AHB1_GRP1_PERIPH_CRC
ARM GAS  C:\Users\chris\AppData\Local\Temp\ccsULun0.s 			page 15


 517:Drivers/STM32F4xx_HAL_Driver/Inc/stm32f4xx_ll_bus.h ****   *         @arg @ref LL_AHB1_GRP1_PERIPH_BKPSRAM (*)
 518:Drivers/STM32F4xx_HAL_Driver/Inc/stm32f4xx_ll_bus.h ****   *         @arg @ref LL_AHB1_GRP1_PERIPH_CCMDATARAM (*)
 519:Drivers/STM32F4xx_HAL_Driver/Inc/stm32f4xx_ll_bus.h ****   *         @arg @ref LL_AHB1_GRP1_PERIPH_DMA1
 520:Drivers/STM32F4xx_HAL_Driver/Inc/stm32f4xx_ll_bus.h ****   *         @arg @ref LL_AHB1_GRP1_PERIPH_DMA2
 521:Drivers/STM32F4xx_HAL_Driver/Inc/stm32f4xx_ll_bus.h ****   *         @arg @ref LL_AHB1_GRP1_PERIPH_RNG (*)
 522:Drivers/STM32F4xx_HAL_Driver/Inc/stm32f4xx_ll_bus.h ****   *         @arg @ref LL_AHB1_GRP1_PERIPH_DMA2D (*)
 523:Drivers/STM32F4xx_HAL_Driver/Inc/stm32f4xx_ll_bus.h ****   *         @arg @ref LL_AHB1_GRP1_PERIPH_ETHMAC (*)
 524:Drivers/STM32F4xx_HAL_Driver/Inc/stm32f4xx_ll_bus.h ****   *         @arg @ref LL_AHB1_GRP1_PERIPH_ETHMACTX (*)
 525:Drivers/STM32F4xx_HAL_Driver/Inc/stm32f4xx_ll_bus.h ****   *         @arg @ref LL_AHB1_GRP1_PERIPH_ETHMACRX (*)
 526:Drivers/STM32F4xx_HAL_Driver/Inc/stm32f4xx_ll_bus.h ****   *         @arg @ref LL_AHB1_GRP1_PERIPH_ETHMACPTP (*)
 527:Drivers/STM32F4xx_HAL_Driver/Inc/stm32f4xx_ll_bus.h ****   *         @arg @ref LL_AHB1_GRP1_PERIPH_OTGHS (*)
 528:Drivers/STM32F4xx_HAL_Driver/Inc/stm32f4xx_ll_bus.h ****   *         @arg @ref LL_AHB1_GRP1_PERIPH_OTGHSULPI (*)
 529:Drivers/STM32F4xx_HAL_Driver/Inc/stm32f4xx_ll_bus.h ****   *
 530:Drivers/STM32F4xx_HAL_Driver/Inc/stm32f4xx_ll_bus.h ****   *         (*) value not defined in all devices.
 531:Drivers/STM32F4xx_HAL_Driver/Inc/stm32f4xx_ll_bus.h ****   * @retval None
 532:Drivers/STM32F4xx_HAL_Driver/Inc/stm32f4xx_ll_bus.h ****   */
 533:Drivers/STM32F4xx_HAL_Driver/Inc/stm32f4xx_ll_bus.h **** __STATIC_INLINE void LL_AHB1_GRP1_DisableClock(uint32_t Periphs)
 534:Drivers/STM32F4xx_HAL_Driver/Inc/stm32f4xx_ll_bus.h **** {
 535:Drivers/STM32F4xx_HAL_Driver/Inc/stm32f4xx_ll_bus.h ****   CLEAR_BIT(RCC->AHB1ENR, Periphs);
 536:Drivers/STM32F4xx_HAL_Driver/Inc/stm32f4xx_ll_bus.h **** }
 537:Drivers/STM32F4xx_HAL_Driver/Inc/stm32f4xx_ll_bus.h **** 
 538:Drivers/STM32F4xx_HAL_Driver/Inc/stm32f4xx_ll_bus.h **** /**
 539:Drivers/STM32F4xx_HAL_Driver/Inc/stm32f4xx_ll_bus.h ****   * @brief  Force AHB1 peripherals reset.
 540:Drivers/STM32F4xx_HAL_Driver/Inc/stm32f4xx_ll_bus.h ****   * @rmtoll AHB1RSTR     GPIOARST      LL_AHB1_GRP1_ForceReset\n
 541:Drivers/STM32F4xx_HAL_Driver/Inc/stm32f4xx_ll_bus.h ****   *         AHB1RSTR     GPIOBRST      LL_AHB1_GRP1_ForceReset\n
 542:Drivers/STM32F4xx_HAL_Driver/Inc/stm32f4xx_ll_bus.h ****   *         AHB1RSTR     GPIOCRST      LL_AHB1_GRP1_ForceReset\n
 543:Drivers/STM32F4xx_HAL_Driver/Inc/stm32f4xx_ll_bus.h ****   *         AHB1RSTR     GPIODRST      LL_AHB1_GRP1_ForceReset\n
 544:Drivers/STM32F4xx_HAL_Driver/Inc/stm32f4xx_ll_bus.h ****   *         AHB1RSTR     GPIOERST      LL_AHB1_GRP1_ForceReset\n
 545:Drivers/STM32F4xx_HAL_Driver/Inc/stm32f4xx_ll_bus.h ****   *         AHB1RSTR     GPIOFRST      LL_AHB1_GRP1_ForceReset\n
 546:Drivers/STM32F4xx_HAL_Driver/Inc/stm32f4xx_ll_bus.h ****   *         AHB1RSTR     GPIOGRST      LL_AHB1_GRP1_ForceReset\n
 547:Drivers/STM32F4xx_HAL_Driver/Inc/stm32f4xx_ll_bus.h ****   *         AHB1RSTR     GPIOHRST      LL_AHB1_GRP1_ForceReset\n
 548:Drivers/STM32F4xx_HAL_Driver/Inc/stm32f4xx_ll_bus.h ****   *         AHB1RSTR     GPIOIRST      LL_AHB1_GRP1_ForceReset\n
 549:Drivers/STM32F4xx_HAL_Driver/Inc/stm32f4xx_ll_bus.h ****   *         AHB1RSTR     GPIOJRST      LL_AHB1_GRP1_ForceReset\n
 550:Drivers/STM32F4xx_HAL_Driver/Inc/stm32f4xx_ll_bus.h ****   *         AHB1RSTR     GPIOKRST      LL_AHB1_GRP1_ForceReset\n
 551:Drivers/STM32F4xx_HAL_Driver/Inc/stm32f4xx_ll_bus.h ****   *         AHB1RSTR     CRCRST        LL_AHB1_GRP1_ForceReset\n
 552:Drivers/STM32F4xx_HAL_Driver/Inc/stm32f4xx_ll_bus.h ****   *         AHB1RSTR     DMA1RST       LL_AHB1_GRP1_ForceReset\n
 553:Drivers/STM32F4xx_HAL_Driver/Inc/stm32f4xx_ll_bus.h ****   *         AHB1RSTR     DMA2RST       LL_AHB1_GRP1_ForceReset\n
 554:Drivers/STM32F4xx_HAL_Driver/Inc/stm32f4xx_ll_bus.h ****   *         AHB1RSTR     RNGRST        LL_AHB1_GRP1_ForceReset\n
 555:Drivers/STM32F4xx_HAL_Driver/Inc/stm32f4xx_ll_bus.h ****   *         AHB1RSTR     DMA2DRST      LL_AHB1_GRP1_ForceReset\n
 556:Drivers/STM32F4xx_HAL_Driver/Inc/stm32f4xx_ll_bus.h ****   *         AHB1RSTR     ETHMACRST     LL_AHB1_GRP1_ForceReset\n
 557:Drivers/STM32F4xx_HAL_Driver/Inc/stm32f4xx_ll_bus.h ****   *         AHB1RSTR     OTGHSRST      LL_AHB1_GRP1_ForceReset
 558:Drivers/STM32F4xx_HAL_Driver/Inc/stm32f4xx_ll_bus.h ****   * @param  Periphs This parameter can be a combination of the following values:
 559:Drivers/STM32F4xx_HAL_Driver/Inc/stm32f4xx_ll_bus.h ****   *         @arg @ref LL_AHB1_GRP1_PERIPH_ALL
 560:Drivers/STM32F4xx_HAL_Driver/Inc/stm32f4xx_ll_bus.h ****   *         @arg @ref LL_AHB1_GRP1_PERIPH_GPIOA
 561:Drivers/STM32F4xx_HAL_Driver/Inc/stm32f4xx_ll_bus.h ****   *         @arg @ref LL_AHB1_GRP1_PERIPH_GPIOB
 562:Drivers/STM32F4xx_HAL_Driver/Inc/stm32f4xx_ll_bus.h ****   *         @arg @ref LL_AHB1_GRP1_PERIPH_GPIOC
 563:Drivers/STM32F4xx_HAL_Driver/Inc/stm32f4xx_ll_bus.h ****   *         @arg @ref LL_AHB1_GRP1_PERIPH_GPIOD (*)
 564:Drivers/STM32F4xx_HAL_Driver/Inc/stm32f4xx_ll_bus.h ****   *         @arg @ref LL_AHB1_GRP1_PERIPH_GPIOE (*)
 565:Drivers/STM32F4xx_HAL_Driver/Inc/stm32f4xx_ll_bus.h ****   *         @arg @ref LL_AHB1_GRP1_PERIPH_GPIOF (*)
 566:Drivers/STM32F4xx_HAL_Driver/Inc/stm32f4xx_ll_bus.h ****   *         @arg @ref LL_AHB1_GRP1_PERIPH_GPIOG (*)
 567:Drivers/STM32F4xx_HAL_Driver/Inc/stm32f4xx_ll_bus.h ****   *         @arg @ref LL_AHB1_GRP1_PERIPH_GPIOH (*)
 568:Drivers/STM32F4xx_HAL_Driver/Inc/stm32f4xx_ll_bus.h ****   *         @arg @ref LL_AHB1_GRP1_PERIPH_GPIOI (*)
 569:Drivers/STM32F4xx_HAL_Driver/Inc/stm32f4xx_ll_bus.h ****   *         @arg @ref LL_AHB1_GRP1_PERIPH_GPIOJ (*)
 570:Drivers/STM32F4xx_HAL_Driver/Inc/stm32f4xx_ll_bus.h ****   *         @arg @ref LL_AHB1_GRP1_PERIPH_GPIOK (*)
 571:Drivers/STM32F4xx_HAL_Driver/Inc/stm32f4xx_ll_bus.h ****   *         @arg @ref LL_AHB1_GRP1_PERIPH_CRC
 572:Drivers/STM32F4xx_HAL_Driver/Inc/stm32f4xx_ll_bus.h ****   *         @arg @ref LL_AHB1_GRP1_PERIPH_DMA1
 573:Drivers/STM32F4xx_HAL_Driver/Inc/stm32f4xx_ll_bus.h ****   *         @arg @ref LL_AHB1_GRP1_PERIPH_DMA2
ARM GAS  C:\Users\chris\AppData\Local\Temp\ccsULun0.s 			page 16


 574:Drivers/STM32F4xx_HAL_Driver/Inc/stm32f4xx_ll_bus.h ****   *         @arg @ref LL_AHB1_GRP1_PERIPH_RNG (*)
 575:Drivers/STM32F4xx_HAL_Driver/Inc/stm32f4xx_ll_bus.h ****   *         @arg @ref LL_AHB1_GRP1_PERIPH_DMA2D (*)
 576:Drivers/STM32F4xx_HAL_Driver/Inc/stm32f4xx_ll_bus.h ****   *         @arg @ref LL_AHB1_GRP1_PERIPH_ETHMAC (*)
 577:Drivers/STM32F4xx_HAL_Driver/Inc/stm32f4xx_ll_bus.h ****   *         @arg @ref LL_AHB1_GRP1_PERIPH_OTGHS (*)
 578:Drivers/STM32F4xx_HAL_Driver/Inc/stm32f4xx_ll_bus.h ****   *
 579:Drivers/STM32F4xx_HAL_Driver/Inc/stm32f4xx_ll_bus.h ****   *         (*) value not defined in all devices.
 580:Drivers/STM32F4xx_HAL_Driver/Inc/stm32f4xx_ll_bus.h ****   * @retval None
 581:Drivers/STM32F4xx_HAL_Driver/Inc/stm32f4xx_ll_bus.h ****   */
 582:Drivers/STM32F4xx_HAL_Driver/Inc/stm32f4xx_ll_bus.h **** __STATIC_INLINE void LL_AHB1_GRP1_ForceReset(uint32_t Periphs)
 583:Drivers/STM32F4xx_HAL_Driver/Inc/stm32f4xx_ll_bus.h **** {
 584:Drivers/STM32F4xx_HAL_Driver/Inc/stm32f4xx_ll_bus.h ****   SET_BIT(RCC->AHB1RSTR, Periphs);
 585:Drivers/STM32F4xx_HAL_Driver/Inc/stm32f4xx_ll_bus.h **** }
 586:Drivers/STM32F4xx_HAL_Driver/Inc/stm32f4xx_ll_bus.h **** 
 587:Drivers/STM32F4xx_HAL_Driver/Inc/stm32f4xx_ll_bus.h **** /**
 588:Drivers/STM32F4xx_HAL_Driver/Inc/stm32f4xx_ll_bus.h ****   * @brief  Release AHB1 peripherals reset.
 589:Drivers/STM32F4xx_HAL_Driver/Inc/stm32f4xx_ll_bus.h ****   * @rmtoll AHB1RSTR     GPIOARST      LL_AHB1_GRP1_ReleaseReset\n
 590:Drivers/STM32F4xx_HAL_Driver/Inc/stm32f4xx_ll_bus.h ****   *         AHB1RSTR     GPIOBRST      LL_AHB1_GRP1_ReleaseReset\n
 591:Drivers/STM32F4xx_HAL_Driver/Inc/stm32f4xx_ll_bus.h ****   *         AHB1RSTR     GPIOCRST      LL_AHB1_GRP1_ReleaseReset\n
 592:Drivers/STM32F4xx_HAL_Driver/Inc/stm32f4xx_ll_bus.h ****   *         AHB1RSTR     GPIODRST      LL_AHB1_GRP1_ReleaseReset\n
 593:Drivers/STM32F4xx_HAL_Driver/Inc/stm32f4xx_ll_bus.h ****   *         AHB1RSTR     GPIOERST      LL_AHB1_GRP1_ReleaseReset\n
 594:Drivers/STM32F4xx_HAL_Driver/Inc/stm32f4xx_ll_bus.h ****   *         AHB1RSTR     GPIOFRST      LL_AHB1_GRP1_ReleaseReset\n
 595:Drivers/STM32F4xx_HAL_Driver/Inc/stm32f4xx_ll_bus.h ****   *         AHB1RSTR     GPIOGRST      LL_AHB1_GRP1_ReleaseReset\n
 596:Drivers/STM32F4xx_HAL_Driver/Inc/stm32f4xx_ll_bus.h ****   *         AHB1RSTR     GPIOHRST      LL_AHB1_GRP1_ReleaseReset\n
 597:Drivers/STM32F4xx_HAL_Driver/Inc/stm32f4xx_ll_bus.h ****   *         AHB1RSTR     GPIOIRST      LL_AHB1_GRP1_ReleaseReset\n
 598:Drivers/STM32F4xx_HAL_Driver/Inc/stm32f4xx_ll_bus.h ****   *         AHB1RSTR     GPIOJRST      LL_AHB1_GRP1_ReleaseReset\n
 599:Drivers/STM32F4xx_HAL_Driver/Inc/stm32f4xx_ll_bus.h ****   *         AHB1RSTR     GPIOKRST      LL_AHB1_GRP1_ReleaseReset\n
 600:Drivers/STM32F4xx_HAL_Driver/Inc/stm32f4xx_ll_bus.h ****   *         AHB1RSTR     CRCRST        LL_AHB1_GRP1_ReleaseReset\n
 601:Drivers/STM32F4xx_HAL_Driver/Inc/stm32f4xx_ll_bus.h ****   *         AHB1RSTR     DMA1RST       LL_AHB1_GRP1_ReleaseReset\n
 602:Drivers/STM32F4xx_HAL_Driver/Inc/stm32f4xx_ll_bus.h ****   *         AHB1RSTR     DMA2RST       LL_AHB1_GRP1_ReleaseReset\n
 603:Drivers/STM32F4xx_HAL_Driver/Inc/stm32f4xx_ll_bus.h ****   *         AHB1RSTR     RNGRST        LL_AHB1_GRP1_ReleaseReset\n
 604:Drivers/STM32F4xx_HAL_Driver/Inc/stm32f4xx_ll_bus.h ****   *         AHB1RSTR     DMA2DRST      LL_AHB1_GRP1_ReleaseReset\n
 605:Drivers/STM32F4xx_HAL_Driver/Inc/stm32f4xx_ll_bus.h ****   *         AHB1RSTR     ETHMACRST     LL_AHB1_GRP1_ReleaseReset\n
 606:Drivers/STM32F4xx_HAL_Driver/Inc/stm32f4xx_ll_bus.h ****   *         AHB1RSTR     OTGHSRST      LL_AHB1_GRP1_ReleaseReset
 607:Drivers/STM32F4xx_HAL_Driver/Inc/stm32f4xx_ll_bus.h ****   * @param  Periphs This parameter can be a combination of the following values:
 608:Drivers/STM32F4xx_HAL_Driver/Inc/stm32f4xx_ll_bus.h ****   *         @arg @ref LL_AHB1_GRP1_PERIPH_ALL
 609:Drivers/STM32F4xx_HAL_Driver/Inc/stm32f4xx_ll_bus.h ****   *         @arg @ref LL_AHB1_GRP1_PERIPH_GPIOA
 610:Drivers/STM32F4xx_HAL_Driver/Inc/stm32f4xx_ll_bus.h ****   *         @arg @ref LL_AHB1_GRP1_PERIPH_GPIOB
 611:Drivers/STM32F4xx_HAL_Driver/Inc/stm32f4xx_ll_bus.h ****   *         @arg @ref LL_AHB1_GRP1_PERIPH_GPIOC
 612:Drivers/STM32F4xx_HAL_Driver/Inc/stm32f4xx_ll_bus.h ****   *         @arg @ref LL_AHB1_GRP1_PERIPH_GPIOD (*)
 613:Drivers/STM32F4xx_HAL_Driver/Inc/stm32f4xx_ll_bus.h ****   *         @arg @ref LL_AHB1_GRP1_PERIPH_GPIOE (*)
 614:Drivers/STM32F4xx_HAL_Driver/Inc/stm32f4xx_ll_bus.h ****   *         @arg @ref LL_AHB1_GRP1_PERIPH_GPIOF (*)
 615:Drivers/STM32F4xx_HAL_Driver/Inc/stm32f4xx_ll_bus.h ****   *         @arg @ref LL_AHB1_GRP1_PERIPH_GPIOG (*)
 616:Drivers/STM32F4xx_HAL_Driver/Inc/stm32f4xx_ll_bus.h ****   *         @arg @ref LL_AHB1_GRP1_PERIPH_GPIOH (*)
 617:Drivers/STM32F4xx_HAL_Driver/Inc/stm32f4xx_ll_bus.h ****   *         @arg @ref LL_AHB1_GRP1_PERIPH_GPIOI (*)
 618:Drivers/STM32F4xx_HAL_Driver/Inc/stm32f4xx_ll_bus.h ****   *         @arg @ref LL_AHB1_GRP1_PERIPH_GPIOJ (*)
 619:Drivers/STM32F4xx_HAL_Driver/Inc/stm32f4xx_ll_bus.h ****   *         @arg @ref LL_AHB1_GRP1_PERIPH_GPIOK (*)
 620:Drivers/STM32F4xx_HAL_Driver/Inc/stm32f4xx_ll_bus.h ****   *         @arg @ref LL_AHB1_GRP1_PERIPH_CRC
 621:Drivers/STM32F4xx_HAL_Driver/Inc/stm32f4xx_ll_bus.h ****   *         @arg @ref LL_AHB1_GRP1_PERIPH_DMA1
 622:Drivers/STM32F4xx_HAL_Driver/Inc/stm32f4xx_ll_bus.h ****   *         @arg @ref LL_AHB1_GRP1_PERIPH_DMA2
 623:Drivers/STM32F4xx_HAL_Driver/Inc/stm32f4xx_ll_bus.h ****   *         @arg @ref LL_AHB1_GRP1_PERIPH_RNG (*)
 624:Drivers/STM32F4xx_HAL_Driver/Inc/stm32f4xx_ll_bus.h ****   *         @arg @ref LL_AHB1_GRP1_PERIPH_DMA2D (*)
 625:Drivers/STM32F4xx_HAL_Driver/Inc/stm32f4xx_ll_bus.h ****   *         @arg @ref LL_AHB1_GRP1_PERIPH_ETHMAC (*)
 626:Drivers/STM32F4xx_HAL_Driver/Inc/stm32f4xx_ll_bus.h ****   *         @arg @ref LL_AHB1_GRP1_PERIPH_OTGHS (*)
 627:Drivers/STM32F4xx_HAL_Driver/Inc/stm32f4xx_ll_bus.h ****   *
 628:Drivers/STM32F4xx_HAL_Driver/Inc/stm32f4xx_ll_bus.h ****   *         (*) value not defined in all devices.
 629:Drivers/STM32F4xx_HAL_Driver/Inc/stm32f4xx_ll_bus.h ****   * @retval None
 630:Drivers/STM32F4xx_HAL_Driver/Inc/stm32f4xx_ll_bus.h ****   */
ARM GAS  C:\Users\chris\AppData\Local\Temp\ccsULun0.s 			page 17


 631:Drivers/STM32F4xx_HAL_Driver/Inc/stm32f4xx_ll_bus.h **** __STATIC_INLINE void LL_AHB1_GRP1_ReleaseReset(uint32_t Periphs)
 632:Drivers/STM32F4xx_HAL_Driver/Inc/stm32f4xx_ll_bus.h **** {
 633:Drivers/STM32F4xx_HAL_Driver/Inc/stm32f4xx_ll_bus.h ****   CLEAR_BIT(RCC->AHB1RSTR, Periphs);
 634:Drivers/STM32F4xx_HAL_Driver/Inc/stm32f4xx_ll_bus.h **** }
 635:Drivers/STM32F4xx_HAL_Driver/Inc/stm32f4xx_ll_bus.h **** 
 636:Drivers/STM32F4xx_HAL_Driver/Inc/stm32f4xx_ll_bus.h **** /**
 637:Drivers/STM32F4xx_HAL_Driver/Inc/stm32f4xx_ll_bus.h ****   * @brief  Enable AHB1 peripheral clocks in low-power mode
 638:Drivers/STM32F4xx_HAL_Driver/Inc/stm32f4xx_ll_bus.h ****   * @rmtoll AHB1LPENR    GPIOALPEN      LL_AHB1_GRP1_EnableClockLowPower\n
 639:Drivers/STM32F4xx_HAL_Driver/Inc/stm32f4xx_ll_bus.h ****   *         AHB1LPENR    GPIOBLPEN      LL_AHB1_GRP1_EnableClockLowPower\n
 640:Drivers/STM32F4xx_HAL_Driver/Inc/stm32f4xx_ll_bus.h ****   *         AHB1LPENR    GPIOCLPEN      LL_AHB1_GRP1_EnableClockLowPower\n
 641:Drivers/STM32F4xx_HAL_Driver/Inc/stm32f4xx_ll_bus.h ****   *         AHB1LPENR    GPIODLPEN      LL_AHB1_GRP1_EnableClockLowPower\n
 642:Drivers/STM32F4xx_HAL_Driver/Inc/stm32f4xx_ll_bus.h ****   *         AHB1LPENR    GPIOELPEN      LL_AHB1_GRP1_EnableClockLowPower\n
 643:Drivers/STM32F4xx_HAL_Driver/Inc/stm32f4xx_ll_bus.h ****   *         AHB1LPENR    GPIOFLPEN      LL_AHB1_GRP1_EnableClockLowPower\n
 644:Drivers/STM32F4xx_HAL_Driver/Inc/stm32f4xx_ll_bus.h ****   *         AHB1LPENR    GPIOGLPEN      LL_AHB1_GRP1_EnableClockLowPower\n
 645:Drivers/STM32F4xx_HAL_Driver/Inc/stm32f4xx_ll_bus.h ****   *         AHB1LPENR    GPIOHLPEN      LL_AHB1_GRP1_EnableClockLowPower\n
 646:Drivers/STM32F4xx_HAL_Driver/Inc/stm32f4xx_ll_bus.h ****   *         AHB1LPENR    GPIOILPEN      LL_AHB1_GRP1_EnableClockLowPower\n
 647:Drivers/STM32F4xx_HAL_Driver/Inc/stm32f4xx_ll_bus.h ****   *         AHB1LPENR    GPIOJLPEN      LL_AHB1_GRP1_EnableClockLowPower\n
 648:Drivers/STM32F4xx_HAL_Driver/Inc/stm32f4xx_ll_bus.h ****   *         AHB1LPENR    GPIOKLPEN      LL_AHB1_GRP1_EnableClockLowPower\n
 649:Drivers/STM32F4xx_HAL_Driver/Inc/stm32f4xx_ll_bus.h ****   *         AHB1LPENR    CRCLPEN        LL_AHB1_GRP1_EnableClockLowPower\n
 650:Drivers/STM32F4xx_HAL_Driver/Inc/stm32f4xx_ll_bus.h ****   *         AHB1LPENR    BKPSRAMLPEN    LL_AHB1_GRP1_EnableClockLowPower\n
 651:Drivers/STM32F4xx_HAL_Driver/Inc/stm32f4xx_ll_bus.h ****   *         AHB1LPENR    FLITFLPEN      LL_AHB1_GRP1_EnableClockLowPower\n
 652:Drivers/STM32F4xx_HAL_Driver/Inc/stm32f4xx_ll_bus.h ****   *         AHB1LPENR    SRAM1LPEN      LL_AHB1_GRP1_EnableClockLowPower\n
 653:Drivers/STM32F4xx_HAL_Driver/Inc/stm32f4xx_ll_bus.h ****   *         AHB1LPENR    SRAM2LPEN      LL_AHB1_GRP1_EnableClockLowPower\n
 654:Drivers/STM32F4xx_HAL_Driver/Inc/stm32f4xx_ll_bus.h ****   *         AHB1LPENR    SRAM3LPEN      LL_AHB1_GRP1_EnableClockLowPower\n
 655:Drivers/STM32F4xx_HAL_Driver/Inc/stm32f4xx_ll_bus.h ****   *         AHB1LPENR    BKPSRAMLPEN    LL_AHB1_GRP1_EnableClockLowPower\n
 656:Drivers/STM32F4xx_HAL_Driver/Inc/stm32f4xx_ll_bus.h ****   *         AHB1LPENR    DMA1LPEN       LL_AHB1_GRP1_EnableClockLowPower\n
 657:Drivers/STM32F4xx_HAL_Driver/Inc/stm32f4xx_ll_bus.h ****   *         AHB1LPENR    DMA2LPEN       LL_AHB1_GRP1_EnableClockLowPower\n
 658:Drivers/STM32F4xx_HAL_Driver/Inc/stm32f4xx_ll_bus.h ****   *         AHB1LPENR    DMA2DLPEN      LL_AHB1_GRP1_EnableClockLowPower\n
 659:Drivers/STM32F4xx_HAL_Driver/Inc/stm32f4xx_ll_bus.h ****   *         AHB1LPENR    RNGLPEN        LL_AHB1_GRP1_EnableClockLowPower\n
 660:Drivers/STM32F4xx_HAL_Driver/Inc/stm32f4xx_ll_bus.h ****   *         AHB1LPENR    ETHMACLPEN     LL_AHB1_GRP1_EnableClockLowPower\n
 661:Drivers/STM32F4xx_HAL_Driver/Inc/stm32f4xx_ll_bus.h ****   *         AHB1LPENR    ETHMACTXLPEN   LL_AHB1_GRP1_EnableClockLowPower\n
 662:Drivers/STM32F4xx_HAL_Driver/Inc/stm32f4xx_ll_bus.h ****   *         AHB1LPENR    ETHMACRXLPEN   LL_AHB1_GRP1_EnableClockLowPower\n
 663:Drivers/STM32F4xx_HAL_Driver/Inc/stm32f4xx_ll_bus.h ****   *         AHB1LPENR    ETHMACPTPLPEN  LL_AHB1_GRP1_EnableClockLowPower\n
 664:Drivers/STM32F4xx_HAL_Driver/Inc/stm32f4xx_ll_bus.h ****   *         AHB1LPENR    OTGHSLPEN      LL_AHB1_GRP1_EnableClockLowPower\n
 665:Drivers/STM32F4xx_HAL_Driver/Inc/stm32f4xx_ll_bus.h ****   *         AHB1LPENR    OTGHSULPILPEN  LL_AHB1_GRP1_EnableClockLowPower
 666:Drivers/STM32F4xx_HAL_Driver/Inc/stm32f4xx_ll_bus.h ****   * @param  Periphs This parameter can be a combination of the following values:
 667:Drivers/STM32F4xx_HAL_Driver/Inc/stm32f4xx_ll_bus.h ****   *         @arg @ref LL_AHB1_GRP1_PERIPH_GPIOA
 668:Drivers/STM32F4xx_HAL_Driver/Inc/stm32f4xx_ll_bus.h ****   *         @arg @ref LL_AHB1_GRP1_PERIPH_GPIOB
 669:Drivers/STM32F4xx_HAL_Driver/Inc/stm32f4xx_ll_bus.h ****   *         @arg @ref LL_AHB1_GRP1_PERIPH_GPIOC
 670:Drivers/STM32F4xx_HAL_Driver/Inc/stm32f4xx_ll_bus.h ****   *         @arg @ref LL_AHB1_GRP1_PERIPH_GPIOD (*)
 671:Drivers/STM32F4xx_HAL_Driver/Inc/stm32f4xx_ll_bus.h ****   *         @arg @ref LL_AHB1_GRP1_PERIPH_GPIOE (*)
 672:Drivers/STM32F4xx_HAL_Driver/Inc/stm32f4xx_ll_bus.h ****   *         @arg @ref LL_AHB1_GRP1_PERIPH_GPIOF (*)
 673:Drivers/STM32F4xx_HAL_Driver/Inc/stm32f4xx_ll_bus.h ****   *         @arg @ref LL_AHB1_GRP1_PERIPH_GPIOG (*)
 674:Drivers/STM32F4xx_HAL_Driver/Inc/stm32f4xx_ll_bus.h ****   *         @arg @ref LL_AHB1_GRP1_PERIPH_GPIOH (*)
 675:Drivers/STM32F4xx_HAL_Driver/Inc/stm32f4xx_ll_bus.h ****   *         @arg @ref LL_AHB1_GRP1_PERIPH_GPIOI (*)
 676:Drivers/STM32F4xx_HAL_Driver/Inc/stm32f4xx_ll_bus.h ****   *         @arg @ref LL_AHB1_GRP1_PERIPH_GPIOJ (*)
 677:Drivers/STM32F4xx_HAL_Driver/Inc/stm32f4xx_ll_bus.h ****   *         @arg @ref LL_AHB1_GRP1_PERIPH_GPIOK (*)
 678:Drivers/STM32F4xx_HAL_Driver/Inc/stm32f4xx_ll_bus.h ****   *         @arg @ref LL_AHB1_GRP1_PERIPH_CRC
 679:Drivers/STM32F4xx_HAL_Driver/Inc/stm32f4xx_ll_bus.h ****   *         @arg @ref LL_AHB1_GRP1_PERIPH_BKPSRAM (*)
 680:Drivers/STM32F4xx_HAL_Driver/Inc/stm32f4xx_ll_bus.h ****   *         @arg @ref LL_AHB1_GRP1_PERIPH_FLITF
 681:Drivers/STM32F4xx_HAL_Driver/Inc/stm32f4xx_ll_bus.h ****   *         @arg @ref LL_AHB1_GRP1_PERIPH_SRAM1
 682:Drivers/STM32F4xx_HAL_Driver/Inc/stm32f4xx_ll_bus.h ****   *         @arg @ref LL_AHB1_GRP1_PERIPH_SRAM2 (*)
 683:Drivers/STM32F4xx_HAL_Driver/Inc/stm32f4xx_ll_bus.h ****   *         @arg @ref LL_AHB1_GRP1_PERIPH_SRAM3 (*)
 684:Drivers/STM32F4xx_HAL_Driver/Inc/stm32f4xx_ll_bus.h ****   *         @arg @ref LL_AHB1_GRP1_PERIPH_DMA1
 685:Drivers/STM32F4xx_HAL_Driver/Inc/stm32f4xx_ll_bus.h ****   *         @arg @ref LL_AHB1_GRP1_PERIPH_DMA2
 686:Drivers/STM32F4xx_HAL_Driver/Inc/stm32f4xx_ll_bus.h ****   *         @arg @ref LL_AHB1_GRP1_PERIPH_RNG (*)
 687:Drivers/STM32F4xx_HAL_Driver/Inc/stm32f4xx_ll_bus.h ****   *         @arg @ref LL_AHB1_GRP1_PERIPH_DMA2D (*)
ARM GAS  C:\Users\chris\AppData\Local\Temp\ccsULun0.s 			page 18


 688:Drivers/STM32F4xx_HAL_Driver/Inc/stm32f4xx_ll_bus.h ****   *         @arg @ref LL_AHB1_GRP1_PERIPH_ETHMAC (*)
 689:Drivers/STM32F4xx_HAL_Driver/Inc/stm32f4xx_ll_bus.h ****   *         @arg @ref LL_AHB1_GRP1_PERIPH_ETHMACTX (*)
 690:Drivers/STM32F4xx_HAL_Driver/Inc/stm32f4xx_ll_bus.h ****   *         @arg @ref LL_AHB1_GRP1_PERIPH_ETHMACRX (*)
 691:Drivers/STM32F4xx_HAL_Driver/Inc/stm32f4xx_ll_bus.h ****   *         @arg @ref LL_AHB1_GRP1_PERIPH_ETHMACPTP (*)
 692:Drivers/STM32F4xx_HAL_Driver/Inc/stm32f4xx_ll_bus.h ****   *         @arg @ref LL_AHB1_GRP1_PERIPH_OTGHS (*)
 693:Drivers/STM32F4xx_HAL_Driver/Inc/stm32f4xx_ll_bus.h ****   *         @arg @ref LL_AHB1_GRP1_PERIPH_OTGHSULPI (*)
 694:Drivers/STM32F4xx_HAL_Driver/Inc/stm32f4xx_ll_bus.h ****   *
 695:Drivers/STM32F4xx_HAL_Driver/Inc/stm32f4xx_ll_bus.h ****   *         (*) value not defined in all devices.
 696:Drivers/STM32F4xx_HAL_Driver/Inc/stm32f4xx_ll_bus.h ****   * @retval None
 697:Drivers/STM32F4xx_HAL_Driver/Inc/stm32f4xx_ll_bus.h ****   */
 698:Drivers/STM32F4xx_HAL_Driver/Inc/stm32f4xx_ll_bus.h **** __STATIC_INLINE void LL_AHB1_GRP1_EnableClockLowPower(uint32_t Periphs)
 699:Drivers/STM32F4xx_HAL_Driver/Inc/stm32f4xx_ll_bus.h **** {
 700:Drivers/STM32F4xx_HAL_Driver/Inc/stm32f4xx_ll_bus.h ****   __IO uint32_t tmpreg;
 701:Drivers/STM32F4xx_HAL_Driver/Inc/stm32f4xx_ll_bus.h ****   SET_BIT(RCC->AHB1LPENR, Periphs);
 702:Drivers/STM32F4xx_HAL_Driver/Inc/stm32f4xx_ll_bus.h ****   /* Delay after an RCC peripheral clock enabling */
 703:Drivers/STM32F4xx_HAL_Driver/Inc/stm32f4xx_ll_bus.h ****   tmpreg = READ_BIT(RCC->AHB1LPENR, Periphs);
 704:Drivers/STM32F4xx_HAL_Driver/Inc/stm32f4xx_ll_bus.h ****   (void)tmpreg;
 705:Drivers/STM32F4xx_HAL_Driver/Inc/stm32f4xx_ll_bus.h **** }
 706:Drivers/STM32F4xx_HAL_Driver/Inc/stm32f4xx_ll_bus.h **** 
 707:Drivers/STM32F4xx_HAL_Driver/Inc/stm32f4xx_ll_bus.h **** /**
 708:Drivers/STM32F4xx_HAL_Driver/Inc/stm32f4xx_ll_bus.h ****   * @brief  Disable AHB1 peripheral clocks in low-power mode
 709:Drivers/STM32F4xx_HAL_Driver/Inc/stm32f4xx_ll_bus.h ****   * @rmtoll AHB1LPENR    GPIOALPEN      LL_AHB1_GRP1_DisableClockLowPower\n
 710:Drivers/STM32F4xx_HAL_Driver/Inc/stm32f4xx_ll_bus.h ****   *         AHB1LPENR    GPIOBLPEN      LL_AHB1_GRP1_DisableClockLowPower\n
 711:Drivers/STM32F4xx_HAL_Driver/Inc/stm32f4xx_ll_bus.h ****   *         AHB1LPENR    GPIOCLPEN      LL_AHB1_GRP1_DisableClockLowPower\n
 712:Drivers/STM32F4xx_HAL_Driver/Inc/stm32f4xx_ll_bus.h ****   *         AHB1LPENR    GPIODLPEN      LL_AHB1_GRP1_DisableClockLowPower\n
 713:Drivers/STM32F4xx_HAL_Driver/Inc/stm32f4xx_ll_bus.h ****   *         AHB1LPENR    GPIOELPEN      LL_AHB1_GRP1_DisableClockLowPower\n
 714:Drivers/STM32F4xx_HAL_Driver/Inc/stm32f4xx_ll_bus.h ****   *         AHB1LPENR    GPIOFLPEN      LL_AHB1_GRP1_DisableClockLowPower\n
 715:Drivers/STM32F4xx_HAL_Driver/Inc/stm32f4xx_ll_bus.h ****   *         AHB1LPENR    GPIOGLPEN      LL_AHB1_GRP1_DisableClockLowPower\n
 716:Drivers/STM32F4xx_HAL_Driver/Inc/stm32f4xx_ll_bus.h ****   *         AHB1LPENR    GPIOHLPEN      LL_AHB1_GRP1_DisableClockLowPower\n
 717:Drivers/STM32F4xx_HAL_Driver/Inc/stm32f4xx_ll_bus.h ****   *         AHB1LPENR    GPIOILPEN      LL_AHB1_GRP1_DisableClockLowPower\n
 718:Drivers/STM32F4xx_HAL_Driver/Inc/stm32f4xx_ll_bus.h ****   *         AHB1LPENR    GPIOJLPEN      LL_AHB1_GRP1_DisableClockLowPower\n
 719:Drivers/STM32F4xx_HAL_Driver/Inc/stm32f4xx_ll_bus.h ****   *         AHB1LPENR    GPIOKLPEN      LL_AHB1_GRP1_DisableClockLowPower\n
 720:Drivers/STM32F4xx_HAL_Driver/Inc/stm32f4xx_ll_bus.h ****   *         AHB1LPENR    CRCLPEN        LL_AHB1_GRP1_DisableClockLowPower\n
 721:Drivers/STM32F4xx_HAL_Driver/Inc/stm32f4xx_ll_bus.h ****   *         AHB1LPENR    BKPSRAMLPEN    LL_AHB1_GRP1_DisableClockLowPower\n
 722:Drivers/STM32F4xx_HAL_Driver/Inc/stm32f4xx_ll_bus.h ****   *         AHB1LPENR    FLITFLPEN      LL_AHB1_GRP1_DisableClockLowPower\n
 723:Drivers/STM32F4xx_HAL_Driver/Inc/stm32f4xx_ll_bus.h ****   *         AHB1LPENR    SRAM1LPEN      LL_AHB1_GRP1_DisableClockLowPower\n
 724:Drivers/STM32F4xx_HAL_Driver/Inc/stm32f4xx_ll_bus.h ****   *         AHB1LPENR    SRAM2LPEN      LL_AHB1_GRP1_DisableClockLowPower\n
 725:Drivers/STM32F4xx_HAL_Driver/Inc/stm32f4xx_ll_bus.h ****   *         AHB1LPENR    SRAM3LPEN      LL_AHB1_GRP1_DisableClockLowPower\n
 726:Drivers/STM32F4xx_HAL_Driver/Inc/stm32f4xx_ll_bus.h ****   *         AHB1LPENR    BKPSRAMLPEN    LL_AHB1_GRP1_DisableClockLowPower\n
 727:Drivers/STM32F4xx_HAL_Driver/Inc/stm32f4xx_ll_bus.h ****   *         AHB1LPENR    DMA1LPEN       LL_AHB1_GRP1_DisableClockLowPower\n
 728:Drivers/STM32F4xx_HAL_Driver/Inc/stm32f4xx_ll_bus.h ****   *         AHB1LPENR    DMA2LPEN       LL_AHB1_GRP1_DisableClockLowPower\n
 729:Drivers/STM32F4xx_HAL_Driver/Inc/stm32f4xx_ll_bus.h ****   *         AHB1LPENR    DMA2DLPEN      LL_AHB1_GRP1_DisableClockLowPower\n
 730:Drivers/STM32F4xx_HAL_Driver/Inc/stm32f4xx_ll_bus.h ****   *         AHB1LPENR    RNGLPEN        LL_AHB1_GRP1_DisableClockLowPower\n
 731:Drivers/STM32F4xx_HAL_Driver/Inc/stm32f4xx_ll_bus.h ****   *         AHB1LPENR    ETHMACLPEN     LL_AHB1_GRP1_DisableClockLowPower\n
 732:Drivers/STM32F4xx_HAL_Driver/Inc/stm32f4xx_ll_bus.h ****   *         AHB1LPENR    ETHMACTXLPEN   LL_AHB1_GRP1_DisableClockLowPower\n
 733:Drivers/STM32F4xx_HAL_Driver/Inc/stm32f4xx_ll_bus.h ****   *         AHB1LPENR    ETHMACRXLPEN   LL_AHB1_GRP1_DisableClockLowPower\n
 734:Drivers/STM32F4xx_HAL_Driver/Inc/stm32f4xx_ll_bus.h ****   *         AHB1LPENR    ETHMACPTPLPEN  LL_AHB1_GRP1_DisableClockLowPower\n
 735:Drivers/STM32F4xx_HAL_Driver/Inc/stm32f4xx_ll_bus.h ****   *         AHB1LPENR    OTGHSLPEN      LL_AHB1_GRP1_DisableClockLowPower\n
 736:Drivers/STM32F4xx_HAL_Driver/Inc/stm32f4xx_ll_bus.h ****   *         AHB1LPENR    OTGHSULPILPEN  LL_AHB1_GRP1_DisableClockLowPower
 737:Drivers/STM32F4xx_HAL_Driver/Inc/stm32f4xx_ll_bus.h ****   * @param  Periphs This parameter can be a combination of the following values:
 738:Drivers/STM32F4xx_HAL_Driver/Inc/stm32f4xx_ll_bus.h ****   *         @arg @ref LL_AHB1_GRP1_PERIPH_GPIOA
 739:Drivers/STM32F4xx_HAL_Driver/Inc/stm32f4xx_ll_bus.h ****   *         @arg @ref LL_AHB1_GRP1_PERIPH_GPIOB
 740:Drivers/STM32F4xx_HAL_Driver/Inc/stm32f4xx_ll_bus.h ****   *         @arg @ref LL_AHB1_GRP1_PERIPH_GPIOC
 741:Drivers/STM32F4xx_HAL_Driver/Inc/stm32f4xx_ll_bus.h ****   *         @arg @ref LL_AHB1_GRP1_PERIPH_GPIOD (*)
 742:Drivers/STM32F4xx_HAL_Driver/Inc/stm32f4xx_ll_bus.h ****   *         @arg @ref LL_AHB1_GRP1_PERIPH_GPIOE (*)
 743:Drivers/STM32F4xx_HAL_Driver/Inc/stm32f4xx_ll_bus.h ****   *         @arg @ref LL_AHB1_GRP1_PERIPH_GPIOF (*)
 744:Drivers/STM32F4xx_HAL_Driver/Inc/stm32f4xx_ll_bus.h ****   *         @arg @ref LL_AHB1_GRP1_PERIPH_GPIOG (*)
ARM GAS  C:\Users\chris\AppData\Local\Temp\ccsULun0.s 			page 19


 745:Drivers/STM32F4xx_HAL_Driver/Inc/stm32f4xx_ll_bus.h ****   *         @arg @ref LL_AHB1_GRP1_PERIPH_GPIOH (*)
 746:Drivers/STM32F4xx_HAL_Driver/Inc/stm32f4xx_ll_bus.h ****   *         @arg @ref LL_AHB1_GRP1_PERIPH_GPIOI (*)
 747:Drivers/STM32F4xx_HAL_Driver/Inc/stm32f4xx_ll_bus.h ****   *         @arg @ref LL_AHB1_GRP1_PERIPH_GPIOJ (*)
 748:Drivers/STM32F4xx_HAL_Driver/Inc/stm32f4xx_ll_bus.h ****   *         @arg @ref LL_AHB1_GRP1_PERIPH_GPIOK (*)
 749:Drivers/STM32F4xx_HAL_Driver/Inc/stm32f4xx_ll_bus.h ****   *         @arg @ref LL_AHB1_GRP1_PERIPH_CRC
 750:Drivers/STM32F4xx_HAL_Driver/Inc/stm32f4xx_ll_bus.h ****   *         @arg @ref LL_AHB1_GRP1_PERIPH_BKPSRAM (*)
 751:Drivers/STM32F4xx_HAL_Driver/Inc/stm32f4xx_ll_bus.h ****   *         @arg @ref LL_AHB1_GRP1_PERIPH_FLITF
 752:Drivers/STM32F4xx_HAL_Driver/Inc/stm32f4xx_ll_bus.h ****   *         @arg @ref LL_AHB1_GRP1_PERIPH_SRAM1
 753:Drivers/STM32F4xx_HAL_Driver/Inc/stm32f4xx_ll_bus.h ****   *         @arg @ref LL_AHB1_GRP1_PERIPH_SRAM2 (*)
 754:Drivers/STM32F4xx_HAL_Driver/Inc/stm32f4xx_ll_bus.h ****   *         @arg @ref LL_AHB1_GRP1_PERIPH_SRAM3 (*)
 755:Drivers/STM32F4xx_HAL_Driver/Inc/stm32f4xx_ll_bus.h ****   *         @arg @ref LL_AHB1_GRP1_PERIPH_DMA1
 756:Drivers/STM32F4xx_HAL_Driver/Inc/stm32f4xx_ll_bus.h ****   *         @arg @ref LL_AHB1_GRP1_PERIPH_DMA2
 757:Drivers/STM32F4xx_HAL_Driver/Inc/stm32f4xx_ll_bus.h ****   *         @arg @ref LL_AHB1_GRP1_PERIPH_RNG (*)
 758:Drivers/STM32F4xx_HAL_Driver/Inc/stm32f4xx_ll_bus.h ****   *         @arg @ref LL_AHB1_GRP1_PERIPH_DMA2D (*)
 759:Drivers/STM32F4xx_HAL_Driver/Inc/stm32f4xx_ll_bus.h ****   *         @arg @ref LL_AHB1_GRP1_PERIPH_ETHMAC (*)
 760:Drivers/STM32F4xx_HAL_Driver/Inc/stm32f4xx_ll_bus.h ****   *         @arg @ref LL_AHB1_GRP1_PERIPH_ETHMACTX (*)
 761:Drivers/STM32F4xx_HAL_Driver/Inc/stm32f4xx_ll_bus.h ****   *         @arg @ref LL_AHB1_GRP1_PERIPH_ETHMACRX (*)
 762:Drivers/STM32F4xx_HAL_Driver/Inc/stm32f4xx_ll_bus.h ****   *         @arg @ref LL_AHB1_GRP1_PERIPH_ETHMACPTP (*)
 763:Drivers/STM32F4xx_HAL_Driver/Inc/stm32f4xx_ll_bus.h ****   *         @arg @ref LL_AHB1_GRP1_PERIPH_OTGHS (*)
 764:Drivers/STM32F4xx_HAL_Driver/Inc/stm32f4xx_ll_bus.h ****   *         @arg @ref LL_AHB1_GRP1_PERIPH_OTGHSULPI (*)
 765:Drivers/STM32F4xx_HAL_Driver/Inc/stm32f4xx_ll_bus.h ****   *
 766:Drivers/STM32F4xx_HAL_Driver/Inc/stm32f4xx_ll_bus.h ****   *         (*) value not defined in all devices.
 767:Drivers/STM32F4xx_HAL_Driver/Inc/stm32f4xx_ll_bus.h ****   * @retval None
 768:Drivers/STM32F4xx_HAL_Driver/Inc/stm32f4xx_ll_bus.h ****   */
 769:Drivers/STM32F4xx_HAL_Driver/Inc/stm32f4xx_ll_bus.h **** __STATIC_INLINE void LL_AHB1_GRP1_DisableClockLowPower(uint32_t Periphs)
 770:Drivers/STM32F4xx_HAL_Driver/Inc/stm32f4xx_ll_bus.h **** {
 771:Drivers/STM32F4xx_HAL_Driver/Inc/stm32f4xx_ll_bus.h ****   CLEAR_BIT(RCC->AHB1LPENR, Periphs);
 772:Drivers/STM32F4xx_HAL_Driver/Inc/stm32f4xx_ll_bus.h **** }
 773:Drivers/STM32F4xx_HAL_Driver/Inc/stm32f4xx_ll_bus.h **** 
 774:Drivers/STM32F4xx_HAL_Driver/Inc/stm32f4xx_ll_bus.h **** /**
 775:Drivers/STM32F4xx_HAL_Driver/Inc/stm32f4xx_ll_bus.h ****   * @}
 776:Drivers/STM32F4xx_HAL_Driver/Inc/stm32f4xx_ll_bus.h ****   */
 777:Drivers/STM32F4xx_HAL_Driver/Inc/stm32f4xx_ll_bus.h **** 
 778:Drivers/STM32F4xx_HAL_Driver/Inc/stm32f4xx_ll_bus.h **** #if defined(RCC_AHB2_SUPPORT)
 779:Drivers/STM32F4xx_HAL_Driver/Inc/stm32f4xx_ll_bus.h **** /** @defgroup BUS_LL_EF_AHB2 AHB2
 780:Drivers/STM32F4xx_HAL_Driver/Inc/stm32f4xx_ll_bus.h ****   * @{
 781:Drivers/STM32F4xx_HAL_Driver/Inc/stm32f4xx_ll_bus.h ****   */
 782:Drivers/STM32F4xx_HAL_Driver/Inc/stm32f4xx_ll_bus.h **** 
 783:Drivers/STM32F4xx_HAL_Driver/Inc/stm32f4xx_ll_bus.h **** /**
 784:Drivers/STM32F4xx_HAL_Driver/Inc/stm32f4xx_ll_bus.h ****   * @brief  Enable AHB2 peripherals clock.
 785:Drivers/STM32F4xx_HAL_Driver/Inc/stm32f4xx_ll_bus.h ****   * @rmtoll AHB2ENR      DCMIEN       LL_AHB2_GRP1_EnableClock\n
 786:Drivers/STM32F4xx_HAL_Driver/Inc/stm32f4xx_ll_bus.h ****   *         AHB2ENR      CRYPEN       LL_AHB2_GRP1_EnableClock\n
 787:Drivers/STM32F4xx_HAL_Driver/Inc/stm32f4xx_ll_bus.h ****   *         AHB2ENR      AESEN        LL_AHB2_GRP1_EnableClock\n
 788:Drivers/STM32F4xx_HAL_Driver/Inc/stm32f4xx_ll_bus.h ****   *         AHB2ENR      HASHEN       LL_AHB2_GRP1_EnableClock\n
 789:Drivers/STM32F4xx_HAL_Driver/Inc/stm32f4xx_ll_bus.h ****   *         AHB2ENR      RNGEN        LL_AHB2_GRP1_EnableClock\n
 790:Drivers/STM32F4xx_HAL_Driver/Inc/stm32f4xx_ll_bus.h ****   *         AHB2ENR      OTGFSEN      LL_AHB2_GRP1_EnableClock
 791:Drivers/STM32F4xx_HAL_Driver/Inc/stm32f4xx_ll_bus.h ****   * @param  Periphs This parameter can be a combination of the following values:
 792:Drivers/STM32F4xx_HAL_Driver/Inc/stm32f4xx_ll_bus.h ****   *         @arg @ref LL_AHB2_GRP1_PERIPH_DCMI (*)
 793:Drivers/STM32F4xx_HAL_Driver/Inc/stm32f4xx_ll_bus.h ****   *         @arg @ref LL_AHB2_GRP1_PERIPH_CRYP (*)
 794:Drivers/STM32F4xx_HAL_Driver/Inc/stm32f4xx_ll_bus.h ****   *         @arg @ref LL_AHB2_GRP1_PERIPH_AES  (*)
 795:Drivers/STM32F4xx_HAL_Driver/Inc/stm32f4xx_ll_bus.h ****   *         @arg @ref LL_AHB2_GRP1_PERIPH_HASH (*)
 796:Drivers/STM32F4xx_HAL_Driver/Inc/stm32f4xx_ll_bus.h ****   *         @arg @ref LL_AHB2_GRP1_PERIPH_RNG (*)
 797:Drivers/STM32F4xx_HAL_Driver/Inc/stm32f4xx_ll_bus.h ****   *         @arg @ref LL_AHB2_GRP1_PERIPH_OTGFS (*)
 798:Drivers/STM32F4xx_HAL_Driver/Inc/stm32f4xx_ll_bus.h ****   *
 799:Drivers/STM32F4xx_HAL_Driver/Inc/stm32f4xx_ll_bus.h ****   *         (*) value not defined in all devices.
 800:Drivers/STM32F4xx_HAL_Driver/Inc/stm32f4xx_ll_bus.h ****   * @retval None
 801:Drivers/STM32F4xx_HAL_Driver/Inc/stm32f4xx_ll_bus.h ****   */
ARM GAS  C:\Users\chris\AppData\Local\Temp\ccsULun0.s 			page 20


 802:Drivers/STM32F4xx_HAL_Driver/Inc/stm32f4xx_ll_bus.h **** __STATIC_INLINE void LL_AHB2_GRP1_EnableClock(uint32_t Periphs)
 803:Drivers/STM32F4xx_HAL_Driver/Inc/stm32f4xx_ll_bus.h **** {
 804:Drivers/STM32F4xx_HAL_Driver/Inc/stm32f4xx_ll_bus.h ****   __IO uint32_t tmpreg;
 805:Drivers/STM32F4xx_HAL_Driver/Inc/stm32f4xx_ll_bus.h ****   SET_BIT(RCC->AHB2ENR, Periphs);
 806:Drivers/STM32F4xx_HAL_Driver/Inc/stm32f4xx_ll_bus.h ****   /* Delay after an RCC peripheral clock enabling */
 807:Drivers/STM32F4xx_HAL_Driver/Inc/stm32f4xx_ll_bus.h ****   tmpreg = READ_BIT(RCC->AHB2ENR, Periphs);
 808:Drivers/STM32F4xx_HAL_Driver/Inc/stm32f4xx_ll_bus.h ****   (void)tmpreg;
 809:Drivers/STM32F4xx_HAL_Driver/Inc/stm32f4xx_ll_bus.h **** }
 810:Drivers/STM32F4xx_HAL_Driver/Inc/stm32f4xx_ll_bus.h **** 
 811:Drivers/STM32F4xx_HAL_Driver/Inc/stm32f4xx_ll_bus.h **** /**
 812:Drivers/STM32F4xx_HAL_Driver/Inc/stm32f4xx_ll_bus.h ****   * @brief  Check if AHB2 peripheral clock is enabled or not
 813:Drivers/STM32F4xx_HAL_Driver/Inc/stm32f4xx_ll_bus.h ****   * @rmtoll AHB2ENR      DCMIEN       LL_AHB2_GRP1_IsEnabledClock\n
 814:Drivers/STM32F4xx_HAL_Driver/Inc/stm32f4xx_ll_bus.h ****   *         AHB2ENR      CRYPEN       LL_AHB2_GRP1_IsEnabledClock\n
 815:Drivers/STM32F4xx_HAL_Driver/Inc/stm32f4xx_ll_bus.h ****   *         AHB2ENR      AESEN        LL_AHB2_GRP1_IsEnabledClock\n
 816:Drivers/STM32F4xx_HAL_Driver/Inc/stm32f4xx_ll_bus.h ****   *         AHB2ENR      HASHEN       LL_AHB2_GRP1_IsEnabledClock\n
 817:Drivers/STM32F4xx_HAL_Driver/Inc/stm32f4xx_ll_bus.h ****   *         AHB2ENR      RNGEN        LL_AHB2_GRP1_IsEnabledClock\n
 818:Drivers/STM32F4xx_HAL_Driver/Inc/stm32f4xx_ll_bus.h ****   *         AHB2ENR      OTGFSEN      LL_AHB2_GRP1_IsEnabledClock
 819:Drivers/STM32F4xx_HAL_Driver/Inc/stm32f4xx_ll_bus.h ****   * @param  Periphs This parameter can be a combination of the following values:
 820:Drivers/STM32F4xx_HAL_Driver/Inc/stm32f4xx_ll_bus.h ****   *         @arg @ref LL_AHB2_GRP1_PERIPH_DCMI (*)
 821:Drivers/STM32F4xx_HAL_Driver/Inc/stm32f4xx_ll_bus.h ****   *         @arg @ref LL_AHB2_GRP1_PERIPH_CRYP (*)
 822:Drivers/STM32F4xx_HAL_Driver/Inc/stm32f4xx_ll_bus.h ****   *         @arg @ref LL_AHB2_GRP1_PERIPH_AES  (*)
 823:Drivers/STM32F4xx_HAL_Driver/Inc/stm32f4xx_ll_bus.h ****   *         @arg @ref LL_AHB2_GRP1_PERIPH_HASH (*)
 824:Drivers/STM32F4xx_HAL_Driver/Inc/stm32f4xx_ll_bus.h ****   *         @arg @ref LL_AHB2_GRP1_PERIPH_RNG (*)
 825:Drivers/STM32F4xx_HAL_Driver/Inc/stm32f4xx_ll_bus.h ****   *         @arg @ref LL_AHB2_GRP1_PERIPH_OTGFS (*)
 826:Drivers/STM32F4xx_HAL_Driver/Inc/stm32f4xx_ll_bus.h ****   *
 827:Drivers/STM32F4xx_HAL_Driver/Inc/stm32f4xx_ll_bus.h ****   *         (*) value not defined in all devices.
 828:Drivers/STM32F4xx_HAL_Driver/Inc/stm32f4xx_ll_bus.h ****   * @retval State of Periphs (1 or 0).
 829:Drivers/STM32F4xx_HAL_Driver/Inc/stm32f4xx_ll_bus.h ****   */
 830:Drivers/STM32F4xx_HAL_Driver/Inc/stm32f4xx_ll_bus.h **** __STATIC_INLINE uint32_t LL_AHB2_GRP1_IsEnabledClock(uint32_t Periphs)
 831:Drivers/STM32F4xx_HAL_Driver/Inc/stm32f4xx_ll_bus.h **** {
 832:Drivers/STM32F4xx_HAL_Driver/Inc/stm32f4xx_ll_bus.h ****   return (READ_BIT(RCC->AHB2ENR, Periphs) == Periphs);
 833:Drivers/STM32F4xx_HAL_Driver/Inc/stm32f4xx_ll_bus.h **** }
 834:Drivers/STM32F4xx_HAL_Driver/Inc/stm32f4xx_ll_bus.h **** 
 835:Drivers/STM32F4xx_HAL_Driver/Inc/stm32f4xx_ll_bus.h **** /**
 836:Drivers/STM32F4xx_HAL_Driver/Inc/stm32f4xx_ll_bus.h ****   * @brief  Disable AHB2 peripherals clock.
 837:Drivers/STM32F4xx_HAL_Driver/Inc/stm32f4xx_ll_bus.h ****   * @rmtoll AHB2ENR      DCMIEN       LL_AHB2_GRP1_DisableClock\n
 838:Drivers/STM32F4xx_HAL_Driver/Inc/stm32f4xx_ll_bus.h ****   *         AHB2ENR      CRYPEN       LL_AHB2_GRP1_DisableClock\n
 839:Drivers/STM32F4xx_HAL_Driver/Inc/stm32f4xx_ll_bus.h ****   *         AHB2ENR      AESEN        LL_AHB2_GRP1_DisableClock\n
 840:Drivers/STM32F4xx_HAL_Driver/Inc/stm32f4xx_ll_bus.h ****   *         AHB2ENR      HASHEN       LL_AHB2_GRP1_DisableClock\n
 841:Drivers/STM32F4xx_HAL_Driver/Inc/stm32f4xx_ll_bus.h ****   *         AHB2ENR      RNGEN        LL_AHB2_GRP1_DisableClock\n
 842:Drivers/STM32F4xx_HAL_Driver/Inc/stm32f4xx_ll_bus.h ****   *         AHB2ENR      OTGFSEN      LL_AHB2_GRP1_DisableClock
 843:Drivers/STM32F4xx_HAL_Driver/Inc/stm32f4xx_ll_bus.h ****   * @param  Periphs This parameter can be a combination of the following values:
 844:Drivers/STM32F4xx_HAL_Driver/Inc/stm32f4xx_ll_bus.h ****   *         @arg @ref LL_AHB2_GRP1_PERIPH_DCMI (*)
 845:Drivers/STM32F4xx_HAL_Driver/Inc/stm32f4xx_ll_bus.h ****   *         @arg @ref LL_AHB2_GRP1_PERIPH_CRYP (*)
 846:Drivers/STM32F4xx_HAL_Driver/Inc/stm32f4xx_ll_bus.h ****   *         @arg @ref LL_AHB2_GRP1_PERIPH_AES  (*)
 847:Drivers/STM32F4xx_HAL_Driver/Inc/stm32f4xx_ll_bus.h ****   *         @arg @ref LL_AHB2_GRP1_PERIPH_HASH (*)
 848:Drivers/STM32F4xx_HAL_Driver/Inc/stm32f4xx_ll_bus.h ****   *         @arg @ref LL_AHB2_GRP1_PERIPH_RNG (*)
 849:Drivers/STM32F4xx_HAL_Driver/Inc/stm32f4xx_ll_bus.h ****   *         @arg @ref LL_AHB2_GRP1_PERIPH_OTGFS (*)
 850:Drivers/STM32F4xx_HAL_Driver/Inc/stm32f4xx_ll_bus.h ****   *
 851:Drivers/STM32F4xx_HAL_Driver/Inc/stm32f4xx_ll_bus.h ****   *         (*) value not defined in all devices.
 852:Drivers/STM32F4xx_HAL_Driver/Inc/stm32f4xx_ll_bus.h ****   * @retval None
 853:Drivers/STM32F4xx_HAL_Driver/Inc/stm32f4xx_ll_bus.h ****   */
 854:Drivers/STM32F4xx_HAL_Driver/Inc/stm32f4xx_ll_bus.h **** __STATIC_INLINE void LL_AHB2_GRP1_DisableClock(uint32_t Periphs)
 855:Drivers/STM32F4xx_HAL_Driver/Inc/stm32f4xx_ll_bus.h **** {
 856:Drivers/STM32F4xx_HAL_Driver/Inc/stm32f4xx_ll_bus.h ****   CLEAR_BIT(RCC->AHB2ENR, Periphs);
 857:Drivers/STM32F4xx_HAL_Driver/Inc/stm32f4xx_ll_bus.h **** }
 858:Drivers/STM32F4xx_HAL_Driver/Inc/stm32f4xx_ll_bus.h **** 
ARM GAS  C:\Users\chris\AppData\Local\Temp\ccsULun0.s 			page 21


 859:Drivers/STM32F4xx_HAL_Driver/Inc/stm32f4xx_ll_bus.h **** /**
 860:Drivers/STM32F4xx_HAL_Driver/Inc/stm32f4xx_ll_bus.h ****   * @brief  Force AHB2 peripherals reset.
 861:Drivers/STM32F4xx_HAL_Driver/Inc/stm32f4xx_ll_bus.h ****   * @rmtoll AHB2RSTR     DCMIRST      LL_AHB2_GRP1_ForceReset\n
 862:Drivers/STM32F4xx_HAL_Driver/Inc/stm32f4xx_ll_bus.h ****   *         AHB2RSTR     CRYPRST      LL_AHB2_GRP1_ForceReset\n
 863:Drivers/STM32F4xx_HAL_Driver/Inc/stm32f4xx_ll_bus.h ****   *         AHB2RSTR     AESRST       LL_AHB2_GRP1_ForceReset\n
 864:Drivers/STM32F4xx_HAL_Driver/Inc/stm32f4xx_ll_bus.h ****   *         AHB2RSTR     HASHRST      LL_AHB2_GRP1_ForceReset\n
 865:Drivers/STM32F4xx_HAL_Driver/Inc/stm32f4xx_ll_bus.h ****   *         AHB2RSTR     RNGRST       LL_AHB2_GRP1_ForceReset\n
 866:Drivers/STM32F4xx_HAL_Driver/Inc/stm32f4xx_ll_bus.h ****   *         AHB2RSTR     OTGFSRST     LL_AHB2_GRP1_ForceReset
 867:Drivers/STM32F4xx_HAL_Driver/Inc/stm32f4xx_ll_bus.h ****   * @param  Periphs This parameter can be a combination of the following values:
 868:Drivers/STM32F4xx_HAL_Driver/Inc/stm32f4xx_ll_bus.h ****   *         @arg @ref LL_AHB2_GRP1_PERIPH_ALL
 869:Drivers/STM32F4xx_HAL_Driver/Inc/stm32f4xx_ll_bus.h ****   *         @arg @ref LL_AHB2_GRP1_PERIPH_DCMI (*)
 870:Drivers/STM32F4xx_HAL_Driver/Inc/stm32f4xx_ll_bus.h ****   *         @arg @ref LL_AHB2_GRP1_PERIPH_CRYP (*)
 871:Drivers/STM32F4xx_HAL_Driver/Inc/stm32f4xx_ll_bus.h ****   *         @arg @ref LL_AHB2_GRP1_PERIPH_AES  (*)
 872:Drivers/STM32F4xx_HAL_Driver/Inc/stm32f4xx_ll_bus.h ****   *         @arg @ref LL_AHB2_GRP1_PERIPH_HASH (*)
 873:Drivers/STM32F4xx_HAL_Driver/Inc/stm32f4xx_ll_bus.h ****   *         @arg @ref LL_AHB2_GRP1_PERIPH_RNG (*)
 874:Drivers/STM32F4xx_HAL_Driver/Inc/stm32f4xx_ll_bus.h ****   *         @arg @ref LL_AHB2_GRP1_PERIPH_OTGFS (*)
 875:Drivers/STM32F4xx_HAL_Driver/Inc/stm32f4xx_ll_bus.h ****   *
 876:Drivers/STM32F4xx_HAL_Driver/Inc/stm32f4xx_ll_bus.h ****   *         (*) value not defined in all devices.
 877:Drivers/STM32F4xx_HAL_Driver/Inc/stm32f4xx_ll_bus.h ****   * @retval None
 878:Drivers/STM32F4xx_HAL_Driver/Inc/stm32f4xx_ll_bus.h ****   */
 879:Drivers/STM32F4xx_HAL_Driver/Inc/stm32f4xx_ll_bus.h **** __STATIC_INLINE void LL_AHB2_GRP1_ForceReset(uint32_t Periphs)
 880:Drivers/STM32F4xx_HAL_Driver/Inc/stm32f4xx_ll_bus.h **** {
 881:Drivers/STM32F4xx_HAL_Driver/Inc/stm32f4xx_ll_bus.h ****   SET_BIT(RCC->AHB2RSTR, Periphs);
 882:Drivers/STM32F4xx_HAL_Driver/Inc/stm32f4xx_ll_bus.h **** }
 883:Drivers/STM32F4xx_HAL_Driver/Inc/stm32f4xx_ll_bus.h **** 
 884:Drivers/STM32F4xx_HAL_Driver/Inc/stm32f4xx_ll_bus.h **** /**
 885:Drivers/STM32F4xx_HAL_Driver/Inc/stm32f4xx_ll_bus.h ****   * @brief  Release AHB2 peripherals reset.
 886:Drivers/STM32F4xx_HAL_Driver/Inc/stm32f4xx_ll_bus.h ****   * @rmtoll AHB2RSTR     DCMIRST      LL_AHB2_GRP1_ReleaseReset\n
 887:Drivers/STM32F4xx_HAL_Driver/Inc/stm32f4xx_ll_bus.h ****   *         AHB2RSTR     CRYPRST      LL_AHB2_GRP1_ReleaseReset\n
 888:Drivers/STM32F4xx_HAL_Driver/Inc/stm32f4xx_ll_bus.h ****   *         AHB2RSTR     AESRST       LL_AHB2_GRP1_ReleaseReset\n
 889:Drivers/STM32F4xx_HAL_Driver/Inc/stm32f4xx_ll_bus.h ****   *         AHB2RSTR     HASHRST      LL_AHB2_GRP1_ReleaseReset\n
 890:Drivers/STM32F4xx_HAL_Driver/Inc/stm32f4xx_ll_bus.h ****   *         AHB2RSTR     RNGRST       LL_AHB2_GRP1_ReleaseReset\n
 891:Drivers/STM32F4xx_HAL_Driver/Inc/stm32f4xx_ll_bus.h ****   *         AHB2RSTR     OTGFSRST     LL_AHB2_GRP1_ReleaseReset
 892:Drivers/STM32F4xx_HAL_Driver/Inc/stm32f4xx_ll_bus.h ****   * @param  Periphs This parameter can be a combination of the following values:
 893:Drivers/STM32F4xx_HAL_Driver/Inc/stm32f4xx_ll_bus.h ****   *         @arg @ref LL_AHB2_GRP1_PERIPH_ALL
 894:Drivers/STM32F4xx_HAL_Driver/Inc/stm32f4xx_ll_bus.h ****   *         @arg @ref LL_AHB2_GRP1_PERIPH_DCMI (*)
 895:Drivers/STM32F4xx_HAL_Driver/Inc/stm32f4xx_ll_bus.h ****   *         @arg @ref LL_AHB2_GRP1_PERIPH_CRYP (*)
 896:Drivers/STM32F4xx_HAL_Driver/Inc/stm32f4xx_ll_bus.h ****   *         @arg @ref LL_AHB2_GRP1_PERIPH_AES  (*)
 897:Drivers/STM32F4xx_HAL_Driver/Inc/stm32f4xx_ll_bus.h ****   *         @arg @ref LL_AHB2_GRP1_PERIPH_HASH (*)
 898:Drivers/STM32F4xx_HAL_Driver/Inc/stm32f4xx_ll_bus.h ****   *         @arg @ref LL_AHB2_GRP1_PERIPH_RNG (*)
 899:Drivers/STM32F4xx_HAL_Driver/Inc/stm32f4xx_ll_bus.h ****   *         @arg @ref LL_AHB2_GRP1_PERIPH_OTGFS (*)
 900:Drivers/STM32F4xx_HAL_Driver/Inc/stm32f4xx_ll_bus.h ****   *
 901:Drivers/STM32F4xx_HAL_Driver/Inc/stm32f4xx_ll_bus.h ****   *         (*) value not defined in all devices.
 902:Drivers/STM32F4xx_HAL_Driver/Inc/stm32f4xx_ll_bus.h ****   * @retval None
 903:Drivers/STM32F4xx_HAL_Driver/Inc/stm32f4xx_ll_bus.h ****   */
 904:Drivers/STM32F4xx_HAL_Driver/Inc/stm32f4xx_ll_bus.h **** __STATIC_INLINE void LL_AHB2_GRP1_ReleaseReset(uint32_t Periphs)
 905:Drivers/STM32F4xx_HAL_Driver/Inc/stm32f4xx_ll_bus.h **** {
 906:Drivers/STM32F4xx_HAL_Driver/Inc/stm32f4xx_ll_bus.h ****   CLEAR_BIT(RCC->AHB2RSTR, Periphs);
 907:Drivers/STM32F4xx_HAL_Driver/Inc/stm32f4xx_ll_bus.h **** }
 908:Drivers/STM32F4xx_HAL_Driver/Inc/stm32f4xx_ll_bus.h **** 
 909:Drivers/STM32F4xx_HAL_Driver/Inc/stm32f4xx_ll_bus.h **** /**
 910:Drivers/STM32F4xx_HAL_Driver/Inc/stm32f4xx_ll_bus.h ****   * @brief  Enable AHB2 peripheral clocks in low-power mode
 911:Drivers/STM32F4xx_HAL_Driver/Inc/stm32f4xx_ll_bus.h ****   * @rmtoll AHB2LPENR    DCMILPEN     LL_AHB2_GRP1_EnableClockLowPower\n
 912:Drivers/STM32F4xx_HAL_Driver/Inc/stm32f4xx_ll_bus.h ****   *         AHB2LPENR    CRYPLPEN     LL_AHB2_GRP1_EnableClockLowPower\n
 913:Drivers/STM32F4xx_HAL_Driver/Inc/stm32f4xx_ll_bus.h ****   *         AHB2LPENR    AESLPEN      LL_AHB2_GRP1_EnableClockLowPower\n
 914:Drivers/STM32F4xx_HAL_Driver/Inc/stm32f4xx_ll_bus.h ****   *         AHB2LPENR    HASHLPEN     LL_AHB2_GRP1_EnableClockLowPower\n
 915:Drivers/STM32F4xx_HAL_Driver/Inc/stm32f4xx_ll_bus.h ****   *         AHB2LPENR    RNGLPEN      LL_AHB2_GRP1_EnableClockLowPower\n
ARM GAS  C:\Users\chris\AppData\Local\Temp\ccsULun0.s 			page 22


 916:Drivers/STM32F4xx_HAL_Driver/Inc/stm32f4xx_ll_bus.h ****   *         AHB2LPENR    OTGFSLPEN    LL_AHB2_GRP1_EnableClockLowPower
 917:Drivers/STM32F4xx_HAL_Driver/Inc/stm32f4xx_ll_bus.h ****   * @param  Periphs This parameter can be a combination of the following values:
 918:Drivers/STM32F4xx_HAL_Driver/Inc/stm32f4xx_ll_bus.h ****   *         @arg @ref LL_AHB2_GRP1_PERIPH_DCMI (*)
 919:Drivers/STM32F4xx_HAL_Driver/Inc/stm32f4xx_ll_bus.h ****   *         @arg @ref LL_AHB2_GRP1_PERIPH_CRYP (*)
 920:Drivers/STM32F4xx_HAL_Driver/Inc/stm32f4xx_ll_bus.h ****   *         @arg @ref LL_AHB2_GRP1_PERIPH_AES  (*)
 921:Drivers/STM32F4xx_HAL_Driver/Inc/stm32f4xx_ll_bus.h ****   *         @arg @ref LL_AHB2_GRP1_PERIPH_HASH (*)
 922:Drivers/STM32F4xx_HAL_Driver/Inc/stm32f4xx_ll_bus.h ****   *         @arg @ref LL_AHB2_GRP1_PERIPH_RNG (*)
 923:Drivers/STM32F4xx_HAL_Driver/Inc/stm32f4xx_ll_bus.h ****   *         @arg @ref LL_AHB2_GRP1_PERIPH_OTGFS (*)
 924:Drivers/STM32F4xx_HAL_Driver/Inc/stm32f4xx_ll_bus.h ****   *
 925:Drivers/STM32F4xx_HAL_Driver/Inc/stm32f4xx_ll_bus.h ****   *         (*) value not defined in all devices.
 926:Drivers/STM32F4xx_HAL_Driver/Inc/stm32f4xx_ll_bus.h ****   * @retval None
 927:Drivers/STM32F4xx_HAL_Driver/Inc/stm32f4xx_ll_bus.h ****   */
 928:Drivers/STM32F4xx_HAL_Driver/Inc/stm32f4xx_ll_bus.h **** __STATIC_INLINE void LL_AHB2_GRP1_EnableClockLowPower(uint32_t Periphs)
 929:Drivers/STM32F4xx_HAL_Driver/Inc/stm32f4xx_ll_bus.h **** {
 930:Drivers/STM32F4xx_HAL_Driver/Inc/stm32f4xx_ll_bus.h ****   __IO uint32_t tmpreg;
 931:Drivers/STM32F4xx_HAL_Driver/Inc/stm32f4xx_ll_bus.h ****   SET_BIT(RCC->AHB2LPENR, Periphs);
 932:Drivers/STM32F4xx_HAL_Driver/Inc/stm32f4xx_ll_bus.h ****   /* Delay after an RCC peripheral clock enabling */
 933:Drivers/STM32F4xx_HAL_Driver/Inc/stm32f4xx_ll_bus.h ****   tmpreg = READ_BIT(RCC->AHB2LPENR, Periphs);
 934:Drivers/STM32F4xx_HAL_Driver/Inc/stm32f4xx_ll_bus.h ****   (void)tmpreg;
 935:Drivers/STM32F4xx_HAL_Driver/Inc/stm32f4xx_ll_bus.h **** }
 936:Drivers/STM32F4xx_HAL_Driver/Inc/stm32f4xx_ll_bus.h **** 
 937:Drivers/STM32F4xx_HAL_Driver/Inc/stm32f4xx_ll_bus.h **** /**
 938:Drivers/STM32F4xx_HAL_Driver/Inc/stm32f4xx_ll_bus.h ****   * @brief  Disable AHB2 peripheral clocks in low-power mode
 939:Drivers/STM32F4xx_HAL_Driver/Inc/stm32f4xx_ll_bus.h ****   * @rmtoll AHB2LPENR    DCMILPEN     LL_AHB2_GRP1_DisableClockLowPower\n
 940:Drivers/STM32F4xx_HAL_Driver/Inc/stm32f4xx_ll_bus.h ****   *         AHB2LPENR    CRYPLPEN     LL_AHB2_GRP1_DisableClockLowPower\n
 941:Drivers/STM32F4xx_HAL_Driver/Inc/stm32f4xx_ll_bus.h ****   *         AHB2LPENR    AESLPEN      LL_AHB2_GRP1_DisableClockLowPower\n
 942:Drivers/STM32F4xx_HAL_Driver/Inc/stm32f4xx_ll_bus.h ****   *         AHB2LPENR    HASHLPEN     LL_AHB2_GRP1_DisableClockLowPower\n
 943:Drivers/STM32F4xx_HAL_Driver/Inc/stm32f4xx_ll_bus.h ****   *         AHB2LPENR    RNGLPEN      LL_AHB2_GRP1_DisableClockLowPower\n
 944:Drivers/STM32F4xx_HAL_Driver/Inc/stm32f4xx_ll_bus.h ****   *         AHB2LPENR    OTGFSLPEN    LL_AHB2_GRP1_DisableClockLowPower
 945:Drivers/STM32F4xx_HAL_Driver/Inc/stm32f4xx_ll_bus.h ****   * @param  Periphs This parameter can be a combination of the following values:
 946:Drivers/STM32F4xx_HAL_Driver/Inc/stm32f4xx_ll_bus.h ****   *         @arg @ref LL_AHB2_GRP1_PERIPH_DCMI (*)
 947:Drivers/STM32F4xx_HAL_Driver/Inc/stm32f4xx_ll_bus.h ****   *         @arg @ref LL_AHB2_GRP1_PERIPH_CRYP (*)
 948:Drivers/STM32F4xx_HAL_Driver/Inc/stm32f4xx_ll_bus.h ****   *         @arg @ref LL_AHB2_GRP1_PERIPH_AES  (*)
 949:Drivers/STM32F4xx_HAL_Driver/Inc/stm32f4xx_ll_bus.h ****   *         @arg @ref LL_AHB2_GRP1_PERIPH_HASH (*)
 950:Drivers/STM32F4xx_HAL_Driver/Inc/stm32f4xx_ll_bus.h ****   *         @arg @ref LL_AHB2_GRP1_PERIPH_RNG (*)
 951:Drivers/STM32F4xx_HAL_Driver/Inc/stm32f4xx_ll_bus.h ****   *         @arg @ref LL_AHB2_GRP1_PERIPH_OTGFS (*)
 952:Drivers/STM32F4xx_HAL_Driver/Inc/stm32f4xx_ll_bus.h ****   *
 953:Drivers/STM32F4xx_HAL_Driver/Inc/stm32f4xx_ll_bus.h ****   *         (*) value not defined in all devices.
 954:Drivers/STM32F4xx_HAL_Driver/Inc/stm32f4xx_ll_bus.h ****   * @retval None
 955:Drivers/STM32F4xx_HAL_Driver/Inc/stm32f4xx_ll_bus.h ****   */
 956:Drivers/STM32F4xx_HAL_Driver/Inc/stm32f4xx_ll_bus.h **** __STATIC_INLINE void LL_AHB2_GRP1_DisableClockLowPower(uint32_t Periphs)
 957:Drivers/STM32F4xx_HAL_Driver/Inc/stm32f4xx_ll_bus.h **** {
 958:Drivers/STM32F4xx_HAL_Driver/Inc/stm32f4xx_ll_bus.h ****   CLEAR_BIT(RCC->AHB2LPENR, Periphs);
 959:Drivers/STM32F4xx_HAL_Driver/Inc/stm32f4xx_ll_bus.h **** }
 960:Drivers/STM32F4xx_HAL_Driver/Inc/stm32f4xx_ll_bus.h **** 
 961:Drivers/STM32F4xx_HAL_Driver/Inc/stm32f4xx_ll_bus.h **** /**
 962:Drivers/STM32F4xx_HAL_Driver/Inc/stm32f4xx_ll_bus.h ****   * @}
 963:Drivers/STM32F4xx_HAL_Driver/Inc/stm32f4xx_ll_bus.h ****   */
 964:Drivers/STM32F4xx_HAL_Driver/Inc/stm32f4xx_ll_bus.h **** #endif /* RCC_AHB2_SUPPORT */
 965:Drivers/STM32F4xx_HAL_Driver/Inc/stm32f4xx_ll_bus.h **** 
 966:Drivers/STM32F4xx_HAL_Driver/Inc/stm32f4xx_ll_bus.h **** #if defined(RCC_AHB3_SUPPORT)
 967:Drivers/STM32F4xx_HAL_Driver/Inc/stm32f4xx_ll_bus.h **** /** @defgroup BUS_LL_EF_AHB3 AHB3
 968:Drivers/STM32F4xx_HAL_Driver/Inc/stm32f4xx_ll_bus.h ****   * @{
 969:Drivers/STM32F4xx_HAL_Driver/Inc/stm32f4xx_ll_bus.h ****   */
 970:Drivers/STM32F4xx_HAL_Driver/Inc/stm32f4xx_ll_bus.h **** 
 971:Drivers/STM32F4xx_HAL_Driver/Inc/stm32f4xx_ll_bus.h **** /**
 972:Drivers/STM32F4xx_HAL_Driver/Inc/stm32f4xx_ll_bus.h ****   * @brief  Enable AHB3 peripherals clock.
ARM GAS  C:\Users\chris\AppData\Local\Temp\ccsULun0.s 			page 23


 973:Drivers/STM32F4xx_HAL_Driver/Inc/stm32f4xx_ll_bus.h ****   * @rmtoll AHB3ENR      FMCEN         LL_AHB3_GRP1_EnableClock\n
 974:Drivers/STM32F4xx_HAL_Driver/Inc/stm32f4xx_ll_bus.h ****   *         AHB3ENR      FSMCEN        LL_AHB3_GRP1_EnableClock\n
 975:Drivers/STM32F4xx_HAL_Driver/Inc/stm32f4xx_ll_bus.h ****   *         AHB3ENR      QSPIEN        LL_AHB3_GRP1_EnableClock
 976:Drivers/STM32F4xx_HAL_Driver/Inc/stm32f4xx_ll_bus.h ****   * @param  Periphs This parameter can be a combination of the following values:
 977:Drivers/STM32F4xx_HAL_Driver/Inc/stm32f4xx_ll_bus.h ****   *         @arg @ref LL_AHB3_GRP1_PERIPH_FMC (*)
 978:Drivers/STM32F4xx_HAL_Driver/Inc/stm32f4xx_ll_bus.h ****   *         @arg @ref LL_AHB3_GRP1_PERIPH_FSMC (*)
 979:Drivers/STM32F4xx_HAL_Driver/Inc/stm32f4xx_ll_bus.h ****   *         @arg @ref LL_AHB3_GRP1_PERIPH_QSPI (*)
 980:Drivers/STM32F4xx_HAL_Driver/Inc/stm32f4xx_ll_bus.h ****   *
 981:Drivers/STM32F4xx_HAL_Driver/Inc/stm32f4xx_ll_bus.h ****   *         (*) value not defined in all devices.
 982:Drivers/STM32F4xx_HAL_Driver/Inc/stm32f4xx_ll_bus.h ****   * @retval None
 983:Drivers/STM32F4xx_HAL_Driver/Inc/stm32f4xx_ll_bus.h ****   */
 984:Drivers/STM32F4xx_HAL_Driver/Inc/stm32f4xx_ll_bus.h **** __STATIC_INLINE void LL_AHB3_GRP1_EnableClock(uint32_t Periphs)
 985:Drivers/STM32F4xx_HAL_Driver/Inc/stm32f4xx_ll_bus.h **** {
 986:Drivers/STM32F4xx_HAL_Driver/Inc/stm32f4xx_ll_bus.h ****   __IO uint32_t tmpreg;
 987:Drivers/STM32F4xx_HAL_Driver/Inc/stm32f4xx_ll_bus.h ****   SET_BIT(RCC->AHB3ENR, Periphs);
 988:Drivers/STM32F4xx_HAL_Driver/Inc/stm32f4xx_ll_bus.h ****   /* Delay after an RCC peripheral clock enabling */
 989:Drivers/STM32F4xx_HAL_Driver/Inc/stm32f4xx_ll_bus.h ****   tmpreg = READ_BIT(RCC->AHB3ENR, Periphs);
 990:Drivers/STM32F4xx_HAL_Driver/Inc/stm32f4xx_ll_bus.h ****   (void)tmpreg;
 991:Drivers/STM32F4xx_HAL_Driver/Inc/stm32f4xx_ll_bus.h **** }
 992:Drivers/STM32F4xx_HAL_Driver/Inc/stm32f4xx_ll_bus.h **** 
 993:Drivers/STM32F4xx_HAL_Driver/Inc/stm32f4xx_ll_bus.h **** /**
 994:Drivers/STM32F4xx_HAL_Driver/Inc/stm32f4xx_ll_bus.h ****   * @brief  Check if AHB3 peripheral clock is enabled or not
 995:Drivers/STM32F4xx_HAL_Driver/Inc/stm32f4xx_ll_bus.h ****   * @rmtoll AHB3ENR      FMCEN         LL_AHB3_GRP1_IsEnabledClock\n
 996:Drivers/STM32F4xx_HAL_Driver/Inc/stm32f4xx_ll_bus.h ****   *         AHB3ENR      FSMCEN        LL_AHB3_GRP1_IsEnabledClock\n
 997:Drivers/STM32F4xx_HAL_Driver/Inc/stm32f4xx_ll_bus.h ****   *         AHB3ENR      QSPIEN        LL_AHB3_GRP1_IsEnabledClock
 998:Drivers/STM32F4xx_HAL_Driver/Inc/stm32f4xx_ll_bus.h ****   * @param  Periphs This parameter can be a combination of the following values:
 999:Drivers/STM32F4xx_HAL_Driver/Inc/stm32f4xx_ll_bus.h ****   *         @arg @ref LL_AHB3_GRP1_PERIPH_FMC (*)
1000:Drivers/STM32F4xx_HAL_Driver/Inc/stm32f4xx_ll_bus.h ****   *         @arg @ref LL_AHB3_GRP1_PERIPH_FSMC (*)
1001:Drivers/STM32F4xx_HAL_Driver/Inc/stm32f4xx_ll_bus.h ****   *         @arg @ref LL_AHB3_GRP1_PERIPH_QSPI (*)
1002:Drivers/STM32F4xx_HAL_Driver/Inc/stm32f4xx_ll_bus.h ****   *
1003:Drivers/STM32F4xx_HAL_Driver/Inc/stm32f4xx_ll_bus.h ****   *         (*) value not defined in all devices.
1004:Drivers/STM32F4xx_HAL_Driver/Inc/stm32f4xx_ll_bus.h ****   * @retval State of Periphs (1 or 0).
1005:Drivers/STM32F4xx_HAL_Driver/Inc/stm32f4xx_ll_bus.h ****   */
1006:Drivers/STM32F4xx_HAL_Driver/Inc/stm32f4xx_ll_bus.h **** __STATIC_INLINE uint32_t LL_AHB3_GRP1_IsEnabledClock(uint32_t Periphs)
1007:Drivers/STM32F4xx_HAL_Driver/Inc/stm32f4xx_ll_bus.h **** {
1008:Drivers/STM32F4xx_HAL_Driver/Inc/stm32f4xx_ll_bus.h ****   return (READ_BIT(RCC->AHB3ENR, Periphs) == Periphs);
1009:Drivers/STM32F4xx_HAL_Driver/Inc/stm32f4xx_ll_bus.h **** }
1010:Drivers/STM32F4xx_HAL_Driver/Inc/stm32f4xx_ll_bus.h **** 
1011:Drivers/STM32F4xx_HAL_Driver/Inc/stm32f4xx_ll_bus.h **** /**
1012:Drivers/STM32F4xx_HAL_Driver/Inc/stm32f4xx_ll_bus.h ****   * @brief  Disable AHB3 peripherals clock.
1013:Drivers/STM32F4xx_HAL_Driver/Inc/stm32f4xx_ll_bus.h ****   * @rmtoll AHB3ENR      FMCEN         LL_AHB3_GRP1_DisableClock\n
1014:Drivers/STM32F4xx_HAL_Driver/Inc/stm32f4xx_ll_bus.h ****   *         AHB3ENR      FSMCEN        LL_AHB3_GRP1_DisableClock\n
1015:Drivers/STM32F4xx_HAL_Driver/Inc/stm32f4xx_ll_bus.h ****   *         AHB3ENR      QSPIEN        LL_AHB3_GRP1_DisableClock
1016:Drivers/STM32F4xx_HAL_Driver/Inc/stm32f4xx_ll_bus.h ****   * @param  Periphs This parameter can be a combination of the following values:
1017:Drivers/STM32F4xx_HAL_Driver/Inc/stm32f4xx_ll_bus.h ****   *         @arg @ref LL_AHB3_GRP1_PERIPH_FMC (*)
1018:Drivers/STM32F4xx_HAL_Driver/Inc/stm32f4xx_ll_bus.h ****   *         @arg @ref LL_AHB3_GRP1_PERIPH_FSMC (*)
1019:Drivers/STM32F4xx_HAL_Driver/Inc/stm32f4xx_ll_bus.h ****   *         @arg @ref LL_AHB3_GRP1_PERIPH_QSPI (*)
1020:Drivers/STM32F4xx_HAL_Driver/Inc/stm32f4xx_ll_bus.h ****   *
1021:Drivers/STM32F4xx_HAL_Driver/Inc/stm32f4xx_ll_bus.h ****   *         (*) value not defined in all devices.
1022:Drivers/STM32F4xx_HAL_Driver/Inc/stm32f4xx_ll_bus.h ****   * @retval None
1023:Drivers/STM32F4xx_HAL_Driver/Inc/stm32f4xx_ll_bus.h ****   */
1024:Drivers/STM32F4xx_HAL_Driver/Inc/stm32f4xx_ll_bus.h **** __STATIC_INLINE void LL_AHB3_GRP1_DisableClock(uint32_t Periphs)
1025:Drivers/STM32F4xx_HAL_Driver/Inc/stm32f4xx_ll_bus.h **** {
1026:Drivers/STM32F4xx_HAL_Driver/Inc/stm32f4xx_ll_bus.h ****   CLEAR_BIT(RCC->AHB3ENR, Periphs);
1027:Drivers/STM32F4xx_HAL_Driver/Inc/stm32f4xx_ll_bus.h **** }
1028:Drivers/STM32F4xx_HAL_Driver/Inc/stm32f4xx_ll_bus.h **** 
1029:Drivers/STM32F4xx_HAL_Driver/Inc/stm32f4xx_ll_bus.h **** /**
ARM GAS  C:\Users\chris\AppData\Local\Temp\ccsULun0.s 			page 24


1030:Drivers/STM32F4xx_HAL_Driver/Inc/stm32f4xx_ll_bus.h ****   * @brief  Force AHB3 peripherals reset.
1031:Drivers/STM32F4xx_HAL_Driver/Inc/stm32f4xx_ll_bus.h ****   * @rmtoll AHB3RSTR     FMCRST        LL_AHB3_GRP1_ForceReset\n
1032:Drivers/STM32F4xx_HAL_Driver/Inc/stm32f4xx_ll_bus.h ****   *         AHB3RSTR     FSMCRST       LL_AHB3_GRP1_ForceReset\n
1033:Drivers/STM32F4xx_HAL_Driver/Inc/stm32f4xx_ll_bus.h ****   *         AHB3RSTR     QSPIRST       LL_AHB3_GRP1_ForceReset
1034:Drivers/STM32F4xx_HAL_Driver/Inc/stm32f4xx_ll_bus.h ****   * @param  Periphs This parameter can be a combination of the following values:
1035:Drivers/STM32F4xx_HAL_Driver/Inc/stm32f4xx_ll_bus.h ****   *         @arg @ref LL_AHB3_GRP1_PERIPH_ALL
1036:Drivers/STM32F4xx_HAL_Driver/Inc/stm32f4xx_ll_bus.h ****   *         @arg @ref LL_AHB3_GRP1_PERIPH_FMC (*)
1037:Drivers/STM32F4xx_HAL_Driver/Inc/stm32f4xx_ll_bus.h ****   *         @arg @ref LL_AHB3_GRP1_PERIPH_FSMC (*)
1038:Drivers/STM32F4xx_HAL_Driver/Inc/stm32f4xx_ll_bus.h ****   *         @arg @ref LL_AHB3_GRP1_PERIPH_QSPI (*)
1039:Drivers/STM32F4xx_HAL_Driver/Inc/stm32f4xx_ll_bus.h ****   *
1040:Drivers/STM32F4xx_HAL_Driver/Inc/stm32f4xx_ll_bus.h ****   *         (*) value not defined in all devices.
1041:Drivers/STM32F4xx_HAL_Driver/Inc/stm32f4xx_ll_bus.h ****   * @retval None
1042:Drivers/STM32F4xx_HAL_Driver/Inc/stm32f4xx_ll_bus.h ****   */
1043:Drivers/STM32F4xx_HAL_Driver/Inc/stm32f4xx_ll_bus.h **** __STATIC_INLINE void LL_AHB3_GRP1_ForceReset(uint32_t Periphs)
1044:Drivers/STM32F4xx_HAL_Driver/Inc/stm32f4xx_ll_bus.h **** {
1045:Drivers/STM32F4xx_HAL_Driver/Inc/stm32f4xx_ll_bus.h ****   SET_BIT(RCC->AHB3RSTR, Periphs);
1046:Drivers/STM32F4xx_HAL_Driver/Inc/stm32f4xx_ll_bus.h **** }
1047:Drivers/STM32F4xx_HAL_Driver/Inc/stm32f4xx_ll_bus.h **** 
1048:Drivers/STM32F4xx_HAL_Driver/Inc/stm32f4xx_ll_bus.h **** /**
1049:Drivers/STM32F4xx_HAL_Driver/Inc/stm32f4xx_ll_bus.h ****   * @brief  Release AHB3 peripherals reset.
1050:Drivers/STM32F4xx_HAL_Driver/Inc/stm32f4xx_ll_bus.h ****   * @rmtoll AHB3RSTR     FMCRST        LL_AHB3_GRP1_ReleaseReset\n
1051:Drivers/STM32F4xx_HAL_Driver/Inc/stm32f4xx_ll_bus.h ****   *         AHB3RSTR     FSMCRST       LL_AHB3_GRP1_ReleaseReset\n
1052:Drivers/STM32F4xx_HAL_Driver/Inc/stm32f4xx_ll_bus.h ****   *         AHB3RSTR     QSPIRST       LL_AHB3_GRP1_ReleaseReset
1053:Drivers/STM32F4xx_HAL_Driver/Inc/stm32f4xx_ll_bus.h ****   * @param  Periphs This parameter can be a combination of the following values:
1054:Drivers/STM32F4xx_HAL_Driver/Inc/stm32f4xx_ll_bus.h ****   *         @arg @ref LL_AHB2_GRP1_PERIPH_ALL
1055:Drivers/STM32F4xx_HAL_Driver/Inc/stm32f4xx_ll_bus.h ****   *         @arg @ref LL_AHB3_GRP1_PERIPH_FMC (*)
1056:Drivers/STM32F4xx_HAL_Driver/Inc/stm32f4xx_ll_bus.h ****   *         @arg @ref LL_AHB3_GRP1_PERIPH_FSMC (*)
1057:Drivers/STM32F4xx_HAL_Driver/Inc/stm32f4xx_ll_bus.h ****   *         @arg @ref LL_AHB3_GRP1_PERIPH_QSPI (*)
1058:Drivers/STM32F4xx_HAL_Driver/Inc/stm32f4xx_ll_bus.h ****   *
1059:Drivers/STM32F4xx_HAL_Driver/Inc/stm32f4xx_ll_bus.h ****   *         (*) value not defined in all devices.
1060:Drivers/STM32F4xx_HAL_Driver/Inc/stm32f4xx_ll_bus.h ****   * @retval None
1061:Drivers/STM32F4xx_HAL_Driver/Inc/stm32f4xx_ll_bus.h ****   */
1062:Drivers/STM32F4xx_HAL_Driver/Inc/stm32f4xx_ll_bus.h **** __STATIC_INLINE void LL_AHB3_GRP1_ReleaseReset(uint32_t Periphs)
1063:Drivers/STM32F4xx_HAL_Driver/Inc/stm32f4xx_ll_bus.h **** {
1064:Drivers/STM32F4xx_HAL_Driver/Inc/stm32f4xx_ll_bus.h ****   CLEAR_BIT(RCC->AHB3RSTR, Periphs);
1065:Drivers/STM32F4xx_HAL_Driver/Inc/stm32f4xx_ll_bus.h **** }
1066:Drivers/STM32F4xx_HAL_Driver/Inc/stm32f4xx_ll_bus.h **** 
1067:Drivers/STM32F4xx_HAL_Driver/Inc/stm32f4xx_ll_bus.h **** /**
1068:Drivers/STM32F4xx_HAL_Driver/Inc/stm32f4xx_ll_bus.h ****   * @brief  Enable AHB3 peripheral clocks in low-power mode
1069:Drivers/STM32F4xx_HAL_Driver/Inc/stm32f4xx_ll_bus.h ****   * @rmtoll AHB3LPENR    FMCLPEN       LL_AHB3_GRP1_EnableClockLowPower\n
1070:Drivers/STM32F4xx_HAL_Driver/Inc/stm32f4xx_ll_bus.h ****   *         AHB3LPENR    FSMCLPEN      LL_AHB3_GRP1_EnableClockLowPower\n
1071:Drivers/STM32F4xx_HAL_Driver/Inc/stm32f4xx_ll_bus.h ****   *         AHB3LPENR    QSPILPEN      LL_AHB3_GRP1_EnableClockLowPower
1072:Drivers/STM32F4xx_HAL_Driver/Inc/stm32f4xx_ll_bus.h ****   * @param  Periphs This parameter can be a combination of the following values:
1073:Drivers/STM32F4xx_HAL_Driver/Inc/stm32f4xx_ll_bus.h ****   *         @arg @ref LL_AHB3_GRP1_PERIPH_FMC (*)
1074:Drivers/STM32F4xx_HAL_Driver/Inc/stm32f4xx_ll_bus.h ****   *         @arg @ref LL_AHB3_GRP1_PERIPH_FSMC (*)
1075:Drivers/STM32F4xx_HAL_Driver/Inc/stm32f4xx_ll_bus.h ****   *         @arg @ref LL_AHB3_GRP1_PERIPH_QSPI (*)
1076:Drivers/STM32F4xx_HAL_Driver/Inc/stm32f4xx_ll_bus.h ****   *
1077:Drivers/STM32F4xx_HAL_Driver/Inc/stm32f4xx_ll_bus.h ****   *         (*) value not defined in all devices.
1078:Drivers/STM32F4xx_HAL_Driver/Inc/stm32f4xx_ll_bus.h ****   * @retval None
1079:Drivers/STM32F4xx_HAL_Driver/Inc/stm32f4xx_ll_bus.h ****   */
1080:Drivers/STM32F4xx_HAL_Driver/Inc/stm32f4xx_ll_bus.h **** __STATIC_INLINE void LL_AHB3_GRP1_EnableClockLowPower(uint32_t Periphs)
1081:Drivers/STM32F4xx_HAL_Driver/Inc/stm32f4xx_ll_bus.h **** {
1082:Drivers/STM32F4xx_HAL_Driver/Inc/stm32f4xx_ll_bus.h ****   __IO uint32_t tmpreg;
1083:Drivers/STM32F4xx_HAL_Driver/Inc/stm32f4xx_ll_bus.h ****   SET_BIT(RCC->AHB3LPENR, Periphs);
1084:Drivers/STM32F4xx_HAL_Driver/Inc/stm32f4xx_ll_bus.h ****   /* Delay after an RCC peripheral clock enabling */
1085:Drivers/STM32F4xx_HAL_Driver/Inc/stm32f4xx_ll_bus.h ****   tmpreg = READ_BIT(RCC->AHB3LPENR, Periphs);
1086:Drivers/STM32F4xx_HAL_Driver/Inc/stm32f4xx_ll_bus.h ****   (void)tmpreg;
ARM GAS  C:\Users\chris\AppData\Local\Temp\ccsULun0.s 			page 25


1087:Drivers/STM32F4xx_HAL_Driver/Inc/stm32f4xx_ll_bus.h **** }
1088:Drivers/STM32F4xx_HAL_Driver/Inc/stm32f4xx_ll_bus.h **** 
1089:Drivers/STM32F4xx_HAL_Driver/Inc/stm32f4xx_ll_bus.h **** /**
1090:Drivers/STM32F4xx_HAL_Driver/Inc/stm32f4xx_ll_bus.h ****   * @brief  Disable AHB3 peripheral clocks in low-power mode
1091:Drivers/STM32F4xx_HAL_Driver/Inc/stm32f4xx_ll_bus.h ****   * @rmtoll AHB3LPENR    FMCLPEN       LL_AHB3_GRP1_DisableClockLowPower\n
1092:Drivers/STM32F4xx_HAL_Driver/Inc/stm32f4xx_ll_bus.h ****   *         AHB3LPENR    FSMCLPEN      LL_AHB3_GRP1_DisableClockLowPower\n
1093:Drivers/STM32F4xx_HAL_Driver/Inc/stm32f4xx_ll_bus.h ****   *         AHB3LPENR    QSPILPEN      LL_AHB3_GRP1_DisableClockLowPower
1094:Drivers/STM32F4xx_HAL_Driver/Inc/stm32f4xx_ll_bus.h ****   * @param  Periphs This parameter can be a combination of the following values:
1095:Drivers/STM32F4xx_HAL_Driver/Inc/stm32f4xx_ll_bus.h ****   *         @arg @ref LL_AHB3_GRP1_PERIPH_FMC (*)
1096:Drivers/STM32F4xx_HAL_Driver/Inc/stm32f4xx_ll_bus.h ****   *         @arg @ref LL_AHB3_GRP1_PERIPH_FSMC (*)
1097:Drivers/STM32F4xx_HAL_Driver/Inc/stm32f4xx_ll_bus.h ****   *         @arg @ref LL_AHB3_GRP1_PERIPH_QSPI (*)
1098:Drivers/STM32F4xx_HAL_Driver/Inc/stm32f4xx_ll_bus.h ****   *
1099:Drivers/STM32F4xx_HAL_Driver/Inc/stm32f4xx_ll_bus.h ****   *         (*) value not defined in all devices.
1100:Drivers/STM32F4xx_HAL_Driver/Inc/stm32f4xx_ll_bus.h ****   * @retval None
1101:Drivers/STM32F4xx_HAL_Driver/Inc/stm32f4xx_ll_bus.h ****   */
1102:Drivers/STM32F4xx_HAL_Driver/Inc/stm32f4xx_ll_bus.h **** __STATIC_INLINE void LL_AHB3_GRP1_DisableClockLowPower(uint32_t Periphs)
1103:Drivers/STM32F4xx_HAL_Driver/Inc/stm32f4xx_ll_bus.h **** {
1104:Drivers/STM32F4xx_HAL_Driver/Inc/stm32f4xx_ll_bus.h ****   CLEAR_BIT(RCC->AHB3LPENR, Periphs);
1105:Drivers/STM32F4xx_HAL_Driver/Inc/stm32f4xx_ll_bus.h **** }
1106:Drivers/STM32F4xx_HAL_Driver/Inc/stm32f4xx_ll_bus.h **** 
1107:Drivers/STM32F4xx_HAL_Driver/Inc/stm32f4xx_ll_bus.h **** /**
1108:Drivers/STM32F4xx_HAL_Driver/Inc/stm32f4xx_ll_bus.h ****   * @}
1109:Drivers/STM32F4xx_HAL_Driver/Inc/stm32f4xx_ll_bus.h ****   */
1110:Drivers/STM32F4xx_HAL_Driver/Inc/stm32f4xx_ll_bus.h **** #endif /* RCC_AHB3_SUPPORT */
1111:Drivers/STM32F4xx_HAL_Driver/Inc/stm32f4xx_ll_bus.h **** 
1112:Drivers/STM32F4xx_HAL_Driver/Inc/stm32f4xx_ll_bus.h **** /** @defgroup BUS_LL_EF_APB1 APB1
1113:Drivers/STM32F4xx_HAL_Driver/Inc/stm32f4xx_ll_bus.h ****   * @{
1114:Drivers/STM32F4xx_HAL_Driver/Inc/stm32f4xx_ll_bus.h ****   */
1115:Drivers/STM32F4xx_HAL_Driver/Inc/stm32f4xx_ll_bus.h **** 
1116:Drivers/STM32F4xx_HAL_Driver/Inc/stm32f4xx_ll_bus.h **** /**
1117:Drivers/STM32F4xx_HAL_Driver/Inc/stm32f4xx_ll_bus.h ****   * @brief  Enable APB1 peripherals clock.
1118:Drivers/STM32F4xx_HAL_Driver/Inc/stm32f4xx_ll_bus.h ****   * @rmtoll APB1ENR     TIM2EN        LL_APB1_GRP1_EnableClock\n
1119:Drivers/STM32F4xx_HAL_Driver/Inc/stm32f4xx_ll_bus.h ****   *         APB1ENR     TIM3EN        LL_APB1_GRP1_EnableClock\n
1120:Drivers/STM32F4xx_HAL_Driver/Inc/stm32f4xx_ll_bus.h ****   *         APB1ENR     TIM4EN        LL_APB1_GRP1_EnableClock\n
1121:Drivers/STM32F4xx_HAL_Driver/Inc/stm32f4xx_ll_bus.h ****   *         APB1ENR     TIM5EN        LL_APB1_GRP1_EnableClock\n
1122:Drivers/STM32F4xx_HAL_Driver/Inc/stm32f4xx_ll_bus.h ****   *         APB1ENR     TIM6EN        LL_APB1_GRP1_EnableClock\n
1123:Drivers/STM32F4xx_HAL_Driver/Inc/stm32f4xx_ll_bus.h ****   *         APB1ENR     TIM7EN        LL_APB1_GRP1_EnableClock\n
1124:Drivers/STM32F4xx_HAL_Driver/Inc/stm32f4xx_ll_bus.h ****   *         APB1ENR     TIM12EN       LL_APB1_GRP1_EnableClock\n
1125:Drivers/STM32F4xx_HAL_Driver/Inc/stm32f4xx_ll_bus.h ****   *         APB1ENR     TIM13EN       LL_APB1_GRP1_EnableClock\n
1126:Drivers/STM32F4xx_HAL_Driver/Inc/stm32f4xx_ll_bus.h ****   *         APB1ENR     TIM14EN       LL_APB1_GRP1_EnableClock\n
1127:Drivers/STM32F4xx_HAL_Driver/Inc/stm32f4xx_ll_bus.h ****   *         APB1ENR     LPTIM1EN      LL_APB1_GRP1_EnableClock\n
1128:Drivers/STM32F4xx_HAL_Driver/Inc/stm32f4xx_ll_bus.h ****   *         APB1ENR     WWDGEN        LL_APB1_GRP1_EnableClock\n
1129:Drivers/STM32F4xx_HAL_Driver/Inc/stm32f4xx_ll_bus.h ****   *         APB1ENR     SPI2EN        LL_APB1_GRP1_EnableClock\n
1130:Drivers/STM32F4xx_HAL_Driver/Inc/stm32f4xx_ll_bus.h ****   *         APB1ENR     SPI3EN        LL_APB1_GRP1_EnableClock\n
1131:Drivers/STM32F4xx_HAL_Driver/Inc/stm32f4xx_ll_bus.h ****   *         APB1ENR     SPDIFRXEN     LL_APB1_GRP1_EnableClock\n
1132:Drivers/STM32F4xx_HAL_Driver/Inc/stm32f4xx_ll_bus.h ****   *         APB1ENR     USART2EN      LL_APB1_GRP1_EnableClock\n
1133:Drivers/STM32F4xx_HAL_Driver/Inc/stm32f4xx_ll_bus.h ****   *         APB1ENR     USART3EN      LL_APB1_GRP1_EnableClock\n
1134:Drivers/STM32F4xx_HAL_Driver/Inc/stm32f4xx_ll_bus.h ****   *         APB1ENR     UART4EN       LL_APB1_GRP1_EnableClock\n
1135:Drivers/STM32F4xx_HAL_Driver/Inc/stm32f4xx_ll_bus.h ****   *         APB1ENR     UART5EN       LL_APB1_GRP1_EnableClock\n
1136:Drivers/STM32F4xx_HAL_Driver/Inc/stm32f4xx_ll_bus.h ****   *         APB1ENR     I2C1EN        LL_APB1_GRP1_EnableClock\n
1137:Drivers/STM32F4xx_HAL_Driver/Inc/stm32f4xx_ll_bus.h ****   *         APB1ENR     I2C2EN        LL_APB1_GRP1_EnableClock\n
1138:Drivers/STM32F4xx_HAL_Driver/Inc/stm32f4xx_ll_bus.h ****   *         APB1ENR     I2C3EN        LL_APB1_GRP1_EnableClock\n
1139:Drivers/STM32F4xx_HAL_Driver/Inc/stm32f4xx_ll_bus.h ****   *         APB1ENR     FMPI2C1EN     LL_APB1_GRP1_EnableClock\n
1140:Drivers/STM32F4xx_HAL_Driver/Inc/stm32f4xx_ll_bus.h ****   *         APB1ENR     CAN1EN        LL_APB1_GRP1_EnableClock\n
1141:Drivers/STM32F4xx_HAL_Driver/Inc/stm32f4xx_ll_bus.h ****   *         APB1ENR     CAN2EN        LL_APB1_GRP1_EnableClock\n
1142:Drivers/STM32F4xx_HAL_Driver/Inc/stm32f4xx_ll_bus.h ****   *         APB1ENR     CAN3EN        LL_APB1_GRP1_EnableClock\n
1143:Drivers/STM32F4xx_HAL_Driver/Inc/stm32f4xx_ll_bus.h ****   *         APB1ENR     CECEN         LL_APB1_GRP1_EnableClock\n
ARM GAS  C:\Users\chris\AppData\Local\Temp\ccsULun0.s 			page 26


1144:Drivers/STM32F4xx_HAL_Driver/Inc/stm32f4xx_ll_bus.h ****   *         APB1ENR     PWREN         LL_APB1_GRP1_EnableClock\n
1145:Drivers/STM32F4xx_HAL_Driver/Inc/stm32f4xx_ll_bus.h ****   *         APB1ENR     DACEN         LL_APB1_GRP1_EnableClock\n
1146:Drivers/STM32F4xx_HAL_Driver/Inc/stm32f4xx_ll_bus.h ****   *         APB1ENR     UART7EN       LL_APB1_GRP1_EnableClock\n
1147:Drivers/STM32F4xx_HAL_Driver/Inc/stm32f4xx_ll_bus.h ****   *         APB1ENR     UART8EN       LL_APB1_GRP1_EnableClock\n
1148:Drivers/STM32F4xx_HAL_Driver/Inc/stm32f4xx_ll_bus.h ****   *         APB1ENR     RTCAPBEN      LL_APB1_GRP1_EnableClock
1149:Drivers/STM32F4xx_HAL_Driver/Inc/stm32f4xx_ll_bus.h ****   * @param  Periphs This parameter can be a combination of the following values:
1150:Drivers/STM32F4xx_HAL_Driver/Inc/stm32f4xx_ll_bus.h ****   *         @arg @ref LL_APB1_GRP1_PERIPH_TIM2 (*)
1151:Drivers/STM32F4xx_HAL_Driver/Inc/stm32f4xx_ll_bus.h ****   *         @arg @ref LL_APB1_GRP1_PERIPH_TIM3 (*)
1152:Drivers/STM32F4xx_HAL_Driver/Inc/stm32f4xx_ll_bus.h ****   *         @arg @ref LL_APB1_GRP1_PERIPH_TIM4 (*)
1153:Drivers/STM32F4xx_HAL_Driver/Inc/stm32f4xx_ll_bus.h ****   *         @arg @ref LL_APB1_GRP1_PERIPH_TIM5
1154:Drivers/STM32F4xx_HAL_Driver/Inc/stm32f4xx_ll_bus.h ****   *         @arg @ref LL_APB1_GRP1_PERIPH_TIM6 (*)
1155:Drivers/STM32F4xx_HAL_Driver/Inc/stm32f4xx_ll_bus.h ****   *         @arg @ref LL_APB1_GRP1_PERIPH_TIM7 (*)
1156:Drivers/STM32F4xx_HAL_Driver/Inc/stm32f4xx_ll_bus.h ****   *         @arg @ref LL_APB1_GRP1_PERIPH_TIM12 (*)
1157:Drivers/STM32F4xx_HAL_Driver/Inc/stm32f4xx_ll_bus.h ****   *         @arg @ref LL_APB1_GRP1_PERIPH_TIM13 (*)
1158:Drivers/STM32F4xx_HAL_Driver/Inc/stm32f4xx_ll_bus.h ****   *         @arg @ref LL_APB1_GRP1_PERIPH_TIM14 (*)
1159:Drivers/STM32F4xx_HAL_Driver/Inc/stm32f4xx_ll_bus.h ****   *         @arg @ref LL_APB1_GRP1_PERIPH_LPTIM1 (*)
1160:Drivers/STM32F4xx_HAL_Driver/Inc/stm32f4xx_ll_bus.h ****   *         @arg @ref LL_APB1_GRP1_PERIPH_WWDG
1161:Drivers/STM32F4xx_HAL_Driver/Inc/stm32f4xx_ll_bus.h ****   *         @arg @ref LL_APB1_GRP1_PERIPH_SPI2 (*)
1162:Drivers/STM32F4xx_HAL_Driver/Inc/stm32f4xx_ll_bus.h ****   *         @arg @ref LL_APB1_GRP1_PERIPH_SPI3 (*)
1163:Drivers/STM32F4xx_HAL_Driver/Inc/stm32f4xx_ll_bus.h ****   *         @arg @ref LL_APB1_GRP1_PERIPH_SPDIFRX (*)
1164:Drivers/STM32F4xx_HAL_Driver/Inc/stm32f4xx_ll_bus.h ****   *         @arg @ref LL_APB1_GRP1_PERIPH_USART2
1165:Drivers/STM32F4xx_HAL_Driver/Inc/stm32f4xx_ll_bus.h ****   *         @arg @ref LL_APB1_GRP1_PERIPH_USART3 (*)
1166:Drivers/STM32F4xx_HAL_Driver/Inc/stm32f4xx_ll_bus.h ****   *         @arg @ref LL_APB1_GRP1_PERIPH_UART4 (*)
1167:Drivers/STM32F4xx_HAL_Driver/Inc/stm32f4xx_ll_bus.h ****   *         @arg @ref LL_APB1_GRP1_PERIPH_UART5 (*)
1168:Drivers/STM32F4xx_HAL_Driver/Inc/stm32f4xx_ll_bus.h ****   *         @arg @ref LL_APB1_GRP1_PERIPH_I2C1
1169:Drivers/STM32F4xx_HAL_Driver/Inc/stm32f4xx_ll_bus.h ****   *         @arg @ref LL_APB1_GRP1_PERIPH_I2C2
1170:Drivers/STM32F4xx_HAL_Driver/Inc/stm32f4xx_ll_bus.h ****   *         @arg @ref LL_APB1_GRP1_PERIPH_I2C3 (*)
1171:Drivers/STM32F4xx_HAL_Driver/Inc/stm32f4xx_ll_bus.h ****   *         @arg @ref LL_APB1_GRP1_PERIPH_FMPI2C1 (*)
1172:Drivers/STM32F4xx_HAL_Driver/Inc/stm32f4xx_ll_bus.h ****   *         @arg @ref LL_APB1_GRP1_PERIPH_CAN1 (*)
1173:Drivers/STM32F4xx_HAL_Driver/Inc/stm32f4xx_ll_bus.h ****   *         @arg @ref LL_APB1_GRP1_PERIPH_CAN2 (*)
1174:Drivers/STM32F4xx_HAL_Driver/Inc/stm32f4xx_ll_bus.h ****   *         @arg @ref LL_APB1_GRP1_PERIPH_CAN3 (*)
1175:Drivers/STM32F4xx_HAL_Driver/Inc/stm32f4xx_ll_bus.h ****   *         @arg @ref LL_APB1_GRP1_PERIPH_CEC  (*)
1176:Drivers/STM32F4xx_HAL_Driver/Inc/stm32f4xx_ll_bus.h ****   *         @arg @ref LL_APB1_GRP1_PERIPH_PWR
1177:Drivers/STM32F4xx_HAL_Driver/Inc/stm32f4xx_ll_bus.h ****   *         @arg @ref LL_APB1_GRP1_PERIPH_DAC1 (*)
1178:Drivers/STM32F4xx_HAL_Driver/Inc/stm32f4xx_ll_bus.h ****   *         @arg @ref LL_APB1_GRP1_PERIPH_UART7 (*)
1179:Drivers/STM32F4xx_HAL_Driver/Inc/stm32f4xx_ll_bus.h ****   *         @arg @ref LL_APB1_GRP1_PERIPH_UART8 (*)
1180:Drivers/STM32F4xx_HAL_Driver/Inc/stm32f4xx_ll_bus.h ****   *         @arg @ref LL_APB1_GRP1_PERIPH_RTCAPB (*)
1181:Drivers/STM32F4xx_HAL_Driver/Inc/stm32f4xx_ll_bus.h ****   *
1182:Drivers/STM32F4xx_HAL_Driver/Inc/stm32f4xx_ll_bus.h ****   *         (*) value not defined in all devices.
1183:Drivers/STM32F4xx_HAL_Driver/Inc/stm32f4xx_ll_bus.h ****   * @retval None
1184:Drivers/STM32F4xx_HAL_Driver/Inc/stm32f4xx_ll_bus.h ****   */
1185:Drivers/STM32F4xx_HAL_Driver/Inc/stm32f4xx_ll_bus.h **** __STATIC_INLINE void LL_APB1_GRP1_EnableClock(uint32_t Periphs)
1186:Drivers/STM32F4xx_HAL_Driver/Inc/stm32f4xx_ll_bus.h **** {
1187:Drivers/STM32F4xx_HAL_Driver/Inc/stm32f4xx_ll_bus.h ****   __IO uint32_t tmpreg;
1188:Drivers/STM32F4xx_HAL_Driver/Inc/stm32f4xx_ll_bus.h ****   SET_BIT(RCC->APB1ENR, Periphs);
1189:Drivers/STM32F4xx_HAL_Driver/Inc/stm32f4xx_ll_bus.h ****   /* Delay after an RCC peripheral clock enabling */
1190:Drivers/STM32F4xx_HAL_Driver/Inc/stm32f4xx_ll_bus.h ****   tmpreg = READ_BIT(RCC->APB1ENR, Periphs);
1191:Drivers/STM32F4xx_HAL_Driver/Inc/stm32f4xx_ll_bus.h ****   (void)tmpreg;
1192:Drivers/STM32F4xx_HAL_Driver/Inc/stm32f4xx_ll_bus.h **** }
1193:Drivers/STM32F4xx_HAL_Driver/Inc/stm32f4xx_ll_bus.h **** 
1194:Drivers/STM32F4xx_HAL_Driver/Inc/stm32f4xx_ll_bus.h **** /**
1195:Drivers/STM32F4xx_HAL_Driver/Inc/stm32f4xx_ll_bus.h ****   * @brief  Check if APB1 peripheral clock is enabled or not
1196:Drivers/STM32F4xx_HAL_Driver/Inc/stm32f4xx_ll_bus.h ****   * @rmtoll APB1ENR     TIM2EN        LL_APB1_GRP1_IsEnabledClock\n
1197:Drivers/STM32F4xx_HAL_Driver/Inc/stm32f4xx_ll_bus.h ****   *         APB1ENR     TIM3EN        LL_APB1_GRP1_IsEnabledClock\n
1198:Drivers/STM32F4xx_HAL_Driver/Inc/stm32f4xx_ll_bus.h ****   *         APB1ENR     TIM4EN        LL_APB1_GRP1_IsEnabledClock\n
1199:Drivers/STM32F4xx_HAL_Driver/Inc/stm32f4xx_ll_bus.h ****   *         APB1ENR     TIM5EN        LL_APB1_GRP1_IsEnabledClock\n
1200:Drivers/STM32F4xx_HAL_Driver/Inc/stm32f4xx_ll_bus.h ****   *         APB1ENR     TIM6EN        LL_APB1_GRP1_IsEnabledClock\n
ARM GAS  C:\Users\chris\AppData\Local\Temp\ccsULun0.s 			page 27


1201:Drivers/STM32F4xx_HAL_Driver/Inc/stm32f4xx_ll_bus.h ****   *         APB1ENR     TIM7EN        LL_APB1_GRP1_IsEnabledClock\n
1202:Drivers/STM32F4xx_HAL_Driver/Inc/stm32f4xx_ll_bus.h ****   *         APB1ENR     TIM12EN       LL_APB1_GRP1_IsEnabledClock\n
1203:Drivers/STM32F4xx_HAL_Driver/Inc/stm32f4xx_ll_bus.h ****   *         APB1ENR     TIM13EN       LL_APB1_GRP1_IsEnabledClock\n
1204:Drivers/STM32F4xx_HAL_Driver/Inc/stm32f4xx_ll_bus.h ****   *         APB1ENR     TIM14EN       LL_APB1_GRP1_IsEnabledClock\n
1205:Drivers/STM32F4xx_HAL_Driver/Inc/stm32f4xx_ll_bus.h ****   *         APB1ENR     LPTIM1EN      LL_APB1_GRP1_IsEnabledClock\n
1206:Drivers/STM32F4xx_HAL_Driver/Inc/stm32f4xx_ll_bus.h ****   *         APB1ENR     WWDGEN        LL_APB1_GRP1_IsEnabledClock\n
1207:Drivers/STM32F4xx_HAL_Driver/Inc/stm32f4xx_ll_bus.h ****   *         APB1ENR     SPI2EN        LL_APB1_GRP1_IsEnabledClock\n
1208:Drivers/STM32F4xx_HAL_Driver/Inc/stm32f4xx_ll_bus.h ****   *         APB1ENR     SPI3EN        LL_APB1_GRP1_IsEnabledClock\n
1209:Drivers/STM32F4xx_HAL_Driver/Inc/stm32f4xx_ll_bus.h ****   *         APB1ENR     SPDIFRXEN     LL_APB1_GRP1_IsEnabledClock\n
1210:Drivers/STM32F4xx_HAL_Driver/Inc/stm32f4xx_ll_bus.h ****   *         APB1ENR     USART2EN      LL_APB1_GRP1_IsEnabledClock\n
1211:Drivers/STM32F4xx_HAL_Driver/Inc/stm32f4xx_ll_bus.h ****   *         APB1ENR     USART3EN      LL_APB1_GRP1_IsEnabledClock\n
1212:Drivers/STM32F4xx_HAL_Driver/Inc/stm32f4xx_ll_bus.h ****   *         APB1ENR     UART4EN       LL_APB1_GRP1_IsEnabledClock\n
1213:Drivers/STM32F4xx_HAL_Driver/Inc/stm32f4xx_ll_bus.h ****   *         APB1ENR     UART5EN       LL_APB1_GRP1_IsEnabledClock\n
1214:Drivers/STM32F4xx_HAL_Driver/Inc/stm32f4xx_ll_bus.h ****   *         APB1ENR     I2C1EN        LL_APB1_GRP1_IsEnabledClock\n
1215:Drivers/STM32F4xx_HAL_Driver/Inc/stm32f4xx_ll_bus.h ****   *         APB1ENR     I2C2EN        LL_APB1_GRP1_IsEnabledClock\n
1216:Drivers/STM32F4xx_HAL_Driver/Inc/stm32f4xx_ll_bus.h ****   *         APB1ENR     I2C3EN        LL_APB1_GRP1_IsEnabledClock\n
1217:Drivers/STM32F4xx_HAL_Driver/Inc/stm32f4xx_ll_bus.h ****   *         APB1ENR     FMPI2C1EN     LL_APB1_GRP1_IsEnabledClock\n
1218:Drivers/STM32F4xx_HAL_Driver/Inc/stm32f4xx_ll_bus.h ****   *         APB1ENR     CAN1EN        LL_APB1_GRP1_IsEnabledClock\n
1219:Drivers/STM32F4xx_HAL_Driver/Inc/stm32f4xx_ll_bus.h ****   *         APB1ENR     CAN2EN        LL_APB1_GRP1_IsEnabledClock\n
1220:Drivers/STM32F4xx_HAL_Driver/Inc/stm32f4xx_ll_bus.h ****   *         APB1ENR     CAN3EN        LL_APB1_GRP1_IsEnabledClock\n
1221:Drivers/STM32F4xx_HAL_Driver/Inc/stm32f4xx_ll_bus.h ****   *         APB1ENR     CECEN         LL_APB1_GRP1_IsEnabledClock\n
1222:Drivers/STM32F4xx_HAL_Driver/Inc/stm32f4xx_ll_bus.h ****   *         APB1ENR     PWREN         LL_APB1_GRP1_IsEnabledClock\n
1223:Drivers/STM32F4xx_HAL_Driver/Inc/stm32f4xx_ll_bus.h ****   *         APB1ENR     DACEN         LL_APB1_GRP1_IsEnabledClock\n
1224:Drivers/STM32F4xx_HAL_Driver/Inc/stm32f4xx_ll_bus.h ****   *         APB1ENR     UART7EN       LL_APB1_GRP1_IsEnabledClock\n
1225:Drivers/STM32F4xx_HAL_Driver/Inc/stm32f4xx_ll_bus.h ****   *         APB1ENR     UART8EN       LL_APB1_GRP1_IsEnabledClock\n
1226:Drivers/STM32F4xx_HAL_Driver/Inc/stm32f4xx_ll_bus.h ****   *         APB1ENR     RTCAPBEN      LL_APB1_GRP1_IsEnabledClock
1227:Drivers/STM32F4xx_HAL_Driver/Inc/stm32f4xx_ll_bus.h ****   * @param  Periphs This parameter can be a combination of the following values:
1228:Drivers/STM32F4xx_HAL_Driver/Inc/stm32f4xx_ll_bus.h ****   *         @arg @ref LL_APB1_GRP1_PERIPH_TIM2 (*)
1229:Drivers/STM32F4xx_HAL_Driver/Inc/stm32f4xx_ll_bus.h ****   *         @arg @ref LL_APB1_GRP1_PERIPH_TIM3 (*)
1230:Drivers/STM32F4xx_HAL_Driver/Inc/stm32f4xx_ll_bus.h ****   *         @arg @ref LL_APB1_GRP1_PERIPH_TIM4 (*)
1231:Drivers/STM32F4xx_HAL_Driver/Inc/stm32f4xx_ll_bus.h ****   *         @arg @ref LL_APB1_GRP1_PERIPH_TIM5
1232:Drivers/STM32F4xx_HAL_Driver/Inc/stm32f4xx_ll_bus.h ****   *         @arg @ref LL_APB1_GRP1_PERIPH_TIM6 (*)
1233:Drivers/STM32F4xx_HAL_Driver/Inc/stm32f4xx_ll_bus.h ****   *         @arg @ref LL_APB1_GRP1_PERIPH_TIM7 (*)
1234:Drivers/STM32F4xx_HAL_Driver/Inc/stm32f4xx_ll_bus.h ****   *         @arg @ref LL_APB1_GRP1_PERIPH_TIM12 (*)
1235:Drivers/STM32F4xx_HAL_Driver/Inc/stm32f4xx_ll_bus.h ****   *         @arg @ref LL_APB1_GRP1_PERIPH_TIM13 (*)
1236:Drivers/STM32F4xx_HAL_Driver/Inc/stm32f4xx_ll_bus.h ****   *         @arg @ref LL_APB1_GRP1_PERIPH_TIM14 (*)
1237:Drivers/STM32F4xx_HAL_Driver/Inc/stm32f4xx_ll_bus.h ****   *         @arg @ref LL_APB1_GRP1_PERIPH_LPTIM1 (*)
1238:Drivers/STM32F4xx_HAL_Driver/Inc/stm32f4xx_ll_bus.h ****   *         @arg @ref LL_APB1_GRP1_PERIPH_WWDG
1239:Drivers/STM32F4xx_HAL_Driver/Inc/stm32f4xx_ll_bus.h ****   *         @arg @ref LL_APB1_GRP1_PERIPH_SPI2 (*)
1240:Drivers/STM32F4xx_HAL_Driver/Inc/stm32f4xx_ll_bus.h ****   *         @arg @ref LL_APB1_GRP1_PERIPH_SPI3 (*)
1241:Drivers/STM32F4xx_HAL_Driver/Inc/stm32f4xx_ll_bus.h ****   *         @arg @ref LL_APB1_GRP1_PERIPH_SPDIFRX (*)
1242:Drivers/STM32F4xx_HAL_Driver/Inc/stm32f4xx_ll_bus.h ****   *         @arg @ref LL_APB1_GRP1_PERIPH_USART2
1243:Drivers/STM32F4xx_HAL_Driver/Inc/stm32f4xx_ll_bus.h ****   *         @arg @ref LL_APB1_GRP1_PERIPH_USART3 (*)
1244:Drivers/STM32F4xx_HAL_Driver/Inc/stm32f4xx_ll_bus.h ****   *         @arg @ref LL_APB1_GRP1_PERIPH_UART4 (*)
1245:Drivers/STM32F4xx_HAL_Driver/Inc/stm32f4xx_ll_bus.h ****   *         @arg @ref LL_APB1_GRP1_PERIPH_UART5 (*)
1246:Drivers/STM32F4xx_HAL_Driver/Inc/stm32f4xx_ll_bus.h ****   *         @arg @ref LL_APB1_GRP1_PERIPH_I2C1
1247:Drivers/STM32F4xx_HAL_Driver/Inc/stm32f4xx_ll_bus.h ****   *         @arg @ref LL_APB1_GRP1_PERIPH_I2C2
1248:Drivers/STM32F4xx_HAL_Driver/Inc/stm32f4xx_ll_bus.h ****   *         @arg @ref LL_APB1_GRP1_PERIPH_I2C3 (*)
1249:Drivers/STM32F4xx_HAL_Driver/Inc/stm32f4xx_ll_bus.h ****   *         @arg @ref LL_APB1_GRP1_PERIPH_FMPI2C1 (*)
1250:Drivers/STM32F4xx_HAL_Driver/Inc/stm32f4xx_ll_bus.h ****   *         @arg @ref LL_APB1_GRP1_PERIPH_CAN1 (*)
1251:Drivers/STM32F4xx_HAL_Driver/Inc/stm32f4xx_ll_bus.h ****   *         @arg @ref LL_APB1_GRP1_PERIPH_CAN2 (*)
1252:Drivers/STM32F4xx_HAL_Driver/Inc/stm32f4xx_ll_bus.h ****   *         @arg @ref LL_APB1_GRP1_PERIPH_CAN3 (*)
1253:Drivers/STM32F4xx_HAL_Driver/Inc/stm32f4xx_ll_bus.h ****   *         @arg @ref LL_APB1_GRP1_PERIPH_CEC (*)
1254:Drivers/STM32F4xx_HAL_Driver/Inc/stm32f4xx_ll_bus.h ****   *         @arg @ref LL_APB1_GRP1_PERIPH_PWR
1255:Drivers/STM32F4xx_HAL_Driver/Inc/stm32f4xx_ll_bus.h ****   *         @arg @ref LL_APB1_GRP1_PERIPH_DAC1 (*)
1256:Drivers/STM32F4xx_HAL_Driver/Inc/stm32f4xx_ll_bus.h ****   *         @arg @ref LL_APB1_GRP1_PERIPH_UART7 (*)
1257:Drivers/STM32F4xx_HAL_Driver/Inc/stm32f4xx_ll_bus.h ****   *         @arg @ref LL_APB1_GRP1_PERIPH_UART8 (*)
ARM GAS  C:\Users\chris\AppData\Local\Temp\ccsULun0.s 			page 28


1258:Drivers/STM32F4xx_HAL_Driver/Inc/stm32f4xx_ll_bus.h ****   *         @arg @ref LL_APB1_GRP1_PERIPH_RTCAPB (*)
1259:Drivers/STM32F4xx_HAL_Driver/Inc/stm32f4xx_ll_bus.h ****   *
1260:Drivers/STM32F4xx_HAL_Driver/Inc/stm32f4xx_ll_bus.h ****   *         (*) value not defined in all devices.
1261:Drivers/STM32F4xx_HAL_Driver/Inc/stm32f4xx_ll_bus.h ****   * @retval State of Periphs (1 or 0).
1262:Drivers/STM32F4xx_HAL_Driver/Inc/stm32f4xx_ll_bus.h ****   */
1263:Drivers/STM32F4xx_HAL_Driver/Inc/stm32f4xx_ll_bus.h **** __STATIC_INLINE uint32_t LL_APB1_GRP1_IsEnabledClock(uint32_t Periphs)
1264:Drivers/STM32F4xx_HAL_Driver/Inc/stm32f4xx_ll_bus.h **** {
1265:Drivers/STM32F4xx_HAL_Driver/Inc/stm32f4xx_ll_bus.h ****   return (READ_BIT(RCC->APB1ENR, Periphs) == Periphs);
1266:Drivers/STM32F4xx_HAL_Driver/Inc/stm32f4xx_ll_bus.h **** }
1267:Drivers/STM32F4xx_HAL_Driver/Inc/stm32f4xx_ll_bus.h **** 
1268:Drivers/STM32F4xx_HAL_Driver/Inc/stm32f4xx_ll_bus.h **** /**
1269:Drivers/STM32F4xx_HAL_Driver/Inc/stm32f4xx_ll_bus.h ****   * @brief  Disable APB1 peripherals clock.
1270:Drivers/STM32F4xx_HAL_Driver/Inc/stm32f4xx_ll_bus.h ****   * @rmtoll APB1ENR     TIM2EN        LL_APB1_GRP1_DisableClock\n
1271:Drivers/STM32F4xx_HAL_Driver/Inc/stm32f4xx_ll_bus.h ****   *         APB1ENR     TIM3EN        LL_APB1_GRP1_DisableClock\n
1272:Drivers/STM32F4xx_HAL_Driver/Inc/stm32f4xx_ll_bus.h ****   *         APB1ENR     TIM4EN        LL_APB1_GRP1_DisableClock\n
1273:Drivers/STM32F4xx_HAL_Driver/Inc/stm32f4xx_ll_bus.h ****   *         APB1ENR     TIM5EN        LL_APB1_GRP1_DisableClock\n
1274:Drivers/STM32F4xx_HAL_Driver/Inc/stm32f4xx_ll_bus.h ****   *         APB1ENR     TIM6EN        LL_APB1_GRP1_DisableClock\n
1275:Drivers/STM32F4xx_HAL_Driver/Inc/stm32f4xx_ll_bus.h ****   *         APB1ENR     TIM7EN        LL_APB1_GRP1_DisableClock\n
1276:Drivers/STM32F4xx_HAL_Driver/Inc/stm32f4xx_ll_bus.h ****   *         APB1ENR     TIM12EN       LL_APB1_GRP1_DisableClock\n
1277:Drivers/STM32F4xx_HAL_Driver/Inc/stm32f4xx_ll_bus.h ****   *         APB1ENR     TIM13EN       LL_APB1_GRP1_DisableClock\n
1278:Drivers/STM32F4xx_HAL_Driver/Inc/stm32f4xx_ll_bus.h ****   *         APB1ENR     TIM14EN       LL_APB1_GRP1_DisableClock\n
1279:Drivers/STM32F4xx_HAL_Driver/Inc/stm32f4xx_ll_bus.h ****   *         APB1ENR     LPTIM1EN      LL_APB1_GRP1_DisableClock\n
1280:Drivers/STM32F4xx_HAL_Driver/Inc/stm32f4xx_ll_bus.h ****   *         APB1ENR     WWDGEN        LL_APB1_GRP1_DisableClock\n
1281:Drivers/STM32F4xx_HAL_Driver/Inc/stm32f4xx_ll_bus.h ****   *         APB1ENR     SPI2EN        LL_APB1_GRP1_DisableClock\n
1282:Drivers/STM32F4xx_HAL_Driver/Inc/stm32f4xx_ll_bus.h ****   *         APB1ENR     SPI3EN        LL_APB1_GRP1_DisableClock\n
1283:Drivers/STM32F4xx_HAL_Driver/Inc/stm32f4xx_ll_bus.h ****   *         APB1ENR     SPDIFRXEN     LL_APB1_GRP1_DisableClock\n
1284:Drivers/STM32F4xx_HAL_Driver/Inc/stm32f4xx_ll_bus.h ****   *         APB1ENR     USART2EN      LL_APB1_GRP1_DisableClock\n
1285:Drivers/STM32F4xx_HAL_Driver/Inc/stm32f4xx_ll_bus.h ****   *         APB1ENR     USART3EN      LL_APB1_GRP1_DisableClock\n
1286:Drivers/STM32F4xx_HAL_Driver/Inc/stm32f4xx_ll_bus.h ****   *         APB1ENR     UART4EN       LL_APB1_GRP1_DisableClock\n
1287:Drivers/STM32F4xx_HAL_Driver/Inc/stm32f4xx_ll_bus.h ****   *         APB1ENR     UART5EN       LL_APB1_GRP1_DisableClock\n
1288:Drivers/STM32F4xx_HAL_Driver/Inc/stm32f4xx_ll_bus.h ****   *         APB1ENR     I2C1EN        LL_APB1_GRP1_DisableClock\n
1289:Drivers/STM32F4xx_HAL_Driver/Inc/stm32f4xx_ll_bus.h ****   *         APB1ENR     I2C2EN        LL_APB1_GRP1_DisableClock\n
1290:Drivers/STM32F4xx_HAL_Driver/Inc/stm32f4xx_ll_bus.h ****   *         APB1ENR     I2C3EN        LL_APB1_GRP1_DisableClock\n
1291:Drivers/STM32F4xx_HAL_Driver/Inc/stm32f4xx_ll_bus.h ****   *         APB1ENR     FMPI2C1EN     LL_APB1_GRP1_DisableClock\n
1292:Drivers/STM32F4xx_HAL_Driver/Inc/stm32f4xx_ll_bus.h ****   *         APB1ENR     CAN1EN        LL_APB1_GRP1_DisableClock\n
1293:Drivers/STM32F4xx_HAL_Driver/Inc/stm32f4xx_ll_bus.h ****   *         APB1ENR     CAN2EN        LL_APB1_GRP1_DisableClock\n
1294:Drivers/STM32F4xx_HAL_Driver/Inc/stm32f4xx_ll_bus.h ****   *         APB1ENR     CAN3EN        LL_APB1_GRP1_DisableClock\n
1295:Drivers/STM32F4xx_HAL_Driver/Inc/stm32f4xx_ll_bus.h ****   *         APB1ENR     CECEN         LL_APB1_GRP1_DisableClock\n
1296:Drivers/STM32F4xx_HAL_Driver/Inc/stm32f4xx_ll_bus.h ****   *         APB1ENR     PWREN         LL_APB1_GRP1_DisableClock\n
1297:Drivers/STM32F4xx_HAL_Driver/Inc/stm32f4xx_ll_bus.h ****   *         APB1ENR     DACEN         LL_APB1_GRP1_DisableClock\n
1298:Drivers/STM32F4xx_HAL_Driver/Inc/stm32f4xx_ll_bus.h ****   *         APB1ENR     UART7EN       LL_APB1_GRP1_DisableClock\n
1299:Drivers/STM32F4xx_HAL_Driver/Inc/stm32f4xx_ll_bus.h ****   *         APB1ENR     UART8EN       LL_APB1_GRP1_DisableClock\n
1300:Drivers/STM32F4xx_HAL_Driver/Inc/stm32f4xx_ll_bus.h ****   *         APB1ENR     RTCAPBEN      LL_APB1_GRP1_DisableClock
1301:Drivers/STM32F4xx_HAL_Driver/Inc/stm32f4xx_ll_bus.h ****   * @param  Periphs This parameter can be a combination of the following values:
1302:Drivers/STM32F4xx_HAL_Driver/Inc/stm32f4xx_ll_bus.h ****   *         @arg @ref LL_APB1_GRP1_PERIPH_TIM2 (*)
1303:Drivers/STM32F4xx_HAL_Driver/Inc/stm32f4xx_ll_bus.h ****   *         @arg @ref LL_APB1_GRP1_PERIPH_TIM3 (*)
1304:Drivers/STM32F4xx_HAL_Driver/Inc/stm32f4xx_ll_bus.h ****   *         @arg @ref LL_APB1_GRP1_PERIPH_TIM4 (*)
1305:Drivers/STM32F4xx_HAL_Driver/Inc/stm32f4xx_ll_bus.h ****   *         @arg @ref LL_APB1_GRP1_PERIPH_TIM5
1306:Drivers/STM32F4xx_HAL_Driver/Inc/stm32f4xx_ll_bus.h ****   *         @arg @ref LL_APB1_GRP1_PERIPH_TIM6 (*)
1307:Drivers/STM32F4xx_HAL_Driver/Inc/stm32f4xx_ll_bus.h ****   *         @arg @ref LL_APB1_GRP1_PERIPH_TIM7 (*)
1308:Drivers/STM32F4xx_HAL_Driver/Inc/stm32f4xx_ll_bus.h ****   *         @arg @ref LL_APB1_GRP1_PERIPH_TIM12 (*)
1309:Drivers/STM32F4xx_HAL_Driver/Inc/stm32f4xx_ll_bus.h ****   *         @arg @ref LL_APB1_GRP1_PERIPH_TIM13 (*)
1310:Drivers/STM32F4xx_HAL_Driver/Inc/stm32f4xx_ll_bus.h ****   *         @arg @ref LL_APB1_GRP1_PERIPH_TIM14 (*)
1311:Drivers/STM32F4xx_HAL_Driver/Inc/stm32f4xx_ll_bus.h ****   *         @arg @ref LL_APB1_GRP1_PERIPH_LPTIM1 (*)
1312:Drivers/STM32F4xx_HAL_Driver/Inc/stm32f4xx_ll_bus.h ****   *         @arg @ref LL_APB1_GRP1_PERIPH_WWDG
1313:Drivers/STM32F4xx_HAL_Driver/Inc/stm32f4xx_ll_bus.h ****   *         @arg @ref LL_APB1_GRP1_PERIPH_SPI2 (*)
1314:Drivers/STM32F4xx_HAL_Driver/Inc/stm32f4xx_ll_bus.h ****   *         @arg @ref LL_APB1_GRP1_PERIPH_SPI3 (*)
ARM GAS  C:\Users\chris\AppData\Local\Temp\ccsULun0.s 			page 29


1315:Drivers/STM32F4xx_HAL_Driver/Inc/stm32f4xx_ll_bus.h ****   *         @arg @ref LL_APB1_GRP1_PERIPH_SPDIFRX (*)
1316:Drivers/STM32F4xx_HAL_Driver/Inc/stm32f4xx_ll_bus.h ****   *         @arg @ref LL_APB1_GRP1_PERIPH_USART2
1317:Drivers/STM32F4xx_HAL_Driver/Inc/stm32f4xx_ll_bus.h ****   *         @arg @ref LL_APB1_GRP1_PERIPH_USART3 (*)
1318:Drivers/STM32F4xx_HAL_Driver/Inc/stm32f4xx_ll_bus.h ****   *         @arg @ref LL_APB1_GRP1_PERIPH_UART4 (*)
1319:Drivers/STM32F4xx_HAL_Driver/Inc/stm32f4xx_ll_bus.h ****   *         @arg @ref LL_APB1_GRP1_PERIPH_UART5 (*)
1320:Drivers/STM32F4xx_HAL_Driver/Inc/stm32f4xx_ll_bus.h ****   *         @arg @ref LL_APB1_GRP1_PERIPH_I2C1
1321:Drivers/STM32F4xx_HAL_Driver/Inc/stm32f4xx_ll_bus.h ****   *         @arg @ref LL_APB1_GRP1_PERIPH_I2C2
1322:Drivers/STM32F4xx_HAL_Driver/Inc/stm32f4xx_ll_bus.h ****   *         @arg @ref LL_APB1_GRP1_PERIPH_I2C3 (*)
1323:Drivers/STM32F4xx_HAL_Driver/Inc/stm32f4xx_ll_bus.h ****   *         @arg @ref LL_APB1_GRP1_PERIPH_FMPI2C1 (*)
1324:Drivers/STM32F4xx_HAL_Driver/Inc/stm32f4xx_ll_bus.h ****   *         @arg @ref LL_APB1_GRP1_PERIPH_CAN1 (*)
1325:Drivers/STM32F4xx_HAL_Driver/Inc/stm32f4xx_ll_bus.h ****   *         @arg @ref LL_APB1_GRP1_PERIPH_CAN2 (*)
1326:Drivers/STM32F4xx_HAL_Driver/Inc/stm32f4xx_ll_bus.h ****   *         @arg @ref LL_APB1_GRP1_PERIPH_CAN3 (*)
1327:Drivers/STM32F4xx_HAL_Driver/Inc/stm32f4xx_ll_bus.h ****   *         @arg @ref LL_APB1_GRP1_PERIPH_CEC (*)
1328:Drivers/STM32F4xx_HAL_Driver/Inc/stm32f4xx_ll_bus.h ****   *         @arg @ref LL_APB1_GRP1_PERIPH_PWR
1329:Drivers/STM32F4xx_HAL_Driver/Inc/stm32f4xx_ll_bus.h ****   *         @arg @ref LL_APB1_GRP1_PERIPH_DAC1 (*)
1330:Drivers/STM32F4xx_HAL_Driver/Inc/stm32f4xx_ll_bus.h ****   *         @arg @ref LL_APB1_GRP1_PERIPH_UART7 (*)
1331:Drivers/STM32F4xx_HAL_Driver/Inc/stm32f4xx_ll_bus.h ****   *         @arg @ref LL_APB1_GRP1_PERIPH_UART8 (*)
1332:Drivers/STM32F4xx_HAL_Driver/Inc/stm32f4xx_ll_bus.h ****   *         @arg @ref LL_APB1_GRP1_PERIPH_RTCAPB (*)
1333:Drivers/STM32F4xx_HAL_Driver/Inc/stm32f4xx_ll_bus.h ****   *
1334:Drivers/STM32F4xx_HAL_Driver/Inc/stm32f4xx_ll_bus.h ****   *         (*) value not defined in all devices.
1335:Drivers/STM32F4xx_HAL_Driver/Inc/stm32f4xx_ll_bus.h ****   * @retval None
1336:Drivers/STM32F4xx_HAL_Driver/Inc/stm32f4xx_ll_bus.h ****   */
1337:Drivers/STM32F4xx_HAL_Driver/Inc/stm32f4xx_ll_bus.h **** __STATIC_INLINE void LL_APB1_GRP1_DisableClock(uint32_t Periphs)
1338:Drivers/STM32F4xx_HAL_Driver/Inc/stm32f4xx_ll_bus.h **** {
1339:Drivers/STM32F4xx_HAL_Driver/Inc/stm32f4xx_ll_bus.h ****   CLEAR_BIT(RCC->APB1ENR, Periphs);
1340:Drivers/STM32F4xx_HAL_Driver/Inc/stm32f4xx_ll_bus.h **** }
1341:Drivers/STM32F4xx_HAL_Driver/Inc/stm32f4xx_ll_bus.h **** 
1342:Drivers/STM32F4xx_HAL_Driver/Inc/stm32f4xx_ll_bus.h **** /**
1343:Drivers/STM32F4xx_HAL_Driver/Inc/stm32f4xx_ll_bus.h ****   * @brief  Force APB1 peripherals reset.
1344:Drivers/STM32F4xx_HAL_Driver/Inc/stm32f4xx_ll_bus.h ****   * @rmtoll APB1RSTR     TIM2RST        LL_APB1_GRP1_ForceReset\n
1345:Drivers/STM32F4xx_HAL_Driver/Inc/stm32f4xx_ll_bus.h ****   *         APB1RSTR     TIM3RST        LL_APB1_GRP1_ForceReset\n
1346:Drivers/STM32F4xx_HAL_Driver/Inc/stm32f4xx_ll_bus.h ****   *         APB1RSTR     TIM4RST        LL_APB1_GRP1_ForceReset\n
1347:Drivers/STM32F4xx_HAL_Driver/Inc/stm32f4xx_ll_bus.h ****   *         APB1RSTR     TIM5RST        LL_APB1_GRP1_ForceReset\n
1348:Drivers/STM32F4xx_HAL_Driver/Inc/stm32f4xx_ll_bus.h ****   *         APB1RSTR     TIM6RST        LL_APB1_GRP1_ForceReset\n
1349:Drivers/STM32F4xx_HAL_Driver/Inc/stm32f4xx_ll_bus.h ****   *         APB1RSTR     TIM7RST        LL_APB1_GRP1_ForceReset\n
1350:Drivers/STM32F4xx_HAL_Driver/Inc/stm32f4xx_ll_bus.h ****   *         APB1RSTR     TIM12RST       LL_APB1_GRP1_ForceReset\n
1351:Drivers/STM32F4xx_HAL_Driver/Inc/stm32f4xx_ll_bus.h ****   *         APB1RSTR     TIM13RST       LL_APB1_GRP1_ForceReset\n
1352:Drivers/STM32F4xx_HAL_Driver/Inc/stm32f4xx_ll_bus.h ****   *         APB1RSTR     TIM14RST       LL_APB1_GRP1_ForceReset\n
1353:Drivers/STM32F4xx_HAL_Driver/Inc/stm32f4xx_ll_bus.h ****   *         APB1RSTR     LPTIM1RST      LL_APB1_GRP1_ForceReset\n
1354:Drivers/STM32F4xx_HAL_Driver/Inc/stm32f4xx_ll_bus.h ****   *         APB1RSTR     WWDGRST        LL_APB1_GRP1_ForceReset\n
1355:Drivers/STM32F4xx_HAL_Driver/Inc/stm32f4xx_ll_bus.h ****   *         APB1RSTR     SPI2RST        LL_APB1_GRP1_ForceReset\n
1356:Drivers/STM32F4xx_HAL_Driver/Inc/stm32f4xx_ll_bus.h ****   *         APB1RSTR     SPI3RST        LL_APB1_GRP1_ForceReset\n
1357:Drivers/STM32F4xx_HAL_Driver/Inc/stm32f4xx_ll_bus.h ****   *         APB1RSTR     SPDIFRXRST     LL_APB1_GRP1_ForceReset\n
1358:Drivers/STM32F4xx_HAL_Driver/Inc/stm32f4xx_ll_bus.h ****   *         APB1RSTR     USART2RST      LL_APB1_GRP1_ForceReset\n
1359:Drivers/STM32F4xx_HAL_Driver/Inc/stm32f4xx_ll_bus.h ****   *         APB1RSTR     USART3RST      LL_APB1_GRP1_ForceReset\n
1360:Drivers/STM32F4xx_HAL_Driver/Inc/stm32f4xx_ll_bus.h ****   *         APB1RSTR     UART4RST       LL_APB1_GRP1_ForceReset\n
1361:Drivers/STM32F4xx_HAL_Driver/Inc/stm32f4xx_ll_bus.h ****   *         APB1RSTR     UART5RST       LL_APB1_GRP1_ForceReset\n
1362:Drivers/STM32F4xx_HAL_Driver/Inc/stm32f4xx_ll_bus.h ****   *         APB1RSTR     I2C1RST        LL_APB1_GRP1_ForceReset\n
1363:Drivers/STM32F4xx_HAL_Driver/Inc/stm32f4xx_ll_bus.h ****   *         APB1RSTR     I2C2RST        LL_APB1_GRP1_ForceReset\n
1364:Drivers/STM32F4xx_HAL_Driver/Inc/stm32f4xx_ll_bus.h ****   *         APB1RSTR     I2C3RST        LL_APB1_GRP1_ForceReset\n
1365:Drivers/STM32F4xx_HAL_Driver/Inc/stm32f4xx_ll_bus.h ****   *         APB1RSTR     FMPI2C1RST     LL_APB1_GRP1_ForceReset\n
1366:Drivers/STM32F4xx_HAL_Driver/Inc/stm32f4xx_ll_bus.h ****   *         APB1RSTR     CAN1RST        LL_APB1_GRP1_ForceReset\n
1367:Drivers/STM32F4xx_HAL_Driver/Inc/stm32f4xx_ll_bus.h ****   *         APB1RSTR     CAN2RST        LL_APB1_GRP1_ForceReset\n
1368:Drivers/STM32F4xx_HAL_Driver/Inc/stm32f4xx_ll_bus.h ****   *         APB1RSTR     CAN3RST        LL_APB1_GRP1_ForceReset\n
1369:Drivers/STM32F4xx_HAL_Driver/Inc/stm32f4xx_ll_bus.h ****   *         APB1RSTR     CECRST         LL_APB1_GRP1_ForceReset\n
1370:Drivers/STM32F4xx_HAL_Driver/Inc/stm32f4xx_ll_bus.h ****   *         APB1RSTR     PWRRST         LL_APB1_GRP1_ForceReset\n
1371:Drivers/STM32F4xx_HAL_Driver/Inc/stm32f4xx_ll_bus.h ****   *         APB1RSTR     DACRST         LL_APB1_GRP1_ForceReset\n
ARM GAS  C:\Users\chris\AppData\Local\Temp\ccsULun0.s 			page 30


1372:Drivers/STM32F4xx_HAL_Driver/Inc/stm32f4xx_ll_bus.h ****   *         APB1RSTR     UART7RST       LL_APB1_GRP1_ForceReset\n
1373:Drivers/STM32F4xx_HAL_Driver/Inc/stm32f4xx_ll_bus.h ****   *         APB1RSTR     UART8RST       LL_APB1_GRP1_ForceReset
1374:Drivers/STM32F4xx_HAL_Driver/Inc/stm32f4xx_ll_bus.h ****   * @param  Periphs This parameter can be a combination of the following values:
1375:Drivers/STM32F4xx_HAL_Driver/Inc/stm32f4xx_ll_bus.h ****   *         @arg @ref LL_APB1_GRP1_PERIPH_TIM2 (*)
1376:Drivers/STM32F4xx_HAL_Driver/Inc/stm32f4xx_ll_bus.h ****   *         @arg @ref LL_APB1_GRP1_PERIPH_TIM3 (*)
1377:Drivers/STM32F4xx_HAL_Driver/Inc/stm32f4xx_ll_bus.h ****   *         @arg @ref LL_APB1_GRP1_PERIPH_TIM4 (*)
1378:Drivers/STM32F4xx_HAL_Driver/Inc/stm32f4xx_ll_bus.h ****   *         @arg @ref LL_APB1_GRP1_PERIPH_TIM5
1379:Drivers/STM32F4xx_HAL_Driver/Inc/stm32f4xx_ll_bus.h ****   *         @arg @ref LL_APB1_GRP1_PERIPH_TIM6 (*)
1380:Drivers/STM32F4xx_HAL_Driver/Inc/stm32f4xx_ll_bus.h ****   *         @arg @ref LL_APB1_GRP1_PERIPH_TIM7 (*)
1381:Drivers/STM32F4xx_HAL_Driver/Inc/stm32f4xx_ll_bus.h ****   *         @arg @ref LL_APB1_GRP1_PERIPH_TIM12 (*)
1382:Drivers/STM32F4xx_HAL_Driver/Inc/stm32f4xx_ll_bus.h ****   *         @arg @ref LL_APB1_GRP1_PERIPH_TIM13 (*)
1383:Drivers/STM32F4xx_HAL_Driver/Inc/stm32f4xx_ll_bus.h ****   *         @arg @ref LL_APB1_GRP1_PERIPH_TIM14 (*)
1384:Drivers/STM32F4xx_HAL_Driver/Inc/stm32f4xx_ll_bus.h ****   *         @arg @ref LL_APB1_GRP1_PERIPH_LPTIM1 (*)
1385:Drivers/STM32F4xx_HAL_Driver/Inc/stm32f4xx_ll_bus.h ****   *         @arg @ref LL_APB1_GRP1_PERIPH_WWDG
1386:Drivers/STM32F4xx_HAL_Driver/Inc/stm32f4xx_ll_bus.h ****   *         @arg @ref LL_APB1_GRP1_PERIPH_SPI2 (*)
1387:Drivers/STM32F4xx_HAL_Driver/Inc/stm32f4xx_ll_bus.h ****   *         @arg @ref LL_APB1_GRP1_PERIPH_SPI3 (*)
1388:Drivers/STM32F4xx_HAL_Driver/Inc/stm32f4xx_ll_bus.h ****   *         @arg @ref LL_APB1_GRP1_PERIPH_SPDIFRX (*)
1389:Drivers/STM32F4xx_HAL_Driver/Inc/stm32f4xx_ll_bus.h ****   *         @arg @ref LL_APB1_GRP1_PERIPH_USART2
1390:Drivers/STM32F4xx_HAL_Driver/Inc/stm32f4xx_ll_bus.h ****   *         @arg @ref LL_APB1_GRP1_PERIPH_USART3 (*)
1391:Drivers/STM32F4xx_HAL_Driver/Inc/stm32f4xx_ll_bus.h ****   *         @arg @ref LL_APB1_GRP1_PERIPH_UART4 (*)
1392:Drivers/STM32F4xx_HAL_Driver/Inc/stm32f4xx_ll_bus.h ****   *         @arg @ref LL_APB1_GRP1_PERIPH_UART5 (*)
1393:Drivers/STM32F4xx_HAL_Driver/Inc/stm32f4xx_ll_bus.h ****   *         @arg @ref LL_APB1_GRP1_PERIPH_I2C1
1394:Drivers/STM32F4xx_HAL_Driver/Inc/stm32f4xx_ll_bus.h ****   *         @arg @ref LL_APB1_GRP1_PERIPH_I2C2
1395:Drivers/STM32F4xx_HAL_Driver/Inc/stm32f4xx_ll_bus.h ****   *         @arg @ref LL_APB1_GRP1_PERIPH_I2C3 (*)
1396:Drivers/STM32F4xx_HAL_Driver/Inc/stm32f4xx_ll_bus.h ****   *         @arg @ref LL_APB1_GRP1_PERIPH_FMPI2C1 (*)
1397:Drivers/STM32F4xx_HAL_Driver/Inc/stm32f4xx_ll_bus.h ****   *         @arg @ref LL_APB1_GRP1_PERIPH_CAN1 (*)
1398:Drivers/STM32F4xx_HAL_Driver/Inc/stm32f4xx_ll_bus.h ****   *         @arg @ref LL_APB1_GRP1_PERIPH_CAN2 (*)
1399:Drivers/STM32F4xx_HAL_Driver/Inc/stm32f4xx_ll_bus.h ****   *         @arg @ref LL_APB1_GRP1_PERIPH_CAN3 (*)
1400:Drivers/STM32F4xx_HAL_Driver/Inc/stm32f4xx_ll_bus.h ****   *         @arg @ref LL_APB1_GRP1_PERIPH_CEC (*)
1401:Drivers/STM32F4xx_HAL_Driver/Inc/stm32f4xx_ll_bus.h ****   *         @arg @ref LL_APB1_GRP1_PERIPH_PWR
1402:Drivers/STM32F4xx_HAL_Driver/Inc/stm32f4xx_ll_bus.h ****   *         @arg @ref LL_APB1_GRP1_PERIPH_DAC1 (*)
1403:Drivers/STM32F4xx_HAL_Driver/Inc/stm32f4xx_ll_bus.h ****   *         @arg @ref LL_APB1_GRP1_PERIPH_UART7 (*)
1404:Drivers/STM32F4xx_HAL_Driver/Inc/stm32f4xx_ll_bus.h ****   *         @arg @ref LL_APB1_GRP1_PERIPH_UART8 (*)
1405:Drivers/STM32F4xx_HAL_Driver/Inc/stm32f4xx_ll_bus.h ****   *
1406:Drivers/STM32F4xx_HAL_Driver/Inc/stm32f4xx_ll_bus.h ****   *         (*) value not defined in all devices.
1407:Drivers/STM32F4xx_HAL_Driver/Inc/stm32f4xx_ll_bus.h ****   * @retval None
1408:Drivers/STM32F4xx_HAL_Driver/Inc/stm32f4xx_ll_bus.h ****   */
1409:Drivers/STM32F4xx_HAL_Driver/Inc/stm32f4xx_ll_bus.h **** __STATIC_INLINE void LL_APB1_GRP1_ForceReset(uint32_t Periphs)
1410:Drivers/STM32F4xx_HAL_Driver/Inc/stm32f4xx_ll_bus.h **** {
1411:Drivers/STM32F4xx_HAL_Driver/Inc/stm32f4xx_ll_bus.h ****   SET_BIT(RCC->APB1RSTR, Periphs);
1412:Drivers/STM32F4xx_HAL_Driver/Inc/stm32f4xx_ll_bus.h **** }
1413:Drivers/STM32F4xx_HAL_Driver/Inc/stm32f4xx_ll_bus.h **** 
1414:Drivers/STM32F4xx_HAL_Driver/Inc/stm32f4xx_ll_bus.h **** /**
1415:Drivers/STM32F4xx_HAL_Driver/Inc/stm32f4xx_ll_bus.h ****   * @brief  Release APB1 peripherals reset.
1416:Drivers/STM32F4xx_HAL_Driver/Inc/stm32f4xx_ll_bus.h ****   * @rmtoll APB1RSTR     TIM2RST        LL_APB1_GRP1_ReleaseReset\n
1417:Drivers/STM32F4xx_HAL_Driver/Inc/stm32f4xx_ll_bus.h ****   *         APB1RSTR     TIM3RST        LL_APB1_GRP1_ReleaseReset\n
1418:Drivers/STM32F4xx_HAL_Driver/Inc/stm32f4xx_ll_bus.h ****   *         APB1RSTR     TIM4RST        LL_APB1_GRP1_ReleaseReset\n
1419:Drivers/STM32F4xx_HAL_Driver/Inc/stm32f4xx_ll_bus.h ****   *         APB1RSTR     TIM5RST        LL_APB1_GRP1_ReleaseReset\n
1420:Drivers/STM32F4xx_HAL_Driver/Inc/stm32f4xx_ll_bus.h ****   *         APB1RSTR     TIM6RST        LL_APB1_GRP1_ReleaseReset\n
1421:Drivers/STM32F4xx_HAL_Driver/Inc/stm32f4xx_ll_bus.h ****   *         APB1RSTR     TIM7RST        LL_APB1_GRP1_ReleaseReset\n
1422:Drivers/STM32F4xx_HAL_Driver/Inc/stm32f4xx_ll_bus.h ****   *         APB1RSTR     TIM12RST       LL_APB1_GRP1_ReleaseReset\n
1423:Drivers/STM32F4xx_HAL_Driver/Inc/stm32f4xx_ll_bus.h ****   *         APB1RSTR     TIM13RST       LL_APB1_GRP1_ReleaseReset\n
1424:Drivers/STM32F4xx_HAL_Driver/Inc/stm32f4xx_ll_bus.h ****   *         APB1RSTR     TIM14RST       LL_APB1_GRP1_ReleaseReset\n
1425:Drivers/STM32F4xx_HAL_Driver/Inc/stm32f4xx_ll_bus.h ****   *         APB1RSTR     LPTIM1RST      LL_APB1_GRP1_ReleaseReset\n
1426:Drivers/STM32F4xx_HAL_Driver/Inc/stm32f4xx_ll_bus.h ****   *         APB1RSTR     WWDGRST        LL_APB1_GRP1_ReleaseReset\n
1427:Drivers/STM32F4xx_HAL_Driver/Inc/stm32f4xx_ll_bus.h ****   *         APB1RSTR     SPI2RST        LL_APB1_GRP1_ReleaseReset\n
1428:Drivers/STM32F4xx_HAL_Driver/Inc/stm32f4xx_ll_bus.h ****   *         APB1RSTR     SPI3RST        LL_APB1_GRP1_ReleaseReset\n
ARM GAS  C:\Users\chris\AppData\Local\Temp\ccsULun0.s 			page 31


1429:Drivers/STM32F4xx_HAL_Driver/Inc/stm32f4xx_ll_bus.h ****   *         APB1RSTR     SPDIFRXRST     LL_APB1_GRP1_ReleaseReset\n
1430:Drivers/STM32F4xx_HAL_Driver/Inc/stm32f4xx_ll_bus.h ****   *         APB1RSTR     USART2RST      LL_APB1_GRP1_ReleaseReset\n
1431:Drivers/STM32F4xx_HAL_Driver/Inc/stm32f4xx_ll_bus.h ****   *         APB1RSTR     USART3RST      LL_APB1_GRP1_ReleaseReset\n
1432:Drivers/STM32F4xx_HAL_Driver/Inc/stm32f4xx_ll_bus.h ****   *         APB1RSTR     UART4RST       LL_APB1_GRP1_ReleaseReset\n
1433:Drivers/STM32F4xx_HAL_Driver/Inc/stm32f4xx_ll_bus.h ****   *         APB1RSTR     UART5RST       LL_APB1_GRP1_ReleaseReset\n
1434:Drivers/STM32F4xx_HAL_Driver/Inc/stm32f4xx_ll_bus.h ****   *         APB1RSTR     I2C1RST        LL_APB1_GRP1_ReleaseReset\n
1435:Drivers/STM32F4xx_HAL_Driver/Inc/stm32f4xx_ll_bus.h ****   *         APB1RSTR     I2C2RST        LL_APB1_GRP1_ReleaseReset\n
1436:Drivers/STM32F4xx_HAL_Driver/Inc/stm32f4xx_ll_bus.h ****   *         APB1RSTR     I2C3RST        LL_APB1_GRP1_ReleaseReset\n
1437:Drivers/STM32F4xx_HAL_Driver/Inc/stm32f4xx_ll_bus.h ****   *         APB1RSTR     FMPI2C1RST     LL_APB1_GRP1_ReleaseReset\n
1438:Drivers/STM32F4xx_HAL_Driver/Inc/stm32f4xx_ll_bus.h ****   *         APB1RSTR     CAN1RST        LL_APB1_GRP1_ReleaseReset\n
1439:Drivers/STM32F4xx_HAL_Driver/Inc/stm32f4xx_ll_bus.h ****   *         APB1RSTR     CAN2RST        LL_APB1_GRP1_ReleaseReset\n
1440:Drivers/STM32F4xx_HAL_Driver/Inc/stm32f4xx_ll_bus.h ****   *         APB1RSTR     CAN3RST        LL_APB1_GRP1_ReleaseReset\n
1441:Drivers/STM32F4xx_HAL_Driver/Inc/stm32f4xx_ll_bus.h ****   *         APB1RSTR     CECRST         LL_APB1_GRP1_ReleaseReset\n
1442:Drivers/STM32F4xx_HAL_Driver/Inc/stm32f4xx_ll_bus.h ****   *         APB1RSTR     PWRRST         LL_APB1_GRP1_ReleaseReset\n
1443:Drivers/STM32F4xx_HAL_Driver/Inc/stm32f4xx_ll_bus.h ****   *         APB1RSTR     DACRST         LL_APB1_GRP1_ReleaseReset\n
1444:Drivers/STM32F4xx_HAL_Driver/Inc/stm32f4xx_ll_bus.h ****   *         APB1RSTR     UART7RST       LL_APB1_GRP1_ReleaseReset\n
1445:Drivers/STM32F4xx_HAL_Driver/Inc/stm32f4xx_ll_bus.h ****   *         APB1RSTR     UART8RST       LL_APB1_GRP1_ReleaseReset
1446:Drivers/STM32F4xx_HAL_Driver/Inc/stm32f4xx_ll_bus.h ****   * @param  Periphs This parameter can be a combination of the following values:
1447:Drivers/STM32F4xx_HAL_Driver/Inc/stm32f4xx_ll_bus.h ****   *         @arg @ref LL_APB1_GRP1_PERIPH_TIM2 (*)
1448:Drivers/STM32F4xx_HAL_Driver/Inc/stm32f4xx_ll_bus.h ****   *         @arg @ref LL_APB1_GRP1_PERIPH_TIM3 (*)
1449:Drivers/STM32F4xx_HAL_Driver/Inc/stm32f4xx_ll_bus.h ****   *         @arg @ref LL_APB1_GRP1_PERIPH_TIM4 (*)
1450:Drivers/STM32F4xx_HAL_Driver/Inc/stm32f4xx_ll_bus.h ****   *         @arg @ref LL_APB1_GRP1_PERIPH_TIM5
1451:Drivers/STM32F4xx_HAL_Driver/Inc/stm32f4xx_ll_bus.h ****   *         @arg @ref LL_APB1_GRP1_PERIPH_TIM6 (*)
1452:Drivers/STM32F4xx_HAL_Driver/Inc/stm32f4xx_ll_bus.h ****   *         @arg @ref LL_APB1_GRP1_PERIPH_TIM7 (*)
1453:Drivers/STM32F4xx_HAL_Driver/Inc/stm32f4xx_ll_bus.h ****   *         @arg @ref LL_APB1_GRP1_PERIPH_TIM12 (*)
1454:Drivers/STM32F4xx_HAL_Driver/Inc/stm32f4xx_ll_bus.h ****   *         @arg @ref LL_APB1_GRP1_PERIPH_TIM13 (*)
1455:Drivers/STM32F4xx_HAL_Driver/Inc/stm32f4xx_ll_bus.h ****   *         @arg @ref LL_APB1_GRP1_PERIPH_TIM14 (*)
1456:Drivers/STM32F4xx_HAL_Driver/Inc/stm32f4xx_ll_bus.h ****   *         @arg @ref LL_APB1_GRP1_PERIPH_LPTIM1 (*)
1457:Drivers/STM32F4xx_HAL_Driver/Inc/stm32f4xx_ll_bus.h ****   *         @arg @ref LL_APB1_GRP1_PERIPH_WWDG
1458:Drivers/STM32F4xx_HAL_Driver/Inc/stm32f4xx_ll_bus.h ****   *         @arg @ref LL_APB1_GRP1_PERIPH_SPI2 (*)
1459:Drivers/STM32F4xx_HAL_Driver/Inc/stm32f4xx_ll_bus.h ****   *         @arg @ref LL_APB1_GRP1_PERIPH_SPI3 (*)
1460:Drivers/STM32F4xx_HAL_Driver/Inc/stm32f4xx_ll_bus.h ****   *         @arg @ref LL_APB1_GRP1_PERIPH_SPDIFRX (*)
1461:Drivers/STM32F4xx_HAL_Driver/Inc/stm32f4xx_ll_bus.h ****   *         @arg @ref LL_APB1_GRP1_PERIPH_USART2
1462:Drivers/STM32F4xx_HAL_Driver/Inc/stm32f4xx_ll_bus.h ****   *         @arg @ref LL_APB1_GRP1_PERIPH_USART3 (*)
1463:Drivers/STM32F4xx_HAL_Driver/Inc/stm32f4xx_ll_bus.h ****   *         @arg @ref LL_APB1_GRP1_PERIPH_UART4 (*)
1464:Drivers/STM32F4xx_HAL_Driver/Inc/stm32f4xx_ll_bus.h ****   *         @arg @ref LL_APB1_GRP1_PERIPH_UART5 (*)
1465:Drivers/STM32F4xx_HAL_Driver/Inc/stm32f4xx_ll_bus.h ****   *         @arg @ref LL_APB1_GRP1_PERIPH_I2C1
1466:Drivers/STM32F4xx_HAL_Driver/Inc/stm32f4xx_ll_bus.h ****   *         @arg @ref LL_APB1_GRP1_PERIPH_I2C2
1467:Drivers/STM32F4xx_HAL_Driver/Inc/stm32f4xx_ll_bus.h ****   *         @arg @ref LL_APB1_GRP1_PERIPH_I2C3 (*)
1468:Drivers/STM32F4xx_HAL_Driver/Inc/stm32f4xx_ll_bus.h ****   *         @arg @ref LL_APB1_GRP1_PERIPH_FMPI2C1 (*)
1469:Drivers/STM32F4xx_HAL_Driver/Inc/stm32f4xx_ll_bus.h ****   *         @arg @ref LL_APB1_GRP1_PERIPH_CAN1 (*)
1470:Drivers/STM32F4xx_HAL_Driver/Inc/stm32f4xx_ll_bus.h ****   *         @arg @ref LL_APB1_GRP1_PERIPH_CAN2 (*)
1471:Drivers/STM32F4xx_HAL_Driver/Inc/stm32f4xx_ll_bus.h ****   *         @arg @ref LL_APB1_GRP1_PERIPH_CAN3 (*)
1472:Drivers/STM32F4xx_HAL_Driver/Inc/stm32f4xx_ll_bus.h ****   *         @arg @ref LL_APB1_GRP1_PERIPH_CEC (*)
1473:Drivers/STM32F4xx_HAL_Driver/Inc/stm32f4xx_ll_bus.h ****   *         @arg @ref LL_APB1_GRP1_PERIPH_PWR
1474:Drivers/STM32F4xx_HAL_Driver/Inc/stm32f4xx_ll_bus.h ****   *         @arg @ref LL_APB1_GRP1_PERIPH_DAC1 (*)
1475:Drivers/STM32F4xx_HAL_Driver/Inc/stm32f4xx_ll_bus.h ****   *         @arg @ref LL_APB1_GRP1_PERIPH_UART7 (*)
1476:Drivers/STM32F4xx_HAL_Driver/Inc/stm32f4xx_ll_bus.h ****   *         @arg @ref LL_APB1_GRP1_PERIPH_UART8 (*)
1477:Drivers/STM32F4xx_HAL_Driver/Inc/stm32f4xx_ll_bus.h ****   *
1478:Drivers/STM32F4xx_HAL_Driver/Inc/stm32f4xx_ll_bus.h ****   *         (*) value not defined in all devices.
1479:Drivers/STM32F4xx_HAL_Driver/Inc/stm32f4xx_ll_bus.h ****   * @retval None
1480:Drivers/STM32F4xx_HAL_Driver/Inc/stm32f4xx_ll_bus.h ****   */
1481:Drivers/STM32F4xx_HAL_Driver/Inc/stm32f4xx_ll_bus.h **** __STATIC_INLINE void LL_APB1_GRP1_ReleaseReset(uint32_t Periphs)
1482:Drivers/STM32F4xx_HAL_Driver/Inc/stm32f4xx_ll_bus.h **** {
1483:Drivers/STM32F4xx_HAL_Driver/Inc/stm32f4xx_ll_bus.h ****   CLEAR_BIT(RCC->APB1RSTR, Periphs);
1484:Drivers/STM32F4xx_HAL_Driver/Inc/stm32f4xx_ll_bus.h **** }
1485:Drivers/STM32F4xx_HAL_Driver/Inc/stm32f4xx_ll_bus.h **** 
ARM GAS  C:\Users\chris\AppData\Local\Temp\ccsULun0.s 			page 32


1486:Drivers/STM32F4xx_HAL_Driver/Inc/stm32f4xx_ll_bus.h **** /**
1487:Drivers/STM32F4xx_HAL_Driver/Inc/stm32f4xx_ll_bus.h ****   * @brief  Enable APB1 peripheral clocks in low-power mode
1488:Drivers/STM32F4xx_HAL_Driver/Inc/stm32f4xx_ll_bus.h ****   * @rmtoll APB1LPENR     TIM2LPEN        LL_APB1_GRP1_EnableClockLowPower\n
1489:Drivers/STM32F4xx_HAL_Driver/Inc/stm32f4xx_ll_bus.h ****   *         APB1LPENR     TIM3LPEN        LL_APB1_GRP1_EnableClockLowPower\n
1490:Drivers/STM32F4xx_HAL_Driver/Inc/stm32f4xx_ll_bus.h ****   *         APB1LPENR     TIM4LPEN        LL_APB1_GRP1_EnableClockLowPower\n
1491:Drivers/STM32F4xx_HAL_Driver/Inc/stm32f4xx_ll_bus.h ****   *         APB1LPENR     TIM5LPEN        LL_APB1_GRP1_EnableClockLowPower\n
1492:Drivers/STM32F4xx_HAL_Driver/Inc/stm32f4xx_ll_bus.h ****   *         APB1LPENR     TIM6LPEN        LL_APB1_GRP1_EnableClockLowPower\n
1493:Drivers/STM32F4xx_HAL_Driver/Inc/stm32f4xx_ll_bus.h ****   *         APB1LPENR     TIM7LPEN        LL_APB1_GRP1_EnableClockLowPower\n
1494:Drivers/STM32F4xx_HAL_Driver/Inc/stm32f4xx_ll_bus.h ****   *         APB1LPENR     TIM12LPEN       LL_APB1_GRP1_EnableClockLowPower\n
1495:Drivers/STM32F4xx_HAL_Driver/Inc/stm32f4xx_ll_bus.h ****   *         APB1LPENR     TIM13LPEN       LL_APB1_GRP1_EnableClockLowPower\n
1496:Drivers/STM32F4xx_HAL_Driver/Inc/stm32f4xx_ll_bus.h ****   *         APB1LPENR     TIM14LPEN       LL_APB1_GRP1_EnableClockLowPower\n
1497:Drivers/STM32F4xx_HAL_Driver/Inc/stm32f4xx_ll_bus.h ****   *         APB1LPENR     LPTIM1LPEN      LL_APB1_GRP1_EnableClockLowPower\n
1498:Drivers/STM32F4xx_HAL_Driver/Inc/stm32f4xx_ll_bus.h ****   *         APB1LPENR     WWDGLPEN        LL_APB1_GRP1_EnableClockLowPower\n
1499:Drivers/STM32F4xx_HAL_Driver/Inc/stm32f4xx_ll_bus.h ****   *         APB1LPENR     SPI2LPEN        LL_APB1_GRP1_EnableClockLowPower\n
1500:Drivers/STM32F4xx_HAL_Driver/Inc/stm32f4xx_ll_bus.h ****   *         APB1LPENR     SPI3LPEN        LL_APB1_GRP1_EnableClockLowPower\n
1501:Drivers/STM32F4xx_HAL_Driver/Inc/stm32f4xx_ll_bus.h ****   *         APB1LPENR     SPDIFRXLPEN     LL_APB1_GRP1_EnableClockLowPower\n
1502:Drivers/STM32F4xx_HAL_Driver/Inc/stm32f4xx_ll_bus.h ****   *         APB1LPENR     USART2LPEN      LL_APB1_GRP1_EnableClockLowPower\n
1503:Drivers/STM32F4xx_HAL_Driver/Inc/stm32f4xx_ll_bus.h ****   *         APB1LPENR     USART3LPEN      LL_APB1_GRP1_EnableClockLowPower\n
1504:Drivers/STM32F4xx_HAL_Driver/Inc/stm32f4xx_ll_bus.h ****   *         APB1LPENR     UART4LPEN       LL_APB1_GRP1_EnableClockLowPower\n
1505:Drivers/STM32F4xx_HAL_Driver/Inc/stm32f4xx_ll_bus.h ****   *         APB1LPENR     UART5LPEN       LL_APB1_GRP1_EnableClockLowPower\n
1506:Drivers/STM32F4xx_HAL_Driver/Inc/stm32f4xx_ll_bus.h ****   *         APB1LPENR     I2C1LPEN        LL_APB1_GRP1_EnableClockLowPower\n
1507:Drivers/STM32F4xx_HAL_Driver/Inc/stm32f4xx_ll_bus.h ****   *         APB1LPENR     I2C2LPEN        LL_APB1_GRP1_EnableClockLowPower\n
1508:Drivers/STM32F4xx_HAL_Driver/Inc/stm32f4xx_ll_bus.h ****   *         APB1LPENR     I2C3LPEN        LL_APB1_GRP1_EnableClockLowPower\n
1509:Drivers/STM32F4xx_HAL_Driver/Inc/stm32f4xx_ll_bus.h ****   *         APB1LPENR     FMPI2C1LPEN     LL_APB1_GRP1_EnableClockLowPower\n
1510:Drivers/STM32F4xx_HAL_Driver/Inc/stm32f4xx_ll_bus.h ****   *         APB1LPENR     CAN1LPEN        LL_APB1_GRP1_EnableClockLowPower\n
1511:Drivers/STM32F4xx_HAL_Driver/Inc/stm32f4xx_ll_bus.h ****   *         APB1LPENR     CAN2LPEN        LL_APB1_GRP1_EnableClockLowPower\n
1512:Drivers/STM32F4xx_HAL_Driver/Inc/stm32f4xx_ll_bus.h ****   *         APB1LPENR     CAN3LPEN        LL_APB1_GRP1_EnableClockLowPower\n
1513:Drivers/STM32F4xx_HAL_Driver/Inc/stm32f4xx_ll_bus.h ****   *         APB1LPENR     CECLPEN         LL_APB1_GRP1_EnableClockLowPower\n
1514:Drivers/STM32F4xx_HAL_Driver/Inc/stm32f4xx_ll_bus.h ****   *         APB1LPENR     PWRLPEN         LL_APB1_GRP1_EnableClockLowPower\n
1515:Drivers/STM32F4xx_HAL_Driver/Inc/stm32f4xx_ll_bus.h ****   *         APB1LPENR     DACLPEN         LL_APB1_GRP1_EnableClockLowPower\n
1516:Drivers/STM32F4xx_HAL_Driver/Inc/stm32f4xx_ll_bus.h ****   *         APB1LPENR     UART7LPEN       LL_APB1_GRP1_EnableClockLowPower\n
1517:Drivers/STM32F4xx_HAL_Driver/Inc/stm32f4xx_ll_bus.h ****   *         APB1LPENR     UART8LPEN       LL_APB1_GRP1_EnableClockLowPower\n
1518:Drivers/STM32F4xx_HAL_Driver/Inc/stm32f4xx_ll_bus.h ****   *         APB1LPENR     RTCAPBLPEN      LL_APB1_GRP1_EnableClockLowPower
1519:Drivers/STM32F4xx_HAL_Driver/Inc/stm32f4xx_ll_bus.h ****   * @param  Periphs This parameter can be a combination of the following values:
1520:Drivers/STM32F4xx_HAL_Driver/Inc/stm32f4xx_ll_bus.h ****   *         @arg @ref LL_APB1_GRP1_PERIPH_TIM2 (*)
1521:Drivers/STM32F4xx_HAL_Driver/Inc/stm32f4xx_ll_bus.h ****   *         @arg @ref LL_APB1_GRP1_PERIPH_TIM3 (*)
1522:Drivers/STM32F4xx_HAL_Driver/Inc/stm32f4xx_ll_bus.h ****   *         @arg @ref LL_APB1_GRP1_PERIPH_TIM4 (*)
1523:Drivers/STM32F4xx_HAL_Driver/Inc/stm32f4xx_ll_bus.h ****   *         @arg @ref LL_APB1_GRP1_PERIPH_TIM5
1524:Drivers/STM32F4xx_HAL_Driver/Inc/stm32f4xx_ll_bus.h ****   *         @arg @ref LL_APB1_GRP1_PERIPH_TIM6 (*)
1525:Drivers/STM32F4xx_HAL_Driver/Inc/stm32f4xx_ll_bus.h ****   *         @arg @ref LL_APB1_GRP1_PERIPH_TIM7 (*)
1526:Drivers/STM32F4xx_HAL_Driver/Inc/stm32f4xx_ll_bus.h ****   *         @arg @ref LL_APB1_GRP1_PERIPH_TIM12 (*)
1527:Drivers/STM32F4xx_HAL_Driver/Inc/stm32f4xx_ll_bus.h ****   *         @arg @ref LL_APB1_GRP1_PERIPH_TIM13 (*)
1528:Drivers/STM32F4xx_HAL_Driver/Inc/stm32f4xx_ll_bus.h ****   *         @arg @ref LL_APB1_GRP1_PERIPH_TIM14 (*)
1529:Drivers/STM32F4xx_HAL_Driver/Inc/stm32f4xx_ll_bus.h ****   *         @arg @ref LL_APB1_GRP1_PERIPH_LPTIM1 (*)
1530:Drivers/STM32F4xx_HAL_Driver/Inc/stm32f4xx_ll_bus.h ****   *         @arg @ref LL_APB1_GRP1_PERIPH_WWDG
1531:Drivers/STM32F4xx_HAL_Driver/Inc/stm32f4xx_ll_bus.h ****   *         @arg @ref LL_APB1_GRP1_PERIPH_SPI2 (*)
1532:Drivers/STM32F4xx_HAL_Driver/Inc/stm32f4xx_ll_bus.h ****   *         @arg @ref LL_APB1_GRP1_PERIPH_SPI3 (*)
1533:Drivers/STM32F4xx_HAL_Driver/Inc/stm32f4xx_ll_bus.h ****   *         @arg @ref LL_APB1_GRP1_PERIPH_SPDIFRX (*)
1534:Drivers/STM32F4xx_HAL_Driver/Inc/stm32f4xx_ll_bus.h ****   *         @arg @ref LL_APB1_GRP1_PERIPH_USART2
1535:Drivers/STM32F4xx_HAL_Driver/Inc/stm32f4xx_ll_bus.h ****   *         @arg @ref LL_APB1_GRP1_PERIPH_USART3 (*)
1536:Drivers/STM32F4xx_HAL_Driver/Inc/stm32f4xx_ll_bus.h ****   *         @arg @ref LL_APB1_GRP1_PERIPH_UART4 (*)
1537:Drivers/STM32F4xx_HAL_Driver/Inc/stm32f4xx_ll_bus.h ****   *         @arg @ref LL_APB1_GRP1_PERIPH_UART5 (*)
1538:Drivers/STM32F4xx_HAL_Driver/Inc/stm32f4xx_ll_bus.h ****   *         @arg @ref LL_APB1_GRP1_PERIPH_I2C1
1539:Drivers/STM32F4xx_HAL_Driver/Inc/stm32f4xx_ll_bus.h ****   *         @arg @ref LL_APB1_GRP1_PERIPH_I2C2
1540:Drivers/STM32F4xx_HAL_Driver/Inc/stm32f4xx_ll_bus.h ****   *         @arg @ref LL_APB1_GRP1_PERIPH_I2C3 (*)
1541:Drivers/STM32F4xx_HAL_Driver/Inc/stm32f4xx_ll_bus.h ****   *         @arg @ref LL_APB1_GRP1_PERIPH_FMPI2C1 (*)
1542:Drivers/STM32F4xx_HAL_Driver/Inc/stm32f4xx_ll_bus.h ****   *         @arg @ref LL_APB1_GRP1_PERIPH_CAN1 (*)
ARM GAS  C:\Users\chris\AppData\Local\Temp\ccsULun0.s 			page 33


1543:Drivers/STM32F4xx_HAL_Driver/Inc/stm32f4xx_ll_bus.h ****   *         @arg @ref LL_APB1_GRP1_PERIPH_CAN2 (*)
1544:Drivers/STM32F4xx_HAL_Driver/Inc/stm32f4xx_ll_bus.h ****   *         @arg @ref LL_APB1_GRP1_PERIPH_CAN3 (*)
1545:Drivers/STM32F4xx_HAL_Driver/Inc/stm32f4xx_ll_bus.h ****   *         @arg @ref LL_APB1_GRP1_PERIPH_CEC (*)
1546:Drivers/STM32F4xx_HAL_Driver/Inc/stm32f4xx_ll_bus.h ****   *         @arg @ref LL_APB1_GRP1_PERIPH_PWR
1547:Drivers/STM32F4xx_HAL_Driver/Inc/stm32f4xx_ll_bus.h ****   *         @arg @ref LL_APB1_GRP1_PERIPH_DAC1 (*)
1548:Drivers/STM32F4xx_HAL_Driver/Inc/stm32f4xx_ll_bus.h ****   *         @arg @ref LL_APB1_GRP1_PERIPH_UART7 (*)
1549:Drivers/STM32F4xx_HAL_Driver/Inc/stm32f4xx_ll_bus.h ****   *         @arg @ref LL_APB1_GRP1_PERIPH_UART8 (*)
1550:Drivers/STM32F4xx_HAL_Driver/Inc/stm32f4xx_ll_bus.h ****   *         @arg @ref LL_APB1_GRP1_PERIPH_RTCAPB (*)
1551:Drivers/STM32F4xx_HAL_Driver/Inc/stm32f4xx_ll_bus.h ****   *
1552:Drivers/STM32F4xx_HAL_Driver/Inc/stm32f4xx_ll_bus.h ****   *         (*) value not defined in all devices.
1553:Drivers/STM32F4xx_HAL_Driver/Inc/stm32f4xx_ll_bus.h ****   * @retval None
1554:Drivers/STM32F4xx_HAL_Driver/Inc/stm32f4xx_ll_bus.h ****   */
1555:Drivers/STM32F4xx_HAL_Driver/Inc/stm32f4xx_ll_bus.h **** __STATIC_INLINE void LL_APB1_GRP1_EnableClockLowPower(uint32_t Periphs)
1556:Drivers/STM32F4xx_HAL_Driver/Inc/stm32f4xx_ll_bus.h **** {
1557:Drivers/STM32F4xx_HAL_Driver/Inc/stm32f4xx_ll_bus.h ****   __IO uint32_t tmpreg;
1558:Drivers/STM32F4xx_HAL_Driver/Inc/stm32f4xx_ll_bus.h ****   SET_BIT(RCC->APB1LPENR, Periphs);
1559:Drivers/STM32F4xx_HAL_Driver/Inc/stm32f4xx_ll_bus.h ****   /* Delay after an RCC peripheral clock enabling */
1560:Drivers/STM32F4xx_HAL_Driver/Inc/stm32f4xx_ll_bus.h ****   tmpreg = READ_BIT(RCC->APB1LPENR, Periphs);
1561:Drivers/STM32F4xx_HAL_Driver/Inc/stm32f4xx_ll_bus.h ****   (void)tmpreg;
1562:Drivers/STM32F4xx_HAL_Driver/Inc/stm32f4xx_ll_bus.h **** }
1563:Drivers/STM32F4xx_HAL_Driver/Inc/stm32f4xx_ll_bus.h **** 
1564:Drivers/STM32F4xx_HAL_Driver/Inc/stm32f4xx_ll_bus.h **** /**
1565:Drivers/STM32F4xx_HAL_Driver/Inc/stm32f4xx_ll_bus.h ****   * @brief  Disable APB1 peripheral clocks in low-power mode
1566:Drivers/STM32F4xx_HAL_Driver/Inc/stm32f4xx_ll_bus.h ****   * @rmtoll APB1LPENR     TIM2LPEN        LL_APB1_GRP1_DisableClockLowPower\n
1567:Drivers/STM32F4xx_HAL_Driver/Inc/stm32f4xx_ll_bus.h ****   *         APB1LPENR     TIM3LPEN        LL_APB1_GRP1_DisableClockLowPower\n
1568:Drivers/STM32F4xx_HAL_Driver/Inc/stm32f4xx_ll_bus.h ****   *         APB1LPENR     TIM4LPEN        LL_APB1_GRP1_DisableClockLowPower\n
1569:Drivers/STM32F4xx_HAL_Driver/Inc/stm32f4xx_ll_bus.h ****   *         APB1LPENR     TIM5LPEN        LL_APB1_GRP1_DisableClockLowPower\n
1570:Drivers/STM32F4xx_HAL_Driver/Inc/stm32f4xx_ll_bus.h ****   *         APB1LPENR     TIM6LPEN        LL_APB1_GRP1_DisableClockLowPower\n
1571:Drivers/STM32F4xx_HAL_Driver/Inc/stm32f4xx_ll_bus.h ****   *         APB1LPENR     TIM7LPEN        LL_APB1_GRP1_DisableClockLowPower\n
1572:Drivers/STM32F4xx_HAL_Driver/Inc/stm32f4xx_ll_bus.h ****   *         APB1LPENR     TIM12LPEN       LL_APB1_GRP1_DisableClockLowPower\n
1573:Drivers/STM32F4xx_HAL_Driver/Inc/stm32f4xx_ll_bus.h ****   *         APB1LPENR     TIM13LPEN       LL_APB1_GRP1_DisableClockLowPower\n
1574:Drivers/STM32F4xx_HAL_Driver/Inc/stm32f4xx_ll_bus.h ****   *         APB1LPENR     TIM14LPEN       LL_APB1_GRP1_DisableClockLowPower\n
1575:Drivers/STM32F4xx_HAL_Driver/Inc/stm32f4xx_ll_bus.h ****   *         APB1LPENR     LPTIM1LPEN      LL_APB1_GRP1_DisableClockLowPower\n
1576:Drivers/STM32F4xx_HAL_Driver/Inc/stm32f4xx_ll_bus.h ****   *         APB1LPENR     WWDGLPEN        LL_APB1_GRP1_DisableClockLowPower\n
1577:Drivers/STM32F4xx_HAL_Driver/Inc/stm32f4xx_ll_bus.h ****   *         APB1LPENR     SPI2LPEN        LL_APB1_GRP1_DisableClockLowPower\n
1578:Drivers/STM32F4xx_HAL_Driver/Inc/stm32f4xx_ll_bus.h ****   *         APB1LPENR     SPI3LPEN        LL_APB1_GRP1_DisableClockLowPower\n
1579:Drivers/STM32F4xx_HAL_Driver/Inc/stm32f4xx_ll_bus.h ****   *         APB1LPENR     SPDIFRXLPEN     LL_APB1_GRP1_DisableClockLowPower\n
1580:Drivers/STM32F4xx_HAL_Driver/Inc/stm32f4xx_ll_bus.h ****   *         APB1LPENR     USART2LPEN      LL_APB1_GRP1_DisableClockLowPower\n
1581:Drivers/STM32F4xx_HAL_Driver/Inc/stm32f4xx_ll_bus.h ****   *         APB1LPENR     USART3LPEN      LL_APB1_GRP1_DisableClockLowPower\n
1582:Drivers/STM32F4xx_HAL_Driver/Inc/stm32f4xx_ll_bus.h ****   *         APB1LPENR     UART4LPEN       LL_APB1_GRP1_DisableClockLowPower\n
1583:Drivers/STM32F4xx_HAL_Driver/Inc/stm32f4xx_ll_bus.h ****   *         APB1LPENR     UART5LPEN       LL_APB1_GRP1_DisableClockLowPower\n
1584:Drivers/STM32F4xx_HAL_Driver/Inc/stm32f4xx_ll_bus.h ****   *         APB1LPENR     I2C1LPEN        LL_APB1_GRP1_DisableClockLowPower\n
1585:Drivers/STM32F4xx_HAL_Driver/Inc/stm32f4xx_ll_bus.h ****   *         APB1LPENR     I2C2LPEN        LL_APB1_GRP1_DisableClockLowPower\n
1586:Drivers/STM32F4xx_HAL_Driver/Inc/stm32f4xx_ll_bus.h ****   *         APB1LPENR     I2C3LPEN        LL_APB1_GRP1_DisableClockLowPower\n
1587:Drivers/STM32F4xx_HAL_Driver/Inc/stm32f4xx_ll_bus.h ****   *         APB1LPENR     FMPI2C1LPEN     LL_APB1_GRP1_DisableClockLowPower\n
1588:Drivers/STM32F4xx_HAL_Driver/Inc/stm32f4xx_ll_bus.h ****   *         APB1LPENR     CAN1LPEN        LL_APB1_GRP1_DisableClockLowPower\n
1589:Drivers/STM32F4xx_HAL_Driver/Inc/stm32f4xx_ll_bus.h ****   *         APB1LPENR     CAN2LPEN        LL_APB1_GRP1_DisableClockLowPower\n
1590:Drivers/STM32F4xx_HAL_Driver/Inc/stm32f4xx_ll_bus.h ****   *         APB1LPENR     CAN3LPEN        LL_APB1_GRP1_DisableClockLowPower\n
1591:Drivers/STM32F4xx_HAL_Driver/Inc/stm32f4xx_ll_bus.h ****   *         APB1LPENR     CECLPEN         LL_APB1_GRP1_DisableClockLowPower\n
1592:Drivers/STM32F4xx_HAL_Driver/Inc/stm32f4xx_ll_bus.h ****   *         APB1LPENR     PWRLPEN         LL_APB1_GRP1_DisableClockLowPower\n
1593:Drivers/STM32F4xx_HAL_Driver/Inc/stm32f4xx_ll_bus.h ****   *         APB1LPENR     DACLPEN         LL_APB1_GRP1_DisableClockLowPower\n
1594:Drivers/STM32F4xx_HAL_Driver/Inc/stm32f4xx_ll_bus.h ****   *         APB1LPENR     UART7LPEN       LL_APB1_GRP1_DisableClockLowPower\n
1595:Drivers/STM32F4xx_HAL_Driver/Inc/stm32f4xx_ll_bus.h ****   *         APB1LPENR     UART8LPEN       LL_APB1_GRP1_DisableClockLowPower\n
1596:Drivers/STM32F4xx_HAL_Driver/Inc/stm32f4xx_ll_bus.h ****   *         APB1LPENR     RTCAPBLPEN      LL_APB1_GRP1_DisableClockLowPower
1597:Drivers/STM32F4xx_HAL_Driver/Inc/stm32f4xx_ll_bus.h ****   * @param  Periphs This parameter can be a combination of the following values:
1598:Drivers/STM32F4xx_HAL_Driver/Inc/stm32f4xx_ll_bus.h ****   *         @arg @ref LL_APB1_GRP1_PERIPH_TIM2 (*)
1599:Drivers/STM32F4xx_HAL_Driver/Inc/stm32f4xx_ll_bus.h ****   *         @arg @ref LL_APB1_GRP1_PERIPH_TIM3 (*)
ARM GAS  C:\Users\chris\AppData\Local\Temp\ccsULun0.s 			page 34


1600:Drivers/STM32F4xx_HAL_Driver/Inc/stm32f4xx_ll_bus.h ****   *         @arg @ref LL_APB1_GRP1_PERIPH_TIM4 (*)
1601:Drivers/STM32F4xx_HAL_Driver/Inc/stm32f4xx_ll_bus.h ****   *         @arg @ref LL_APB1_GRP1_PERIPH_TIM5
1602:Drivers/STM32F4xx_HAL_Driver/Inc/stm32f4xx_ll_bus.h ****   *         @arg @ref LL_APB1_GRP1_PERIPH_TIM6 (*)
1603:Drivers/STM32F4xx_HAL_Driver/Inc/stm32f4xx_ll_bus.h ****   *         @arg @ref LL_APB1_GRP1_PERIPH_TIM7 (*)
1604:Drivers/STM32F4xx_HAL_Driver/Inc/stm32f4xx_ll_bus.h ****   *         @arg @ref LL_APB1_GRP1_PERIPH_TIM12 (*)
1605:Drivers/STM32F4xx_HAL_Driver/Inc/stm32f4xx_ll_bus.h ****   *         @arg @ref LL_APB1_GRP1_PERIPH_TIM13 (*)
1606:Drivers/STM32F4xx_HAL_Driver/Inc/stm32f4xx_ll_bus.h ****   *         @arg @ref LL_APB1_GRP1_PERIPH_TIM14 (*)
1607:Drivers/STM32F4xx_HAL_Driver/Inc/stm32f4xx_ll_bus.h ****   *         @arg @ref LL_APB1_GRP1_PERIPH_LPTIM1 (*)
1608:Drivers/STM32F4xx_HAL_Driver/Inc/stm32f4xx_ll_bus.h ****   *         @arg @ref LL_APB1_GRP1_PERIPH_WWDG
1609:Drivers/STM32F4xx_HAL_Driver/Inc/stm32f4xx_ll_bus.h ****   *         @arg @ref LL_APB1_GRP1_PERIPH_SPI2 (*)
1610:Drivers/STM32F4xx_HAL_Driver/Inc/stm32f4xx_ll_bus.h ****   *         @arg @ref LL_APB1_GRP1_PERIPH_SPI3 (*)
1611:Drivers/STM32F4xx_HAL_Driver/Inc/stm32f4xx_ll_bus.h ****   *         @arg @ref LL_APB1_GRP1_PERIPH_SPDIFRX (*)
1612:Drivers/STM32F4xx_HAL_Driver/Inc/stm32f4xx_ll_bus.h ****   *         @arg @ref LL_APB1_GRP1_PERIPH_USART2
1613:Drivers/STM32F4xx_HAL_Driver/Inc/stm32f4xx_ll_bus.h ****   *         @arg @ref LL_APB1_GRP1_PERIPH_USART3 (*)
1614:Drivers/STM32F4xx_HAL_Driver/Inc/stm32f4xx_ll_bus.h ****   *         @arg @ref LL_APB1_GRP1_PERIPH_UART4 (*)
1615:Drivers/STM32F4xx_HAL_Driver/Inc/stm32f4xx_ll_bus.h ****   *         @arg @ref LL_APB1_GRP1_PERIPH_UART5 (*)
1616:Drivers/STM32F4xx_HAL_Driver/Inc/stm32f4xx_ll_bus.h ****   *         @arg @ref LL_APB1_GRP1_PERIPH_I2C1
1617:Drivers/STM32F4xx_HAL_Driver/Inc/stm32f4xx_ll_bus.h ****   *         @arg @ref LL_APB1_GRP1_PERIPH_I2C2
1618:Drivers/STM32F4xx_HAL_Driver/Inc/stm32f4xx_ll_bus.h ****   *         @arg @ref LL_APB1_GRP1_PERIPH_I2C3 (*)
1619:Drivers/STM32F4xx_HAL_Driver/Inc/stm32f4xx_ll_bus.h ****   *         @arg @ref LL_APB1_GRP1_PERIPH_FMPI2C1 (*)
1620:Drivers/STM32F4xx_HAL_Driver/Inc/stm32f4xx_ll_bus.h ****   *         @arg @ref LL_APB1_GRP1_PERIPH_CAN1 (*)
1621:Drivers/STM32F4xx_HAL_Driver/Inc/stm32f4xx_ll_bus.h ****   *         @arg @ref LL_APB1_GRP1_PERIPH_CAN2 (*)
1622:Drivers/STM32F4xx_HAL_Driver/Inc/stm32f4xx_ll_bus.h ****   *         @arg @ref LL_APB1_GRP1_PERIPH_CAN3 (*)
1623:Drivers/STM32F4xx_HAL_Driver/Inc/stm32f4xx_ll_bus.h ****   *         @arg @ref LL_APB1_GRP1_PERIPH_CEC (*)
1624:Drivers/STM32F4xx_HAL_Driver/Inc/stm32f4xx_ll_bus.h ****   *         @arg @ref LL_APB1_GRP1_PERIPH_PWR
1625:Drivers/STM32F4xx_HAL_Driver/Inc/stm32f4xx_ll_bus.h ****   *         @arg @ref LL_APB1_GRP1_PERIPH_DAC1 (*)
1626:Drivers/STM32F4xx_HAL_Driver/Inc/stm32f4xx_ll_bus.h ****   *         @arg @ref LL_APB1_GRP1_PERIPH_UART7 (*)
1627:Drivers/STM32F4xx_HAL_Driver/Inc/stm32f4xx_ll_bus.h ****   *         @arg @ref LL_APB1_GRP1_PERIPH_UART8 (*)
1628:Drivers/STM32F4xx_HAL_Driver/Inc/stm32f4xx_ll_bus.h ****   *         @arg @ref LL_APB1_GRP1_PERIPH_RTCAPB (*)
1629:Drivers/STM32F4xx_HAL_Driver/Inc/stm32f4xx_ll_bus.h ****   *
1630:Drivers/STM32F4xx_HAL_Driver/Inc/stm32f4xx_ll_bus.h ****   *         (*) value not defined in all devices.
1631:Drivers/STM32F4xx_HAL_Driver/Inc/stm32f4xx_ll_bus.h ****   * @retval None
1632:Drivers/STM32F4xx_HAL_Driver/Inc/stm32f4xx_ll_bus.h ****   */
1633:Drivers/STM32F4xx_HAL_Driver/Inc/stm32f4xx_ll_bus.h **** __STATIC_INLINE void LL_APB1_GRP1_DisableClockLowPower(uint32_t Periphs)
1634:Drivers/STM32F4xx_HAL_Driver/Inc/stm32f4xx_ll_bus.h **** {
1635:Drivers/STM32F4xx_HAL_Driver/Inc/stm32f4xx_ll_bus.h ****   CLEAR_BIT(RCC->APB1LPENR, Periphs);
1636:Drivers/STM32F4xx_HAL_Driver/Inc/stm32f4xx_ll_bus.h **** }
1637:Drivers/STM32F4xx_HAL_Driver/Inc/stm32f4xx_ll_bus.h **** 
1638:Drivers/STM32F4xx_HAL_Driver/Inc/stm32f4xx_ll_bus.h **** /**
1639:Drivers/STM32F4xx_HAL_Driver/Inc/stm32f4xx_ll_bus.h ****   * @}
1640:Drivers/STM32F4xx_HAL_Driver/Inc/stm32f4xx_ll_bus.h ****   */
1641:Drivers/STM32F4xx_HAL_Driver/Inc/stm32f4xx_ll_bus.h **** 
1642:Drivers/STM32F4xx_HAL_Driver/Inc/stm32f4xx_ll_bus.h **** /** @defgroup BUS_LL_EF_APB2 APB2
1643:Drivers/STM32F4xx_HAL_Driver/Inc/stm32f4xx_ll_bus.h ****   * @{
1644:Drivers/STM32F4xx_HAL_Driver/Inc/stm32f4xx_ll_bus.h ****   */
1645:Drivers/STM32F4xx_HAL_Driver/Inc/stm32f4xx_ll_bus.h **** 
1646:Drivers/STM32F4xx_HAL_Driver/Inc/stm32f4xx_ll_bus.h **** /**
1647:Drivers/STM32F4xx_HAL_Driver/Inc/stm32f4xx_ll_bus.h ****   * @brief  Enable APB2 peripherals clock.
1648:Drivers/STM32F4xx_HAL_Driver/Inc/stm32f4xx_ll_bus.h ****   * @rmtoll APB2ENR     TIM1EN        LL_APB2_GRP1_EnableClock\n
1649:Drivers/STM32F4xx_HAL_Driver/Inc/stm32f4xx_ll_bus.h ****   *         APB2ENR     TIM8EN        LL_APB2_GRP1_EnableClock\n
1650:Drivers/STM32F4xx_HAL_Driver/Inc/stm32f4xx_ll_bus.h ****   *         APB2ENR     USART1EN      LL_APB2_GRP1_EnableClock\n
1651:Drivers/STM32F4xx_HAL_Driver/Inc/stm32f4xx_ll_bus.h ****   *         APB2ENR     USART6EN      LL_APB2_GRP1_EnableClock\n
1652:Drivers/STM32F4xx_HAL_Driver/Inc/stm32f4xx_ll_bus.h ****   *         APB2ENR     UART9EN       LL_APB2_GRP1_EnableClock\n
1653:Drivers/STM32F4xx_HAL_Driver/Inc/stm32f4xx_ll_bus.h ****   *         APB2ENR     UART10EN      LL_APB2_GRP1_EnableClock\n
1654:Drivers/STM32F4xx_HAL_Driver/Inc/stm32f4xx_ll_bus.h ****   *         APB2ENR     ADC1EN        LL_APB2_GRP1_EnableClock\n
1655:Drivers/STM32F4xx_HAL_Driver/Inc/stm32f4xx_ll_bus.h ****   *         APB2ENR     ADC2EN        LL_APB2_GRP1_EnableClock\n
1656:Drivers/STM32F4xx_HAL_Driver/Inc/stm32f4xx_ll_bus.h ****   *         APB2ENR     ADC3EN        LL_APB2_GRP1_EnableClock\n
ARM GAS  C:\Users\chris\AppData\Local\Temp\ccsULun0.s 			page 35


1657:Drivers/STM32F4xx_HAL_Driver/Inc/stm32f4xx_ll_bus.h ****   *         APB2ENR     SDIOEN        LL_APB2_GRP1_EnableClock\n
1658:Drivers/STM32F4xx_HAL_Driver/Inc/stm32f4xx_ll_bus.h ****   *         APB2ENR     SPI1EN        LL_APB2_GRP1_EnableClock\n
1659:Drivers/STM32F4xx_HAL_Driver/Inc/stm32f4xx_ll_bus.h ****   *         APB2ENR     SPI4EN        LL_APB2_GRP1_EnableClock\n
1660:Drivers/STM32F4xx_HAL_Driver/Inc/stm32f4xx_ll_bus.h ****   *         APB2ENR     SYSCFGEN      LL_APB2_GRP1_EnableClock\n
1661:Drivers/STM32F4xx_HAL_Driver/Inc/stm32f4xx_ll_bus.h ****   *         APB2ENR     EXTITEN       LL_APB2_GRP1_EnableClock\n
1662:Drivers/STM32F4xx_HAL_Driver/Inc/stm32f4xx_ll_bus.h ****   *         APB2ENR     TIM9EN        LL_APB2_GRP1_EnableClock\n
1663:Drivers/STM32F4xx_HAL_Driver/Inc/stm32f4xx_ll_bus.h ****   *         APB2ENR     TIM10EN       LL_APB2_GRP1_EnableClock\n
1664:Drivers/STM32F4xx_HAL_Driver/Inc/stm32f4xx_ll_bus.h ****   *         APB2ENR     TIM11EN       LL_APB2_GRP1_EnableClock\n
1665:Drivers/STM32F4xx_HAL_Driver/Inc/stm32f4xx_ll_bus.h ****   *         APB2ENR     SPI5EN        LL_APB2_GRP1_EnableClock\n
1666:Drivers/STM32F4xx_HAL_Driver/Inc/stm32f4xx_ll_bus.h ****   *         APB2ENR     SPI6EN        LL_APB2_GRP1_EnableClock\n
1667:Drivers/STM32F4xx_HAL_Driver/Inc/stm32f4xx_ll_bus.h ****   *         APB2ENR     SAI1EN        LL_APB2_GRP1_EnableClock\n
1668:Drivers/STM32F4xx_HAL_Driver/Inc/stm32f4xx_ll_bus.h ****   *         APB2ENR     SAI2EN        LL_APB2_GRP1_EnableClock\n
1669:Drivers/STM32F4xx_HAL_Driver/Inc/stm32f4xx_ll_bus.h ****   *         APB2ENR     LTDCEN        LL_APB2_GRP1_EnableClock\n
1670:Drivers/STM32F4xx_HAL_Driver/Inc/stm32f4xx_ll_bus.h ****   *         APB2ENR     DSIEN         LL_APB2_GRP1_EnableClock\n
1671:Drivers/STM32F4xx_HAL_Driver/Inc/stm32f4xx_ll_bus.h ****   *         APB2ENR     DFSDM1EN      LL_APB2_GRP1_EnableClock\n
1672:Drivers/STM32F4xx_HAL_Driver/Inc/stm32f4xx_ll_bus.h ****   *         APB2ENR     DFSDM2EN      LL_APB2_GRP1_EnableClock
1673:Drivers/STM32F4xx_HAL_Driver/Inc/stm32f4xx_ll_bus.h ****   * @param  Periphs This parameter can be a combination of the following values:
1674:Drivers/STM32F4xx_HAL_Driver/Inc/stm32f4xx_ll_bus.h ****   *         @arg @ref LL_APB2_GRP1_PERIPH_TIM1
1675:Drivers/STM32F4xx_HAL_Driver/Inc/stm32f4xx_ll_bus.h ****   *         @arg @ref LL_APB2_GRP1_PERIPH_TIM8 (*)
1676:Drivers/STM32F4xx_HAL_Driver/Inc/stm32f4xx_ll_bus.h ****   *         @arg @ref LL_APB2_GRP1_PERIPH_USART1
1677:Drivers/STM32F4xx_HAL_Driver/Inc/stm32f4xx_ll_bus.h ****   *         @arg @ref LL_APB2_GRP1_PERIPH_USART6 (*)
1678:Drivers/STM32F4xx_HAL_Driver/Inc/stm32f4xx_ll_bus.h ****   *         @arg @ref LL_APB2_GRP1_PERIPH_UART9 (*)
1679:Drivers/STM32F4xx_HAL_Driver/Inc/stm32f4xx_ll_bus.h ****   *         @arg @ref LL_APB2_GRP1_PERIPH_UART10 (*)
1680:Drivers/STM32F4xx_HAL_Driver/Inc/stm32f4xx_ll_bus.h ****   *         @arg @ref LL_APB2_GRP1_PERIPH_ADC1
1681:Drivers/STM32F4xx_HAL_Driver/Inc/stm32f4xx_ll_bus.h ****   *         @arg @ref LL_APB2_GRP1_PERIPH_ADC2 (*)
1682:Drivers/STM32F4xx_HAL_Driver/Inc/stm32f4xx_ll_bus.h ****   *         @arg @ref LL_APB2_GRP1_PERIPH_ADC3 (*)
1683:Drivers/STM32F4xx_HAL_Driver/Inc/stm32f4xx_ll_bus.h ****   *         @arg @ref LL_APB2_GRP1_PERIPH_SDIO (*)
1684:Drivers/STM32F4xx_HAL_Driver/Inc/stm32f4xx_ll_bus.h ****   *         @arg @ref LL_APB2_GRP1_PERIPH_SPI1
1685:Drivers/STM32F4xx_HAL_Driver/Inc/stm32f4xx_ll_bus.h ****   *         @arg @ref LL_APB2_GRP1_PERIPH_SPI4 (*)
1686:Drivers/STM32F4xx_HAL_Driver/Inc/stm32f4xx_ll_bus.h ****   *         @arg @ref LL_APB2_GRP1_PERIPH_SYSCFG
1687:Drivers/STM32F4xx_HAL_Driver/Inc/stm32f4xx_ll_bus.h ****   *         @arg @ref LL_APB2_GRP1_PERIPH_EXTI (*)
1688:Drivers/STM32F4xx_HAL_Driver/Inc/stm32f4xx_ll_bus.h ****   *         @arg @ref LL_APB2_GRP1_PERIPH_TIM9
1689:Drivers/STM32F4xx_HAL_Driver/Inc/stm32f4xx_ll_bus.h ****   *         @arg @ref LL_APB2_GRP1_PERIPH_TIM10 (*)
1690:Drivers/STM32F4xx_HAL_Driver/Inc/stm32f4xx_ll_bus.h ****   *         @arg @ref LL_APB2_GRP1_PERIPH_TIM11
1691:Drivers/STM32F4xx_HAL_Driver/Inc/stm32f4xx_ll_bus.h ****   *         @arg @ref LL_APB2_GRP1_PERIPH_SPI5 (*)
1692:Drivers/STM32F4xx_HAL_Driver/Inc/stm32f4xx_ll_bus.h ****   *         @arg @ref LL_APB2_GRP1_PERIPH_SPI6 (*)
1693:Drivers/STM32F4xx_HAL_Driver/Inc/stm32f4xx_ll_bus.h ****   *         @arg @ref LL_APB2_GRP1_PERIPH_SAI1 (*)
1694:Drivers/STM32F4xx_HAL_Driver/Inc/stm32f4xx_ll_bus.h ****   *         @arg @ref LL_APB2_GRP1_PERIPH_SAI2 (*)
1695:Drivers/STM32F4xx_HAL_Driver/Inc/stm32f4xx_ll_bus.h ****   *         @arg @ref LL_APB2_GRP1_PERIPH_LTDC (*)
1696:Drivers/STM32F4xx_HAL_Driver/Inc/stm32f4xx_ll_bus.h ****   *         @arg @ref LL_APB2_GRP1_PERIPH_DSI  (*)
1697:Drivers/STM32F4xx_HAL_Driver/Inc/stm32f4xx_ll_bus.h ****   *         @arg @ref LL_APB2_GRP1_PERIPH_DFSDM1 (*)
1698:Drivers/STM32F4xx_HAL_Driver/Inc/stm32f4xx_ll_bus.h ****   *         @arg @ref LL_APB2_GRP1_PERIPH_DFSDM2 (*)
1699:Drivers/STM32F4xx_HAL_Driver/Inc/stm32f4xx_ll_bus.h **** 
1700:Drivers/STM32F4xx_HAL_Driver/Inc/stm32f4xx_ll_bus.h ****   *
1701:Drivers/STM32F4xx_HAL_Driver/Inc/stm32f4xx_ll_bus.h ****   *         (*) value not defined in all devices.
1702:Drivers/STM32F4xx_HAL_Driver/Inc/stm32f4xx_ll_bus.h ****   * @retval None
1703:Drivers/STM32F4xx_HAL_Driver/Inc/stm32f4xx_ll_bus.h ****   */
1704:Drivers/STM32F4xx_HAL_Driver/Inc/stm32f4xx_ll_bus.h **** __STATIC_INLINE void LL_APB2_GRP1_EnableClock(uint32_t Periphs)
1705:Drivers/STM32F4xx_HAL_Driver/Inc/stm32f4xx_ll_bus.h **** {
1706:Drivers/STM32F4xx_HAL_Driver/Inc/stm32f4xx_ll_bus.h ****   __IO uint32_t tmpreg;
1707:Drivers/STM32F4xx_HAL_Driver/Inc/stm32f4xx_ll_bus.h ****   SET_BIT(RCC->APB2ENR, Periphs);
1708:Drivers/STM32F4xx_HAL_Driver/Inc/stm32f4xx_ll_bus.h ****   /* Delay after an RCC peripheral clock enabling */
1709:Drivers/STM32F4xx_HAL_Driver/Inc/stm32f4xx_ll_bus.h ****   tmpreg = READ_BIT(RCC->APB2ENR, Periphs);
1710:Drivers/STM32F4xx_HAL_Driver/Inc/stm32f4xx_ll_bus.h ****   (void)tmpreg;
1711:Drivers/STM32F4xx_HAL_Driver/Inc/stm32f4xx_ll_bus.h **** }
1712:Drivers/STM32F4xx_HAL_Driver/Inc/stm32f4xx_ll_bus.h **** 
1713:Drivers/STM32F4xx_HAL_Driver/Inc/stm32f4xx_ll_bus.h **** /**
ARM GAS  C:\Users\chris\AppData\Local\Temp\ccsULun0.s 			page 36


1714:Drivers/STM32F4xx_HAL_Driver/Inc/stm32f4xx_ll_bus.h ****   * @brief  Check if APB2 peripheral clock is enabled or not
1715:Drivers/STM32F4xx_HAL_Driver/Inc/stm32f4xx_ll_bus.h ****   * @rmtoll APB2ENR     TIM1EN        LL_APB2_GRP1_IsEnabledClock\n
1716:Drivers/STM32F4xx_HAL_Driver/Inc/stm32f4xx_ll_bus.h ****   *         APB2ENR     TIM8EN        LL_APB2_GRP1_IsEnabledClock\n
1717:Drivers/STM32F4xx_HAL_Driver/Inc/stm32f4xx_ll_bus.h ****   *         APB2ENR     USART1EN      LL_APB2_GRP1_IsEnabledClock\n
1718:Drivers/STM32F4xx_HAL_Driver/Inc/stm32f4xx_ll_bus.h ****   *         APB2ENR     USART6EN      LL_APB2_GRP1_IsEnabledClock\n
1719:Drivers/STM32F4xx_HAL_Driver/Inc/stm32f4xx_ll_bus.h ****   *         APB2ENR     UART9EN       LL_APB2_GRP1_IsEnabledClock\n
1720:Drivers/STM32F4xx_HAL_Driver/Inc/stm32f4xx_ll_bus.h ****   *         APB2ENR     UART10EN      LL_APB2_GRP1_IsEnabledClock\n
1721:Drivers/STM32F4xx_HAL_Driver/Inc/stm32f4xx_ll_bus.h ****   *         APB2ENR     ADC1EN        LL_APB2_GRP1_IsEnabledClock\n
1722:Drivers/STM32F4xx_HAL_Driver/Inc/stm32f4xx_ll_bus.h ****   *         APB2ENR     ADC2EN        LL_APB2_GRP1_IsEnabledClock\n
1723:Drivers/STM32F4xx_HAL_Driver/Inc/stm32f4xx_ll_bus.h ****   *         APB2ENR     ADC3EN        LL_APB2_GRP1_IsEnabledClock\n
1724:Drivers/STM32F4xx_HAL_Driver/Inc/stm32f4xx_ll_bus.h ****   *         APB2ENR     SDIOEN        LL_APB2_GRP1_IsEnabledClock\n
1725:Drivers/STM32F4xx_HAL_Driver/Inc/stm32f4xx_ll_bus.h ****   *         APB2ENR     SPI1EN        LL_APB2_GRP1_IsEnabledClock\n
1726:Drivers/STM32F4xx_HAL_Driver/Inc/stm32f4xx_ll_bus.h ****   *         APB2ENR     SPI4EN        LL_APB2_GRP1_IsEnabledClock\n
1727:Drivers/STM32F4xx_HAL_Driver/Inc/stm32f4xx_ll_bus.h ****   *         APB2ENR     SYSCFGEN      LL_APB2_GRP1_IsEnabledClock\n
1728:Drivers/STM32F4xx_HAL_Driver/Inc/stm32f4xx_ll_bus.h ****   *         APB2ENR     EXTITEN       LL_APB2_GRP1_IsEnabledClock\n
1729:Drivers/STM32F4xx_HAL_Driver/Inc/stm32f4xx_ll_bus.h ****   *         APB2ENR     TIM9EN        LL_APB2_GRP1_IsEnabledClock\n
1730:Drivers/STM32F4xx_HAL_Driver/Inc/stm32f4xx_ll_bus.h ****   *         APB2ENR     TIM10EN       LL_APB2_GRP1_IsEnabledClock\n
1731:Drivers/STM32F4xx_HAL_Driver/Inc/stm32f4xx_ll_bus.h ****   *         APB2ENR     TIM11EN       LL_APB2_GRP1_IsEnabledClock\n
1732:Drivers/STM32F4xx_HAL_Driver/Inc/stm32f4xx_ll_bus.h ****   *         APB2ENR     SPI5EN        LL_APB2_GRP1_IsEnabledClock\n
1733:Drivers/STM32F4xx_HAL_Driver/Inc/stm32f4xx_ll_bus.h ****   *         APB2ENR     SPI6EN        LL_APB2_GRP1_IsEnabledClock\n
1734:Drivers/STM32F4xx_HAL_Driver/Inc/stm32f4xx_ll_bus.h ****   *         APB2ENR     SAI1EN        LL_APB2_GRP1_IsEnabledClock\n
1735:Drivers/STM32F4xx_HAL_Driver/Inc/stm32f4xx_ll_bus.h ****   *         APB2ENR     SAI2EN        LL_APB2_GRP1_IsEnabledClock\n
1736:Drivers/STM32F4xx_HAL_Driver/Inc/stm32f4xx_ll_bus.h ****   *         APB2ENR     LTDCEN        LL_APB2_GRP1_IsEnabledClock\n
1737:Drivers/STM32F4xx_HAL_Driver/Inc/stm32f4xx_ll_bus.h ****   *         APB2ENR     DSIEN         LL_APB2_GRP1_IsEnabledClock\n
1738:Drivers/STM32F4xx_HAL_Driver/Inc/stm32f4xx_ll_bus.h ****   *         APB2ENR     DFSDM1EN      LL_APB2_GRP1_IsEnabledClock\n
1739:Drivers/STM32F4xx_HAL_Driver/Inc/stm32f4xx_ll_bus.h ****   *         APB2ENR     DFSDM2EN      LL_APB2_GRP1_IsEnabledClock
1740:Drivers/STM32F4xx_HAL_Driver/Inc/stm32f4xx_ll_bus.h ****   * @param  Periphs This parameter can be a combination of the following values:
1741:Drivers/STM32F4xx_HAL_Driver/Inc/stm32f4xx_ll_bus.h ****   *         @arg @ref LL_APB2_GRP1_PERIPH_TIM1
1742:Drivers/STM32F4xx_HAL_Driver/Inc/stm32f4xx_ll_bus.h ****   *         @arg @ref LL_APB2_GRP1_PERIPH_TIM8 (*)
1743:Drivers/STM32F4xx_HAL_Driver/Inc/stm32f4xx_ll_bus.h ****   *         @arg @ref LL_APB2_GRP1_PERIPH_USART1
1744:Drivers/STM32F4xx_HAL_Driver/Inc/stm32f4xx_ll_bus.h ****   *         @arg @ref LL_APB2_GRP1_PERIPH_USART6 (*)
1745:Drivers/STM32F4xx_HAL_Driver/Inc/stm32f4xx_ll_bus.h ****   *         @arg @ref LL_APB2_GRP1_PERIPH_UART9 (*)
1746:Drivers/STM32F4xx_HAL_Driver/Inc/stm32f4xx_ll_bus.h ****   *         @arg @ref LL_APB2_GRP1_PERIPH_UART10 (*)
1747:Drivers/STM32F4xx_HAL_Driver/Inc/stm32f4xx_ll_bus.h ****   *         @arg @ref LL_APB2_GRP1_PERIPH_ADC1
1748:Drivers/STM32F4xx_HAL_Driver/Inc/stm32f4xx_ll_bus.h ****   *         @arg @ref LL_APB2_GRP1_PERIPH_ADC2 (*)
1749:Drivers/STM32F4xx_HAL_Driver/Inc/stm32f4xx_ll_bus.h ****   *         @arg @ref LL_APB2_GRP1_PERIPH_ADC3 (*)
1750:Drivers/STM32F4xx_HAL_Driver/Inc/stm32f4xx_ll_bus.h ****   *         @arg @ref LL_APB2_GRP1_PERIPH_SDIO (*)
1751:Drivers/STM32F4xx_HAL_Driver/Inc/stm32f4xx_ll_bus.h ****   *         @arg @ref LL_APB2_GRP1_PERIPH_SPI1
1752:Drivers/STM32F4xx_HAL_Driver/Inc/stm32f4xx_ll_bus.h ****   *         @arg @ref LL_APB2_GRP1_PERIPH_SPI4 (*)
1753:Drivers/STM32F4xx_HAL_Driver/Inc/stm32f4xx_ll_bus.h ****   *         @arg @ref LL_APB2_GRP1_PERIPH_SYSCFG
1754:Drivers/STM32F4xx_HAL_Driver/Inc/stm32f4xx_ll_bus.h ****   *         @arg @ref LL_APB2_GRP1_PERIPH_EXTI (*)
1755:Drivers/STM32F4xx_HAL_Driver/Inc/stm32f4xx_ll_bus.h ****   *         @arg @ref LL_APB2_GRP1_PERIPH_TIM9
1756:Drivers/STM32F4xx_HAL_Driver/Inc/stm32f4xx_ll_bus.h ****   *         @arg @ref LL_APB2_GRP1_PERIPH_TIM10 (*)
1757:Drivers/STM32F4xx_HAL_Driver/Inc/stm32f4xx_ll_bus.h ****   *         @arg @ref LL_APB2_GRP1_PERIPH_TIM11
1758:Drivers/STM32F4xx_HAL_Driver/Inc/stm32f4xx_ll_bus.h ****   *         @arg @ref LL_APB2_GRP1_PERIPH_SPI5 (*)
1759:Drivers/STM32F4xx_HAL_Driver/Inc/stm32f4xx_ll_bus.h ****   *         @arg @ref LL_APB2_GRP1_PERIPH_SPI6 (*)
1760:Drivers/STM32F4xx_HAL_Driver/Inc/stm32f4xx_ll_bus.h ****   *         @arg @ref LL_APB2_GRP1_PERIPH_SAI1 (*)
1761:Drivers/STM32F4xx_HAL_Driver/Inc/stm32f4xx_ll_bus.h ****   *         @arg @ref LL_APB2_GRP1_PERIPH_SAI2 (*)
1762:Drivers/STM32F4xx_HAL_Driver/Inc/stm32f4xx_ll_bus.h ****   *         @arg @ref LL_APB2_GRP1_PERIPH_LTDC (*)
1763:Drivers/STM32F4xx_HAL_Driver/Inc/stm32f4xx_ll_bus.h ****   *         @arg @ref LL_APB2_GRP1_PERIPH_DSI  (*)
1764:Drivers/STM32F4xx_HAL_Driver/Inc/stm32f4xx_ll_bus.h ****   *         @arg @ref LL_APB2_GRP1_PERIPH_DFSDM1 (*)
1765:Drivers/STM32F4xx_HAL_Driver/Inc/stm32f4xx_ll_bus.h ****   *         @arg @ref LL_APB2_GRP1_PERIPH_DFSDM2 (*)
1766:Drivers/STM32F4xx_HAL_Driver/Inc/stm32f4xx_ll_bus.h ****   *
1767:Drivers/STM32F4xx_HAL_Driver/Inc/stm32f4xx_ll_bus.h ****   *         (*) value not defined in all devices.
1768:Drivers/STM32F4xx_HAL_Driver/Inc/stm32f4xx_ll_bus.h ****   * @retval State of Periphs (1 or 0).
1769:Drivers/STM32F4xx_HAL_Driver/Inc/stm32f4xx_ll_bus.h ****   */
1770:Drivers/STM32F4xx_HAL_Driver/Inc/stm32f4xx_ll_bus.h **** __STATIC_INLINE uint32_t LL_APB2_GRP1_IsEnabledClock(uint32_t Periphs)
ARM GAS  C:\Users\chris\AppData\Local\Temp\ccsULun0.s 			page 37


1771:Drivers/STM32F4xx_HAL_Driver/Inc/stm32f4xx_ll_bus.h **** {
1772:Drivers/STM32F4xx_HAL_Driver/Inc/stm32f4xx_ll_bus.h ****   return (READ_BIT(RCC->APB2ENR, Periphs) == Periphs);
1773:Drivers/STM32F4xx_HAL_Driver/Inc/stm32f4xx_ll_bus.h **** }
1774:Drivers/STM32F4xx_HAL_Driver/Inc/stm32f4xx_ll_bus.h **** 
1775:Drivers/STM32F4xx_HAL_Driver/Inc/stm32f4xx_ll_bus.h **** /**
1776:Drivers/STM32F4xx_HAL_Driver/Inc/stm32f4xx_ll_bus.h ****   * @brief  Disable APB2 peripherals clock.
1777:Drivers/STM32F4xx_HAL_Driver/Inc/stm32f4xx_ll_bus.h ****   * @rmtoll APB2ENR     TIM1EN        LL_APB2_GRP1_DisableClock\n
1778:Drivers/STM32F4xx_HAL_Driver/Inc/stm32f4xx_ll_bus.h ****   *         APB2ENR     TIM8EN        LL_APB2_GRP1_DisableClock\n
1779:Drivers/STM32F4xx_HAL_Driver/Inc/stm32f4xx_ll_bus.h ****   *         APB2ENR     USART1EN      LL_APB2_GRP1_DisableClock\n
1780:Drivers/STM32F4xx_HAL_Driver/Inc/stm32f4xx_ll_bus.h ****   *         APB2ENR     USART6EN      LL_APB2_GRP1_DisableClock\n
1781:Drivers/STM32F4xx_HAL_Driver/Inc/stm32f4xx_ll_bus.h ****   *         APB2ENR     UART9EN       LL_APB2_GRP1_DisableClock\n
1782:Drivers/STM32F4xx_HAL_Driver/Inc/stm32f4xx_ll_bus.h ****   *         APB2ENR     UART10EN      LL_APB2_GRP1_DisableClock\n
1783:Drivers/STM32F4xx_HAL_Driver/Inc/stm32f4xx_ll_bus.h ****   *         APB2ENR     ADC1EN        LL_APB2_GRP1_DisableClock\n
1784:Drivers/STM32F4xx_HAL_Driver/Inc/stm32f4xx_ll_bus.h ****   *         APB2ENR     ADC2EN        LL_APB2_GRP1_DisableClock\n
1785:Drivers/STM32F4xx_HAL_Driver/Inc/stm32f4xx_ll_bus.h ****   *         APB2ENR     ADC3EN        LL_APB2_GRP1_DisableClock\n
1786:Drivers/STM32F4xx_HAL_Driver/Inc/stm32f4xx_ll_bus.h ****   *         APB2ENR     SDIOEN        LL_APB2_GRP1_DisableClock\n
1787:Drivers/STM32F4xx_HAL_Driver/Inc/stm32f4xx_ll_bus.h ****   *         APB2ENR     SPI1EN        LL_APB2_GRP1_DisableClock\n
1788:Drivers/STM32F4xx_HAL_Driver/Inc/stm32f4xx_ll_bus.h ****   *         APB2ENR     SPI4EN        LL_APB2_GRP1_DisableClock\n
1789:Drivers/STM32F4xx_HAL_Driver/Inc/stm32f4xx_ll_bus.h ****   *         APB2ENR     SYSCFGEN      LL_APB2_GRP1_DisableClock\n
1790:Drivers/STM32F4xx_HAL_Driver/Inc/stm32f4xx_ll_bus.h ****   *         APB2ENR     EXTITEN       LL_APB2_GRP1_DisableClock\n
1791:Drivers/STM32F4xx_HAL_Driver/Inc/stm32f4xx_ll_bus.h ****   *         APB2ENR     TIM9EN        LL_APB2_GRP1_DisableClock\n
1792:Drivers/STM32F4xx_HAL_Driver/Inc/stm32f4xx_ll_bus.h ****   *         APB2ENR     TIM10EN       LL_APB2_GRP1_DisableClock\n
1793:Drivers/STM32F4xx_HAL_Driver/Inc/stm32f4xx_ll_bus.h ****   *         APB2ENR     TIM11EN       LL_APB2_GRP1_DisableClock\n
1794:Drivers/STM32F4xx_HAL_Driver/Inc/stm32f4xx_ll_bus.h ****   *         APB2ENR     SPI5EN        LL_APB2_GRP1_DisableClock\n
1795:Drivers/STM32F4xx_HAL_Driver/Inc/stm32f4xx_ll_bus.h ****   *         APB2ENR     SPI6EN        LL_APB2_GRP1_DisableClock\n
1796:Drivers/STM32F4xx_HAL_Driver/Inc/stm32f4xx_ll_bus.h ****   *         APB2ENR     SAI1EN        LL_APB2_GRP1_DisableClock\n
1797:Drivers/STM32F4xx_HAL_Driver/Inc/stm32f4xx_ll_bus.h ****   *         APB2ENR     SAI2EN        LL_APB2_GRP1_DisableClock\n
1798:Drivers/STM32F4xx_HAL_Driver/Inc/stm32f4xx_ll_bus.h ****   *         APB2ENR     LTDCEN        LL_APB2_GRP1_DisableClock\n
1799:Drivers/STM32F4xx_HAL_Driver/Inc/stm32f4xx_ll_bus.h ****   *         APB2ENR     DSIEN         LL_APB2_GRP1_DisableClock\n
1800:Drivers/STM32F4xx_HAL_Driver/Inc/stm32f4xx_ll_bus.h ****   *         APB2ENR     DFSDM1EN      LL_APB2_GRP1_DisableClock\n
1801:Drivers/STM32F4xx_HAL_Driver/Inc/stm32f4xx_ll_bus.h ****   *         APB2ENR     DFSDM2EN      LL_APB2_GRP1_DisableClock
1802:Drivers/STM32F4xx_HAL_Driver/Inc/stm32f4xx_ll_bus.h ****   * @param  Periphs This parameter can be a combination of the following values:
1803:Drivers/STM32F4xx_HAL_Driver/Inc/stm32f4xx_ll_bus.h ****   *         @arg @ref LL_APB2_GRP1_PERIPH_TIM1
1804:Drivers/STM32F4xx_HAL_Driver/Inc/stm32f4xx_ll_bus.h ****   *         @arg @ref LL_APB2_GRP1_PERIPH_TIM8 (*)
1805:Drivers/STM32F4xx_HAL_Driver/Inc/stm32f4xx_ll_bus.h ****   *         @arg @ref LL_APB2_GRP1_PERIPH_USART1
1806:Drivers/STM32F4xx_HAL_Driver/Inc/stm32f4xx_ll_bus.h ****   *         @arg @ref LL_APB2_GRP1_PERIPH_USART6 (*)
1807:Drivers/STM32F4xx_HAL_Driver/Inc/stm32f4xx_ll_bus.h ****   *         @arg @ref LL_APB2_GRP1_PERIPH_UART9 (*)
1808:Drivers/STM32F4xx_HAL_Driver/Inc/stm32f4xx_ll_bus.h ****   *         @arg @ref LL_APB2_GRP1_PERIPH_UART10 (*)
1809:Drivers/STM32F4xx_HAL_Driver/Inc/stm32f4xx_ll_bus.h ****   *         @arg @ref LL_APB2_GRP1_PERIPH_ADC1
1810:Drivers/STM32F4xx_HAL_Driver/Inc/stm32f4xx_ll_bus.h ****   *         @arg @ref LL_APB2_GRP1_PERIPH_ADC2 (*)
1811:Drivers/STM32F4xx_HAL_Driver/Inc/stm32f4xx_ll_bus.h ****   *         @arg @ref LL_APB2_GRP1_PERIPH_ADC3 (*)
1812:Drivers/STM32F4xx_HAL_Driver/Inc/stm32f4xx_ll_bus.h ****   *         @arg @ref LL_APB2_GRP1_PERIPH_SDIO (*)
1813:Drivers/STM32F4xx_HAL_Driver/Inc/stm32f4xx_ll_bus.h ****   *         @arg @ref LL_APB2_GRP1_PERIPH_SPI1
1814:Drivers/STM32F4xx_HAL_Driver/Inc/stm32f4xx_ll_bus.h ****   *         @arg @ref LL_APB2_GRP1_PERIPH_SPI4 (*)
1815:Drivers/STM32F4xx_HAL_Driver/Inc/stm32f4xx_ll_bus.h ****   *         @arg @ref LL_APB2_GRP1_PERIPH_SYSCFG
1816:Drivers/STM32F4xx_HAL_Driver/Inc/stm32f4xx_ll_bus.h ****   *         @arg @ref LL_APB2_GRP1_PERIPH_EXTI (*)
1817:Drivers/STM32F4xx_HAL_Driver/Inc/stm32f4xx_ll_bus.h ****   *         @arg @ref LL_APB2_GRP1_PERIPH_TIM9
1818:Drivers/STM32F4xx_HAL_Driver/Inc/stm32f4xx_ll_bus.h ****   *         @arg @ref LL_APB2_GRP1_PERIPH_TIM10 (*)
1819:Drivers/STM32F4xx_HAL_Driver/Inc/stm32f4xx_ll_bus.h ****   *         @arg @ref LL_APB2_GRP1_PERIPH_TIM11
1820:Drivers/STM32F4xx_HAL_Driver/Inc/stm32f4xx_ll_bus.h ****   *         @arg @ref LL_APB2_GRP1_PERIPH_SPI5 (*)
1821:Drivers/STM32F4xx_HAL_Driver/Inc/stm32f4xx_ll_bus.h ****   *         @arg @ref LL_APB2_GRP1_PERIPH_SPI6 (*)
1822:Drivers/STM32F4xx_HAL_Driver/Inc/stm32f4xx_ll_bus.h ****   *         @arg @ref LL_APB2_GRP1_PERIPH_SAI1 (*)
1823:Drivers/STM32F4xx_HAL_Driver/Inc/stm32f4xx_ll_bus.h ****   *         @arg @ref LL_APB2_GRP1_PERIPH_SAI2 (*)
1824:Drivers/STM32F4xx_HAL_Driver/Inc/stm32f4xx_ll_bus.h ****   *         @arg @ref LL_APB2_GRP1_PERIPH_LTDC (*)
1825:Drivers/STM32F4xx_HAL_Driver/Inc/stm32f4xx_ll_bus.h ****   *         @arg @ref LL_APB2_GRP1_PERIPH_DSI  (*)
1826:Drivers/STM32F4xx_HAL_Driver/Inc/stm32f4xx_ll_bus.h ****   *         @arg @ref LL_APB2_GRP1_PERIPH_DFSDM1 (*)
1827:Drivers/STM32F4xx_HAL_Driver/Inc/stm32f4xx_ll_bus.h ****   *         @arg @ref LL_APB2_GRP1_PERIPH_DFSDM2 (*)
ARM GAS  C:\Users\chris\AppData\Local\Temp\ccsULun0.s 			page 38


1828:Drivers/STM32F4xx_HAL_Driver/Inc/stm32f4xx_ll_bus.h ****   *
1829:Drivers/STM32F4xx_HAL_Driver/Inc/stm32f4xx_ll_bus.h ****   *         (*) value not defined in all devices.
1830:Drivers/STM32F4xx_HAL_Driver/Inc/stm32f4xx_ll_bus.h ****   * @retval None
1831:Drivers/STM32F4xx_HAL_Driver/Inc/stm32f4xx_ll_bus.h ****   */
1832:Drivers/STM32F4xx_HAL_Driver/Inc/stm32f4xx_ll_bus.h **** __STATIC_INLINE void LL_APB2_GRP1_DisableClock(uint32_t Periphs)
1833:Drivers/STM32F4xx_HAL_Driver/Inc/stm32f4xx_ll_bus.h **** {
1834:Drivers/STM32F4xx_HAL_Driver/Inc/stm32f4xx_ll_bus.h ****   CLEAR_BIT(RCC->APB2ENR, Periphs);
1835:Drivers/STM32F4xx_HAL_Driver/Inc/stm32f4xx_ll_bus.h **** }
1836:Drivers/STM32F4xx_HAL_Driver/Inc/stm32f4xx_ll_bus.h **** 
1837:Drivers/STM32F4xx_HAL_Driver/Inc/stm32f4xx_ll_bus.h **** /**
1838:Drivers/STM32F4xx_HAL_Driver/Inc/stm32f4xx_ll_bus.h ****   * @brief  Force APB2 peripherals reset.
1839:Drivers/STM32F4xx_HAL_Driver/Inc/stm32f4xx_ll_bus.h ****   * @rmtoll APB2RSTR     TIM1RST        LL_APB2_GRP1_ForceReset\n
1840:Drivers/STM32F4xx_HAL_Driver/Inc/stm32f4xx_ll_bus.h ****   *         APB2RSTR     TIM8RST        LL_APB2_GRP1_ForceReset\n
1841:Drivers/STM32F4xx_HAL_Driver/Inc/stm32f4xx_ll_bus.h ****   *         APB2RSTR     USART1RST      LL_APB2_GRP1_ForceReset\n
1842:Drivers/STM32F4xx_HAL_Driver/Inc/stm32f4xx_ll_bus.h ****   *         APB2RSTR     USART6RST      LL_APB2_GRP1_ForceReset\n
1843:Drivers/STM32F4xx_HAL_Driver/Inc/stm32f4xx_ll_bus.h ****   *         APB2RSTR     UART9RST       LL_APB2_GRP1_ForceReset\n
1844:Drivers/STM32F4xx_HAL_Driver/Inc/stm32f4xx_ll_bus.h ****   *         APB2RSTR     UART10RST      LL_APB2_GRP1_ForceReset\n
1845:Drivers/STM32F4xx_HAL_Driver/Inc/stm32f4xx_ll_bus.h ****   *         APB2RSTR     ADCRST         LL_APB2_GRP1_ForceReset\n
1846:Drivers/STM32F4xx_HAL_Driver/Inc/stm32f4xx_ll_bus.h ****   *         APB2RSTR     SDIORST        LL_APB2_GRP1_ForceReset\n
1847:Drivers/STM32F4xx_HAL_Driver/Inc/stm32f4xx_ll_bus.h ****   *         APB2RSTR     SPI1RST        LL_APB2_GRP1_ForceReset\n
1848:Drivers/STM32F4xx_HAL_Driver/Inc/stm32f4xx_ll_bus.h ****   *         APB2RSTR     SPI4RST        LL_APB2_GRP1_ForceReset\n
1849:Drivers/STM32F4xx_HAL_Driver/Inc/stm32f4xx_ll_bus.h ****   *         APB2RSTR     SYSCFGRST      LL_APB2_GRP1_ForceReset\n
1850:Drivers/STM32F4xx_HAL_Driver/Inc/stm32f4xx_ll_bus.h ****   *         APB2RSTR     TIM9RST        LL_APB2_GRP1_ForceReset\n
1851:Drivers/STM32F4xx_HAL_Driver/Inc/stm32f4xx_ll_bus.h ****   *         APB2RSTR     TIM10RST       LL_APB2_GRP1_ForceReset\n
1852:Drivers/STM32F4xx_HAL_Driver/Inc/stm32f4xx_ll_bus.h ****   *         APB2RSTR     TIM11RST       LL_APB2_GRP1_ForceReset\n
1853:Drivers/STM32F4xx_HAL_Driver/Inc/stm32f4xx_ll_bus.h ****   *         APB2RSTR     SPI5RST        LL_APB2_GRP1_ForceReset\n
1854:Drivers/STM32F4xx_HAL_Driver/Inc/stm32f4xx_ll_bus.h ****   *         APB2RSTR     SPI6RST        LL_APB2_GRP1_ForceReset\n
1855:Drivers/STM32F4xx_HAL_Driver/Inc/stm32f4xx_ll_bus.h ****   *         APB2RSTR     SAI1RST        LL_APB2_GRP1_ForceReset\n
1856:Drivers/STM32F4xx_HAL_Driver/Inc/stm32f4xx_ll_bus.h ****   *         APB2RSTR     SAI2RST        LL_APB2_GRP1_ForceReset\n
1857:Drivers/STM32F4xx_HAL_Driver/Inc/stm32f4xx_ll_bus.h ****   *         APB2RSTR     LTDCRST        LL_APB2_GRP1_ForceReset\n
1858:Drivers/STM32F4xx_HAL_Driver/Inc/stm32f4xx_ll_bus.h ****   *         APB2RSTR     DSIRST         LL_APB2_GRP1_ForceReset\n
1859:Drivers/STM32F4xx_HAL_Driver/Inc/stm32f4xx_ll_bus.h ****   *         APB2RSTR     DFSDM1RST      LL_APB2_GRP1_ForceReset\n
1860:Drivers/STM32F4xx_HAL_Driver/Inc/stm32f4xx_ll_bus.h ****   *         APB2RSTR     DFSDM2RST      LL_APB2_GRP1_ForceReset
1861:Drivers/STM32F4xx_HAL_Driver/Inc/stm32f4xx_ll_bus.h ****   * @param  Periphs This parameter can be a combination of the following values:
1862:Drivers/STM32F4xx_HAL_Driver/Inc/stm32f4xx_ll_bus.h ****   *         @arg @ref LL_APB2_GRP1_PERIPH_ALL
1863:Drivers/STM32F4xx_HAL_Driver/Inc/stm32f4xx_ll_bus.h ****   *         @arg @ref LL_APB2_GRP1_PERIPH_TIM1
1864:Drivers/STM32F4xx_HAL_Driver/Inc/stm32f4xx_ll_bus.h ****   *         @arg @ref LL_APB2_GRP1_PERIPH_TIM8 (*)
1865:Drivers/STM32F4xx_HAL_Driver/Inc/stm32f4xx_ll_bus.h ****   *         @arg @ref LL_APB2_GRP1_PERIPH_USART1
1866:Drivers/STM32F4xx_HAL_Driver/Inc/stm32f4xx_ll_bus.h ****   *         @arg @ref LL_APB2_GRP1_PERIPH_USART6 (*)
1867:Drivers/STM32F4xx_HAL_Driver/Inc/stm32f4xx_ll_bus.h ****   *         @arg @ref LL_APB2_GRP1_PERIPH_UART9 (*)
1868:Drivers/STM32F4xx_HAL_Driver/Inc/stm32f4xx_ll_bus.h ****   *         @arg @ref LL_APB2_GRP1_PERIPH_UART10 (*)
1869:Drivers/STM32F4xx_HAL_Driver/Inc/stm32f4xx_ll_bus.h ****   *         @arg @ref LL_APB2_GRP1_PERIPH_ADC
1870:Drivers/STM32F4xx_HAL_Driver/Inc/stm32f4xx_ll_bus.h ****   *         @arg @ref LL_APB2_GRP1_PERIPH_SDIO (*)
1871:Drivers/STM32F4xx_HAL_Driver/Inc/stm32f4xx_ll_bus.h ****   *         @arg @ref LL_APB2_GRP1_PERIPH_SPI1
1872:Drivers/STM32F4xx_HAL_Driver/Inc/stm32f4xx_ll_bus.h ****   *         @arg @ref LL_APB2_GRP1_PERIPH_SPI4 (*)
1873:Drivers/STM32F4xx_HAL_Driver/Inc/stm32f4xx_ll_bus.h ****   *         @arg @ref LL_APB2_GRP1_PERIPH_SYSCFG
1874:Drivers/STM32F4xx_HAL_Driver/Inc/stm32f4xx_ll_bus.h ****   *         @arg @ref LL_APB2_GRP1_PERIPH_TIM9
1875:Drivers/STM32F4xx_HAL_Driver/Inc/stm32f4xx_ll_bus.h ****   *         @arg @ref LL_APB2_GRP1_PERIPH_TIM10 (*)
1876:Drivers/STM32F4xx_HAL_Driver/Inc/stm32f4xx_ll_bus.h ****   *         @arg @ref LL_APB2_GRP1_PERIPH_TIM11
1877:Drivers/STM32F4xx_HAL_Driver/Inc/stm32f4xx_ll_bus.h ****   *         @arg @ref LL_APB2_GRP1_PERIPH_SPI5 (*)
1878:Drivers/STM32F4xx_HAL_Driver/Inc/stm32f4xx_ll_bus.h ****   *         @arg @ref LL_APB2_GRP1_PERIPH_SPI6 (*)
1879:Drivers/STM32F4xx_HAL_Driver/Inc/stm32f4xx_ll_bus.h ****   *         @arg @ref LL_APB2_GRP1_PERIPH_SAI1 (*)
1880:Drivers/STM32F4xx_HAL_Driver/Inc/stm32f4xx_ll_bus.h ****   *         @arg @ref LL_APB2_GRP1_PERIPH_SAI2 (*)
1881:Drivers/STM32F4xx_HAL_Driver/Inc/stm32f4xx_ll_bus.h ****   *         @arg @ref LL_APB2_GRP1_PERIPH_LTDC (*)
1882:Drivers/STM32F4xx_HAL_Driver/Inc/stm32f4xx_ll_bus.h ****   *         @arg @ref LL_APB2_GRP1_PERIPH_DSI  (*)
1883:Drivers/STM32F4xx_HAL_Driver/Inc/stm32f4xx_ll_bus.h ****   *         @arg @ref LL_APB2_GRP1_PERIPH_DFSDM1 (*)
1884:Drivers/STM32F4xx_HAL_Driver/Inc/stm32f4xx_ll_bus.h ****   *         @arg @ref LL_APB2_GRP1_PERIPH_DFSDM2 (*)
ARM GAS  C:\Users\chris\AppData\Local\Temp\ccsULun0.s 			page 39


1885:Drivers/STM32F4xx_HAL_Driver/Inc/stm32f4xx_ll_bus.h ****   *
1886:Drivers/STM32F4xx_HAL_Driver/Inc/stm32f4xx_ll_bus.h ****   *         (*) value not defined in all devices.
1887:Drivers/STM32F4xx_HAL_Driver/Inc/stm32f4xx_ll_bus.h ****   * @retval None
1888:Drivers/STM32F4xx_HAL_Driver/Inc/stm32f4xx_ll_bus.h ****   */
1889:Drivers/STM32F4xx_HAL_Driver/Inc/stm32f4xx_ll_bus.h **** __STATIC_INLINE void LL_APB2_GRP1_ForceReset(uint32_t Periphs)
  79              		.loc 2 1889 22 view .LVU16
  80              	.LBB27:
1890:Drivers/STM32F4xx_HAL_Driver/Inc/stm32f4xx_ll_bus.h **** {
1891:Drivers/STM32F4xx_HAL_Driver/Inc/stm32f4xx_ll_bus.h ****   SET_BIT(RCC->APB2RSTR, Periphs);
  81              		.loc 2 1891 3 view .LVU17
  82 001e 02F58432 		add	r2, r2, #67584
  83 0022 516A     		ldr	r1, [r2, #36]
  84 0024 41F48051 		orr	r1, r1, #4096
  85 0028 5162     		str	r1, [r2, #36]
  86              	.LVL7:
  87              		.loc 2 1891 3 is_stmt 0 view .LVU18
  88              	.LBE27:
  89              	.LBE26:
 136:Drivers/STM32F4xx_HAL_Driver/Src/stm32f4xx_ll_spi.c **** 
  90              		.loc 1 136 5 is_stmt 1 view .LVU19
  91              	.LBB28:
  92              	.LBI28:
1892:Drivers/STM32F4xx_HAL_Driver/Inc/stm32f4xx_ll_bus.h **** }
1893:Drivers/STM32F4xx_HAL_Driver/Inc/stm32f4xx_ll_bus.h **** 
1894:Drivers/STM32F4xx_HAL_Driver/Inc/stm32f4xx_ll_bus.h **** /**
1895:Drivers/STM32F4xx_HAL_Driver/Inc/stm32f4xx_ll_bus.h ****   * @brief  Release APB2 peripherals reset.
1896:Drivers/STM32F4xx_HAL_Driver/Inc/stm32f4xx_ll_bus.h ****   * @rmtoll APB2RSTR     TIM1RST        LL_APB2_GRP1_ReleaseReset\n
1897:Drivers/STM32F4xx_HAL_Driver/Inc/stm32f4xx_ll_bus.h ****   *         APB2RSTR     TIM8RST        LL_APB2_GRP1_ReleaseReset\n
1898:Drivers/STM32F4xx_HAL_Driver/Inc/stm32f4xx_ll_bus.h ****   *         APB2RSTR     USART1RST      LL_APB2_GRP1_ReleaseReset\n
1899:Drivers/STM32F4xx_HAL_Driver/Inc/stm32f4xx_ll_bus.h ****   *         APB2RSTR     USART6RST      LL_APB2_GRP1_ReleaseReset\n
1900:Drivers/STM32F4xx_HAL_Driver/Inc/stm32f4xx_ll_bus.h ****   *         APB2RSTR     UART9RST       LL_APB2_GRP1_ReleaseReset\n
1901:Drivers/STM32F4xx_HAL_Driver/Inc/stm32f4xx_ll_bus.h ****   *         APB2RSTR     UART10RST      LL_APB2_GRP1_ReleaseReset\n
1902:Drivers/STM32F4xx_HAL_Driver/Inc/stm32f4xx_ll_bus.h ****   *         APB2RSTR     ADCRST         LL_APB2_GRP1_ReleaseReset\n
1903:Drivers/STM32F4xx_HAL_Driver/Inc/stm32f4xx_ll_bus.h ****   *         APB2RSTR     SDIORST        LL_APB2_GRP1_ReleaseReset\n
1904:Drivers/STM32F4xx_HAL_Driver/Inc/stm32f4xx_ll_bus.h ****   *         APB2RSTR     SPI1RST        LL_APB2_GRP1_ReleaseReset\n
1905:Drivers/STM32F4xx_HAL_Driver/Inc/stm32f4xx_ll_bus.h ****   *         APB2RSTR     SPI4RST        LL_APB2_GRP1_ReleaseReset\n
1906:Drivers/STM32F4xx_HAL_Driver/Inc/stm32f4xx_ll_bus.h ****   *         APB2RSTR     SYSCFGRST      LL_APB2_GRP1_ReleaseReset\n
1907:Drivers/STM32F4xx_HAL_Driver/Inc/stm32f4xx_ll_bus.h ****   *         APB2RSTR     TIM9RST        LL_APB2_GRP1_ReleaseReset\n
1908:Drivers/STM32F4xx_HAL_Driver/Inc/stm32f4xx_ll_bus.h ****   *         APB2RSTR     TIM10RST       LL_APB2_GRP1_ReleaseReset\n
1909:Drivers/STM32F4xx_HAL_Driver/Inc/stm32f4xx_ll_bus.h ****   *         APB2RSTR     TIM11RST       LL_APB2_GRP1_ReleaseReset\n
1910:Drivers/STM32F4xx_HAL_Driver/Inc/stm32f4xx_ll_bus.h ****   *         APB2RSTR     SPI5RST        LL_APB2_GRP1_ReleaseReset\n
1911:Drivers/STM32F4xx_HAL_Driver/Inc/stm32f4xx_ll_bus.h ****   *         APB2RSTR     SPI6RST        LL_APB2_GRP1_ReleaseReset\n
1912:Drivers/STM32F4xx_HAL_Driver/Inc/stm32f4xx_ll_bus.h ****   *         APB2RSTR     SAI1RST        LL_APB2_GRP1_ReleaseReset\n
1913:Drivers/STM32F4xx_HAL_Driver/Inc/stm32f4xx_ll_bus.h ****   *         APB2RSTR     SAI2RST        LL_APB2_GRP1_ReleaseReset\n
1914:Drivers/STM32F4xx_HAL_Driver/Inc/stm32f4xx_ll_bus.h ****   *         APB2RSTR     LTDCRST        LL_APB2_GRP1_ReleaseReset\n
1915:Drivers/STM32F4xx_HAL_Driver/Inc/stm32f4xx_ll_bus.h ****   *         APB2RSTR     DSIRST         LL_APB2_GRP1_ReleaseReset\n
1916:Drivers/STM32F4xx_HAL_Driver/Inc/stm32f4xx_ll_bus.h ****   *         APB2RSTR     DFSDM1RST      LL_APB2_GRP1_ReleaseReset\n
1917:Drivers/STM32F4xx_HAL_Driver/Inc/stm32f4xx_ll_bus.h ****   *         APB2RSTR     DFSDM2RST      LL_APB2_GRP1_ReleaseReset
1918:Drivers/STM32F4xx_HAL_Driver/Inc/stm32f4xx_ll_bus.h ****   * @param  Periphs This parameter can be a combination of the following values:
1919:Drivers/STM32F4xx_HAL_Driver/Inc/stm32f4xx_ll_bus.h ****   *         @arg @ref LL_APB2_GRP1_PERIPH_ALL
1920:Drivers/STM32F4xx_HAL_Driver/Inc/stm32f4xx_ll_bus.h ****   *         @arg @ref LL_APB2_GRP1_PERIPH_TIM1
1921:Drivers/STM32F4xx_HAL_Driver/Inc/stm32f4xx_ll_bus.h ****   *         @arg @ref LL_APB2_GRP1_PERIPH_TIM8 (*)
1922:Drivers/STM32F4xx_HAL_Driver/Inc/stm32f4xx_ll_bus.h ****   *         @arg @ref LL_APB2_GRP1_PERIPH_USART1
1923:Drivers/STM32F4xx_HAL_Driver/Inc/stm32f4xx_ll_bus.h ****   *         @arg @ref LL_APB2_GRP1_PERIPH_USART6 (*)
1924:Drivers/STM32F4xx_HAL_Driver/Inc/stm32f4xx_ll_bus.h ****   *         @arg @ref LL_APB2_GRP1_PERIPH_UART9 (*)
1925:Drivers/STM32F4xx_HAL_Driver/Inc/stm32f4xx_ll_bus.h ****   *         @arg @ref LL_APB2_GRP1_PERIPH_UART10 (*)
1926:Drivers/STM32F4xx_HAL_Driver/Inc/stm32f4xx_ll_bus.h ****   *         @arg @ref LL_APB2_GRP1_PERIPH_ADC
ARM GAS  C:\Users\chris\AppData\Local\Temp\ccsULun0.s 			page 40


1927:Drivers/STM32F4xx_HAL_Driver/Inc/stm32f4xx_ll_bus.h ****   *         @arg @ref LL_APB2_GRP1_PERIPH_SDIO (*)
1928:Drivers/STM32F4xx_HAL_Driver/Inc/stm32f4xx_ll_bus.h ****   *         @arg @ref LL_APB2_GRP1_PERIPH_SPI1
1929:Drivers/STM32F4xx_HAL_Driver/Inc/stm32f4xx_ll_bus.h ****   *         @arg @ref LL_APB2_GRP1_PERIPH_SPI4 (*)
1930:Drivers/STM32F4xx_HAL_Driver/Inc/stm32f4xx_ll_bus.h ****   *         @arg @ref LL_APB2_GRP1_PERIPH_SYSCFG
1931:Drivers/STM32F4xx_HAL_Driver/Inc/stm32f4xx_ll_bus.h ****   *         @arg @ref LL_APB2_GRP1_PERIPH_EXTI (*)
1932:Drivers/STM32F4xx_HAL_Driver/Inc/stm32f4xx_ll_bus.h ****   *         @arg @ref LL_APB2_GRP1_PERIPH_TIM9
1933:Drivers/STM32F4xx_HAL_Driver/Inc/stm32f4xx_ll_bus.h ****   *         @arg @ref LL_APB2_GRP1_PERIPH_TIM10 (*)
1934:Drivers/STM32F4xx_HAL_Driver/Inc/stm32f4xx_ll_bus.h ****   *         @arg @ref LL_APB2_GRP1_PERIPH_TIM11
1935:Drivers/STM32F4xx_HAL_Driver/Inc/stm32f4xx_ll_bus.h ****   *         @arg @ref LL_APB2_GRP1_PERIPH_SPI5 (*)
1936:Drivers/STM32F4xx_HAL_Driver/Inc/stm32f4xx_ll_bus.h ****   *         @arg @ref LL_APB2_GRP1_PERIPH_SPI6 (*)
1937:Drivers/STM32F4xx_HAL_Driver/Inc/stm32f4xx_ll_bus.h ****   *         @arg @ref LL_APB2_GRP1_PERIPH_SAI1 (*)
1938:Drivers/STM32F4xx_HAL_Driver/Inc/stm32f4xx_ll_bus.h ****   *         @arg @ref LL_APB2_GRP1_PERIPH_SAI2 (*)
1939:Drivers/STM32F4xx_HAL_Driver/Inc/stm32f4xx_ll_bus.h ****   *         @arg @ref LL_APB2_GRP1_PERIPH_LTDC (*)
1940:Drivers/STM32F4xx_HAL_Driver/Inc/stm32f4xx_ll_bus.h ****   *         @arg @ref LL_APB2_GRP1_PERIPH_DSI  (*)
1941:Drivers/STM32F4xx_HAL_Driver/Inc/stm32f4xx_ll_bus.h ****   *         @arg @ref LL_APB2_GRP1_PERIPH_DFSDM1 (*)
1942:Drivers/STM32F4xx_HAL_Driver/Inc/stm32f4xx_ll_bus.h ****   *         @arg @ref LL_APB2_GRP1_PERIPH_DFSDM2 (*)
1943:Drivers/STM32F4xx_HAL_Driver/Inc/stm32f4xx_ll_bus.h ****   *
1944:Drivers/STM32F4xx_HAL_Driver/Inc/stm32f4xx_ll_bus.h ****   *         (*) value not defined in all devices.
1945:Drivers/STM32F4xx_HAL_Driver/Inc/stm32f4xx_ll_bus.h ****   * @retval None
1946:Drivers/STM32F4xx_HAL_Driver/Inc/stm32f4xx_ll_bus.h ****   */
1947:Drivers/STM32F4xx_HAL_Driver/Inc/stm32f4xx_ll_bus.h **** __STATIC_INLINE void LL_APB2_GRP1_ReleaseReset(uint32_t Periphs)
  93              		.loc 2 1947 22 view .LVU20
  94              	.LBB29:
1948:Drivers/STM32F4xx_HAL_Driver/Inc/stm32f4xx_ll_bus.h **** {
1949:Drivers/STM32F4xx_HAL_Driver/Inc/stm32f4xx_ll_bus.h ****   CLEAR_BIT(RCC->APB2RSTR, Periphs);
  95              		.loc 2 1949 3 view .LVU21
  96 002a 516A     		ldr	r1, [r2, #36]
  97 002c 21F48051 		bic	r1, r1, #4096
  98 0030 5162     		str	r1, [r2, #36]
  99              	.LVL8:
 100              		.loc 2 1949 3 is_stmt 0 view .LVU22
 101              	.LBE29:
 102              	.LBE28:
 138:Drivers/STM32F4xx_HAL_Driver/Src/stm32f4xx_ll_spi.c ****   }
 103              		.loc 1 138 5 is_stmt 1 view .LVU23
 138:Drivers/STM32F4xx_HAL_Driver/Src/stm32f4xx_ll_spi.c ****   }
 104              		.loc 1 138 12 is_stmt 0 view .LVU24
 105 0032 0020     		movs	r0, #0
 106              	.LVL9:
 138:Drivers/STM32F4xx_HAL_Driver/Src/stm32f4xx_ll_spi.c ****   }
 107              		.loc 1 138 12 view .LVU25
 108 0034 E9E7     		b	.L2
 109              	.LVL10:
 110              	.L8:
 145:Drivers/STM32F4xx_HAL_Driver/Src/stm32f4xx_ll_spi.c **** 
 111              		.loc 1 145 5 is_stmt 1 view .LVU26
 112              	.LBB30:
 113              	.LBI30:
1409:Drivers/STM32F4xx_HAL_Driver/Inc/stm32f4xx_ll_bus.h **** {
 114              		.loc 2 1409 22 view .LVU27
 115              	.LBB31:
1411:Drivers/STM32F4xx_HAL_Driver/Inc/stm32f4xx_ll_bus.h **** }
 116              		.loc 2 1411 3 view .LVU28
 117 0036 02F50032 		add	r2, r2, #131072
 118 003a 116A     		ldr	r1, [r2, #32]
 119 003c 41F48041 		orr	r1, r1, #16384
 120 0040 1162     		str	r1, [r2, #32]
ARM GAS  C:\Users\chris\AppData\Local\Temp\ccsULun0.s 			page 41


 121              	.LVL11:
1411:Drivers/STM32F4xx_HAL_Driver/Inc/stm32f4xx_ll_bus.h **** }
 122              		.loc 2 1411 3 is_stmt 0 view .LVU29
 123              	.LBE31:
 124              	.LBE30:
 148:Drivers/STM32F4xx_HAL_Driver/Src/stm32f4xx_ll_spi.c **** 
 125              		.loc 1 148 5 is_stmt 1 view .LVU30
 126              	.LBB32:
 127              	.LBI32:
1481:Drivers/STM32F4xx_HAL_Driver/Inc/stm32f4xx_ll_bus.h **** {
 128              		.loc 2 1481 22 view .LVU31
 129              	.LBB33:
1483:Drivers/STM32F4xx_HAL_Driver/Inc/stm32f4xx_ll_bus.h **** }
 130              		.loc 2 1483 3 view .LVU32
 131 0042 116A     		ldr	r1, [r2, #32]
 132 0044 21F48041 		bic	r1, r1, #16384
 133 0048 1162     		str	r1, [r2, #32]
 134              	.LVL12:
1483:Drivers/STM32F4xx_HAL_Driver/Inc/stm32f4xx_ll_bus.h **** }
 135              		.loc 2 1483 3 is_stmt 0 view .LVU33
 136              	.LBE33:
 137              	.LBE32:
 150:Drivers/STM32F4xx_HAL_Driver/Src/stm32f4xx_ll_spi.c ****   }
 138              		.loc 1 150 5 is_stmt 1 view .LVU34
 150:Drivers/STM32F4xx_HAL_Driver/Src/stm32f4xx_ll_spi.c ****   }
 139              		.loc 1 150 12 is_stmt 0 view .LVU35
 140 004a 0020     		movs	r0, #0
 141 004c E0E7     		b	.L3
 142              	.LVL13:
 143              	.L9:
 157:Drivers/STM32F4xx_HAL_Driver/Src/stm32f4xx_ll_spi.c **** 
 144              		.loc 1 157 5 is_stmt 1 view .LVU36
 145              	.LBB34:
 146              	.LBI34:
1409:Drivers/STM32F4xx_HAL_Driver/Inc/stm32f4xx_ll_bus.h **** {
 147              		.loc 2 1409 22 view .LVU37
 148              	.LBB35:
1411:Drivers/STM32F4xx_HAL_Driver/Inc/stm32f4xx_ll_bus.h **** }
 149              		.loc 2 1411 3 view .LVU38
 150 004e 02F5FE32 		add	r2, r2, #130048
 151 0052 116A     		ldr	r1, [r2, #32]
 152 0054 41F40041 		orr	r1, r1, #32768
 153 0058 1162     		str	r1, [r2, #32]
 154              	.LVL14:
1411:Drivers/STM32F4xx_HAL_Driver/Inc/stm32f4xx_ll_bus.h **** }
 155              		.loc 2 1411 3 is_stmt 0 view .LVU39
 156              	.LBE35:
 157              	.LBE34:
 160:Drivers/STM32F4xx_HAL_Driver/Src/stm32f4xx_ll_spi.c **** 
 158              		.loc 1 160 5 is_stmt 1 view .LVU40
 159              	.LBB36:
 160              	.LBI36:
1481:Drivers/STM32F4xx_HAL_Driver/Inc/stm32f4xx_ll_bus.h **** {
 161              		.loc 2 1481 22 view .LVU41
 162              	.LBB37:
1483:Drivers/STM32F4xx_HAL_Driver/Inc/stm32f4xx_ll_bus.h **** }
 163              		.loc 2 1483 3 view .LVU42
ARM GAS  C:\Users\chris\AppData\Local\Temp\ccsULun0.s 			page 42


 164 005a 116A     		ldr	r1, [r2, #32]
 165 005c 21F40041 		bic	r1, r1, #32768
 166 0060 1162     		str	r1, [r2, #32]
 167              	.LVL15:
1483:Drivers/STM32F4xx_HAL_Driver/Inc/stm32f4xx_ll_bus.h **** }
 168              		.loc 2 1483 3 is_stmt 0 view .LVU43
 169              	.LBE37:
 170              	.LBE36:
 162:Drivers/STM32F4xx_HAL_Driver/Src/stm32f4xx_ll_spi.c ****   }
 171              		.loc 1 162 5 is_stmt 1 view .LVU44
 162:Drivers/STM32F4xx_HAL_Driver/Src/stm32f4xx_ll_spi.c ****   }
 172              		.loc 1 162 12 is_stmt 0 view .LVU45
 173 0062 0020     		movs	r0, #0
 174 0064 D7E7     		b	.L4
 175              	.LVL16:
 176              	.L10:
 169:Drivers/STM32F4xx_HAL_Driver/Src/stm32f4xx_ll_spi.c **** 
 177              		.loc 1 169 5 is_stmt 1 view .LVU46
 178              	.LBB38:
 179              	.LBI38:
1889:Drivers/STM32F4xx_HAL_Driver/Inc/stm32f4xx_ll_bus.h **** {
 180              		.loc 2 1889 22 view .LVU47
 181              	.LBB39:
1891:Drivers/STM32F4xx_HAL_Driver/Inc/stm32f4xx_ll_bus.h **** }
 182              		.loc 2 1891 3 view .LVU48
 183 0066 094B     		ldr	r3, .L11+16
 184              	.LVL17:
1891:Drivers/STM32F4xx_HAL_Driver/Inc/stm32f4xx_ll_bus.h **** }
 185              		.loc 2 1891 3 is_stmt 0 view .LVU49
 186 0068 5A6A     		ldr	r2, [r3, #36]
 187 006a 42F40052 		orr	r2, r2, #8192
 188 006e 5A62     		str	r2, [r3, #36]
 189              	.LVL18:
1891:Drivers/STM32F4xx_HAL_Driver/Inc/stm32f4xx_ll_bus.h **** }
 190              		.loc 2 1891 3 view .LVU50
 191              	.LBE39:
 192              	.LBE38:
 172:Drivers/STM32F4xx_HAL_Driver/Src/stm32f4xx_ll_spi.c **** 
 193              		.loc 1 172 5 is_stmt 1 view .LVU51
 194              	.LBB40:
 195              	.LBI40:
1947:Drivers/STM32F4xx_HAL_Driver/Inc/stm32f4xx_ll_bus.h **** {
 196              		.loc 2 1947 22 view .LVU52
 197              	.LBB41:
 198              		.loc 2 1949 3 view .LVU53
 199 0070 5A6A     		ldr	r2, [r3, #36]
 200 0072 22F40052 		bic	r2, r2, #8192
 201 0076 5A62     		str	r2, [r3, #36]
 202              	.LVL19:
 203              		.loc 2 1949 3 is_stmt 0 view .LVU54
 204              	.LBE41:
 205              	.LBE40:
 174:Drivers/STM32F4xx_HAL_Driver/Src/stm32f4xx_ll_spi.c ****   }
 206              		.loc 1 174 5 is_stmt 1 view .LVU55
 174:Drivers/STM32F4xx_HAL_Driver/Src/stm32f4xx_ll_spi.c ****   }
 207              		.loc 1 174 12 is_stmt 0 view .LVU56
 208 0078 0020     		movs	r0, #0
ARM GAS  C:\Users\chris\AppData\Local\Temp\ccsULun0.s 			page 43


 209 007a CFE7     		b	.L5
 210              	.L12:
 211              		.align	2
 212              	.L11:
 213 007c 00300140 		.word	1073819648
 214 0080 00380040 		.word	1073756160
 215 0084 003C0040 		.word	1073757184
 216 0088 00340140 		.word	1073820672
 217 008c 00380240 		.word	1073887232
 218              		.cfi_endproc
 219              	.LFE374:
 221              		.section	.text.LL_SPI_Init,"ax",%progbits
 222              		.align	1
 223              		.global	LL_SPI_Init
 224              		.syntax unified
 225              		.thumb
 226              		.thumb_func
 228              	LL_SPI_Init:
 229              	.LVL20:
 230              	.LFB375:
 204:Drivers/STM32F4xx_HAL_Driver/Src/stm32f4xx_ll_spi.c **** 
 205:Drivers/STM32F4xx_HAL_Driver/Src/stm32f4xx_ll_spi.c **** /**
 206:Drivers/STM32F4xx_HAL_Driver/Src/stm32f4xx_ll_spi.c ****   * @brief  Initialize the SPI registers according to the specified parameters in SPI_InitStruct.
 207:Drivers/STM32F4xx_HAL_Driver/Src/stm32f4xx_ll_spi.c ****   * @note   As some bits in SPI configuration registers can only be written when the
 208:Drivers/STM32F4xx_HAL_Driver/Src/stm32f4xx_ll_spi.c ****   *         SPI is disabled (SPI_CR1_SPE bit = 0), SPI peripheral should be in disabled state prior
 209:Drivers/STM32F4xx_HAL_Driver/Src/stm32f4xx_ll_spi.c ****   *         calling this function. Otherwise, ERROR result will be returned.
 210:Drivers/STM32F4xx_HAL_Driver/Src/stm32f4xx_ll_spi.c ****   * @param  SPIx SPI Instance
 211:Drivers/STM32F4xx_HAL_Driver/Src/stm32f4xx_ll_spi.c ****   * @param  SPI_InitStruct pointer to a @ref LL_SPI_InitTypeDef structure
 212:Drivers/STM32F4xx_HAL_Driver/Src/stm32f4xx_ll_spi.c ****   * @retval An ErrorStatus enumeration value. (Return always SUCCESS)
 213:Drivers/STM32F4xx_HAL_Driver/Src/stm32f4xx_ll_spi.c ****   */
 214:Drivers/STM32F4xx_HAL_Driver/Src/stm32f4xx_ll_spi.c **** ErrorStatus LL_SPI_Init(SPI_TypeDef *SPIx, LL_SPI_InitTypeDef *SPI_InitStruct)
 215:Drivers/STM32F4xx_HAL_Driver/Src/stm32f4xx_ll_spi.c **** {
 231              		.loc 1 215 1 is_stmt 1 view -0
 232              		.cfi_startproc
 233              		@ args = 0, pretend = 0, frame = 0
 234              		@ frame_needed = 0, uses_anonymous_args = 0
 235              		@ link register save eliminated.
 236              		.loc 1 215 1 is_stmt 0 view .LVU58
 237 0000 0246     		mov	r2, r0
 216:Drivers/STM32F4xx_HAL_Driver/Src/stm32f4xx_ll_spi.c ****   ErrorStatus status = ERROR;
 238              		.loc 1 216 3 is_stmt 1 view .LVU59
 239              	.LVL21:
 217:Drivers/STM32F4xx_HAL_Driver/Src/stm32f4xx_ll_spi.c **** 
 218:Drivers/STM32F4xx_HAL_Driver/Src/stm32f4xx_ll_spi.c ****   /* Check the SPI Instance SPIx*/
 219:Drivers/STM32F4xx_HAL_Driver/Src/stm32f4xx_ll_spi.c ****   assert_param(IS_SPI_ALL_INSTANCE(SPIx));
 240              		.loc 1 219 3 view .LVU60
 220:Drivers/STM32F4xx_HAL_Driver/Src/stm32f4xx_ll_spi.c **** 
 221:Drivers/STM32F4xx_HAL_Driver/Src/stm32f4xx_ll_spi.c ****   /* Check the SPI parameters from SPI_InitStruct*/
 222:Drivers/STM32F4xx_HAL_Driver/Src/stm32f4xx_ll_spi.c ****   assert_param(IS_LL_SPI_TRANSFER_DIRECTION(SPI_InitStruct->TransferDirection));
 241              		.loc 1 222 3 view .LVU61
 223:Drivers/STM32F4xx_HAL_Driver/Src/stm32f4xx_ll_spi.c ****   assert_param(IS_LL_SPI_MODE(SPI_InitStruct->Mode));
 242              		.loc 1 223 3 view .LVU62
 224:Drivers/STM32F4xx_HAL_Driver/Src/stm32f4xx_ll_spi.c ****   assert_param(IS_LL_SPI_DATAWIDTH(SPI_InitStruct->DataWidth));
 243              		.loc 1 224 3 view .LVU63
 225:Drivers/STM32F4xx_HAL_Driver/Src/stm32f4xx_ll_spi.c ****   assert_param(IS_LL_SPI_POLARITY(SPI_InitStruct->ClockPolarity));
 244              		.loc 1 225 3 view .LVU64
 226:Drivers/STM32F4xx_HAL_Driver/Src/stm32f4xx_ll_spi.c ****   assert_param(IS_LL_SPI_PHASE(SPI_InitStruct->ClockPhase));
ARM GAS  C:\Users\chris\AppData\Local\Temp\ccsULun0.s 			page 44


 245              		.loc 1 226 3 view .LVU65
 227:Drivers/STM32F4xx_HAL_Driver/Src/stm32f4xx_ll_spi.c ****   assert_param(IS_LL_SPI_NSS(SPI_InitStruct->NSS));
 246              		.loc 1 227 3 view .LVU66
 228:Drivers/STM32F4xx_HAL_Driver/Src/stm32f4xx_ll_spi.c ****   assert_param(IS_LL_SPI_BAUDRATE(SPI_InitStruct->BaudRate));
 247              		.loc 1 228 3 view .LVU67
 229:Drivers/STM32F4xx_HAL_Driver/Src/stm32f4xx_ll_spi.c ****   assert_param(IS_LL_SPI_BITORDER(SPI_InitStruct->BitOrder));
 248              		.loc 1 229 3 view .LVU68
 230:Drivers/STM32F4xx_HAL_Driver/Src/stm32f4xx_ll_spi.c ****   assert_param(IS_LL_SPI_CRCCALCULATION(SPI_InitStruct->CRCCalculation));
 249              		.loc 1 230 3 view .LVU69
 231:Drivers/STM32F4xx_HAL_Driver/Src/stm32f4xx_ll_spi.c **** 
 232:Drivers/STM32F4xx_HAL_Driver/Src/stm32f4xx_ll_spi.c ****   if (LL_SPI_IsEnabled(SPIx) == 0x00000000U)
 250              		.loc 1 232 3 view .LVU70
 251              	.LBB42:
 252              	.LBI42:
 253              		.file 3 "Drivers/STM32F4xx_HAL_Driver/Inc/stm32f4xx_ll_spi.h"
   1:Drivers/STM32F4xx_HAL_Driver/Inc/stm32f4xx_ll_spi.h **** /**
   2:Drivers/STM32F4xx_HAL_Driver/Inc/stm32f4xx_ll_spi.h ****   ******************************************************************************
   3:Drivers/STM32F4xx_HAL_Driver/Inc/stm32f4xx_ll_spi.h ****   * @file    stm32f4xx_ll_spi.h
   4:Drivers/STM32F4xx_HAL_Driver/Inc/stm32f4xx_ll_spi.h ****   * @author  MCD Application Team
   5:Drivers/STM32F4xx_HAL_Driver/Inc/stm32f4xx_ll_spi.h ****   * @brief   Header file of SPI LL module.
   6:Drivers/STM32F4xx_HAL_Driver/Inc/stm32f4xx_ll_spi.h ****   ******************************************************************************
   7:Drivers/STM32F4xx_HAL_Driver/Inc/stm32f4xx_ll_spi.h ****   * @attention
   8:Drivers/STM32F4xx_HAL_Driver/Inc/stm32f4xx_ll_spi.h ****   *
   9:Drivers/STM32F4xx_HAL_Driver/Inc/stm32f4xx_ll_spi.h ****   * Copyright (c) 2016 STMicroelectronics.
  10:Drivers/STM32F4xx_HAL_Driver/Inc/stm32f4xx_ll_spi.h ****   * All rights reserved.
  11:Drivers/STM32F4xx_HAL_Driver/Inc/stm32f4xx_ll_spi.h ****   *
  12:Drivers/STM32F4xx_HAL_Driver/Inc/stm32f4xx_ll_spi.h ****   * This software is licensed under terms that can be found in the LICENSE file
  13:Drivers/STM32F4xx_HAL_Driver/Inc/stm32f4xx_ll_spi.h ****   * in the root directory of this software component.
  14:Drivers/STM32F4xx_HAL_Driver/Inc/stm32f4xx_ll_spi.h ****   * If no LICENSE file comes with this software, it is provided AS-IS.
  15:Drivers/STM32F4xx_HAL_Driver/Inc/stm32f4xx_ll_spi.h ****   *
  16:Drivers/STM32F4xx_HAL_Driver/Inc/stm32f4xx_ll_spi.h ****   ******************************************************************************
  17:Drivers/STM32F4xx_HAL_Driver/Inc/stm32f4xx_ll_spi.h ****   */
  18:Drivers/STM32F4xx_HAL_Driver/Inc/stm32f4xx_ll_spi.h **** 
  19:Drivers/STM32F4xx_HAL_Driver/Inc/stm32f4xx_ll_spi.h **** /* Define to prevent recursive inclusion -------------------------------------*/
  20:Drivers/STM32F4xx_HAL_Driver/Inc/stm32f4xx_ll_spi.h **** #ifndef STM32F4xx_LL_SPI_H
  21:Drivers/STM32F4xx_HAL_Driver/Inc/stm32f4xx_ll_spi.h **** #define STM32F4xx_LL_SPI_H
  22:Drivers/STM32F4xx_HAL_Driver/Inc/stm32f4xx_ll_spi.h **** 
  23:Drivers/STM32F4xx_HAL_Driver/Inc/stm32f4xx_ll_spi.h **** #ifdef __cplusplus
  24:Drivers/STM32F4xx_HAL_Driver/Inc/stm32f4xx_ll_spi.h **** extern "C" {
  25:Drivers/STM32F4xx_HAL_Driver/Inc/stm32f4xx_ll_spi.h **** #endif
  26:Drivers/STM32F4xx_HAL_Driver/Inc/stm32f4xx_ll_spi.h **** 
  27:Drivers/STM32F4xx_HAL_Driver/Inc/stm32f4xx_ll_spi.h **** /* Includes ------------------------------------------------------------------*/
  28:Drivers/STM32F4xx_HAL_Driver/Inc/stm32f4xx_ll_spi.h **** #include "stm32f4xx.h"
  29:Drivers/STM32F4xx_HAL_Driver/Inc/stm32f4xx_ll_spi.h **** 
  30:Drivers/STM32F4xx_HAL_Driver/Inc/stm32f4xx_ll_spi.h **** /** @addtogroup STM32F4xx_LL_Driver
  31:Drivers/STM32F4xx_HAL_Driver/Inc/stm32f4xx_ll_spi.h ****   * @{
  32:Drivers/STM32F4xx_HAL_Driver/Inc/stm32f4xx_ll_spi.h ****   */
  33:Drivers/STM32F4xx_HAL_Driver/Inc/stm32f4xx_ll_spi.h **** 
  34:Drivers/STM32F4xx_HAL_Driver/Inc/stm32f4xx_ll_spi.h **** #if defined (SPI1) || defined (SPI2) || defined (SPI3) || defined (SPI4) || defined (SPI5) || defin
  35:Drivers/STM32F4xx_HAL_Driver/Inc/stm32f4xx_ll_spi.h **** 
  36:Drivers/STM32F4xx_HAL_Driver/Inc/stm32f4xx_ll_spi.h **** /** @defgroup SPI_LL SPI
  37:Drivers/STM32F4xx_HAL_Driver/Inc/stm32f4xx_ll_spi.h ****   * @{
  38:Drivers/STM32F4xx_HAL_Driver/Inc/stm32f4xx_ll_spi.h ****   */
  39:Drivers/STM32F4xx_HAL_Driver/Inc/stm32f4xx_ll_spi.h **** 
  40:Drivers/STM32F4xx_HAL_Driver/Inc/stm32f4xx_ll_spi.h **** /* Private types -------------------------------------------------------------*/
  41:Drivers/STM32F4xx_HAL_Driver/Inc/stm32f4xx_ll_spi.h **** /* Private variables ---------------------------------------------------------*/
  42:Drivers/STM32F4xx_HAL_Driver/Inc/stm32f4xx_ll_spi.h **** /* Private macros ------------------------------------------------------------*/
ARM GAS  C:\Users\chris\AppData\Local\Temp\ccsULun0.s 			page 45


  43:Drivers/STM32F4xx_HAL_Driver/Inc/stm32f4xx_ll_spi.h **** 
  44:Drivers/STM32F4xx_HAL_Driver/Inc/stm32f4xx_ll_spi.h **** /* Exported types ------------------------------------------------------------*/
  45:Drivers/STM32F4xx_HAL_Driver/Inc/stm32f4xx_ll_spi.h **** #if defined(USE_FULL_LL_DRIVER)
  46:Drivers/STM32F4xx_HAL_Driver/Inc/stm32f4xx_ll_spi.h **** /** @defgroup SPI_LL_ES_INIT SPI Exported Init structure
  47:Drivers/STM32F4xx_HAL_Driver/Inc/stm32f4xx_ll_spi.h ****   * @{
  48:Drivers/STM32F4xx_HAL_Driver/Inc/stm32f4xx_ll_spi.h ****   */
  49:Drivers/STM32F4xx_HAL_Driver/Inc/stm32f4xx_ll_spi.h **** 
  50:Drivers/STM32F4xx_HAL_Driver/Inc/stm32f4xx_ll_spi.h **** /**
  51:Drivers/STM32F4xx_HAL_Driver/Inc/stm32f4xx_ll_spi.h ****   * @brief  SPI Init structures definition
  52:Drivers/STM32F4xx_HAL_Driver/Inc/stm32f4xx_ll_spi.h ****   */
  53:Drivers/STM32F4xx_HAL_Driver/Inc/stm32f4xx_ll_spi.h **** typedef struct
  54:Drivers/STM32F4xx_HAL_Driver/Inc/stm32f4xx_ll_spi.h **** {
  55:Drivers/STM32F4xx_HAL_Driver/Inc/stm32f4xx_ll_spi.h ****   uint32_t TransferDirection;       /*!< Specifies the SPI unidirectional or bidirectional data mod
  56:Drivers/STM32F4xx_HAL_Driver/Inc/stm32f4xx_ll_spi.h ****                                          This parameter can be a value of @ref SPI_LL_EC_TRANSFER_M
  57:Drivers/STM32F4xx_HAL_Driver/Inc/stm32f4xx_ll_spi.h **** 
  58:Drivers/STM32F4xx_HAL_Driver/Inc/stm32f4xx_ll_spi.h ****                                          This feature can be modified afterwards using unitary
  59:Drivers/STM32F4xx_HAL_Driver/Inc/stm32f4xx_ll_spi.h ****                                          function @ref LL_SPI_SetTransferDirection().*/
  60:Drivers/STM32F4xx_HAL_Driver/Inc/stm32f4xx_ll_spi.h **** 
  61:Drivers/STM32F4xx_HAL_Driver/Inc/stm32f4xx_ll_spi.h ****   uint32_t Mode;                    /*!< Specifies the SPI mode (Master/Slave).
  62:Drivers/STM32F4xx_HAL_Driver/Inc/stm32f4xx_ll_spi.h ****                                          This parameter can be a value of @ref SPI_LL_EC_MODE.
  63:Drivers/STM32F4xx_HAL_Driver/Inc/stm32f4xx_ll_spi.h **** 
  64:Drivers/STM32F4xx_HAL_Driver/Inc/stm32f4xx_ll_spi.h ****                                          This feature can be modified afterwards using unitary
  65:Drivers/STM32F4xx_HAL_Driver/Inc/stm32f4xx_ll_spi.h ****                                          function @ref LL_SPI_SetMode().*/
  66:Drivers/STM32F4xx_HAL_Driver/Inc/stm32f4xx_ll_spi.h **** 
  67:Drivers/STM32F4xx_HAL_Driver/Inc/stm32f4xx_ll_spi.h ****   uint32_t DataWidth;               /*!< Specifies the SPI data width.
  68:Drivers/STM32F4xx_HAL_Driver/Inc/stm32f4xx_ll_spi.h ****                                          This parameter can be a value of @ref SPI_LL_EC_DATAWIDTH.
  69:Drivers/STM32F4xx_HAL_Driver/Inc/stm32f4xx_ll_spi.h **** 
  70:Drivers/STM32F4xx_HAL_Driver/Inc/stm32f4xx_ll_spi.h ****                                          This feature can be modified afterwards using unitary
  71:Drivers/STM32F4xx_HAL_Driver/Inc/stm32f4xx_ll_spi.h ****                                          function @ref LL_SPI_SetDataWidth().*/
  72:Drivers/STM32F4xx_HAL_Driver/Inc/stm32f4xx_ll_spi.h **** 
  73:Drivers/STM32F4xx_HAL_Driver/Inc/stm32f4xx_ll_spi.h ****   uint32_t ClockPolarity;           /*!< Specifies the serial clock steady state.
  74:Drivers/STM32F4xx_HAL_Driver/Inc/stm32f4xx_ll_spi.h ****                                          This parameter can be a value of @ref SPI_LL_EC_POLARITY.
  75:Drivers/STM32F4xx_HAL_Driver/Inc/stm32f4xx_ll_spi.h **** 
  76:Drivers/STM32F4xx_HAL_Driver/Inc/stm32f4xx_ll_spi.h ****                                          This feature can be modified afterwards using unitary
  77:Drivers/STM32F4xx_HAL_Driver/Inc/stm32f4xx_ll_spi.h ****                                          function @ref LL_SPI_SetClockPolarity().*/
  78:Drivers/STM32F4xx_HAL_Driver/Inc/stm32f4xx_ll_spi.h **** 
  79:Drivers/STM32F4xx_HAL_Driver/Inc/stm32f4xx_ll_spi.h ****   uint32_t ClockPhase;              /*!< Specifies the clock active edge for the bit capture.
  80:Drivers/STM32F4xx_HAL_Driver/Inc/stm32f4xx_ll_spi.h ****                                          This parameter can be a value of @ref SPI_LL_EC_PHASE.
  81:Drivers/STM32F4xx_HAL_Driver/Inc/stm32f4xx_ll_spi.h **** 
  82:Drivers/STM32F4xx_HAL_Driver/Inc/stm32f4xx_ll_spi.h ****                                          This feature can be modified afterwards using unitary
  83:Drivers/STM32F4xx_HAL_Driver/Inc/stm32f4xx_ll_spi.h ****                                          function @ref LL_SPI_SetClockPhase().*/
  84:Drivers/STM32F4xx_HAL_Driver/Inc/stm32f4xx_ll_spi.h **** 
  85:Drivers/STM32F4xx_HAL_Driver/Inc/stm32f4xx_ll_spi.h ****   uint32_t NSS;                     /*!< Specifies whether the NSS signal is managed by hardware (N
  86:Drivers/STM32F4xx_HAL_Driver/Inc/stm32f4xx_ll_spi.h ****                                          or by software using the SSI bit.
  87:Drivers/STM32F4xx_HAL_Driver/Inc/stm32f4xx_ll_spi.h ****                                          This parameter can be a value of @ref SPI_LL_EC_NSS_MODE.
  88:Drivers/STM32F4xx_HAL_Driver/Inc/stm32f4xx_ll_spi.h **** 
  89:Drivers/STM32F4xx_HAL_Driver/Inc/stm32f4xx_ll_spi.h ****                                          This feature can be modified afterwards using unitary
  90:Drivers/STM32F4xx_HAL_Driver/Inc/stm32f4xx_ll_spi.h ****                                          function @ref LL_SPI_SetNSSMode().*/
  91:Drivers/STM32F4xx_HAL_Driver/Inc/stm32f4xx_ll_spi.h **** 
  92:Drivers/STM32F4xx_HAL_Driver/Inc/stm32f4xx_ll_spi.h ****   uint32_t BaudRate;                /*!< Specifies the BaudRate prescaler value which will be used
  93:Drivers/STM32F4xx_HAL_Driver/Inc/stm32f4xx_ll_spi.h ****                                          to configure the transmit and receive SCK clock.
  94:Drivers/STM32F4xx_HAL_Driver/Inc/stm32f4xx_ll_spi.h ****                                          This parameter can be a value of @ref SPI_LL_EC_BAUDRATEPR
  95:Drivers/STM32F4xx_HAL_Driver/Inc/stm32f4xx_ll_spi.h ****                                          @note The communication clock is derived from the master c
  96:Drivers/STM32F4xx_HAL_Driver/Inc/stm32f4xx_ll_spi.h ****                                                The slave clock does not need to be set.
  97:Drivers/STM32F4xx_HAL_Driver/Inc/stm32f4xx_ll_spi.h **** 
  98:Drivers/STM32F4xx_HAL_Driver/Inc/stm32f4xx_ll_spi.h ****                                          This feature can be modified afterwards using unitary
  99:Drivers/STM32F4xx_HAL_Driver/Inc/stm32f4xx_ll_spi.h ****                                          function @ref LL_SPI_SetBaudRatePrescaler().*/
ARM GAS  C:\Users\chris\AppData\Local\Temp\ccsULun0.s 			page 46


 100:Drivers/STM32F4xx_HAL_Driver/Inc/stm32f4xx_ll_spi.h **** 
 101:Drivers/STM32F4xx_HAL_Driver/Inc/stm32f4xx_ll_spi.h ****   uint32_t BitOrder;                /*!< Specifies whether data transfers start from MSB or LSB bit
 102:Drivers/STM32F4xx_HAL_Driver/Inc/stm32f4xx_ll_spi.h ****                                          This parameter can be a value of @ref SPI_LL_EC_BIT_ORDER.
 103:Drivers/STM32F4xx_HAL_Driver/Inc/stm32f4xx_ll_spi.h **** 
 104:Drivers/STM32F4xx_HAL_Driver/Inc/stm32f4xx_ll_spi.h ****                                          This feature can be modified afterwards using unitary
 105:Drivers/STM32F4xx_HAL_Driver/Inc/stm32f4xx_ll_spi.h ****                                          function @ref LL_SPI_SetTransferBitOrder().*/
 106:Drivers/STM32F4xx_HAL_Driver/Inc/stm32f4xx_ll_spi.h **** 
 107:Drivers/STM32F4xx_HAL_Driver/Inc/stm32f4xx_ll_spi.h ****   uint32_t CRCCalculation;          /*!< Specifies if the CRC calculation is enabled or not.
 108:Drivers/STM32F4xx_HAL_Driver/Inc/stm32f4xx_ll_spi.h ****                                          This parameter can be a value of @ref SPI_LL_EC_CRC_CALCUL
 109:Drivers/STM32F4xx_HAL_Driver/Inc/stm32f4xx_ll_spi.h **** 
 110:Drivers/STM32F4xx_HAL_Driver/Inc/stm32f4xx_ll_spi.h ****                                          This feature can be modified afterwards using unitary
 111:Drivers/STM32F4xx_HAL_Driver/Inc/stm32f4xx_ll_spi.h ****                                          functions @ref LL_SPI_EnableCRC() and @ref LL_SPI_DisableC
 112:Drivers/STM32F4xx_HAL_Driver/Inc/stm32f4xx_ll_spi.h **** 
 113:Drivers/STM32F4xx_HAL_Driver/Inc/stm32f4xx_ll_spi.h ****   uint32_t CRCPoly;                 /*!< Specifies the polynomial used for the CRC calculation.
 114:Drivers/STM32F4xx_HAL_Driver/Inc/stm32f4xx_ll_spi.h ****                                          This parameter must be a number between Min_Data = 0x00 an
 115:Drivers/STM32F4xx_HAL_Driver/Inc/stm32f4xx_ll_spi.h **** 
 116:Drivers/STM32F4xx_HAL_Driver/Inc/stm32f4xx_ll_spi.h ****                                          This feature can be modified afterwards using unitary
 117:Drivers/STM32F4xx_HAL_Driver/Inc/stm32f4xx_ll_spi.h ****                                          function @ref LL_SPI_SetCRCPolynomial().*/
 118:Drivers/STM32F4xx_HAL_Driver/Inc/stm32f4xx_ll_spi.h **** 
 119:Drivers/STM32F4xx_HAL_Driver/Inc/stm32f4xx_ll_spi.h **** } LL_SPI_InitTypeDef;
 120:Drivers/STM32F4xx_HAL_Driver/Inc/stm32f4xx_ll_spi.h **** 
 121:Drivers/STM32F4xx_HAL_Driver/Inc/stm32f4xx_ll_spi.h **** /**
 122:Drivers/STM32F4xx_HAL_Driver/Inc/stm32f4xx_ll_spi.h ****   * @}
 123:Drivers/STM32F4xx_HAL_Driver/Inc/stm32f4xx_ll_spi.h ****   */
 124:Drivers/STM32F4xx_HAL_Driver/Inc/stm32f4xx_ll_spi.h **** #endif /* USE_FULL_LL_DRIVER */
 125:Drivers/STM32F4xx_HAL_Driver/Inc/stm32f4xx_ll_spi.h **** 
 126:Drivers/STM32F4xx_HAL_Driver/Inc/stm32f4xx_ll_spi.h **** /* Exported constants --------------------------------------------------------*/
 127:Drivers/STM32F4xx_HAL_Driver/Inc/stm32f4xx_ll_spi.h **** /** @defgroup SPI_LL_Exported_Constants SPI Exported Constants
 128:Drivers/STM32F4xx_HAL_Driver/Inc/stm32f4xx_ll_spi.h ****   * @{
 129:Drivers/STM32F4xx_HAL_Driver/Inc/stm32f4xx_ll_spi.h ****   */
 130:Drivers/STM32F4xx_HAL_Driver/Inc/stm32f4xx_ll_spi.h **** 
 131:Drivers/STM32F4xx_HAL_Driver/Inc/stm32f4xx_ll_spi.h **** /** @defgroup SPI_LL_EC_GET_FLAG Get Flags Defines
 132:Drivers/STM32F4xx_HAL_Driver/Inc/stm32f4xx_ll_spi.h ****   * @brief    Flags defines which can be used with LL_SPI_ReadReg function
 133:Drivers/STM32F4xx_HAL_Driver/Inc/stm32f4xx_ll_spi.h ****   * @{
 134:Drivers/STM32F4xx_HAL_Driver/Inc/stm32f4xx_ll_spi.h ****   */
 135:Drivers/STM32F4xx_HAL_Driver/Inc/stm32f4xx_ll_spi.h **** #define LL_SPI_SR_RXNE                     SPI_SR_RXNE               /*!< Rx buffer not empty flag 
 136:Drivers/STM32F4xx_HAL_Driver/Inc/stm32f4xx_ll_spi.h **** #define LL_SPI_SR_TXE                      SPI_SR_TXE                /*!< Tx buffer empty flag     
 137:Drivers/STM32F4xx_HAL_Driver/Inc/stm32f4xx_ll_spi.h **** #define LL_SPI_SR_BSY                      SPI_SR_BSY                /*!< Busy flag                
 138:Drivers/STM32F4xx_HAL_Driver/Inc/stm32f4xx_ll_spi.h **** #define LL_SPI_SR_CRCERR                   SPI_SR_CRCERR             /*!< CRC error flag           
 139:Drivers/STM32F4xx_HAL_Driver/Inc/stm32f4xx_ll_spi.h **** #define LL_SPI_SR_MODF                     SPI_SR_MODF               /*!< Mode fault flag          
 140:Drivers/STM32F4xx_HAL_Driver/Inc/stm32f4xx_ll_spi.h **** #define LL_SPI_SR_OVR                      SPI_SR_OVR                /*!< Overrun flag             
 141:Drivers/STM32F4xx_HAL_Driver/Inc/stm32f4xx_ll_spi.h **** #define LL_SPI_SR_FRE                      SPI_SR_FRE                /*!< TI mode frame format erro
 142:Drivers/STM32F4xx_HAL_Driver/Inc/stm32f4xx_ll_spi.h **** /**
 143:Drivers/STM32F4xx_HAL_Driver/Inc/stm32f4xx_ll_spi.h ****   * @}
 144:Drivers/STM32F4xx_HAL_Driver/Inc/stm32f4xx_ll_spi.h ****   */
 145:Drivers/STM32F4xx_HAL_Driver/Inc/stm32f4xx_ll_spi.h **** 
 146:Drivers/STM32F4xx_HAL_Driver/Inc/stm32f4xx_ll_spi.h **** /** @defgroup SPI_LL_EC_IT IT Defines
 147:Drivers/STM32F4xx_HAL_Driver/Inc/stm32f4xx_ll_spi.h ****   * @brief    IT defines which can be used with LL_SPI_ReadReg and  LL_SPI_WriteReg functions
 148:Drivers/STM32F4xx_HAL_Driver/Inc/stm32f4xx_ll_spi.h ****   * @{
 149:Drivers/STM32F4xx_HAL_Driver/Inc/stm32f4xx_ll_spi.h ****   */
 150:Drivers/STM32F4xx_HAL_Driver/Inc/stm32f4xx_ll_spi.h **** #define LL_SPI_CR2_RXNEIE                  SPI_CR2_RXNEIE            /*!< Rx buffer not empty inter
 151:Drivers/STM32F4xx_HAL_Driver/Inc/stm32f4xx_ll_spi.h **** #define LL_SPI_CR2_TXEIE                   SPI_CR2_TXEIE             /*!< Tx buffer empty interrupt
 152:Drivers/STM32F4xx_HAL_Driver/Inc/stm32f4xx_ll_spi.h **** #define LL_SPI_CR2_ERRIE                   SPI_CR2_ERRIE             /*!< Error interrupt enable   
 153:Drivers/STM32F4xx_HAL_Driver/Inc/stm32f4xx_ll_spi.h **** /**
 154:Drivers/STM32F4xx_HAL_Driver/Inc/stm32f4xx_ll_spi.h ****   * @}
 155:Drivers/STM32F4xx_HAL_Driver/Inc/stm32f4xx_ll_spi.h ****   */
 156:Drivers/STM32F4xx_HAL_Driver/Inc/stm32f4xx_ll_spi.h **** 
ARM GAS  C:\Users\chris\AppData\Local\Temp\ccsULun0.s 			page 47


 157:Drivers/STM32F4xx_HAL_Driver/Inc/stm32f4xx_ll_spi.h **** /** @defgroup SPI_LL_EC_MODE Operation Mode
 158:Drivers/STM32F4xx_HAL_Driver/Inc/stm32f4xx_ll_spi.h ****   * @{
 159:Drivers/STM32F4xx_HAL_Driver/Inc/stm32f4xx_ll_spi.h ****   */
 160:Drivers/STM32F4xx_HAL_Driver/Inc/stm32f4xx_ll_spi.h **** #define LL_SPI_MODE_MASTER                 (SPI_CR1_MSTR | SPI_CR1_SSI)    /*!< Master configuratio
 161:Drivers/STM32F4xx_HAL_Driver/Inc/stm32f4xx_ll_spi.h **** #define LL_SPI_MODE_SLAVE                  0x00000000U                     /*!< Slave configuration
 162:Drivers/STM32F4xx_HAL_Driver/Inc/stm32f4xx_ll_spi.h **** /**
 163:Drivers/STM32F4xx_HAL_Driver/Inc/stm32f4xx_ll_spi.h ****   * @}
 164:Drivers/STM32F4xx_HAL_Driver/Inc/stm32f4xx_ll_spi.h ****   */
 165:Drivers/STM32F4xx_HAL_Driver/Inc/stm32f4xx_ll_spi.h **** 
 166:Drivers/STM32F4xx_HAL_Driver/Inc/stm32f4xx_ll_spi.h **** /** @defgroup SPI_LL_EC_PROTOCOL Serial Protocol
 167:Drivers/STM32F4xx_HAL_Driver/Inc/stm32f4xx_ll_spi.h ****   * @{
 168:Drivers/STM32F4xx_HAL_Driver/Inc/stm32f4xx_ll_spi.h ****   */
 169:Drivers/STM32F4xx_HAL_Driver/Inc/stm32f4xx_ll_spi.h **** #define LL_SPI_PROTOCOL_MOTOROLA           0x00000000U               /*!< Motorola mode. Used as de
 170:Drivers/STM32F4xx_HAL_Driver/Inc/stm32f4xx_ll_spi.h **** #define LL_SPI_PROTOCOL_TI                 (SPI_CR2_FRF)             /*!< TI mode                  
 171:Drivers/STM32F4xx_HAL_Driver/Inc/stm32f4xx_ll_spi.h **** /**
 172:Drivers/STM32F4xx_HAL_Driver/Inc/stm32f4xx_ll_spi.h ****   * @}
 173:Drivers/STM32F4xx_HAL_Driver/Inc/stm32f4xx_ll_spi.h ****   */
 174:Drivers/STM32F4xx_HAL_Driver/Inc/stm32f4xx_ll_spi.h **** 
 175:Drivers/STM32F4xx_HAL_Driver/Inc/stm32f4xx_ll_spi.h **** /** @defgroup SPI_LL_EC_PHASE Clock Phase
 176:Drivers/STM32F4xx_HAL_Driver/Inc/stm32f4xx_ll_spi.h ****   * @{
 177:Drivers/STM32F4xx_HAL_Driver/Inc/stm32f4xx_ll_spi.h ****   */
 178:Drivers/STM32F4xx_HAL_Driver/Inc/stm32f4xx_ll_spi.h **** #define LL_SPI_PHASE_1EDGE                 0x00000000U               /*!< First clock transition is
 179:Drivers/STM32F4xx_HAL_Driver/Inc/stm32f4xx_ll_spi.h **** #define LL_SPI_PHASE_2EDGE                 (SPI_CR1_CPHA)            /*!< Second clock transition i
 180:Drivers/STM32F4xx_HAL_Driver/Inc/stm32f4xx_ll_spi.h **** /**
 181:Drivers/STM32F4xx_HAL_Driver/Inc/stm32f4xx_ll_spi.h ****   * @}
 182:Drivers/STM32F4xx_HAL_Driver/Inc/stm32f4xx_ll_spi.h ****   */
 183:Drivers/STM32F4xx_HAL_Driver/Inc/stm32f4xx_ll_spi.h **** 
 184:Drivers/STM32F4xx_HAL_Driver/Inc/stm32f4xx_ll_spi.h **** /** @defgroup SPI_LL_EC_POLARITY Clock Polarity
 185:Drivers/STM32F4xx_HAL_Driver/Inc/stm32f4xx_ll_spi.h ****   * @{
 186:Drivers/STM32F4xx_HAL_Driver/Inc/stm32f4xx_ll_spi.h ****   */
 187:Drivers/STM32F4xx_HAL_Driver/Inc/stm32f4xx_ll_spi.h **** #define LL_SPI_POLARITY_LOW                0x00000000U               /*!< Clock to 0 when idle */
 188:Drivers/STM32F4xx_HAL_Driver/Inc/stm32f4xx_ll_spi.h **** #define LL_SPI_POLARITY_HIGH               (SPI_CR1_CPOL)            /*!< Clock to 1 when idle */
 189:Drivers/STM32F4xx_HAL_Driver/Inc/stm32f4xx_ll_spi.h **** /**
 190:Drivers/STM32F4xx_HAL_Driver/Inc/stm32f4xx_ll_spi.h ****   * @}
 191:Drivers/STM32F4xx_HAL_Driver/Inc/stm32f4xx_ll_spi.h ****   */
 192:Drivers/STM32F4xx_HAL_Driver/Inc/stm32f4xx_ll_spi.h **** 
 193:Drivers/STM32F4xx_HAL_Driver/Inc/stm32f4xx_ll_spi.h **** /** @defgroup SPI_LL_EC_BAUDRATEPRESCALER Baud Rate Prescaler
 194:Drivers/STM32F4xx_HAL_Driver/Inc/stm32f4xx_ll_spi.h ****   * @{
 195:Drivers/STM32F4xx_HAL_Driver/Inc/stm32f4xx_ll_spi.h ****   */
 196:Drivers/STM32F4xx_HAL_Driver/Inc/stm32f4xx_ll_spi.h **** #define LL_SPI_BAUDRATEPRESCALER_DIV2      0x00000000U                                    /*!< Baud
 197:Drivers/STM32F4xx_HAL_Driver/Inc/stm32f4xx_ll_spi.h **** #define LL_SPI_BAUDRATEPRESCALER_DIV4      (SPI_CR1_BR_0)                                 /*!< Baud
 198:Drivers/STM32F4xx_HAL_Driver/Inc/stm32f4xx_ll_spi.h **** #define LL_SPI_BAUDRATEPRESCALER_DIV8      (SPI_CR1_BR_1)                                 /*!< Baud
 199:Drivers/STM32F4xx_HAL_Driver/Inc/stm32f4xx_ll_spi.h **** #define LL_SPI_BAUDRATEPRESCALER_DIV16     (SPI_CR1_BR_1 | SPI_CR1_BR_0)                  /*!< Baud
 200:Drivers/STM32F4xx_HAL_Driver/Inc/stm32f4xx_ll_spi.h **** #define LL_SPI_BAUDRATEPRESCALER_DIV32     (SPI_CR1_BR_2)                                 /*!< Baud
 201:Drivers/STM32F4xx_HAL_Driver/Inc/stm32f4xx_ll_spi.h **** #define LL_SPI_BAUDRATEPRESCALER_DIV64     (SPI_CR1_BR_2 | SPI_CR1_BR_0)                  /*!< Baud
 202:Drivers/STM32F4xx_HAL_Driver/Inc/stm32f4xx_ll_spi.h **** #define LL_SPI_BAUDRATEPRESCALER_DIV128    (SPI_CR1_BR_2 | SPI_CR1_BR_1)                  /*!< Baud
 203:Drivers/STM32F4xx_HAL_Driver/Inc/stm32f4xx_ll_spi.h **** #define LL_SPI_BAUDRATEPRESCALER_DIV256    (SPI_CR1_BR_2 | SPI_CR1_BR_1 | SPI_CR1_BR_0)   /*!< Baud
 204:Drivers/STM32F4xx_HAL_Driver/Inc/stm32f4xx_ll_spi.h **** /**
 205:Drivers/STM32F4xx_HAL_Driver/Inc/stm32f4xx_ll_spi.h ****   * @}
 206:Drivers/STM32F4xx_HAL_Driver/Inc/stm32f4xx_ll_spi.h ****   */
 207:Drivers/STM32F4xx_HAL_Driver/Inc/stm32f4xx_ll_spi.h **** 
 208:Drivers/STM32F4xx_HAL_Driver/Inc/stm32f4xx_ll_spi.h **** /** @defgroup SPI_LL_EC_BIT_ORDER Transmission Bit Order
 209:Drivers/STM32F4xx_HAL_Driver/Inc/stm32f4xx_ll_spi.h ****   * @{
 210:Drivers/STM32F4xx_HAL_Driver/Inc/stm32f4xx_ll_spi.h ****   */
 211:Drivers/STM32F4xx_HAL_Driver/Inc/stm32f4xx_ll_spi.h **** #define LL_SPI_LSB_FIRST                   (SPI_CR1_LSBFIRST)        /*!< Data is transmitted/recei
 212:Drivers/STM32F4xx_HAL_Driver/Inc/stm32f4xx_ll_spi.h **** #define LL_SPI_MSB_FIRST                   0x00000000U               /*!< Data is transmitted/recei
 213:Drivers/STM32F4xx_HAL_Driver/Inc/stm32f4xx_ll_spi.h **** /**
ARM GAS  C:\Users\chris\AppData\Local\Temp\ccsULun0.s 			page 48


 214:Drivers/STM32F4xx_HAL_Driver/Inc/stm32f4xx_ll_spi.h ****   * @}
 215:Drivers/STM32F4xx_HAL_Driver/Inc/stm32f4xx_ll_spi.h ****   */
 216:Drivers/STM32F4xx_HAL_Driver/Inc/stm32f4xx_ll_spi.h **** 
 217:Drivers/STM32F4xx_HAL_Driver/Inc/stm32f4xx_ll_spi.h **** /** @defgroup SPI_LL_EC_TRANSFER_MODE Transfer Mode
 218:Drivers/STM32F4xx_HAL_Driver/Inc/stm32f4xx_ll_spi.h ****   * @{
 219:Drivers/STM32F4xx_HAL_Driver/Inc/stm32f4xx_ll_spi.h ****   */
 220:Drivers/STM32F4xx_HAL_Driver/Inc/stm32f4xx_ll_spi.h **** #define LL_SPI_FULL_DUPLEX                 0x00000000U                          /*!< Full-Duplex mo
 221:Drivers/STM32F4xx_HAL_Driver/Inc/stm32f4xx_ll_spi.h **** #define LL_SPI_SIMPLEX_RX                  (SPI_CR1_RXONLY)                     /*!< Simplex Rx mod
 222:Drivers/STM32F4xx_HAL_Driver/Inc/stm32f4xx_ll_spi.h **** #define LL_SPI_HALF_DUPLEX_RX              (SPI_CR1_BIDIMODE)                   /*!< Half-Duplex Rx
 223:Drivers/STM32F4xx_HAL_Driver/Inc/stm32f4xx_ll_spi.h **** #define LL_SPI_HALF_DUPLEX_TX              (SPI_CR1_BIDIMODE | SPI_CR1_BIDIOE)  /*!< Half-Duplex Tx
 224:Drivers/STM32F4xx_HAL_Driver/Inc/stm32f4xx_ll_spi.h **** /**
 225:Drivers/STM32F4xx_HAL_Driver/Inc/stm32f4xx_ll_spi.h ****   * @}
 226:Drivers/STM32F4xx_HAL_Driver/Inc/stm32f4xx_ll_spi.h ****   */
 227:Drivers/STM32F4xx_HAL_Driver/Inc/stm32f4xx_ll_spi.h **** 
 228:Drivers/STM32F4xx_HAL_Driver/Inc/stm32f4xx_ll_spi.h **** /** @defgroup SPI_LL_EC_NSS_MODE Slave Select Pin Mode
 229:Drivers/STM32F4xx_HAL_Driver/Inc/stm32f4xx_ll_spi.h ****   * @{
 230:Drivers/STM32F4xx_HAL_Driver/Inc/stm32f4xx_ll_spi.h ****   */
 231:Drivers/STM32F4xx_HAL_Driver/Inc/stm32f4xx_ll_spi.h **** #define LL_SPI_NSS_SOFT                    (SPI_CR1_SSM)                     /*!< NSS managed inter
 232:Drivers/STM32F4xx_HAL_Driver/Inc/stm32f4xx_ll_spi.h **** #define LL_SPI_NSS_HARD_INPUT              0x00000000U                       /*!< NSS pin used in I
 233:Drivers/STM32F4xx_HAL_Driver/Inc/stm32f4xx_ll_spi.h **** #define LL_SPI_NSS_HARD_OUTPUT             (((uint32_t)SPI_CR2_SSOE << 16U)) /*!< NSS pin used in O
 234:Drivers/STM32F4xx_HAL_Driver/Inc/stm32f4xx_ll_spi.h **** /**
 235:Drivers/STM32F4xx_HAL_Driver/Inc/stm32f4xx_ll_spi.h ****   * @}
 236:Drivers/STM32F4xx_HAL_Driver/Inc/stm32f4xx_ll_spi.h ****   */
 237:Drivers/STM32F4xx_HAL_Driver/Inc/stm32f4xx_ll_spi.h **** 
 238:Drivers/STM32F4xx_HAL_Driver/Inc/stm32f4xx_ll_spi.h **** /** @defgroup SPI_LL_EC_DATAWIDTH Datawidth
 239:Drivers/STM32F4xx_HAL_Driver/Inc/stm32f4xx_ll_spi.h ****   * @{
 240:Drivers/STM32F4xx_HAL_Driver/Inc/stm32f4xx_ll_spi.h ****   */
 241:Drivers/STM32F4xx_HAL_Driver/Inc/stm32f4xx_ll_spi.h **** #define LL_SPI_DATAWIDTH_8BIT              0x00000000U                       /*!< Data length for S
 242:Drivers/STM32F4xx_HAL_Driver/Inc/stm32f4xx_ll_spi.h **** #define LL_SPI_DATAWIDTH_16BIT             (SPI_CR1_DFF)                     /*!< Data length for S
 243:Drivers/STM32F4xx_HAL_Driver/Inc/stm32f4xx_ll_spi.h **** /**
 244:Drivers/STM32F4xx_HAL_Driver/Inc/stm32f4xx_ll_spi.h ****   * @}
 245:Drivers/STM32F4xx_HAL_Driver/Inc/stm32f4xx_ll_spi.h ****   */
 246:Drivers/STM32F4xx_HAL_Driver/Inc/stm32f4xx_ll_spi.h **** #if defined(USE_FULL_LL_DRIVER)
 247:Drivers/STM32F4xx_HAL_Driver/Inc/stm32f4xx_ll_spi.h **** 
 248:Drivers/STM32F4xx_HAL_Driver/Inc/stm32f4xx_ll_spi.h **** /** @defgroup SPI_LL_EC_CRC_CALCULATION CRC Calculation
 249:Drivers/STM32F4xx_HAL_Driver/Inc/stm32f4xx_ll_spi.h ****   * @{
 250:Drivers/STM32F4xx_HAL_Driver/Inc/stm32f4xx_ll_spi.h ****   */
 251:Drivers/STM32F4xx_HAL_Driver/Inc/stm32f4xx_ll_spi.h **** #define LL_SPI_CRCCALCULATION_DISABLE      0x00000000U               /*!< CRC calculation disabled 
 252:Drivers/STM32F4xx_HAL_Driver/Inc/stm32f4xx_ll_spi.h **** #define LL_SPI_CRCCALCULATION_ENABLE       (SPI_CR1_CRCEN)           /*!< CRC calculation enabled  
 253:Drivers/STM32F4xx_HAL_Driver/Inc/stm32f4xx_ll_spi.h **** /**
 254:Drivers/STM32F4xx_HAL_Driver/Inc/stm32f4xx_ll_spi.h ****   * @}
 255:Drivers/STM32F4xx_HAL_Driver/Inc/stm32f4xx_ll_spi.h ****   */
 256:Drivers/STM32F4xx_HAL_Driver/Inc/stm32f4xx_ll_spi.h **** #endif /* USE_FULL_LL_DRIVER */
 257:Drivers/STM32F4xx_HAL_Driver/Inc/stm32f4xx_ll_spi.h **** 
 258:Drivers/STM32F4xx_HAL_Driver/Inc/stm32f4xx_ll_spi.h **** /**
 259:Drivers/STM32F4xx_HAL_Driver/Inc/stm32f4xx_ll_spi.h ****   * @}
 260:Drivers/STM32F4xx_HAL_Driver/Inc/stm32f4xx_ll_spi.h ****   */
 261:Drivers/STM32F4xx_HAL_Driver/Inc/stm32f4xx_ll_spi.h **** 
 262:Drivers/STM32F4xx_HAL_Driver/Inc/stm32f4xx_ll_spi.h **** /* Exported macro ------------------------------------------------------------*/
 263:Drivers/STM32F4xx_HAL_Driver/Inc/stm32f4xx_ll_spi.h **** /** @defgroup SPI_LL_Exported_Macros SPI Exported Macros
 264:Drivers/STM32F4xx_HAL_Driver/Inc/stm32f4xx_ll_spi.h ****   * @{
 265:Drivers/STM32F4xx_HAL_Driver/Inc/stm32f4xx_ll_spi.h ****   */
 266:Drivers/STM32F4xx_HAL_Driver/Inc/stm32f4xx_ll_spi.h **** 
 267:Drivers/STM32F4xx_HAL_Driver/Inc/stm32f4xx_ll_spi.h **** /** @defgroup SPI_LL_EM_WRITE_READ Common Write and read registers Macros
 268:Drivers/STM32F4xx_HAL_Driver/Inc/stm32f4xx_ll_spi.h ****   * @{
 269:Drivers/STM32F4xx_HAL_Driver/Inc/stm32f4xx_ll_spi.h ****   */
 270:Drivers/STM32F4xx_HAL_Driver/Inc/stm32f4xx_ll_spi.h **** 
ARM GAS  C:\Users\chris\AppData\Local\Temp\ccsULun0.s 			page 49


 271:Drivers/STM32F4xx_HAL_Driver/Inc/stm32f4xx_ll_spi.h **** /**
 272:Drivers/STM32F4xx_HAL_Driver/Inc/stm32f4xx_ll_spi.h ****   * @brief  Write a value in SPI register
 273:Drivers/STM32F4xx_HAL_Driver/Inc/stm32f4xx_ll_spi.h ****   * @param  __INSTANCE__ SPI Instance
 274:Drivers/STM32F4xx_HAL_Driver/Inc/stm32f4xx_ll_spi.h ****   * @param  __REG__ Register to be written
 275:Drivers/STM32F4xx_HAL_Driver/Inc/stm32f4xx_ll_spi.h ****   * @param  __VALUE__ Value to be written in the register
 276:Drivers/STM32F4xx_HAL_Driver/Inc/stm32f4xx_ll_spi.h ****   * @retval None
 277:Drivers/STM32F4xx_HAL_Driver/Inc/stm32f4xx_ll_spi.h ****   */
 278:Drivers/STM32F4xx_HAL_Driver/Inc/stm32f4xx_ll_spi.h **** #define LL_SPI_WriteReg(__INSTANCE__, __REG__, __VALUE__) WRITE_REG(__INSTANCE__->__REG__, (__VALUE
 279:Drivers/STM32F4xx_HAL_Driver/Inc/stm32f4xx_ll_spi.h **** 
 280:Drivers/STM32F4xx_HAL_Driver/Inc/stm32f4xx_ll_spi.h **** /**
 281:Drivers/STM32F4xx_HAL_Driver/Inc/stm32f4xx_ll_spi.h ****   * @brief  Read a value in SPI register
 282:Drivers/STM32F4xx_HAL_Driver/Inc/stm32f4xx_ll_spi.h ****   * @param  __INSTANCE__ SPI Instance
 283:Drivers/STM32F4xx_HAL_Driver/Inc/stm32f4xx_ll_spi.h ****   * @param  __REG__ Register to be read
 284:Drivers/STM32F4xx_HAL_Driver/Inc/stm32f4xx_ll_spi.h ****   * @retval Register value
 285:Drivers/STM32F4xx_HAL_Driver/Inc/stm32f4xx_ll_spi.h ****   */
 286:Drivers/STM32F4xx_HAL_Driver/Inc/stm32f4xx_ll_spi.h **** #define LL_SPI_ReadReg(__INSTANCE__, __REG__) READ_REG(__INSTANCE__->__REG__)
 287:Drivers/STM32F4xx_HAL_Driver/Inc/stm32f4xx_ll_spi.h **** /**
 288:Drivers/STM32F4xx_HAL_Driver/Inc/stm32f4xx_ll_spi.h ****   * @}
 289:Drivers/STM32F4xx_HAL_Driver/Inc/stm32f4xx_ll_spi.h ****   */
 290:Drivers/STM32F4xx_HAL_Driver/Inc/stm32f4xx_ll_spi.h **** 
 291:Drivers/STM32F4xx_HAL_Driver/Inc/stm32f4xx_ll_spi.h **** /**
 292:Drivers/STM32F4xx_HAL_Driver/Inc/stm32f4xx_ll_spi.h ****   * @}
 293:Drivers/STM32F4xx_HAL_Driver/Inc/stm32f4xx_ll_spi.h ****   */
 294:Drivers/STM32F4xx_HAL_Driver/Inc/stm32f4xx_ll_spi.h **** 
 295:Drivers/STM32F4xx_HAL_Driver/Inc/stm32f4xx_ll_spi.h **** /* Exported functions --------------------------------------------------------*/
 296:Drivers/STM32F4xx_HAL_Driver/Inc/stm32f4xx_ll_spi.h **** /** @defgroup SPI_LL_Exported_Functions SPI Exported Functions
 297:Drivers/STM32F4xx_HAL_Driver/Inc/stm32f4xx_ll_spi.h ****   * @{
 298:Drivers/STM32F4xx_HAL_Driver/Inc/stm32f4xx_ll_spi.h ****   */
 299:Drivers/STM32F4xx_HAL_Driver/Inc/stm32f4xx_ll_spi.h **** 
 300:Drivers/STM32F4xx_HAL_Driver/Inc/stm32f4xx_ll_spi.h **** /** @defgroup SPI_LL_EF_Configuration Configuration
 301:Drivers/STM32F4xx_HAL_Driver/Inc/stm32f4xx_ll_spi.h ****   * @{
 302:Drivers/STM32F4xx_HAL_Driver/Inc/stm32f4xx_ll_spi.h ****   */
 303:Drivers/STM32F4xx_HAL_Driver/Inc/stm32f4xx_ll_spi.h **** 
 304:Drivers/STM32F4xx_HAL_Driver/Inc/stm32f4xx_ll_spi.h **** /**
 305:Drivers/STM32F4xx_HAL_Driver/Inc/stm32f4xx_ll_spi.h ****   * @brief  Enable SPI peripheral
 306:Drivers/STM32F4xx_HAL_Driver/Inc/stm32f4xx_ll_spi.h ****   * @rmtoll CR1          SPE           LL_SPI_Enable
 307:Drivers/STM32F4xx_HAL_Driver/Inc/stm32f4xx_ll_spi.h ****   * @param  SPIx SPI Instance
 308:Drivers/STM32F4xx_HAL_Driver/Inc/stm32f4xx_ll_spi.h ****   * @retval None
 309:Drivers/STM32F4xx_HAL_Driver/Inc/stm32f4xx_ll_spi.h ****   */
 310:Drivers/STM32F4xx_HAL_Driver/Inc/stm32f4xx_ll_spi.h **** __STATIC_INLINE void LL_SPI_Enable(SPI_TypeDef *SPIx)
 311:Drivers/STM32F4xx_HAL_Driver/Inc/stm32f4xx_ll_spi.h **** {
 312:Drivers/STM32F4xx_HAL_Driver/Inc/stm32f4xx_ll_spi.h ****   SET_BIT(SPIx->CR1, SPI_CR1_SPE);
 313:Drivers/STM32F4xx_HAL_Driver/Inc/stm32f4xx_ll_spi.h **** }
 314:Drivers/STM32F4xx_HAL_Driver/Inc/stm32f4xx_ll_spi.h **** 
 315:Drivers/STM32F4xx_HAL_Driver/Inc/stm32f4xx_ll_spi.h **** /**
 316:Drivers/STM32F4xx_HAL_Driver/Inc/stm32f4xx_ll_spi.h ****   * @brief  Disable SPI peripheral
 317:Drivers/STM32F4xx_HAL_Driver/Inc/stm32f4xx_ll_spi.h ****   * @note   When disabling the SPI, follow the procedure described in the Reference Manual.
 318:Drivers/STM32F4xx_HAL_Driver/Inc/stm32f4xx_ll_spi.h ****   * @rmtoll CR1          SPE           LL_SPI_Disable
 319:Drivers/STM32F4xx_HAL_Driver/Inc/stm32f4xx_ll_spi.h ****   * @param  SPIx SPI Instance
 320:Drivers/STM32F4xx_HAL_Driver/Inc/stm32f4xx_ll_spi.h ****   * @retval None
 321:Drivers/STM32F4xx_HAL_Driver/Inc/stm32f4xx_ll_spi.h ****   */
 322:Drivers/STM32F4xx_HAL_Driver/Inc/stm32f4xx_ll_spi.h **** __STATIC_INLINE void LL_SPI_Disable(SPI_TypeDef *SPIx)
 323:Drivers/STM32F4xx_HAL_Driver/Inc/stm32f4xx_ll_spi.h **** {
 324:Drivers/STM32F4xx_HAL_Driver/Inc/stm32f4xx_ll_spi.h ****   CLEAR_BIT(SPIx->CR1, SPI_CR1_SPE);
 325:Drivers/STM32F4xx_HAL_Driver/Inc/stm32f4xx_ll_spi.h **** }
 326:Drivers/STM32F4xx_HAL_Driver/Inc/stm32f4xx_ll_spi.h **** 
 327:Drivers/STM32F4xx_HAL_Driver/Inc/stm32f4xx_ll_spi.h **** /**
ARM GAS  C:\Users\chris\AppData\Local\Temp\ccsULun0.s 			page 50


 328:Drivers/STM32F4xx_HAL_Driver/Inc/stm32f4xx_ll_spi.h ****   * @brief  Check if SPI peripheral is enabled
 329:Drivers/STM32F4xx_HAL_Driver/Inc/stm32f4xx_ll_spi.h ****   * @rmtoll CR1          SPE           LL_SPI_IsEnabled
 330:Drivers/STM32F4xx_HAL_Driver/Inc/stm32f4xx_ll_spi.h ****   * @param  SPIx SPI Instance
 331:Drivers/STM32F4xx_HAL_Driver/Inc/stm32f4xx_ll_spi.h ****   * @retval State of bit (1 or 0).
 332:Drivers/STM32F4xx_HAL_Driver/Inc/stm32f4xx_ll_spi.h ****   */
 333:Drivers/STM32F4xx_HAL_Driver/Inc/stm32f4xx_ll_spi.h **** __STATIC_INLINE uint32_t LL_SPI_IsEnabled(const SPI_TypeDef *SPIx)
 254              		.loc 3 333 26 view .LVU71
 255              	.LBB43:
 334:Drivers/STM32F4xx_HAL_Driver/Inc/stm32f4xx_ll_spi.h **** {
 335:Drivers/STM32F4xx_HAL_Driver/Inc/stm32f4xx_ll_spi.h ****   return ((READ_BIT(SPIx->CR1, SPI_CR1_SPE) == (SPI_CR1_SPE)) ? 1UL : 0UL);
 256              		.loc 3 335 3 view .LVU72
 257              		.loc 3 335 12 is_stmt 0 view .LVU73
 258 0002 0368     		ldr	r3, [r0]
 259              		.loc 3 335 69 view .LVU74
 260 0004 13F0400F 		tst	r3, #64
 261 0008 2ED1     		bne	.L15
 262              	.LBE43:
 263              	.LBE42:
 215:Drivers/STM32F4xx_HAL_Driver/Src/stm32f4xx_ll_spi.c ****   ErrorStatus status = ERROR;
 264              		.loc 1 215 1 view .LVU75
 265 000a 10B4     		push	{r4}
 266              	.LCFI0:
 267              		.cfi_def_cfa_offset 4
 268              		.cfi_offset 4, -4
 269              	.LVL22:
 233:Drivers/STM32F4xx_HAL_Driver/Src/stm32f4xx_ll_spi.c ****   {
 234:Drivers/STM32F4xx_HAL_Driver/Src/stm32f4xx_ll_spi.c ****     /*---------------------------- SPIx CR1 Configuration ------------------------
 235:Drivers/STM32F4xx_HAL_Driver/Src/stm32f4xx_ll_spi.c ****      * Configure SPIx CR1 with parameters:
 236:Drivers/STM32F4xx_HAL_Driver/Src/stm32f4xx_ll_spi.c ****      * - TransferDirection:  SPI_CR1_BIDIMODE, SPI_CR1_BIDIOE and SPI_CR1_RXONLY bits
 237:Drivers/STM32F4xx_HAL_Driver/Src/stm32f4xx_ll_spi.c ****      * - Master/Slave Mode:  SPI_CR1_MSTR bit
 238:Drivers/STM32F4xx_HAL_Driver/Src/stm32f4xx_ll_spi.c ****      * - DataWidth:          SPI_CR1_DFF bit
 239:Drivers/STM32F4xx_HAL_Driver/Src/stm32f4xx_ll_spi.c ****      * - ClockPolarity:      SPI_CR1_CPOL bit
 240:Drivers/STM32F4xx_HAL_Driver/Src/stm32f4xx_ll_spi.c ****      * - ClockPhase:         SPI_CR1_CPHA bit
 241:Drivers/STM32F4xx_HAL_Driver/Src/stm32f4xx_ll_spi.c ****      * - NSS management:     SPI_CR1_SSM bit
 242:Drivers/STM32F4xx_HAL_Driver/Src/stm32f4xx_ll_spi.c ****      * - BaudRate prescaler: SPI_CR1_BR[2:0] bits
 243:Drivers/STM32F4xx_HAL_Driver/Src/stm32f4xx_ll_spi.c ****      * - BitOrder:           SPI_CR1_LSBFIRST bit
 244:Drivers/STM32F4xx_HAL_Driver/Src/stm32f4xx_ll_spi.c ****      * - CRCCalculation:     SPI_CR1_CRCEN bit
 245:Drivers/STM32F4xx_HAL_Driver/Src/stm32f4xx_ll_spi.c ****      */
 246:Drivers/STM32F4xx_HAL_Driver/Src/stm32f4xx_ll_spi.c ****     MODIFY_REG(SPIx->CR1,
 270              		.loc 1 246 5 is_stmt 1 view .LVU76
 271 000c 0068     		ldr	r0, [r0]
 272              	.LVL23:
 273              		.loc 1 246 5 is_stmt 0 view .LVU77
 274 000e 20F47F40 		bic	r0, r0, #65280
 275 0012 20F0BF00 		bic	r0, r0, #191
 276 0016 0B68     		ldr	r3, [r1]
 277 0018 4C68     		ldr	r4, [r1, #4]
 278 001a 2343     		orrs	r3, r3, r4
 279 001c 8C68     		ldr	r4, [r1, #8]
 280 001e 2343     		orrs	r3, r3, r4
 281 0020 CC68     		ldr	r4, [r1, #12]
 282 0022 2343     		orrs	r3, r3, r4
 283 0024 0C69     		ldr	r4, [r1, #16]
 284 0026 2343     		orrs	r3, r3, r4
 285 0028 4C69     		ldr	r4, [r1, #20]
 286 002a 2343     		orrs	r3, r3, r4
 287 002c 8C69     		ldr	r4, [r1, #24]
ARM GAS  C:\Users\chris\AppData\Local\Temp\ccsULun0.s 			page 51


 288 002e 2343     		orrs	r3, r3, r4
 289 0030 CC69     		ldr	r4, [r1, #28]
 290 0032 2343     		orrs	r3, r3, r4
 291 0034 0C6A     		ldr	r4, [r1, #32]
 292 0036 2343     		orrs	r3, r3, r4
 293 0038 1843     		orrs	r0, r0, r3
 294 003a 1060     		str	r0, [r2]
 247:Drivers/STM32F4xx_HAL_Driver/Src/stm32f4xx_ll_spi.c ****                SPI_CR1_CLEAR_MASK,
 248:Drivers/STM32F4xx_HAL_Driver/Src/stm32f4xx_ll_spi.c ****                SPI_InitStruct->TransferDirection | SPI_InitStruct->Mode | SPI_InitStruct->DataWidth
 249:Drivers/STM32F4xx_HAL_Driver/Src/stm32f4xx_ll_spi.c ****                SPI_InitStruct->ClockPolarity | SPI_InitStruct->ClockPhase |
 250:Drivers/STM32F4xx_HAL_Driver/Src/stm32f4xx_ll_spi.c ****                SPI_InitStruct->NSS | SPI_InitStruct->BaudRate |
 251:Drivers/STM32F4xx_HAL_Driver/Src/stm32f4xx_ll_spi.c ****                SPI_InitStruct->BitOrder | SPI_InitStruct->CRCCalculation);
 252:Drivers/STM32F4xx_HAL_Driver/Src/stm32f4xx_ll_spi.c **** 
 253:Drivers/STM32F4xx_HAL_Driver/Src/stm32f4xx_ll_spi.c ****     /*---------------------------- SPIx CR2 Configuration ------------------------
 254:Drivers/STM32F4xx_HAL_Driver/Src/stm32f4xx_ll_spi.c ****      * Configure SPIx CR2 with parameters:
 255:Drivers/STM32F4xx_HAL_Driver/Src/stm32f4xx_ll_spi.c ****      * - NSS management:     SSOE bit
 256:Drivers/STM32F4xx_HAL_Driver/Src/stm32f4xx_ll_spi.c ****      */
 257:Drivers/STM32F4xx_HAL_Driver/Src/stm32f4xx_ll_spi.c ****     MODIFY_REG(SPIx->CR2, SPI_CR2_SSOE, (SPI_InitStruct->NSS >> 16U));
 295              		.loc 1 257 5 is_stmt 1 view .LVU78
 296 003c 5368     		ldr	r3, [r2, #4]
 297 003e 23F00403 		bic	r3, r3, #4
 298 0042 C88A     		ldrh	r0, [r1, #22]
 299 0044 0343     		orrs	r3, r3, r0
 300 0046 5360     		str	r3, [r2, #4]
 258:Drivers/STM32F4xx_HAL_Driver/Src/stm32f4xx_ll_spi.c **** 
 259:Drivers/STM32F4xx_HAL_Driver/Src/stm32f4xx_ll_spi.c ****     /*---------------------------- SPIx CRCPR Configuration ----------------------
 260:Drivers/STM32F4xx_HAL_Driver/Src/stm32f4xx_ll_spi.c ****      * Configure SPIx CRCPR with parameters:
 261:Drivers/STM32F4xx_HAL_Driver/Src/stm32f4xx_ll_spi.c ****      * - CRCPoly:            CRCPOLY[15:0] bits
 262:Drivers/STM32F4xx_HAL_Driver/Src/stm32f4xx_ll_spi.c ****      */
 263:Drivers/STM32F4xx_HAL_Driver/Src/stm32f4xx_ll_spi.c ****     if (SPI_InitStruct->CRCCalculation == LL_SPI_CRCCALCULATION_ENABLE)
 301              		.loc 1 263 5 view .LVU79
 302              		.loc 1 263 23 is_stmt 0 view .LVU80
 303 0048 0B6A     		ldr	r3, [r1, #32]
 304              		.loc 1 263 8 view .LVU81
 305 004a B3F5005F 		cmp	r3, #8192
 306 004e 07D0     		beq	.L21
 264:Drivers/STM32F4xx_HAL_Driver/Src/stm32f4xx_ll_spi.c ****     {
 265:Drivers/STM32F4xx_HAL_Driver/Src/stm32f4xx_ll_spi.c ****       assert_param(IS_LL_SPI_CRC_POLYNOMIAL(SPI_InitStruct->CRCPoly));
 266:Drivers/STM32F4xx_HAL_Driver/Src/stm32f4xx_ll_spi.c ****       LL_SPI_SetCRCPolynomial(SPIx, SPI_InitStruct->CRCPoly);
 267:Drivers/STM32F4xx_HAL_Driver/Src/stm32f4xx_ll_spi.c ****     }
 268:Drivers/STM32F4xx_HAL_Driver/Src/stm32f4xx_ll_spi.c ****     status = SUCCESS;
 307              		.loc 1 268 12 view .LVU82
 308 0050 0020     		movs	r0, #0
 309              	.L14:
 310              	.LVL24:
 269:Drivers/STM32F4xx_HAL_Driver/Src/stm32f4xx_ll_spi.c ****   }
 270:Drivers/STM32F4xx_HAL_Driver/Src/stm32f4xx_ll_spi.c **** 
 271:Drivers/STM32F4xx_HAL_Driver/Src/stm32f4xx_ll_spi.c ****   /* Activate the SPI mode (Reset I2SMOD bit in I2SCFGR register) */
 272:Drivers/STM32F4xx_HAL_Driver/Src/stm32f4xx_ll_spi.c ****   CLEAR_BIT(SPIx->I2SCFGR, SPI_I2SCFGR_I2SMOD);
 311              		.loc 1 272 3 is_stmt 1 view .LVU83
 312 0052 D369     		ldr	r3, [r2, #28]
 313 0054 23F40063 		bic	r3, r3, #2048
 314 0058 D361     		str	r3, [r2, #28]
 273:Drivers/STM32F4xx_HAL_Driver/Src/stm32f4xx_ll_spi.c ****   return status;
 315              		.loc 1 273 3 view .LVU84
 274:Drivers/STM32F4xx_HAL_Driver/Src/stm32f4xx_ll_spi.c **** }
 316              		.loc 1 274 1 is_stmt 0 view .LVU85
ARM GAS  C:\Users\chris\AppData\Local\Temp\ccsULun0.s 			page 52


 317 005a 5DF8044B 		ldr	r4, [sp], #4
 318              	.LCFI1:
 319              		.cfi_remember_state
 320              		.cfi_restore 4
 321              		.cfi_def_cfa_offset 0
 322 005e 7047     		bx	lr
 323              	.LVL25:
 324              	.L21:
 325              	.LCFI2:
 326              		.cfi_restore_state
 265:Drivers/STM32F4xx_HAL_Driver/Src/stm32f4xx_ll_spi.c ****       LL_SPI_SetCRCPolynomial(SPIx, SPI_InitStruct->CRCPoly);
 327              		.loc 1 265 7 is_stmt 1 view .LVU86
 266:Drivers/STM32F4xx_HAL_Driver/Src/stm32f4xx_ll_spi.c ****     }
 328              		.loc 1 266 7 view .LVU87
 329              	.LBB44:
 330              	.LBI44:
 336:Drivers/STM32F4xx_HAL_Driver/Inc/stm32f4xx_ll_spi.h **** }
 337:Drivers/STM32F4xx_HAL_Driver/Inc/stm32f4xx_ll_spi.h **** 
 338:Drivers/STM32F4xx_HAL_Driver/Inc/stm32f4xx_ll_spi.h **** /**
 339:Drivers/STM32F4xx_HAL_Driver/Inc/stm32f4xx_ll_spi.h ****   * @brief  Set SPI operation mode to Master or Slave
 340:Drivers/STM32F4xx_HAL_Driver/Inc/stm32f4xx_ll_spi.h ****   * @note   This bit should not be changed when communication is ongoing.
 341:Drivers/STM32F4xx_HAL_Driver/Inc/stm32f4xx_ll_spi.h ****   * @rmtoll CR1          MSTR          LL_SPI_SetMode\n
 342:Drivers/STM32F4xx_HAL_Driver/Inc/stm32f4xx_ll_spi.h ****   *         CR1          SSI           LL_SPI_SetMode
 343:Drivers/STM32F4xx_HAL_Driver/Inc/stm32f4xx_ll_spi.h ****   * @param  SPIx SPI Instance
 344:Drivers/STM32F4xx_HAL_Driver/Inc/stm32f4xx_ll_spi.h ****   * @param  Mode This parameter can be one of the following values:
 345:Drivers/STM32F4xx_HAL_Driver/Inc/stm32f4xx_ll_spi.h ****   *         @arg @ref LL_SPI_MODE_MASTER
 346:Drivers/STM32F4xx_HAL_Driver/Inc/stm32f4xx_ll_spi.h ****   *         @arg @ref LL_SPI_MODE_SLAVE
 347:Drivers/STM32F4xx_HAL_Driver/Inc/stm32f4xx_ll_spi.h ****   * @retval None
 348:Drivers/STM32F4xx_HAL_Driver/Inc/stm32f4xx_ll_spi.h ****   */
 349:Drivers/STM32F4xx_HAL_Driver/Inc/stm32f4xx_ll_spi.h **** __STATIC_INLINE void LL_SPI_SetMode(SPI_TypeDef *SPIx, uint32_t Mode)
 350:Drivers/STM32F4xx_HAL_Driver/Inc/stm32f4xx_ll_spi.h **** {
 351:Drivers/STM32F4xx_HAL_Driver/Inc/stm32f4xx_ll_spi.h ****   MODIFY_REG(SPIx->CR1, SPI_CR1_MSTR | SPI_CR1_SSI, Mode);
 352:Drivers/STM32F4xx_HAL_Driver/Inc/stm32f4xx_ll_spi.h **** }
 353:Drivers/STM32F4xx_HAL_Driver/Inc/stm32f4xx_ll_spi.h **** 
 354:Drivers/STM32F4xx_HAL_Driver/Inc/stm32f4xx_ll_spi.h **** /**
 355:Drivers/STM32F4xx_HAL_Driver/Inc/stm32f4xx_ll_spi.h ****   * @brief  Get SPI operation mode (Master or Slave)
 356:Drivers/STM32F4xx_HAL_Driver/Inc/stm32f4xx_ll_spi.h ****   * @rmtoll CR1          MSTR          LL_SPI_GetMode\n
 357:Drivers/STM32F4xx_HAL_Driver/Inc/stm32f4xx_ll_spi.h ****   *         CR1          SSI           LL_SPI_GetMode
 358:Drivers/STM32F4xx_HAL_Driver/Inc/stm32f4xx_ll_spi.h ****   * @param  SPIx SPI Instance
 359:Drivers/STM32F4xx_HAL_Driver/Inc/stm32f4xx_ll_spi.h ****   * @retval Returned value can be one of the following values:
 360:Drivers/STM32F4xx_HAL_Driver/Inc/stm32f4xx_ll_spi.h ****   *         @arg @ref LL_SPI_MODE_MASTER
 361:Drivers/STM32F4xx_HAL_Driver/Inc/stm32f4xx_ll_spi.h ****   *         @arg @ref LL_SPI_MODE_SLAVE
 362:Drivers/STM32F4xx_HAL_Driver/Inc/stm32f4xx_ll_spi.h ****   */
 363:Drivers/STM32F4xx_HAL_Driver/Inc/stm32f4xx_ll_spi.h **** __STATIC_INLINE uint32_t LL_SPI_GetMode(const SPI_TypeDef *SPIx)
 364:Drivers/STM32F4xx_HAL_Driver/Inc/stm32f4xx_ll_spi.h **** {
 365:Drivers/STM32F4xx_HAL_Driver/Inc/stm32f4xx_ll_spi.h ****   return (uint32_t)(READ_BIT(SPIx->CR1, SPI_CR1_MSTR | SPI_CR1_SSI));
 366:Drivers/STM32F4xx_HAL_Driver/Inc/stm32f4xx_ll_spi.h **** }
 367:Drivers/STM32F4xx_HAL_Driver/Inc/stm32f4xx_ll_spi.h **** 
 368:Drivers/STM32F4xx_HAL_Driver/Inc/stm32f4xx_ll_spi.h **** /**
 369:Drivers/STM32F4xx_HAL_Driver/Inc/stm32f4xx_ll_spi.h ****   * @brief  Set serial protocol used
 370:Drivers/STM32F4xx_HAL_Driver/Inc/stm32f4xx_ll_spi.h ****   * @note   This bit should be written only when SPI is disabled (SPE = 0) for correct operation.
 371:Drivers/STM32F4xx_HAL_Driver/Inc/stm32f4xx_ll_spi.h ****   * @rmtoll CR2          FRF           LL_SPI_SetStandard
 372:Drivers/STM32F4xx_HAL_Driver/Inc/stm32f4xx_ll_spi.h ****   * @param  SPIx SPI Instance
 373:Drivers/STM32F4xx_HAL_Driver/Inc/stm32f4xx_ll_spi.h ****   * @param  Standard This parameter can be one of the following values:
 374:Drivers/STM32F4xx_HAL_Driver/Inc/stm32f4xx_ll_spi.h ****   *         @arg @ref LL_SPI_PROTOCOL_MOTOROLA
 375:Drivers/STM32F4xx_HAL_Driver/Inc/stm32f4xx_ll_spi.h ****   *         @arg @ref LL_SPI_PROTOCOL_TI
 376:Drivers/STM32F4xx_HAL_Driver/Inc/stm32f4xx_ll_spi.h ****   * @retval None
ARM GAS  C:\Users\chris\AppData\Local\Temp\ccsULun0.s 			page 53


 377:Drivers/STM32F4xx_HAL_Driver/Inc/stm32f4xx_ll_spi.h ****   */
 378:Drivers/STM32F4xx_HAL_Driver/Inc/stm32f4xx_ll_spi.h **** __STATIC_INLINE void LL_SPI_SetStandard(SPI_TypeDef *SPIx, uint32_t Standard)
 379:Drivers/STM32F4xx_HAL_Driver/Inc/stm32f4xx_ll_spi.h **** {
 380:Drivers/STM32F4xx_HAL_Driver/Inc/stm32f4xx_ll_spi.h ****   MODIFY_REG(SPIx->CR2, SPI_CR2_FRF, Standard);
 381:Drivers/STM32F4xx_HAL_Driver/Inc/stm32f4xx_ll_spi.h **** }
 382:Drivers/STM32F4xx_HAL_Driver/Inc/stm32f4xx_ll_spi.h **** 
 383:Drivers/STM32F4xx_HAL_Driver/Inc/stm32f4xx_ll_spi.h **** /**
 384:Drivers/STM32F4xx_HAL_Driver/Inc/stm32f4xx_ll_spi.h ****   * @brief  Get serial protocol used
 385:Drivers/STM32F4xx_HAL_Driver/Inc/stm32f4xx_ll_spi.h ****   * @rmtoll CR2          FRF           LL_SPI_GetStandard
 386:Drivers/STM32F4xx_HAL_Driver/Inc/stm32f4xx_ll_spi.h ****   * @param  SPIx SPI Instance
 387:Drivers/STM32F4xx_HAL_Driver/Inc/stm32f4xx_ll_spi.h ****   * @retval Returned value can be one of the following values:
 388:Drivers/STM32F4xx_HAL_Driver/Inc/stm32f4xx_ll_spi.h ****   *         @arg @ref LL_SPI_PROTOCOL_MOTOROLA
 389:Drivers/STM32F4xx_HAL_Driver/Inc/stm32f4xx_ll_spi.h ****   *         @arg @ref LL_SPI_PROTOCOL_TI
 390:Drivers/STM32F4xx_HAL_Driver/Inc/stm32f4xx_ll_spi.h ****   */
 391:Drivers/STM32F4xx_HAL_Driver/Inc/stm32f4xx_ll_spi.h **** __STATIC_INLINE uint32_t LL_SPI_GetStandard(const SPI_TypeDef *SPIx)
 392:Drivers/STM32F4xx_HAL_Driver/Inc/stm32f4xx_ll_spi.h **** {
 393:Drivers/STM32F4xx_HAL_Driver/Inc/stm32f4xx_ll_spi.h ****   return (uint32_t)(READ_BIT(SPIx->CR2, SPI_CR2_FRF));
 394:Drivers/STM32F4xx_HAL_Driver/Inc/stm32f4xx_ll_spi.h **** }
 395:Drivers/STM32F4xx_HAL_Driver/Inc/stm32f4xx_ll_spi.h **** 
 396:Drivers/STM32F4xx_HAL_Driver/Inc/stm32f4xx_ll_spi.h **** /**
 397:Drivers/STM32F4xx_HAL_Driver/Inc/stm32f4xx_ll_spi.h ****   * @brief  Set clock phase
 398:Drivers/STM32F4xx_HAL_Driver/Inc/stm32f4xx_ll_spi.h ****   * @note   This bit should not be changed when communication is ongoing.
 399:Drivers/STM32F4xx_HAL_Driver/Inc/stm32f4xx_ll_spi.h ****   *         This bit is not used in SPI TI mode.
 400:Drivers/STM32F4xx_HAL_Driver/Inc/stm32f4xx_ll_spi.h ****   * @rmtoll CR1          CPHA          LL_SPI_SetClockPhase
 401:Drivers/STM32F4xx_HAL_Driver/Inc/stm32f4xx_ll_spi.h ****   * @param  SPIx SPI Instance
 402:Drivers/STM32F4xx_HAL_Driver/Inc/stm32f4xx_ll_spi.h ****   * @param  ClockPhase This parameter can be one of the following values:
 403:Drivers/STM32F4xx_HAL_Driver/Inc/stm32f4xx_ll_spi.h ****   *         @arg @ref LL_SPI_PHASE_1EDGE
 404:Drivers/STM32F4xx_HAL_Driver/Inc/stm32f4xx_ll_spi.h ****   *         @arg @ref LL_SPI_PHASE_2EDGE
 405:Drivers/STM32F4xx_HAL_Driver/Inc/stm32f4xx_ll_spi.h ****   * @retval None
 406:Drivers/STM32F4xx_HAL_Driver/Inc/stm32f4xx_ll_spi.h ****   */
 407:Drivers/STM32F4xx_HAL_Driver/Inc/stm32f4xx_ll_spi.h **** __STATIC_INLINE void LL_SPI_SetClockPhase(SPI_TypeDef *SPIx, uint32_t ClockPhase)
 408:Drivers/STM32F4xx_HAL_Driver/Inc/stm32f4xx_ll_spi.h **** {
 409:Drivers/STM32F4xx_HAL_Driver/Inc/stm32f4xx_ll_spi.h ****   MODIFY_REG(SPIx->CR1, SPI_CR1_CPHA, ClockPhase);
 410:Drivers/STM32F4xx_HAL_Driver/Inc/stm32f4xx_ll_spi.h **** }
 411:Drivers/STM32F4xx_HAL_Driver/Inc/stm32f4xx_ll_spi.h **** 
 412:Drivers/STM32F4xx_HAL_Driver/Inc/stm32f4xx_ll_spi.h **** /**
 413:Drivers/STM32F4xx_HAL_Driver/Inc/stm32f4xx_ll_spi.h ****   * @brief  Get clock phase
 414:Drivers/STM32F4xx_HAL_Driver/Inc/stm32f4xx_ll_spi.h ****   * @rmtoll CR1          CPHA          LL_SPI_GetClockPhase
 415:Drivers/STM32F4xx_HAL_Driver/Inc/stm32f4xx_ll_spi.h ****   * @param  SPIx SPI Instance
 416:Drivers/STM32F4xx_HAL_Driver/Inc/stm32f4xx_ll_spi.h ****   * @retval Returned value can be one of the following values:
 417:Drivers/STM32F4xx_HAL_Driver/Inc/stm32f4xx_ll_spi.h ****   *         @arg @ref LL_SPI_PHASE_1EDGE
 418:Drivers/STM32F4xx_HAL_Driver/Inc/stm32f4xx_ll_spi.h ****   *         @arg @ref LL_SPI_PHASE_2EDGE
 419:Drivers/STM32F4xx_HAL_Driver/Inc/stm32f4xx_ll_spi.h ****   */
 420:Drivers/STM32F4xx_HAL_Driver/Inc/stm32f4xx_ll_spi.h **** __STATIC_INLINE uint32_t LL_SPI_GetClockPhase(const SPI_TypeDef *SPIx)
 421:Drivers/STM32F4xx_HAL_Driver/Inc/stm32f4xx_ll_spi.h **** {
 422:Drivers/STM32F4xx_HAL_Driver/Inc/stm32f4xx_ll_spi.h ****   return (uint32_t)(READ_BIT(SPIx->CR1, SPI_CR1_CPHA));
 423:Drivers/STM32F4xx_HAL_Driver/Inc/stm32f4xx_ll_spi.h **** }
 424:Drivers/STM32F4xx_HAL_Driver/Inc/stm32f4xx_ll_spi.h **** 
 425:Drivers/STM32F4xx_HAL_Driver/Inc/stm32f4xx_ll_spi.h **** /**
 426:Drivers/STM32F4xx_HAL_Driver/Inc/stm32f4xx_ll_spi.h ****   * @brief  Set clock polarity
 427:Drivers/STM32F4xx_HAL_Driver/Inc/stm32f4xx_ll_spi.h ****   * @note   This bit should not be changed when communication is ongoing.
 428:Drivers/STM32F4xx_HAL_Driver/Inc/stm32f4xx_ll_spi.h ****   *         This bit is not used in SPI TI mode.
 429:Drivers/STM32F4xx_HAL_Driver/Inc/stm32f4xx_ll_spi.h ****   * @rmtoll CR1          CPOL          LL_SPI_SetClockPolarity
 430:Drivers/STM32F4xx_HAL_Driver/Inc/stm32f4xx_ll_spi.h ****   * @param  SPIx SPI Instance
 431:Drivers/STM32F4xx_HAL_Driver/Inc/stm32f4xx_ll_spi.h ****   * @param  ClockPolarity This parameter can be one of the following values:
 432:Drivers/STM32F4xx_HAL_Driver/Inc/stm32f4xx_ll_spi.h ****   *         @arg @ref LL_SPI_POLARITY_LOW
 433:Drivers/STM32F4xx_HAL_Driver/Inc/stm32f4xx_ll_spi.h ****   *         @arg @ref LL_SPI_POLARITY_HIGH
ARM GAS  C:\Users\chris\AppData\Local\Temp\ccsULun0.s 			page 54


 434:Drivers/STM32F4xx_HAL_Driver/Inc/stm32f4xx_ll_spi.h ****   * @retval None
 435:Drivers/STM32F4xx_HAL_Driver/Inc/stm32f4xx_ll_spi.h ****   */
 436:Drivers/STM32F4xx_HAL_Driver/Inc/stm32f4xx_ll_spi.h **** __STATIC_INLINE void LL_SPI_SetClockPolarity(SPI_TypeDef *SPIx, uint32_t ClockPolarity)
 437:Drivers/STM32F4xx_HAL_Driver/Inc/stm32f4xx_ll_spi.h **** {
 438:Drivers/STM32F4xx_HAL_Driver/Inc/stm32f4xx_ll_spi.h ****   MODIFY_REG(SPIx->CR1, SPI_CR1_CPOL, ClockPolarity);
 439:Drivers/STM32F4xx_HAL_Driver/Inc/stm32f4xx_ll_spi.h **** }
 440:Drivers/STM32F4xx_HAL_Driver/Inc/stm32f4xx_ll_spi.h **** 
 441:Drivers/STM32F4xx_HAL_Driver/Inc/stm32f4xx_ll_spi.h **** /**
 442:Drivers/STM32F4xx_HAL_Driver/Inc/stm32f4xx_ll_spi.h ****   * @brief  Get clock polarity
 443:Drivers/STM32F4xx_HAL_Driver/Inc/stm32f4xx_ll_spi.h ****   * @rmtoll CR1          CPOL          LL_SPI_GetClockPolarity
 444:Drivers/STM32F4xx_HAL_Driver/Inc/stm32f4xx_ll_spi.h ****   * @param  SPIx SPI Instance
 445:Drivers/STM32F4xx_HAL_Driver/Inc/stm32f4xx_ll_spi.h ****   * @retval Returned value can be one of the following values:
 446:Drivers/STM32F4xx_HAL_Driver/Inc/stm32f4xx_ll_spi.h ****   *         @arg @ref LL_SPI_POLARITY_LOW
 447:Drivers/STM32F4xx_HAL_Driver/Inc/stm32f4xx_ll_spi.h ****   *         @arg @ref LL_SPI_POLARITY_HIGH
 448:Drivers/STM32F4xx_HAL_Driver/Inc/stm32f4xx_ll_spi.h ****   */
 449:Drivers/STM32F4xx_HAL_Driver/Inc/stm32f4xx_ll_spi.h **** __STATIC_INLINE uint32_t LL_SPI_GetClockPolarity(const SPI_TypeDef *SPIx)
 450:Drivers/STM32F4xx_HAL_Driver/Inc/stm32f4xx_ll_spi.h **** {
 451:Drivers/STM32F4xx_HAL_Driver/Inc/stm32f4xx_ll_spi.h ****   return (uint32_t)(READ_BIT(SPIx->CR1, SPI_CR1_CPOL));
 452:Drivers/STM32F4xx_HAL_Driver/Inc/stm32f4xx_ll_spi.h **** }
 453:Drivers/STM32F4xx_HAL_Driver/Inc/stm32f4xx_ll_spi.h **** 
 454:Drivers/STM32F4xx_HAL_Driver/Inc/stm32f4xx_ll_spi.h **** /**
 455:Drivers/STM32F4xx_HAL_Driver/Inc/stm32f4xx_ll_spi.h ****   * @brief  Set baud rate prescaler
 456:Drivers/STM32F4xx_HAL_Driver/Inc/stm32f4xx_ll_spi.h ****   * @note   These bits should not be changed when communication is ongoing. SPI BaudRate = fPCLK/Pr
 457:Drivers/STM32F4xx_HAL_Driver/Inc/stm32f4xx_ll_spi.h ****   * @rmtoll CR1          BR            LL_SPI_SetBaudRatePrescaler
 458:Drivers/STM32F4xx_HAL_Driver/Inc/stm32f4xx_ll_spi.h ****   * @param  SPIx SPI Instance
 459:Drivers/STM32F4xx_HAL_Driver/Inc/stm32f4xx_ll_spi.h ****   * @param  BaudRate This parameter can be one of the following values:
 460:Drivers/STM32F4xx_HAL_Driver/Inc/stm32f4xx_ll_spi.h ****   *         @arg @ref LL_SPI_BAUDRATEPRESCALER_DIV2
 461:Drivers/STM32F4xx_HAL_Driver/Inc/stm32f4xx_ll_spi.h ****   *         @arg @ref LL_SPI_BAUDRATEPRESCALER_DIV4
 462:Drivers/STM32F4xx_HAL_Driver/Inc/stm32f4xx_ll_spi.h ****   *         @arg @ref LL_SPI_BAUDRATEPRESCALER_DIV8
 463:Drivers/STM32F4xx_HAL_Driver/Inc/stm32f4xx_ll_spi.h ****   *         @arg @ref LL_SPI_BAUDRATEPRESCALER_DIV16
 464:Drivers/STM32F4xx_HAL_Driver/Inc/stm32f4xx_ll_spi.h ****   *         @arg @ref LL_SPI_BAUDRATEPRESCALER_DIV32
 465:Drivers/STM32F4xx_HAL_Driver/Inc/stm32f4xx_ll_spi.h ****   *         @arg @ref LL_SPI_BAUDRATEPRESCALER_DIV64
 466:Drivers/STM32F4xx_HAL_Driver/Inc/stm32f4xx_ll_spi.h ****   *         @arg @ref LL_SPI_BAUDRATEPRESCALER_DIV128
 467:Drivers/STM32F4xx_HAL_Driver/Inc/stm32f4xx_ll_spi.h ****   *         @arg @ref LL_SPI_BAUDRATEPRESCALER_DIV256
 468:Drivers/STM32F4xx_HAL_Driver/Inc/stm32f4xx_ll_spi.h ****   * @retval None
 469:Drivers/STM32F4xx_HAL_Driver/Inc/stm32f4xx_ll_spi.h ****   */
 470:Drivers/STM32F4xx_HAL_Driver/Inc/stm32f4xx_ll_spi.h **** __STATIC_INLINE void LL_SPI_SetBaudRatePrescaler(SPI_TypeDef *SPIx, uint32_t BaudRate)
 471:Drivers/STM32F4xx_HAL_Driver/Inc/stm32f4xx_ll_spi.h **** {
 472:Drivers/STM32F4xx_HAL_Driver/Inc/stm32f4xx_ll_spi.h ****   MODIFY_REG(SPIx->CR1, SPI_CR1_BR, BaudRate);
 473:Drivers/STM32F4xx_HAL_Driver/Inc/stm32f4xx_ll_spi.h **** }
 474:Drivers/STM32F4xx_HAL_Driver/Inc/stm32f4xx_ll_spi.h **** 
 475:Drivers/STM32F4xx_HAL_Driver/Inc/stm32f4xx_ll_spi.h **** /**
 476:Drivers/STM32F4xx_HAL_Driver/Inc/stm32f4xx_ll_spi.h ****   * @brief  Get baud rate prescaler
 477:Drivers/STM32F4xx_HAL_Driver/Inc/stm32f4xx_ll_spi.h ****   * @rmtoll CR1          BR            LL_SPI_GetBaudRatePrescaler
 478:Drivers/STM32F4xx_HAL_Driver/Inc/stm32f4xx_ll_spi.h ****   * @param  SPIx SPI Instance
 479:Drivers/STM32F4xx_HAL_Driver/Inc/stm32f4xx_ll_spi.h ****   * @retval Returned value can be one of the following values:
 480:Drivers/STM32F4xx_HAL_Driver/Inc/stm32f4xx_ll_spi.h ****   *         @arg @ref LL_SPI_BAUDRATEPRESCALER_DIV2
 481:Drivers/STM32F4xx_HAL_Driver/Inc/stm32f4xx_ll_spi.h ****   *         @arg @ref LL_SPI_BAUDRATEPRESCALER_DIV4
 482:Drivers/STM32F4xx_HAL_Driver/Inc/stm32f4xx_ll_spi.h ****   *         @arg @ref LL_SPI_BAUDRATEPRESCALER_DIV8
 483:Drivers/STM32F4xx_HAL_Driver/Inc/stm32f4xx_ll_spi.h ****   *         @arg @ref LL_SPI_BAUDRATEPRESCALER_DIV16
 484:Drivers/STM32F4xx_HAL_Driver/Inc/stm32f4xx_ll_spi.h ****   *         @arg @ref LL_SPI_BAUDRATEPRESCALER_DIV32
 485:Drivers/STM32F4xx_HAL_Driver/Inc/stm32f4xx_ll_spi.h ****   *         @arg @ref LL_SPI_BAUDRATEPRESCALER_DIV64
 486:Drivers/STM32F4xx_HAL_Driver/Inc/stm32f4xx_ll_spi.h ****   *         @arg @ref LL_SPI_BAUDRATEPRESCALER_DIV128
 487:Drivers/STM32F4xx_HAL_Driver/Inc/stm32f4xx_ll_spi.h ****   *         @arg @ref LL_SPI_BAUDRATEPRESCALER_DIV256
 488:Drivers/STM32F4xx_HAL_Driver/Inc/stm32f4xx_ll_spi.h ****   */
 489:Drivers/STM32F4xx_HAL_Driver/Inc/stm32f4xx_ll_spi.h **** __STATIC_INLINE uint32_t LL_SPI_GetBaudRatePrescaler(const SPI_TypeDef *SPIx)
 490:Drivers/STM32F4xx_HAL_Driver/Inc/stm32f4xx_ll_spi.h **** {
ARM GAS  C:\Users\chris\AppData\Local\Temp\ccsULun0.s 			page 55


 491:Drivers/STM32F4xx_HAL_Driver/Inc/stm32f4xx_ll_spi.h ****   return (uint32_t)(READ_BIT(SPIx->CR1, SPI_CR1_BR));
 492:Drivers/STM32F4xx_HAL_Driver/Inc/stm32f4xx_ll_spi.h **** }
 493:Drivers/STM32F4xx_HAL_Driver/Inc/stm32f4xx_ll_spi.h **** 
 494:Drivers/STM32F4xx_HAL_Driver/Inc/stm32f4xx_ll_spi.h **** /**
 495:Drivers/STM32F4xx_HAL_Driver/Inc/stm32f4xx_ll_spi.h ****   * @brief  Set transfer bit order
 496:Drivers/STM32F4xx_HAL_Driver/Inc/stm32f4xx_ll_spi.h ****   * @note   This bit should not be changed when communication is ongoing. This bit is not used in S
 497:Drivers/STM32F4xx_HAL_Driver/Inc/stm32f4xx_ll_spi.h ****   * @rmtoll CR1          LSBFIRST      LL_SPI_SetTransferBitOrder
 498:Drivers/STM32F4xx_HAL_Driver/Inc/stm32f4xx_ll_spi.h ****   * @param  SPIx SPI Instance
 499:Drivers/STM32F4xx_HAL_Driver/Inc/stm32f4xx_ll_spi.h ****   * @param  BitOrder This parameter can be one of the following values:
 500:Drivers/STM32F4xx_HAL_Driver/Inc/stm32f4xx_ll_spi.h ****   *         @arg @ref LL_SPI_LSB_FIRST
 501:Drivers/STM32F4xx_HAL_Driver/Inc/stm32f4xx_ll_spi.h ****   *         @arg @ref LL_SPI_MSB_FIRST
 502:Drivers/STM32F4xx_HAL_Driver/Inc/stm32f4xx_ll_spi.h ****   * @retval None
 503:Drivers/STM32F4xx_HAL_Driver/Inc/stm32f4xx_ll_spi.h ****   */
 504:Drivers/STM32F4xx_HAL_Driver/Inc/stm32f4xx_ll_spi.h **** __STATIC_INLINE void LL_SPI_SetTransferBitOrder(SPI_TypeDef *SPIx, uint32_t BitOrder)
 505:Drivers/STM32F4xx_HAL_Driver/Inc/stm32f4xx_ll_spi.h **** {
 506:Drivers/STM32F4xx_HAL_Driver/Inc/stm32f4xx_ll_spi.h ****   MODIFY_REG(SPIx->CR1, SPI_CR1_LSBFIRST, BitOrder);
 507:Drivers/STM32F4xx_HAL_Driver/Inc/stm32f4xx_ll_spi.h **** }
 508:Drivers/STM32F4xx_HAL_Driver/Inc/stm32f4xx_ll_spi.h **** 
 509:Drivers/STM32F4xx_HAL_Driver/Inc/stm32f4xx_ll_spi.h **** /**
 510:Drivers/STM32F4xx_HAL_Driver/Inc/stm32f4xx_ll_spi.h ****   * @brief  Get transfer bit order
 511:Drivers/STM32F4xx_HAL_Driver/Inc/stm32f4xx_ll_spi.h ****   * @rmtoll CR1          LSBFIRST      LL_SPI_GetTransferBitOrder
 512:Drivers/STM32F4xx_HAL_Driver/Inc/stm32f4xx_ll_spi.h ****   * @param  SPIx SPI Instance
 513:Drivers/STM32F4xx_HAL_Driver/Inc/stm32f4xx_ll_spi.h ****   * @retval Returned value can be one of the following values:
 514:Drivers/STM32F4xx_HAL_Driver/Inc/stm32f4xx_ll_spi.h ****   *         @arg @ref LL_SPI_LSB_FIRST
 515:Drivers/STM32F4xx_HAL_Driver/Inc/stm32f4xx_ll_spi.h ****   *         @arg @ref LL_SPI_MSB_FIRST
 516:Drivers/STM32F4xx_HAL_Driver/Inc/stm32f4xx_ll_spi.h ****   */
 517:Drivers/STM32F4xx_HAL_Driver/Inc/stm32f4xx_ll_spi.h **** __STATIC_INLINE uint32_t LL_SPI_GetTransferBitOrder(const SPI_TypeDef *SPIx)
 518:Drivers/STM32F4xx_HAL_Driver/Inc/stm32f4xx_ll_spi.h **** {
 519:Drivers/STM32F4xx_HAL_Driver/Inc/stm32f4xx_ll_spi.h ****   return (uint32_t)(READ_BIT(SPIx->CR1, SPI_CR1_LSBFIRST));
 520:Drivers/STM32F4xx_HAL_Driver/Inc/stm32f4xx_ll_spi.h **** }
 521:Drivers/STM32F4xx_HAL_Driver/Inc/stm32f4xx_ll_spi.h **** 
 522:Drivers/STM32F4xx_HAL_Driver/Inc/stm32f4xx_ll_spi.h **** /**
 523:Drivers/STM32F4xx_HAL_Driver/Inc/stm32f4xx_ll_spi.h ****   * @brief  Set transfer direction mode
 524:Drivers/STM32F4xx_HAL_Driver/Inc/stm32f4xx_ll_spi.h ****   * @note   For Half-Duplex mode, Rx Direction is set by default.
 525:Drivers/STM32F4xx_HAL_Driver/Inc/stm32f4xx_ll_spi.h ****   *         In master mode, the MOSI pin is used and in slave mode, the MISO pin is used for Half-D
 526:Drivers/STM32F4xx_HAL_Driver/Inc/stm32f4xx_ll_spi.h ****   * @rmtoll CR1          RXONLY        LL_SPI_SetTransferDirection\n
 527:Drivers/STM32F4xx_HAL_Driver/Inc/stm32f4xx_ll_spi.h ****   *         CR1          BIDIMODE      LL_SPI_SetTransferDirection\n
 528:Drivers/STM32F4xx_HAL_Driver/Inc/stm32f4xx_ll_spi.h ****   *         CR1          BIDIOE        LL_SPI_SetTransferDirection
 529:Drivers/STM32F4xx_HAL_Driver/Inc/stm32f4xx_ll_spi.h ****   * @param  SPIx SPI Instance
 530:Drivers/STM32F4xx_HAL_Driver/Inc/stm32f4xx_ll_spi.h ****   * @param  TransferDirection This parameter can be one of the following values:
 531:Drivers/STM32F4xx_HAL_Driver/Inc/stm32f4xx_ll_spi.h ****   *         @arg @ref LL_SPI_FULL_DUPLEX
 532:Drivers/STM32F4xx_HAL_Driver/Inc/stm32f4xx_ll_spi.h ****   *         @arg @ref LL_SPI_SIMPLEX_RX
 533:Drivers/STM32F4xx_HAL_Driver/Inc/stm32f4xx_ll_spi.h ****   *         @arg @ref LL_SPI_HALF_DUPLEX_RX
 534:Drivers/STM32F4xx_HAL_Driver/Inc/stm32f4xx_ll_spi.h ****   *         @arg @ref LL_SPI_HALF_DUPLEX_TX
 535:Drivers/STM32F4xx_HAL_Driver/Inc/stm32f4xx_ll_spi.h ****   * @retval None
 536:Drivers/STM32F4xx_HAL_Driver/Inc/stm32f4xx_ll_spi.h ****   */
 537:Drivers/STM32F4xx_HAL_Driver/Inc/stm32f4xx_ll_spi.h **** __STATIC_INLINE void LL_SPI_SetTransferDirection(SPI_TypeDef *SPIx, uint32_t TransferDirection)
 538:Drivers/STM32F4xx_HAL_Driver/Inc/stm32f4xx_ll_spi.h **** {
 539:Drivers/STM32F4xx_HAL_Driver/Inc/stm32f4xx_ll_spi.h ****   MODIFY_REG(SPIx->CR1, SPI_CR1_RXONLY | SPI_CR1_BIDIMODE | SPI_CR1_BIDIOE, TransferDirection);
 540:Drivers/STM32F4xx_HAL_Driver/Inc/stm32f4xx_ll_spi.h **** }
 541:Drivers/STM32F4xx_HAL_Driver/Inc/stm32f4xx_ll_spi.h **** 
 542:Drivers/STM32F4xx_HAL_Driver/Inc/stm32f4xx_ll_spi.h **** /**
 543:Drivers/STM32F4xx_HAL_Driver/Inc/stm32f4xx_ll_spi.h ****   * @brief  Get transfer direction mode
 544:Drivers/STM32F4xx_HAL_Driver/Inc/stm32f4xx_ll_spi.h ****   * @rmtoll CR1          RXONLY        LL_SPI_GetTransferDirection\n
 545:Drivers/STM32F4xx_HAL_Driver/Inc/stm32f4xx_ll_spi.h ****   *         CR1          BIDIMODE      LL_SPI_GetTransferDirection\n
 546:Drivers/STM32F4xx_HAL_Driver/Inc/stm32f4xx_ll_spi.h ****   *         CR1          BIDIOE        LL_SPI_GetTransferDirection
 547:Drivers/STM32F4xx_HAL_Driver/Inc/stm32f4xx_ll_spi.h ****   * @param  SPIx SPI Instance
ARM GAS  C:\Users\chris\AppData\Local\Temp\ccsULun0.s 			page 56


 548:Drivers/STM32F4xx_HAL_Driver/Inc/stm32f4xx_ll_spi.h ****   * @retval Returned value can be one of the following values:
 549:Drivers/STM32F4xx_HAL_Driver/Inc/stm32f4xx_ll_spi.h ****   *         @arg @ref LL_SPI_FULL_DUPLEX
 550:Drivers/STM32F4xx_HAL_Driver/Inc/stm32f4xx_ll_spi.h ****   *         @arg @ref LL_SPI_SIMPLEX_RX
 551:Drivers/STM32F4xx_HAL_Driver/Inc/stm32f4xx_ll_spi.h ****   *         @arg @ref LL_SPI_HALF_DUPLEX_RX
 552:Drivers/STM32F4xx_HAL_Driver/Inc/stm32f4xx_ll_spi.h ****   *         @arg @ref LL_SPI_HALF_DUPLEX_TX
 553:Drivers/STM32F4xx_HAL_Driver/Inc/stm32f4xx_ll_spi.h ****   */
 554:Drivers/STM32F4xx_HAL_Driver/Inc/stm32f4xx_ll_spi.h **** __STATIC_INLINE uint32_t LL_SPI_GetTransferDirection(const SPI_TypeDef *SPIx)
 555:Drivers/STM32F4xx_HAL_Driver/Inc/stm32f4xx_ll_spi.h **** {
 556:Drivers/STM32F4xx_HAL_Driver/Inc/stm32f4xx_ll_spi.h ****   return (uint32_t)(READ_BIT(SPIx->CR1, SPI_CR1_RXONLY | SPI_CR1_BIDIMODE | SPI_CR1_BIDIOE));
 557:Drivers/STM32F4xx_HAL_Driver/Inc/stm32f4xx_ll_spi.h **** }
 558:Drivers/STM32F4xx_HAL_Driver/Inc/stm32f4xx_ll_spi.h **** 
 559:Drivers/STM32F4xx_HAL_Driver/Inc/stm32f4xx_ll_spi.h **** /**
 560:Drivers/STM32F4xx_HAL_Driver/Inc/stm32f4xx_ll_spi.h ****   * @brief  Set frame data width
 561:Drivers/STM32F4xx_HAL_Driver/Inc/stm32f4xx_ll_spi.h ****   * @rmtoll CR1          DFF           LL_SPI_SetDataWidth
 562:Drivers/STM32F4xx_HAL_Driver/Inc/stm32f4xx_ll_spi.h ****   * @param  SPIx SPI Instance
 563:Drivers/STM32F4xx_HAL_Driver/Inc/stm32f4xx_ll_spi.h ****   * @param  DataWidth This parameter can be one of the following values:
 564:Drivers/STM32F4xx_HAL_Driver/Inc/stm32f4xx_ll_spi.h ****   *         @arg @ref LL_SPI_DATAWIDTH_8BIT
 565:Drivers/STM32F4xx_HAL_Driver/Inc/stm32f4xx_ll_spi.h ****   *         @arg @ref LL_SPI_DATAWIDTH_16BIT
 566:Drivers/STM32F4xx_HAL_Driver/Inc/stm32f4xx_ll_spi.h ****   * @retval None
 567:Drivers/STM32F4xx_HAL_Driver/Inc/stm32f4xx_ll_spi.h ****   */
 568:Drivers/STM32F4xx_HAL_Driver/Inc/stm32f4xx_ll_spi.h **** __STATIC_INLINE void LL_SPI_SetDataWidth(SPI_TypeDef *SPIx, uint32_t DataWidth)
 569:Drivers/STM32F4xx_HAL_Driver/Inc/stm32f4xx_ll_spi.h **** {
 570:Drivers/STM32F4xx_HAL_Driver/Inc/stm32f4xx_ll_spi.h ****   MODIFY_REG(SPIx->CR1, SPI_CR1_DFF, DataWidth);
 571:Drivers/STM32F4xx_HAL_Driver/Inc/stm32f4xx_ll_spi.h **** }
 572:Drivers/STM32F4xx_HAL_Driver/Inc/stm32f4xx_ll_spi.h **** 
 573:Drivers/STM32F4xx_HAL_Driver/Inc/stm32f4xx_ll_spi.h **** /**
 574:Drivers/STM32F4xx_HAL_Driver/Inc/stm32f4xx_ll_spi.h ****   * @brief  Get frame data width
 575:Drivers/STM32F4xx_HAL_Driver/Inc/stm32f4xx_ll_spi.h ****   * @rmtoll CR1          DFF           LL_SPI_GetDataWidth
 576:Drivers/STM32F4xx_HAL_Driver/Inc/stm32f4xx_ll_spi.h ****   * @param  SPIx SPI Instance
 577:Drivers/STM32F4xx_HAL_Driver/Inc/stm32f4xx_ll_spi.h ****   * @retval Returned value can be one of the following values:
 578:Drivers/STM32F4xx_HAL_Driver/Inc/stm32f4xx_ll_spi.h ****   *         @arg @ref LL_SPI_DATAWIDTH_8BIT
 579:Drivers/STM32F4xx_HAL_Driver/Inc/stm32f4xx_ll_spi.h ****   *         @arg @ref LL_SPI_DATAWIDTH_16BIT
 580:Drivers/STM32F4xx_HAL_Driver/Inc/stm32f4xx_ll_spi.h ****   */
 581:Drivers/STM32F4xx_HAL_Driver/Inc/stm32f4xx_ll_spi.h **** __STATIC_INLINE uint32_t LL_SPI_GetDataWidth(const SPI_TypeDef *SPIx)
 582:Drivers/STM32F4xx_HAL_Driver/Inc/stm32f4xx_ll_spi.h **** {
 583:Drivers/STM32F4xx_HAL_Driver/Inc/stm32f4xx_ll_spi.h ****   return (uint32_t)(READ_BIT(SPIx->CR1, SPI_CR1_DFF));
 584:Drivers/STM32F4xx_HAL_Driver/Inc/stm32f4xx_ll_spi.h **** }
 585:Drivers/STM32F4xx_HAL_Driver/Inc/stm32f4xx_ll_spi.h **** 
 586:Drivers/STM32F4xx_HAL_Driver/Inc/stm32f4xx_ll_spi.h **** /**
 587:Drivers/STM32F4xx_HAL_Driver/Inc/stm32f4xx_ll_spi.h ****   * @}
 588:Drivers/STM32F4xx_HAL_Driver/Inc/stm32f4xx_ll_spi.h ****   */
 589:Drivers/STM32F4xx_HAL_Driver/Inc/stm32f4xx_ll_spi.h **** 
 590:Drivers/STM32F4xx_HAL_Driver/Inc/stm32f4xx_ll_spi.h **** /** @defgroup SPI_LL_EF_CRC_Management CRC Management
 591:Drivers/STM32F4xx_HAL_Driver/Inc/stm32f4xx_ll_spi.h ****   * @{
 592:Drivers/STM32F4xx_HAL_Driver/Inc/stm32f4xx_ll_spi.h ****   */
 593:Drivers/STM32F4xx_HAL_Driver/Inc/stm32f4xx_ll_spi.h **** 
 594:Drivers/STM32F4xx_HAL_Driver/Inc/stm32f4xx_ll_spi.h **** /**
 595:Drivers/STM32F4xx_HAL_Driver/Inc/stm32f4xx_ll_spi.h ****   * @brief  Enable CRC
 596:Drivers/STM32F4xx_HAL_Driver/Inc/stm32f4xx_ll_spi.h ****   * @note   This bit should be written only when SPI is disabled (SPE = 0) for correct operation.
 597:Drivers/STM32F4xx_HAL_Driver/Inc/stm32f4xx_ll_spi.h ****   * @rmtoll CR1          CRCEN         LL_SPI_EnableCRC
 598:Drivers/STM32F4xx_HAL_Driver/Inc/stm32f4xx_ll_spi.h ****   * @param  SPIx SPI Instance
 599:Drivers/STM32F4xx_HAL_Driver/Inc/stm32f4xx_ll_spi.h ****   * @retval None
 600:Drivers/STM32F4xx_HAL_Driver/Inc/stm32f4xx_ll_spi.h ****   */
 601:Drivers/STM32F4xx_HAL_Driver/Inc/stm32f4xx_ll_spi.h **** __STATIC_INLINE void LL_SPI_EnableCRC(SPI_TypeDef *SPIx)
 602:Drivers/STM32F4xx_HAL_Driver/Inc/stm32f4xx_ll_spi.h **** {
 603:Drivers/STM32F4xx_HAL_Driver/Inc/stm32f4xx_ll_spi.h ****   SET_BIT(SPIx->CR1, SPI_CR1_CRCEN);
 604:Drivers/STM32F4xx_HAL_Driver/Inc/stm32f4xx_ll_spi.h **** }
ARM GAS  C:\Users\chris\AppData\Local\Temp\ccsULun0.s 			page 57


 605:Drivers/STM32F4xx_HAL_Driver/Inc/stm32f4xx_ll_spi.h **** 
 606:Drivers/STM32F4xx_HAL_Driver/Inc/stm32f4xx_ll_spi.h **** /**
 607:Drivers/STM32F4xx_HAL_Driver/Inc/stm32f4xx_ll_spi.h ****   * @brief  Disable CRC
 608:Drivers/STM32F4xx_HAL_Driver/Inc/stm32f4xx_ll_spi.h ****   * @note   This bit should be written only when SPI is disabled (SPE = 0) for correct operation.
 609:Drivers/STM32F4xx_HAL_Driver/Inc/stm32f4xx_ll_spi.h ****   * @rmtoll CR1          CRCEN         LL_SPI_DisableCRC
 610:Drivers/STM32F4xx_HAL_Driver/Inc/stm32f4xx_ll_spi.h ****   * @param  SPIx SPI Instance
 611:Drivers/STM32F4xx_HAL_Driver/Inc/stm32f4xx_ll_spi.h ****   * @retval None
 612:Drivers/STM32F4xx_HAL_Driver/Inc/stm32f4xx_ll_spi.h ****   */
 613:Drivers/STM32F4xx_HAL_Driver/Inc/stm32f4xx_ll_spi.h **** __STATIC_INLINE void LL_SPI_DisableCRC(SPI_TypeDef *SPIx)
 614:Drivers/STM32F4xx_HAL_Driver/Inc/stm32f4xx_ll_spi.h **** {
 615:Drivers/STM32F4xx_HAL_Driver/Inc/stm32f4xx_ll_spi.h ****   CLEAR_BIT(SPIx->CR1, SPI_CR1_CRCEN);
 616:Drivers/STM32F4xx_HAL_Driver/Inc/stm32f4xx_ll_spi.h **** }
 617:Drivers/STM32F4xx_HAL_Driver/Inc/stm32f4xx_ll_spi.h **** 
 618:Drivers/STM32F4xx_HAL_Driver/Inc/stm32f4xx_ll_spi.h **** /**
 619:Drivers/STM32F4xx_HAL_Driver/Inc/stm32f4xx_ll_spi.h ****   * @brief  Check if CRC is enabled
 620:Drivers/STM32F4xx_HAL_Driver/Inc/stm32f4xx_ll_spi.h ****   * @note   This bit should be written only when SPI is disabled (SPE = 0) for correct operation.
 621:Drivers/STM32F4xx_HAL_Driver/Inc/stm32f4xx_ll_spi.h ****   * @rmtoll CR1          CRCEN         LL_SPI_IsEnabledCRC
 622:Drivers/STM32F4xx_HAL_Driver/Inc/stm32f4xx_ll_spi.h ****   * @param  SPIx SPI Instance
 623:Drivers/STM32F4xx_HAL_Driver/Inc/stm32f4xx_ll_spi.h ****   * @retval State of bit (1 or 0).
 624:Drivers/STM32F4xx_HAL_Driver/Inc/stm32f4xx_ll_spi.h ****   */
 625:Drivers/STM32F4xx_HAL_Driver/Inc/stm32f4xx_ll_spi.h **** __STATIC_INLINE uint32_t LL_SPI_IsEnabledCRC(const SPI_TypeDef *SPIx)
 626:Drivers/STM32F4xx_HAL_Driver/Inc/stm32f4xx_ll_spi.h **** {
 627:Drivers/STM32F4xx_HAL_Driver/Inc/stm32f4xx_ll_spi.h ****   return ((READ_BIT(SPIx->CR1, SPI_CR1_CRCEN) == (SPI_CR1_CRCEN)) ? 1UL : 0UL);
 628:Drivers/STM32F4xx_HAL_Driver/Inc/stm32f4xx_ll_spi.h **** }
 629:Drivers/STM32F4xx_HAL_Driver/Inc/stm32f4xx_ll_spi.h **** 
 630:Drivers/STM32F4xx_HAL_Driver/Inc/stm32f4xx_ll_spi.h **** /**
 631:Drivers/STM32F4xx_HAL_Driver/Inc/stm32f4xx_ll_spi.h ****   * @brief  Set CRCNext to transfer CRC on the line
 632:Drivers/STM32F4xx_HAL_Driver/Inc/stm32f4xx_ll_spi.h ****   * @note   This bit has to be written as soon as the last data is written in the SPIx_DR register.
 633:Drivers/STM32F4xx_HAL_Driver/Inc/stm32f4xx_ll_spi.h ****   * @rmtoll CR1          CRCNEXT       LL_SPI_SetCRCNext
 634:Drivers/STM32F4xx_HAL_Driver/Inc/stm32f4xx_ll_spi.h ****   * @param  SPIx SPI Instance
 635:Drivers/STM32F4xx_HAL_Driver/Inc/stm32f4xx_ll_spi.h ****   * @retval None
 636:Drivers/STM32F4xx_HAL_Driver/Inc/stm32f4xx_ll_spi.h ****   */
 637:Drivers/STM32F4xx_HAL_Driver/Inc/stm32f4xx_ll_spi.h **** __STATIC_INLINE void LL_SPI_SetCRCNext(SPI_TypeDef *SPIx)
 638:Drivers/STM32F4xx_HAL_Driver/Inc/stm32f4xx_ll_spi.h **** {
 639:Drivers/STM32F4xx_HAL_Driver/Inc/stm32f4xx_ll_spi.h ****   SET_BIT(SPIx->CR1, SPI_CR1_CRCNEXT);
 640:Drivers/STM32F4xx_HAL_Driver/Inc/stm32f4xx_ll_spi.h **** }
 641:Drivers/STM32F4xx_HAL_Driver/Inc/stm32f4xx_ll_spi.h **** 
 642:Drivers/STM32F4xx_HAL_Driver/Inc/stm32f4xx_ll_spi.h **** /**
 643:Drivers/STM32F4xx_HAL_Driver/Inc/stm32f4xx_ll_spi.h ****   * @brief  Set polynomial for CRC calculation
 644:Drivers/STM32F4xx_HAL_Driver/Inc/stm32f4xx_ll_spi.h ****   * @rmtoll CRCPR        CRCPOLY       LL_SPI_SetCRCPolynomial
 645:Drivers/STM32F4xx_HAL_Driver/Inc/stm32f4xx_ll_spi.h ****   * @param  SPIx SPI Instance
 646:Drivers/STM32F4xx_HAL_Driver/Inc/stm32f4xx_ll_spi.h ****   * @param  CRCPoly This parameter must be a number between Min_Data = 0x00 and Max_Data = 0xFFFF
 647:Drivers/STM32F4xx_HAL_Driver/Inc/stm32f4xx_ll_spi.h ****   * @retval None
 648:Drivers/STM32F4xx_HAL_Driver/Inc/stm32f4xx_ll_spi.h ****   */
 649:Drivers/STM32F4xx_HAL_Driver/Inc/stm32f4xx_ll_spi.h **** __STATIC_INLINE void LL_SPI_SetCRCPolynomial(SPI_TypeDef *SPIx, uint32_t CRCPoly)
 331              		.loc 3 649 22 view .LVU88
 332              	.LBB45:
 650:Drivers/STM32F4xx_HAL_Driver/Inc/stm32f4xx_ll_spi.h **** {
 651:Drivers/STM32F4xx_HAL_Driver/Inc/stm32f4xx_ll_spi.h ****   WRITE_REG(SPIx->CRCPR, (uint16_t)CRCPoly);
 333              		.loc 3 651 3 view .LVU89
 334 0060 8B8C     		ldrh	r3, [r1, #36]
 335 0062 1361     		str	r3, [r2, #16]
 336              	.LVL26:
 337              		.loc 3 651 3 is_stmt 0 view .LVU90
 338              	.LBE45:
 339              	.LBE44:
 268:Drivers/STM32F4xx_HAL_Driver/Src/stm32f4xx_ll_spi.c ****   }
ARM GAS  C:\Users\chris\AppData\Local\Temp\ccsULun0.s 			page 58


 340              		.loc 1 268 12 view .LVU91
 341 0064 0020     		movs	r0, #0
 342              	.LBB47:
 343              	.LBB46:
 652:Drivers/STM32F4xx_HAL_Driver/Inc/stm32f4xx_ll_spi.h **** }
 344              		.loc 3 652 1 view .LVU92
 345 0066 F4E7     		b	.L14
 346              	.LVL27:
 347              	.L15:
 348              	.LCFI3:
 349              		.cfi_def_cfa_offset 0
 350              		.cfi_restore 4
 351              		.loc 3 652 1 view .LVU93
 352              	.LBE46:
 353              	.LBE47:
 216:Drivers/STM32F4xx_HAL_Driver/Src/stm32f4xx_ll_spi.c **** 
 354              		.loc 1 216 15 view .LVU94
 355 0068 0120     		movs	r0, #1
 356              	.LVL28:
 272:Drivers/STM32F4xx_HAL_Driver/Src/stm32f4xx_ll_spi.c ****   return status;
 357              		.loc 1 272 3 is_stmt 1 view .LVU95
 358 006a D369     		ldr	r3, [r2, #28]
 359 006c 23F40063 		bic	r3, r3, #2048
 360 0070 D361     		str	r3, [r2, #28]
 273:Drivers/STM32F4xx_HAL_Driver/Src/stm32f4xx_ll_spi.c **** }
 361              		.loc 1 273 3 view .LVU96
 362              		.loc 1 274 1 is_stmt 0 view .LVU97
 363 0072 7047     		bx	lr
 364              		.cfi_endproc
 365              	.LFE375:
 367              		.section	.text.LL_SPI_StructInit,"ax",%progbits
 368              		.align	1
 369              		.global	LL_SPI_StructInit
 370              		.syntax unified
 371              		.thumb
 372              		.thumb_func
 374              	LL_SPI_StructInit:
 375              	.LVL29:
 376              	.LFB376:
 275:Drivers/STM32F4xx_HAL_Driver/Src/stm32f4xx_ll_spi.c **** 
 276:Drivers/STM32F4xx_HAL_Driver/Src/stm32f4xx_ll_spi.c **** /**
 277:Drivers/STM32F4xx_HAL_Driver/Src/stm32f4xx_ll_spi.c ****   * @brief  Set each @ref LL_SPI_InitTypeDef field to default value.
 278:Drivers/STM32F4xx_HAL_Driver/Src/stm32f4xx_ll_spi.c ****   * @param  SPI_InitStruct pointer to a @ref LL_SPI_InitTypeDef structure
 279:Drivers/STM32F4xx_HAL_Driver/Src/stm32f4xx_ll_spi.c ****   * whose fields will be set to default values.
 280:Drivers/STM32F4xx_HAL_Driver/Src/stm32f4xx_ll_spi.c ****   * @retval None
 281:Drivers/STM32F4xx_HAL_Driver/Src/stm32f4xx_ll_spi.c ****   */
 282:Drivers/STM32F4xx_HAL_Driver/Src/stm32f4xx_ll_spi.c **** void LL_SPI_StructInit(LL_SPI_InitTypeDef *SPI_InitStruct)
 283:Drivers/STM32F4xx_HAL_Driver/Src/stm32f4xx_ll_spi.c **** {
 377              		.loc 1 283 1 is_stmt 1 view -0
 378              		.cfi_startproc
 379              		@ args = 0, pretend = 0, frame = 0
 380              		@ frame_needed = 0, uses_anonymous_args = 0
 381              		@ link register save eliminated.
 284:Drivers/STM32F4xx_HAL_Driver/Src/stm32f4xx_ll_spi.c ****   /* Set SPI_InitStruct fields to default values */
 285:Drivers/STM32F4xx_HAL_Driver/Src/stm32f4xx_ll_spi.c ****   SPI_InitStruct->TransferDirection = LL_SPI_FULL_DUPLEX;
 382              		.loc 1 285 3 view .LVU99
 383              		.loc 1 285 37 is_stmt 0 view .LVU100
ARM GAS  C:\Users\chris\AppData\Local\Temp\ccsULun0.s 			page 59


 384 0000 0023     		movs	r3, #0
 385 0002 0360     		str	r3, [r0]
 286:Drivers/STM32F4xx_HAL_Driver/Src/stm32f4xx_ll_spi.c ****   SPI_InitStruct->Mode              = LL_SPI_MODE_SLAVE;
 386              		.loc 1 286 3 is_stmt 1 view .LVU101
 387              		.loc 1 286 37 is_stmt 0 view .LVU102
 388 0004 4360     		str	r3, [r0, #4]
 287:Drivers/STM32F4xx_HAL_Driver/Src/stm32f4xx_ll_spi.c ****   SPI_InitStruct->DataWidth         = LL_SPI_DATAWIDTH_8BIT;
 389              		.loc 1 287 3 is_stmt 1 view .LVU103
 390              		.loc 1 287 37 is_stmt 0 view .LVU104
 391 0006 8360     		str	r3, [r0, #8]
 288:Drivers/STM32F4xx_HAL_Driver/Src/stm32f4xx_ll_spi.c ****   SPI_InitStruct->ClockPolarity     = LL_SPI_POLARITY_LOW;
 392              		.loc 1 288 3 is_stmt 1 view .LVU105
 393              		.loc 1 288 37 is_stmt 0 view .LVU106
 394 0008 C360     		str	r3, [r0, #12]
 289:Drivers/STM32F4xx_HAL_Driver/Src/stm32f4xx_ll_spi.c ****   SPI_InitStruct->ClockPhase        = LL_SPI_PHASE_1EDGE;
 395              		.loc 1 289 3 is_stmt 1 view .LVU107
 396              		.loc 1 289 37 is_stmt 0 view .LVU108
 397 000a 0361     		str	r3, [r0, #16]
 290:Drivers/STM32F4xx_HAL_Driver/Src/stm32f4xx_ll_spi.c ****   SPI_InitStruct->NSS               = LL_SPI_NSS_HARD_INPUT;
 398              		.loc 1 290 3 is_stmt 1 view .LVU109
 399              		.loc 1 290 37 is_stmt 0 view .LVU110
 400 000c 4361     		str	r3, [r0, #20]
 291:Drivers/STM32F4xx_HAL_Driver/Src/stm32f4xx_ll_spi.c ****   SPI_InitStruct->BaudRate          = LL_SPI_BAUDRATEPRESCALER_DIV2;
 401              		.loc 1 291 3 is_stmt 1 view .LVU111
 402              		.loc 1 291 37 is_stmt 0 view .LVU112
 403 000e 8361     		str	r3, [r0, #24]
 292:Drivers/STM32F4xx_HAL_Driver/Src/stm32f4xx_ll_spi.c ****   SPI_InitStruct->BitOrder          = LL_SPI_MSB_FIRST;
 404              		.loc 1 292 3 is_stmt 1 view .LVU113
 405              		.loc 1 292 37 is_stmt 0 view .LVU114
 406 0010 C361     		str	r3, [r0, #28]
 293:Drivers/STM32F4xx_HAL_Driver/Src/stm32f4xx_ll_spi.c ****   SPI_InitStruct->CRCCalculation    = LL_SPI_CRCCALCULATION_DISABLE;
 407              		.loc 1 293 3 is_stmt 1 view .LVU115
 408              		.loc 1 293 37 is_stmt 0 view .LVU116
 409 0012 0362     		str	r3, [r0, #32]
 294:Drivers/STM32F4xx_HAL_Driver/Src/stm32f4xx_ll_spi.c ****   SPI_InitStruct->CRCPoly           = 7U;
 410              		.loc 1 294 3 is_stmt 1 view .LVU117
 411              		.loc 1 294 37 is_stmt 0 view .LVU118
 412 0014 0723     		movs	r3, #7
 413 0016 4362     		str	r3, [r0, #36]
 295:Drivers/STM32F4xx_HAL_Driver/Src/stm32f4xx_ll_spi.c **** }
 414              		.loc 1 295 1 view .LVU119
 415 0018 7047     		bx	lr
 416              		.cfi_endproc
 417              	.LFE376:
 419              		.section	.text.LL_I2S_DeInit,"ax",%progbits
 420              		.align	1
 421              		.global	LL_I2S_DeInit
 422              		.syntax unified
 423              		.thumb
 424              		.thumb_func
 426              	LL_I2S_DeInit:
 427              	.LVL30:
 428              	.LFB377:
 296:Drivers/STM32F4xx_HAL_Driver/Src/stm32f4xx_ll_spi.c **** 
 297:Drivers/STM32F4xx_HAL_Driver/Src/stm32f4xx_ll_spi.c **** /**
 298:Drivers/STM32F4xx_HAL_Driver/Src/stm32f4xx_ll_spi.c ****   * @}
 299:Drivers/STM32F4xx_HAL_Driver/Src/stm32f4xx_ll_spi.c ****   */
ARM GAS  C:\Users\chris\AppData\Local\Temp\ccsULun0.s 			page 60


 300:Drivers/STM32F4xx_HAL_Driver/Src/stm32f4xx_ll_spi.c **** 
 301:Drivers/STM32F4xx_HAL_Driver/Src/stm32f4xx_ll_spi.c **** /**
 302:Drivers/STM32F4xx_HAL_Driver/Src/stm32f4xx_ll_spi.c ****   * @}
 303:Drivers/STM32F4xx_HAL_Driver/Src/stm32f4xx_ll_spi.c ****   */
 304:Drivers/STM32F4xx_HAL_Driver/Src/stm32f4xx_ll_spi.c **** 
 305:Drivers/STM32F4xx_HAL_Driver/Src/stm32f4xx_ll_spi.c **** /**
 306:Drivers/STM32F4xx_HAL_Driver/Src/stm32f4xx_ll_spi.c ****   * @}
 307:Drivers/STM32F4xx_HAL_Driver/Src/stm32f4xx_ll_spi.c ****   */
 308:Drivers/STM32F4xx_HAL_Driver/Src/stm32f4xx_ll_spi.c **** 
 309:Drivers/STM32F4xx_HAL_Driver/Src/stm32f4xx_ll_spi.c **** /** @addtogroup I2S_LL
 310:Drivers/STM32F4xx_HAL_Driver/Src/stm32f4xx_ll_spi.c ****   * @{
 311:Drivers/STM32F4xx_HAL_Driver/Src/stm32f4xx_ll_spi.c ****   */
 312:Drivers/STM32F4xx_HAL_Driver/Src/stm32f4xx_ll_spi.c **** 
 313:Drivers/STM32F4xx_HAL_Driver/Src/stm32f4xx_ll_spi.c **** /* Private types -------------------------------------------------------------*/
 314:Drivers/STM32F4xx_HAL_Driver/Src/stm32f4xx_ll_spi.c **** /* Private variables ---------------------------------------------------------*/
 315:Drivers/STM32F4xx_HAL_Driver/Src/stm32f4xx_ll_spi.c **** /* Private constants ---------------------------------------------------------*/
 316:Drivers/STM32F4xx_HAL_Driver/Src/stm32f4xx_ll_spi.c **** /** @defgroup I2S_LL_Private_Constants I2S Private Constants
 317:Drivers/STM32F4xx_HAL_Driver/Src/stm32f4xx_ll_spi.c ****   * @{
 318:Drivers/STM32F4xx_HAL_Driver/Src/stm32f4xx_ll_spi.c ****   */
 319:Drivers/STM32F4xx_HAL_Driver/Src/stm32f4xx_ll_spi.c **** /* I2S registers Masks */
 320:Drivers/STM32F4xx_HAL_Driver/Src/stm32f4xx_ll_spi.c **** #define I2S_I2SCFGR_CLEAR_MASK             (SPI_I2SCFGR_CHLEN   | SPI_I2SCFGR_DATLEN | \
 321:Drivers/STM32F4xx_HAL_Driver/Src/stm32f4xx_ll_spi.c ****                                             SPI_I2SCFGR_CKPOL   | SPI_I2SCFGR_I2SSTD | \
 322:Drivers/STM32F4xx_HAL_Driver/Src/stm32f4xx_ll_spi.c ****                                             SPI_I2SCFGR_I2SCFG  | SPI_I2SCFGR_I2SMOD )
 323:Drivers/STM32F4xx_HAL_Driver/Src/stm32f4xx_ll_spi.c **** 
 324:Drivers/STM32F4xx_HAL_Driver/Src/stm32f4xx_ll_spi.c **** #define I2S_I2SPR_CLEAR_MASK               0x0002U
 325:Drivers/STM32F4xx_HAL_Driver/Src/stm32f4xx_ll_spi.c **** /**
 326:Drivers/STM32F4xx_HAL_Driver/Src/stm32f4xx_ll_spi.c ****   * @}
 327:Drivers/STM32F4xx_HAL_Driver/Src/stm32f4xx_ll_spi.c ****   */
 328:Drivers/STM32F4xx_HAL_Driver/Src/stm32f4xx_ll_spi.c **** /* Private macros ------------------------------------------------------------*/
 329:Drivers/STM32F4xx_HAL_Driver/Src/stm32f4xx_ll_spi.c **** /** @defgroup I2S_LL_Private_Macros I2S Private Macros
 330:Drivers/STM32F4xx_HAL_Driver/Src/stm32f4xx_ll_spi.c ****   * @{
 331:Drivers/STM32F4xx_HAL_Driver/Src/stm32f4xx_ll_spi.c ****   */
 332:Drivers/STM32F4xx_HAL_Driver/Src/stm32f4xx_ll_spi.c **** 
 333:Drivers/STM32F4xx_HAL_Driver/Src/stm32f4xx_ll_spi.c **** #define IS_LL_I2S_DATAFORMAT(__VALUE__)  (((__VALUE__) == LL_I2S_DATAFORMAT_16B)             \
 334:Drivers/STM32F4xx_HAL_Driver/Src/stm32f4xx_ll_spi.c ****                                           || ((__VALUE__) == LL_I2S_DATAFORMAT_16B_EXTENDED) \
 335:Drivers/STM32F4xx_HAL_Driver/Src/stm32f4xx_ll_spi.c ****                                           || ((__VALUE__) == LL_I2S_DATAFORMAT_24B)          \
 336:Drivers/STM32F4xx_HAL_Driver/Src/stm32f4xx_ll_spi.c ****                                           || ((__VALUE__) == LL_I2S_DATAFORMAT_32B))
 337:Drivers/STM32F4xx_HAL_Driver/Src/stm32f4xx_ll_spi.c **** 
 338:Drivers/STM32F4xx_HAL_Driver/Src/stm32f4xx_ll_spi.c **** #define IS_LL_I2S_CPOL(__VALUE__)        (((__VALUE__) == LL_I2S_POLARITY_LOW)  \
 339:Drivers/STM32F4xx_HAL_Driver/Src/stm32f4xx_ll_spi.c ****                                           || ((__VALUE__) == LL_I2S_POLARITY_HIGH))
 340:Drivers/STM32F4xx_HAL_Driver/Src/stm32f4xx_ll_spi.c **** 
 341:Drivers/STM32F4xx_HAL_Driver/Src/stm32f4xx_ll_spi.c **** #define IS_LL_I2S_STANDARD(__VALUE__)    (((__VALUE__) == LL_I2S_STANDARD_PHILIPS)      \
 342:Drivers/STM32F4xx_HAL_Driver/Src/stm32f4xx_ll_spi.c ****                                           || ((__VALUE__) == LL_I2S_STANDARD_MSB)       \
 343:Drivers/STM32F4xx_HAL_Driver/Src/stm32f4xx_ll_spi.c ****                                           || ((__VALUE__) == LL_I2S_STANDARD_LSB)       \
 344:Drivers/STM32F4xx_HAL_Driver/Src/stm32f4xx_ll_spi.c ****                                           || ((__VALUE__) == LL_I2S_STANDARD_PCM_SHORT) \
 345:Drivers/STM32F4xx_HAL_Driver/Src/stm32f4xx_ll_spi.c ****                                           || ((__VALUE__) == LL_I2S_STANDARD_PCM_LONG))
 346:Drivers/STM32F4xx_HAL_Driver/Src/stm32f4xx_ll_spi.c **** 
 347:Drivers/STM32F4xx_HAL_Driver/Src/stm32f4xx_ll_spi.c **** #define IS_LL_I2S_MODE(__VALUE__)        (((__VALUE__) == LL_I2S_MODE_SLAVE_TX)     \
 348:Drivers/STM32F4xx_HAL_Driver/Src/stm32f4xx_ll_spi.c ****                                           || ((__VALUE__) == LL_I2S_MODE_SLAVE_RX)  \
 349:Drivers/STM32F4xx_HAL_Driver/Src/stm32f4xx_ll_spi.c ****                                           || ((__VALUE__) == LL_I2S_MODE_MASTER_TX) \
 350:Drivers/STM32F4xx_HAL_Driver/Src/stm32f4xx_ll_spi.c ****                                           || ((__VALUE__) == LL_I2S_MODE_MASTER_RX))
 351:Drivers/STM32F4xx_HAL_Driver/Src/stm32f4xx_ll_spi.c **** 
 352:Drivers/STM32F4xx_HAL_Driver/Src/stm32f4xx_ll_spi.c **** #define IS_LL_I2S_MCLK_OUTPUT(__VALUE__) (((__VALUE__) == LL_I2S_MCLK_OUTPUT_ENABLE) \
 353:Drivers/STM32F4xx_HAL_Driver/Src/stm32f4xx_ll_spi.c ****                                           || ((__VALUE__) == LL_I2S_MCLK_OUTPUT_DISABLE))
 354:Drivers/STM32F4xx_HAL_Driver/Src/stm32f4xx_ll_spi.c **** 
 355:Drivers/STM32F4xx_HAL_Driver/Src/stm32f4xx_ll_spi.c **** #define IS_LL_I2S_AUDIO_FREQ(__VALUE__) ((((__VALUE__) >= LL_I2S_AUDIOFREQ_8K)       \
 356:Drivers/STM32F4xx_HAL_Driver/Src/stm32f4xx_ll_spi.c ****                                           && ((__VALUE__) <= LL_I2S_AUDIOFREQ_192K)) \
ARM GAS  C:\Users\chris\AppData\Local\Temp\ccsULun0.s 			page 61


 357:Drivers/STM32F4xx_HAL_Driver/Src/stm32f4xx_ll_spi.c ****                                          || ((__VALUE__) == LL_I2S_AUDIOFREQ_DEFAULT))
 358:Drivers/STM32F4xx_HAL_Driver/Src/stm32f4xx_ll_spi.c **** 
 359:Drivers/STM32F4xx_HAL_Driver/Src/stm32f4xx_ll_spi.c **** #define IS_LL_I2S_PRESCALER_LINEAR(__VALUE__)  ((__VALUE__) >= 0x2U)
 360:Drivers/STM32F4xx_HAL_Driver/Src/stm32f4xx_ll_spi.c **** 
 361:Drivers/STM32F4xx_HAL_Driver/Src/stm32f4xx_ll_spi.c **** #define IS_LL_I2S_PRESCALER_PARITY(__VALUE__) (((__VALUE__) == LL_I2S_PRESCALER_PARITY_EVEN) \
 362:Drivers/STM32F4xx_HAL_Driver/Src/stm32f4xx_ll_spi.c ****                                                || ((__VALUE__) == LL_I2S_PRESCALER_PARITY_ODD))
 363:Drivers/STM32F4xx_HAL_Driver/Src/stm32f4xx_ll_spi.c **** /**
 364:Drivers/STM32F4xx_HAL_Driver/Src/stm32f4xx_ll_spi.c ****   * @}
 365:Drivers/STM32F4xx_HAL_Driver/Src/stm32f4xx_ll_spi.c ****   */
 366:Drivers/STM32F4xx_HAL_Driver/Src/stm32f4xx_ll_spi.c **** 
 367:Drivers/STM32F4xx_HAL_Driver/Src/stm32f4xx_ll_spi.c **** /* Private function prototypes -----------------------------------------------*/
 368:Drivers/STM32F4xx_HAL_Driver/Src/stm32f4xx_ll_spi.c **** 
 369:Drivers/STM32F4xx_HAL_Driver/Src/stm32f4xx_ll_spi.c **** /* Exported functions --------------------------------------------------------*/
 370:Drivers/STM32F4xx_HAL_Driver/Src/stm32f4xx_ll_spi.c **** /** @addtogroup I2S_LL_Exported_Functions
 371:Drivers/STM32F4xx_HAL_Driver/Src/stm32f4xx_ll_spi.c ****   * @{
 372:Drivers/STM32F4xx_HAL_Driver/Src/stm32f4xx_ll_spi.c ****   */
 373:Drivers/STM32F4xx_HAL_Driver/Src/stm32f4xx_ll_spi.c **** 
 374:Drivers/STM32F4xx_HAL_Driver/Src/stm32f4xx_ll_spi.c **** /** @addtogroup I2S_LL_EF_Init
 375:Drivers/STM32F4xx_HAL_Driver/Src/stm32f4xx_ll_spi.c ****   * @{
 376:Drivers/STM32F4xx_HAL_Driver/Src/stm32f4xx_ll_spi.c ****   */
 377:Drivers/STM32F4xx_HAL_Driver/Src/stm32f4xx_ll_spi.c **** 
 378:Drivers/STM32F4xx_HAL_Driver/Src/stm32f4xx_ll_spi.c **** /**
 379:Drivers/STM32F4xx_HAL_Driver/Src/stm32f4xx_ll_spi.c ****   * @brief  De-initialize the SPI/I2S registers to their default reset values.
 380:Drivers/STM32F4xx_HAL_Driver/Src/stm32f4xx_ll_spi.c ****   * @param  SPIx SPI Instance
 381:Drivers/STM32F4xx_HAL_Driver/Src/stm32f4xx_ll_spi.c ****   * @retval An ErrorStatus enumeration value:
 382:Drivers/STM32F4xx_HAL_Driver/Src/stm32f4xx_ll_spi.c ****   *          - SUCCESS: SPI registers are de-initialized
 383:Drivers/STM32F4xx_HAL_Driver/Src/stm32f4xx_ll_spi.c ****   *          - ERROR: SPI registers are not de-initialized
 384:Drivers/STM32F4xx_HAL_Driver/Src/stm32f4xx_ll_spi.c ****   */
 385:Drivers/STM32F4xx_HAL_Driver/Src/stm32f4xx_ll_spi.c **** ErrorStatus LL_I2S_DeInit(const SPI_TypeDef *SPIx)
 386:Drivers/STM32F4xx_HAL_Driver/Src/stm32f4xx_ll_spi.c **** {
 429              		.loc 1 386 1 is_stmt 1 view -0
 430              		.cfi_startproc
 431              		@ args = 0, pretend = 0, frame = 0
 432              		@ frame_needed = 0, uses_anonymous_args = 0
 433              		.loc 1 386 1 is_stmt 0 view .LVU121
 434 0000 08B5     		push	{r3, lr}
 435              	.LCFI4:
 436              		.cfi_def_cfa_offset 8
 437              		.cfi_offset 3, -8
 438              		.cfi_offset 14, -4
 387:Drivers/STM32F4xx_HAL_Driver/Src/stm32f4xx_ll_spi.c ****   return LL_SPI_DeInit(SPIx);
 439              		.loc 1 387 3 is_stmt 1 view .LVU122
 440              		.loc 1 387 10 is_stmt 0 view .LVU123
 441 0002 FFF7FEFF 		bl	LL_SPI_DeInit
 442              	.LVL31:
 388:Drivers/STM32F4xx_HAL_Driver/Src/stm32f4xx_ll_spi.c **** }
 443              		.loc 1 388 1 view .LVU124
 444 0006 08BD     		pop	{r3, pc}
 445              		.cfi_endproc
 446              	.LFE377:
 448              		.section	.text.LL_I2S_Init,"ax",%progbits
 449              		.align	1
 450              		.global	LL_I2S_Init
 451              		.syntax unified
 452              		.thumb
 453              		.thumb_func
 455              	LL_I2S_Init:
ARM GAS  C:\Users\chris\AppData\Local\Temp\ccsULun0.s 			page 62


 456              	.LVL32:
 457              	.LFB378:
 389:Drivers/STM32F4xx_HAL_Driver/Src/stm32f4xx_ll_spi.c **** 
 390:Drivers/STM32F4xx_HAL_Driver/Src/stm32f4xx_ll_spi.c **** /**
 391:Drivers/STM32F4xx_HAL_Driver/Src/stm32f4xx_ll_spi.c ****   * @brief  Initializes the SPI/I2S registers according to the specified parameters in I2S_InitStru
 392:Drivers/STM32F4xx_HAL_Driver/Src/stm32f4xx_ll_spi.c ****   * @note   As some bits in SPI configuration registers can only be written when the SPI is disable
 393:Drivers/STM32F4xx_HAL_Driver/Src/stm32f4xx_ll_spi.c ****   *         SPI peripheral should be in disabled state prior calling this function. Otherwise, ERRO
 394:Drivers/STM32F4xx_HAL_Driver/Src/stm32f4xx_ll_spi.c ****   * @param  SPIx SPI Instance
 395:Drivers/STM32F4xx_HAL_Driver/Src/stm32f4xx_ll_spi.c ****   * @param  I2S_InitStruct pointer to a @ref LL_I2S_InitTypeDef structure
 396:Drivers/STM32F4xx_HAL_Driver/Src/stm32f4xx_ll_spi.c ****   * @retval An ErrorStatus enumeration value:
 397:Drivers/STM32F4xx_HAL_Driver/Src/stm32f4xx_ll_spi.c ****   *          - SUCCESS: SPI registers are Initialized
 398:Drivers/STM32F4xx_HAL_Driver/Src/stm32f4xx_ll_spi.c ****   *          - ERROR: SPI registers are not Initialized
 399:Drivers/STM32F4xx_HAL_Driver/Src/stm32f4xx_ll_spi.c ****   */
 400:Drivers/STM32F4xx_HAL_Driver/Src/stm32f4xx_ll_spi.c **** ErrorStatus LL_I2S_Init(SPI_TypeDef *SPIx, LL_I2S_InitTypeDef *I2S_InitStruct)
 401:Drivers/STM32F4xx_HAL_Driver/Src/stm32f4xx_ll_spi.c **** {
 458              		.loc 1 401 1 is_stmt 1 view -0
 459              		.cfi_startproc
 460              		@ args = 0, pretend = 0, frame = 0
 461              		@ frame_needed = 0, uses_anonymous_args = 0
 462              		.loc 1 401 1 is_stmt 0 view .LVU126
 463 0000 F8B5     		push	{r3, r4, r5, r6, r7, lr}
 464              	.LCFI5:
 465              		.cfi_def_cfa_offset 24
 466              		.cfi_offset 3, -24
 467              		.cfi_offset 4, -20
 468              		.cfi_offset 5, -16
 469              		.cfi_offset 6, -12
 470              		.cfi_offset 7, -8
 471              		.cfi_offset 14, -4
 402:Drivers/STM32F4xx_HAL_Driver/Src/stm32f4xx_ll_spi.c ****   uint32_t i2sdiv = 2U;
 472              		.loc 1 402 3 is_stmt 1 view .LVU127
 473              	.LVL33:
 403:Drivers/STM32F4xx_HAL_Driver/Src/stm32f4xx_ll_spi.c ****   uint32_t i2sodd = 0U;
 474              		.loc 1 403 3 view .LVU128
 404:Drivers/STM32F4xx_HAL_Driver/Src/stm32f4xx_ll_spi.c ****   uint32_t packetlength = 1U;
 475              		.loc 1 404 3 view .LVU129
 405:Drivers/STM32F4xx_HAL_Driver/Src/stm32f4xx_ll_spi.c ****   uint32_t tmp;
 476              		.loc 1 405 3 view .LVU130
 406:Drivers/STM32F4xx_HAL_Driver/Src/stm32f4xx_ll_spi.c ****   uint32_t sourceclock;
 477              		.loc 1 406 3 view .LVU131
 407:Drivers/STM32F4xx_HAL_Driver/Src/stm32f4xx_ll_spi.c ****   ErrorStatus status = ERROR;
 478              		.loc 1 407 3 view .LVU132
 408:Drivers/STM32F4xx_HAL_Driver/Src/stm32f4xx_ll_spi.c **** 
 409:Drivers/STM32F4xx_HAL_Driver/Src/stm32f4xx_ll_spi.c ****   /* Check the I2S parameters */
 410:Drivers/STM32F4xx_HAL_Driver/Src/stm32f4xx_ll_spi.c ****   assert_param(IS_I2S_ALL_INSTANCE(SPIx));
 479              		.loc 1 410 3 view .LVU133
 411:Drivers/STM32F4xx_HAL_Driver/Src/stm32f4xx_ll_spi.c ****   assert_param(IS_LL_I2S_MODE(I2S_InitStruct->Mode));
 480              		.loc 1 411 3 view .LVU134
 412:Drivers/STM32F4xx_HAL_Driver/Src/stm32f4xx_ll_spi.c ****   assert_param(IS_LL_I2S_STANDARD(I2S_InitStruct->Standard));
 481              		.loc 1 412 3 view .LVU135
 413:Drivers/STM32F4xx_HAL_Driver/Src/stm32f4xx_ll_spi.c ****   assert_param(IS_LL_I2S_DATAFORMAT(I2S_InitStruct->DataFormat));
 482              		.loc 1 413 3 view .LVU136
 414:Drivers/STM32F4xx_HAL_Driver/Src/stm32f4xx_ll_spi.c ****   assert_param(IS_LL_I2S_MCLK_OUTPUT(I2S_InitStruct->MCLKOutput));
 483              		.loc 1 414 3 view .LVU137
 415:Drivers/STM32F4xx_HAL_Driver/Src/stm32f4xx_ll_spi.c ****   assert_param(IS_LL_I2S_AUDIO_FREQ(I2S_InitStruct->AudioFreq));
 484              		.loc 1 415 3 view .LVU138
 416:Drivers/STM32F4xx_HAL_Driver/Src/stm32f4xx_ll_spi.c ****   assert_param(IS_LL_I2S_CPOL(I2S_InitStruct->ClockPolarity));
ARM GAS  C:\Users\chris\AppData\Local\Temp\ccsULun0.s 			page 63


 485              		.loc 1 416 3 view .LVU139
 417:Drivers/STM32F4xx_HAL_Driver/Src/stm32f4xx_ll_spi.c **** 
 418:Drivers/STM32F4xx_HAL_Driver/Src/stm32f4xx_ll_spi.c ****   if (LL_I2S_IsEnabled(SPIx) == 0x00000000U)
 486              		.loc 1 418 3 view .LVU140
 487              	.LBB48:
 488              	.LBI48:
 653:Drivers/STM32F4xx_HAL_Driver/Inc/stm32f4xx_ll_spi.h **** 
 654:Drivers/STM32F4xx_HAL_Driver/Inc/stm32f4xx_ll_spi.h **** /**
 655:Drivers/STM32F4xx_HAL_Driver/Inc/stm32f4xx_ll_spi.h ****   * @brief  Get polynomial for CRC calculation
 656:Drivers/STM32F4xx_HAL_Driver/Inc/stm32f4xx_ll_spi.h ****   * @rmtoll CRCPR        CRCPOLY       LL_SPI_GetCRCPolynomial
 657:Drivers/STM32F4xx_HAL_Driver/Inc/stm32f4xx_ll_spi.h ****   * @param  SPIx SPI Instance
 658:Drivers/STM32F4xx_HAL_Driver/Inc/stm32f4xx_ll_spi.h ****   * @retval Returned value is a number between Min_Data = 0x00 and Max_Data = 0xFFFF
 659:Drivers/STM32F4xx_HAL_Driver/Inc/stm32f4xx_ll_spi.h ****   */
 660:Drivers/STM32F4xx_HAL_Driver/Inc/stm32f4xx_ll_spi.h **** __STATIC_INLINE uint32_t LL_SPI_GetCRCPolynomial(const SPI_TypeDef *SPIx)
 661:Drivers/STM32F4xx_HAL_Driver/Inc/stm32f4xx_ll_spi.h **** {
 662:Drivers/STM32F4xx_HAL_Driver/Inc/stm32f4xx_ll_spi.h ****   return (uint32_t)(READ_REG(SPIx->CRCPR));
 663:Drivers/STM32F4xx_HAL_Driver/Inc/stm32f4xx_ll_spi.h **** }
 664:Drivers/STM32F4xx_HAL_Driver/Inc/stm32f4xx_ll_spi.h **** 
 665:Drivers/STM32F4xx_HAL_Driver/Inc/stm32f4xx_ll_spi.h **** /**
 666:Drivers/STM32F4xx_HAL_Driver/Inc/stm32f4xx_ll_spi.h ****   * @brief  Get Rx CRC
 667:Drivers/STM32F4xx_HAL_Driver/Inc/stm32f4xx_ll_spi.h ****   * @rmtoll RXCRCR       RXCRC         LL_SPI_GetRxCRC
 668:Drivers/STM32F4xx_HAL_Driver/Inc/stm32f4xx_ll_spi.h ****   * @param  SPIx SPI Instance
 669:Drivers/STM32F4xx_HAL_Driver/Inc/stm32f4xx_ll_spi.h ****   * @retval Returned value is a number between Min_Data = 0x00 and Max_Data = 0xFFFF
 670:Drivers/STM32F4xx_HAL_Driver/Inc/stm32f4xx_ll_spi.h ****   */
 671:Drivers/STM32F4xx_HAL_Driver/Inc/stm32f4xx_ll_spi.h **** __STATIC_INLINE uint32_t LL_SPI_GetRxCRC(const SPI_TypeDef *SPIx)
 672:Drivers/STM32F4xx_HAL_Driver/Inc/stm32f4xx_ll_spi.h **** {
 673:Drivers/STM32F4xx_HAL_Driver/Inc/stm32f4xx_ll_spi.h ****   return (uint32_t)(READ_REG(SPIx->RXCRCR));
 674:Drivers/STM32F4xx_HAL_Driver/Inc/stm32f4xx_ll_spi.h **** }
 675:Drivers/STM32F4xx_HAL_Driver/Inc/stm32f4xx_ll_spi.h **** 
 676:Drivers/STM32F4xx_HAL_Driver/Inc/stm32f4xx_ll_spi.h **** /**
 677:Drivers/STM32F4xx_HAL_Driver/Inc/stm32f4xx_ll_spi.h ****   * @brief  Get Tx CRC
 678:Drivers/STM32F4xx_HAL_Driver/Inc/stm32f4xx_ll_spi.h ****   * @rmtoll TXCRCR       TXCRC         LL_SPI_GetTxCRC
 679:Drivers/STM32F4xx_HAL_Driver/Inc/stm32f4xx_ll_spi.h ****   * @param  SPIx SPI Instance
 680:Drivers/STM32F4xx_HAL_Driver/Inc/stm32f4xx_ll_spi.h ****   * @retval Returned value is a number between Min_Data = 0x00 and Max_Data = 0xFFFF
 681:Drivers/STM32F4xx_HAL_Driver/Inc/stm32f4xx_ll_spi.h ****   */
 682:Drivers/STM32F4xx_HAL_Driver/Inc/stm32f4xx_ll_spi.h **** __STATIC_INLINE uint32_t LL_SPI_GetTxCRC(const SPI_TypeDef *SPIx)
 683:Drivers/STM32F4xx_HAL_Driver/Inc/stm32f4xx_ll_spi.h **** {
 684:Drivers/STM32F4xx_HAL_Driver/Inc/stm32f4xx_ll_spi.h ****   return (uint32_t)(READ_REG(SPIx->TXCRCR));
 685:Drivers/STM32F4xx_HAL_Driver/Inc/stm32f4xx_ll_spi.h **** }
 686:Drivers/STM32F4xx_HAL_Driver/Inc/stm32f4xx_ll_spi.h **** 
 687:Drivers/STM32F4xx_HAL_Driver/Inc/stm32f4xx_ll_spi.h **** /**
 688:Drivers/STM32F4xx_HAL_Driver/Inc/stm32f4xx_ll_spi.h ****   * @}
 689:Drivers/STM32F4xx_HAL_Driver/Inc/stm32f4xx_ll_spi.h ****   */
 690:Drivers/STM32F4xx_HAL_Driver/Inc/stm32f4xx_ll_spi.h **** 
 691:Drivers/STM32F4xx_HAL_Driver/Inc/stm32f4xx_ll_spi.h **** /** @defgroup SPI_LL_EF_NSS_Management Slave Select Pin Management
 692:Drivers/STM32F4xx_HAL_Driver/Inc/stm32f4xx_ll_spi.h ****   * @{
 693:Drivers/STM32F4xx_HAL_Driver/Inc/stm32f4xx_ll_spi.h ****   */
 694:Drivers/STM32F4xx_HAL_Driver/Inc/stm32f4xx_ll_spi.h **** 
 695:Drivers/STM32F4xx_HAL_Driver/Inc/stm32f4xx_ll_spi.h **** /**
 696:Drivers/STM32F4xx_HAL_Driver/Inc/stm32f4xx_ll_spi.h ****   * @brief  Set NSS mode
 697:Drivers/STM32F4xx_HAL_Driver/Inc/stm32f4xx_ll_spi.h ****   * @note   LL_SPI_NSS_SOFT Mode is not used in SPI TI mode.
 698:Drivers/STM32F4xx_HAL_Driver/Inc/stm32f4xx_ll_spi.h ****   * @rmtoll CR1          SSM           LL_SPI_SetNSSMode\n
 699:Drivers/STM32F4xx_HAL_Driver/Inc/stm32f4xx_ll_spi.h ****   * @rmtoll CR2          SSOE          LL_SPI_SetNSSMode
 700:Drivers/STM32F4xx_HAL_Driver/Inc/stm32f4xx_ll_spi.h ****   * @param  SPIx SPI Instance
 701:Drivers/STM32F4xx_HAL_Driver/Inc/stm32f4xx_ll_spi.h ****   * @param  NSS This parameter can be one of the following values:
 702:Drivers/STM32F4xx_HAL_Driver/Inc/stm32f4xx_ll_spi.h ****   *         @arg @ref LL_SPI_NSS_SOFT
 703:Drivers/STM32F4xx_HAL_Driver/Inc/stm32f4xx_ll_spi.h ****   *         @arg @ref LL_SPI_NSS_HARD_INPUT
ARM GAS  C:\Users\chris\AppData\Local\Temp\ccsULun0.s 			page 64


 704:Drivers/STM32F4xx_HAL_Driver/Inc/stm32f4xx_ll_spi.h ****   *         @arg @ref LL_SPI_NSS_HARD_OUTPUT
 705:Drivers/STM32F4xx_HAL_Driver/Inc/stm32f4xx_ll_spi.h ****   * @retval None
 706:Drivers/STM32F4xx_HAL_Driver/Inc/stm32f4xx_ll_spi.h ****   */
 707:Drivers/STM32F4xx_HAL_Driver/Inc/stm32f4xx_ll_spi.h **** __STATIC_INLINE void LL_SPI_SetNSSMode(SPI_TypeDef *SPIx, uint32_t NSS)
 708:Drivers/STM32F4xx_HAL_Driver/Inc/stm32f4xx_ll_spi.h **** {
 709:Drivers/STM32F4xx_HAL_Driver/Inc/stm32f4xx_ll_spi.h ****   MODIFY_REG(SPIx->CR1, SPI_CR1_SSM,  NSS);
 710:Drivers/STM32F4xx_HAL_Driver/Inc/stm32f4xx_ll_spi.h ****   MODIFY_REG(SPIx->CR2, SPI_CR2_SSOE, ((uint32_t)(NSS >> 16U)));
 711:Drivers/STM32F4xx_HAL_Driver/Inc/stm32f4xx_ll_spi.h **** }
 712:Drivers/STM32F4xx_HAL_Driver/Inc/stm32f4xx_ll_spi.h **** 
 713:Drivers/STM32F4xx_HAL_Driver/Inc/stm32f4xx_ll_spi.h **** /**
 714:Drivers/STM32F4xx_HAL_Driver/Inc/stm32f4xx_ll_spi.h ****   * @brief  Get NSS mode
 715:Drivers/STM32F4xx_HAL_Driver/Inc/stm32f4xx_ll_spi.h ****   * @rmtoll CR1          SSM           LL_SPI_GetNSSMode\n
 716:Drivers/STM32F4xx_HAL_Driver/Inc/stm32f4xx_ll_spi.h ****   * @rmtoll CR2          SSOE          LL_SPI_GetNSSMode
 717:Drivers/STM32F4xx_HAL_Driver/Inc/stm32f4xx_ll_spi.h ****   * @param  SPIx SPI Instance
 718:Drivers/STM32F4xx_HAL_Driver/Inc/stm32f4xx_ll_spi.h ****   * @retval Returned value can be one of the following values:
 719:Drivers/STM32F4xx_HAL_Driver/Inc/stm32f4xx_ll_spi.h ****   *         @arg @ref LL_SPI_NSS_SOFT
 720:Drivers/STM32F4xx_HAL_Driver/Inc/stm32f4xx_ll_spi.h ****   *         @arg @ref LL_SPI_NSS_HARD_INPUT
 721:Drivers/STM32F4xx_HAL_Driver/Inc/stm32f4xx_ll_spi.h ****   *         @arg @ref LL_SPI_NSS_HARD_OUTPUT
 722:Drivers/STM32F4xx_HAL_Driver/Inc/stm32f4xx_ll_spi.h ****   */
 723:Drivers/STM32F4xx_HAL_Driver/Inc/stm32f4xx_ll_spi.h **** __STATIC_INLINE uint32_t LL_SPI_GetNSSMode(const SPI_TypeDef *SPIx)
 724:Drivers/STM32F4xx_HAL_Driver/Inc/stm32f4xx_ll_spi.h **** {
 725:Drivers/STM32F4xx_HAL_Driver/Inc/stm32f4xx_ll_spi.h ****   uint32_t Ssm  = (READ_BIT(SPIx->CR1, SPI_CR1_SSM));
 726:Drivers/STM32F4xx_HAL_Driver/Inc/stm32f4xx_ll_spi.h ****   uint32_t Ssoe = (READ_BIT(SPIx->CR2,  SPI_CR2_SSOE) << 16U);
 727:Drivers/STM32F4xx_HAL_Driver/Inc/stm32f4xx_ll_spi.h ****   return (Ssm | Ssoe);
 728:Drivers/STM32F4xx_HAL_Driver/Inc/stm32f4xx_ll_spi.h **** }
 729:Drivers/STM32F4xx_HAL_Driver/Inc/stm32f4xx_ll_spi.h **** 
 730:Drivers/STM32F4xx_HAL_Driver/Inc/stm32f4xx_ll_spi.h **** /**
 731:Drivers/STM32F4xx_HAL_Driver/Inc/stm32f4xx_ll_spi.h ****   * @}
 732:Drivers/STM32F4xx_HAL_Driver/Inc/stm32f4xx_ll_spi.h ****   */
 733:Drivers/STM32F4xx_HAL_Driver/Inc/stm32f4xx_ll_spi.h **** 
 734:Drivers/STM32F4xx_HAL_Driver/Inc/stm32f4xx_ll_spi.h **** /** @defgroup SPI_LL_EF_FLAG_Management FLAG Management
 735:Drivers/STM32F4xx_HAL_Driver/Inc/stm32f4xx_ll_spi.h ****   * @{
 736:Drivers/STM32F4xx_HAL_Driver/Inc/stm32f4xx_ll_spi.h ****   */
 737:Drivers/STM32F4xx_HAL_Driver/Inc/stm32f4xx_ll_spi.h **** 
 738:Drivers/STM32F4xx_HAL_Driver/Inc/stm32f4xx_ll_spi.h **** /**
 739:Drivers/STM32F4xx_HAL_Driver/Inc/stm32f4xx_ll_spi.h ****   * @brief  Check if Rx buffer is not empty
 740:Drivers/STM32F4xx_HAL_Driver/Inc/stm32f4xx_ll_spi.h ****   * @rmtoll SR           RXNE          LL_SPI_IsActiveFlag_RXNE
 741:Drivers/STM32F4xx_HAL_Driver/Inc/stm32f4xx_ll_spi.h ****   * @param  SPIx SPI Instance
 742:Drivers/STM32F4xx_HAL_Driver/Inc/stm32f4xx_ll_spi.h ****   * @retval State of bit (1 or 0).
 743:Drivers/STM32F4xx_HAL_Driver/Inc/stm32f4xx_ll_spi.h ****   */
 744:Drivers/STM32F4xx_HAL_Driver/Inc/stm32f4xx_ll_spi.h **** __STATIC_INLINE uint32_t LL_SPI_IsActiveFlag_RXNE(const SPI_TypeDef *SPIx)
 745:Drivers/STM32F4xx_HAL_Driver/Inc/stm32f4xx_ll_spi.h **** {
 746:Drivers/STM32F4xx_HAL_Driver/Inc/stm32f4xx_ll_spi.h ****   return ((READ_BIT(SPIx->SR, SPI_SR_RXNE) == (SPI_SR_RXNE)) ? 1UL : 0UL);
 747:Drivers/STM32F4xx_HAL_Driver/Inc/stm32f4xx_ll_spi.h **** }
 748:Drivers/STM32F4xx_HAL_Driver/Inc/stm32f4xx_ll_spi.h **** 
 749:Drivers/STM32F4xx_HAL_Driver/Inc/stm32f4xx_ll_spi.h **** /**
 750:Drivers/STM32F4xx_HAL_Driver/Inc/stm32f4xx_ll_spi.h ****   * @brief  Check if Tx buffer is empty
 751:Drivers/STM32F4xx_HAL_Driver/Inc/stm32f4xx_ll_spi.h ****   * @rmtoll SR           TXE           LL_SPI_IsActiveFlag_TXE
 752:Drivers/STM32F4xx_HAL_Driver/Inc/stm32f4xx_ll_spi.h ****   * @param  SPIx SPI Instance
 753:Drivers/STM32F4xx_HAL_Driver/Inc/stm32f4xx_ll_spi.h ****   * @retval State of bit (1 or 0).
 754:Drivers/STM32F4xx_HAL_Driver/Inc/stm32f4xx_ll_spi.h ****   */
 755:Drivers/STM32F4xx_HAL_Driver/Inc/stm32f4xx_ll_spi.h **** __STATIC_INLINE uint32_t LL_SPI_IsActiveFlag_TXE(const SPI_TypeDef *SPIx)
 756:Drivers/STM32F4xx_HAL_Driver/Inc/stm32f4xx_ll_spi.h **** {
 757:Drivers/STM32F4xx_HAL_Driver/Inc/stm32f4xx_ll_spi.h ****   return ((READ_BIT(SPIx->SR, SPI_SR_TXE) == (SPI_SR_TXE)) ? 1UL : 0UL);
 758:Drivers/STM32F4xx_HAL_Driver/Inc/stm32f4xx_ll_spi.h **** }
 759:Drivers/STM32F4xx_HAL_Driver/Inc/stm32f4xx_ll_spi.h **** 
 760:Drivers/STM32F4xx_HAL_Driver/Inc/stm32f4xx_ll_spi.h **** /**
ARM GAS  C:\Users\chris\AppData\Local\Temp\ccsULun0.s 			page 65


 761:Drivers/STM32F4xx_HAL_Driver/Inc/stm32f4xx_ll_spi.h ****   * @brief  Get CRC error flag
 762:Drivers/STM32F4xx_HAL_Driver/Inc/stm32f4xx_ll_spi.h ****   * @rmtoll SR           CRCERR        LL_SPI_IsActiveFlag_CRCERR
 763:Drivers/STM32F4xx_HAL_Driver/Inc/stm32f4xx_ll_spi.h ****   * @param  SPIx SPI Instance
 764:Drivers/STM32F4xx_HAL_Driver/Inc/stm32f4xx_ll_spi.h ****   * @retval State of bit (1 or 0).
 765:Drivers/STM32F4xx_HAL_Driver/Inc/stm32f4xx_ll_spi.h ****   */
 766:Drivers/STM32F4xx_HAL_Driver/Inc/stm32f4xx_ll_spi.h **** __STATIC_INLINE uint32_t LL_SPI_IsActiveFlag_CRCERR(const SPI_TypeDef *SPIx)
 767:Drivers/STM32F4xx_HAL_Driver/Inc/stm32f4xx_ll_spi.h **** {
 768:Drivers/STM32F4xx_HAL_Driver/Inc/stm32f4xx_ll_spi.h ****   return ((READ_BIT(SPIx->SR, SPI_SR_CRCERR) == (SPI_SR_CRCERR)) ? 1UL : 0UL);
 769:Drivers/STM32F4xx_HAL_Driver/Inc/stm32f4xx_ll_spi.h **** }
 770:Drivers/STM32F4xx_HAL_Driver/Inc/stm32f4xx_ll_spi.h **** 
 771:Drivers/STM32F4xx_HAL_Driver/Inc/stm32f4xx_ll_spi.h **** /**
 772:Drivers/STM32F4xx_HAL_Driver/Inc/stm32f4xx_ll_spi.h ****   * @brief  Get mode fault error flag
 773:Drivers/STM32F4xx_HAL_Driver/Inc/stm32f4xx_ll_spi.h ****   * @rmtoll SR           MODF          LL_SPI_IsActiveFlag_MODF
 774:Drivers/STM32F4xx_HAL_Driver/Inc/stm32f4xx_ll_spi.h ****   * @param  SPIx SPI Instance
 775:Drivers/STM32F4xx_HAL_Driver/Inc/stm32f4xx_ll_spi.h ****   * @retval State of bit (1 or 0).
 776:Drivers/STM32F4xx_HAL_Driver/Inc/stm32f4xx_ll_spi.h ****   */
 777:Drivers/STM32F4xx_HAL_Driver/Inc/stm32f4xx_ll_spi.h **** __STATIC_INLINE uint32_t LL_SPI_IsActiveFlag_MODF(const SPI_TypeDef *SPIx)
 778:Drivers/STM32F4xx_HAL_Driver/Inc/stm32f4xx_ll_spi.h **** {
 779:Drivers/STM32F4xx_HAL_Driver/Inc/stm32f4xx_ll_spi.h ****   return ((READ_BIT(SPIx->SR, SPI_SR_MODF) == (SPI_SR_MODF)) ? 1UL : 0UL);
 780:Drivers/STM32F4xx_HAL_Driver/Inc/stm32f4xx_ll_spi.h **** }
 781:Drivers/STM32F4xx_HAL_Driver/Inc/stm32f4xx_ll_spi.h **** 
 782:Drivers/STM32F4xx_HAL_Driver/Inc/stm32f4xx_ll_spi.h **** /**
 783:Drivers/STM32F4xx_HAL_Driver/Inc/stm32f4xx_ll_spi.h ****   * @brief  Get overrun error flag
 784:Drivers/STM32F4xx_HAL_Driver/Inc/stm32f4xx_ll_spi.h ****   * @rmtoll SR           OVR           LL_SPI_IsActiveFlag_OVR
 785:Drivers/STM32F4xx_HAL_Driver/Inc/stm32f4xx_ll_spi.h ****   * @param  SPIx SPI Instance
 786:Drivers/STM32F4xx_HAL_Driver/Inc/stm32f4xx_ll_spi.h ****   * @retval State of bit (1 or 0).
 787:Drivers/STM32F4xx_HAL_Driver/Inc/stm32f4xx_ll_spi.h ****   */
 788:Drivers/STM32F4xx_HAL_Driver/Inc/stm32f4xx_ll_spi.h **** __STATIC_INLINE uint32_t LL_SPI_IsActiveFlag_OVR(const SPI_TypeDef *SPIx)
 789:Drivers/STM32F4xx_HAL_Driver/Inc/stm32f4xx_ll_spi.h **** {
 790:Drivers/STM32F4xx_HAL_Driver/Inc/stm32f4xx_ll_spi.h ****   return ((READ_BIT(SPIx->SR, SPI_SR_OVR) == (SPI_SR_OVR)) ? 1UL : 0UL);
 791:Drivers/STM32F4xx_HAL_Driver/Inc/stm32f4xx_ll_spi.h **** }
 792:Drivers/STM32F4xx_HAL_Driver/Inc/stm32f4xx_ll_spi.h **** 
 793:Drivers/STM32F4xx_HAL_Driver/Inc/stm32f4xx_ll_spi.h **** /**
 794:Drivers/STM32F4xx_HAL_Driver/Inc/stm32f4xx_ll_spi.h ****   * @brief  Get busy flag
 795:Drivers/STM32F4xx_HAL_Driver/Inc/stm32f4xx_ll_spi.h ****   * @note   The BSY flag is cleared under any one of the following conditions:
 796:Drivers/STM32F4xx_HAL_Driver/Inc/stm32f4xx_ll_spi.h ****   * -When the SPI is correctly disabled
 797:Drivers/STM32F4xx_HAL_Driver/Inc/stm32f4xx_ll_spi.h ****   * -When a fault is detected in Master mode (MODF bit set to 1)
 798:Drivers/STM32F4xx_HAL_Driver/Inc/stm32f4xx_ll_spi.h ****   * -In Master mode, when it finishes a data transmission and no new data is ready to be
 799:Drivers/STM32F4xx_HAL_Driver/Inc/stm32f4xx_ll_spi.h ****   * sent
 800:Drivers/STM32F4xx_HAL_Driver/Inc/stm32f4xx_ll_spi.h ****   * -In Slave mode, when the BSY flag is set to '0' for at least one SPI clock cycle between
 801:Drivers/STM32F4xx_HAL_Driver/Inc/stm32f4xx_ll_spi.h ****   * each data transfer.
 802:Drivers/STM32F4xx_HAL_Driver/Inc/stm32f4xx_ll_spi.h ****   * @rmtoll SR           BSY           LL_SPI_IsActiveFlag_BSY
 803:Drivers/STM32F4xx_HAL_Driver/Inc/stm32f4xx_ll_spi.h ****   * @param  SPIx SPI Instance
 804:Drivers/STM32F4xx_HAL_Driver/Inc/stm32f4xx_ll_spi.h ****   * @retval State of bit (1 or 0).
 805:Drivers/STM32F4xx_HAL_Driver/Inc/stm32f4xx_ll_spi.h ****   */
 806:Drivers/STM32F4xx_HAL_Driver/Inc/stm32f4xx_ll_spi.h **** __STATIC_INLINE uint32_t LL_SPI_IsActiveFlag_BSY(const SPI_TypeDef *SPIx)
 807:Drivers/STM32F4xx_HAL_Driver/Inc/stm32f4xx_ll_spi.h **** {
 808:Drivers/STM32F4xx_HAL_Driver/Inc/stm32f4xx_ll_spi.h ****   return ((READ_BIT(SPIx->SR, SPI_SR_BSY) == (SPI_SR_BSY)) ? 1UL : 0UL);
 809:Drivers/STM32F4xx_HAL_Driver/Inc/stm32f4xx_ll_spi.h **** }
 810:Drivers/STM32F4xx_HAL_Driver/Inc/stm32f4xx_ll_spi.h **** 
 811:Drivers/STM32F4xx_HAL_Driver/Inc/stm32f4xx_ll_spi.h **** /**
 812:Drivers/STM32F4xx_HAL_Driver/Inc/stm32f4xx_ll_spi.h ****   * @brief  Get frame format error flag
 813:Drivers/STM32F4xx_HAL_Driver/Inc/stm32f4xx_ll_spi.h ****   * @rmtoll SR           FRE           LL_SPI_IsActiveFlag_FRE
 814:Drivers/STM32F4xx_HAL_Driver/Inc/stm32f4xx_ll_spi.h ****   * @param  SPIx SPI Instance
 815:Drivers/STM32F4xx_HAL_Driver/Inc/stm32f4xx_ll_spi.h ****   * @retval State of bit (1 or 0).
 816:Drivers/STM32F4xx_HAL_Driver/Inc/stm32f4xx_ll_spi.h ****   */
 817:Drivers/STM32F4xx_HAL_Driver/Inc/stm32f4xx_ll_spi.h **** __STATIC_INLINE uint32_t LL_SPI_IsActiveFlag_FRE(const SPI_TypeDef *SPIx)
ARM GAS  C:\Users\chris\AppData\Local\Temp\ccsULun0.s 			page 66


 818:Drivers/STM32F4xx_HAL_Driver/Inc/stm32f4xx_ll_spi.h **** {
 819:Drivers/STM32F4xx_HAL_Driver/Inc/stm32f4xx_ll_spi.h ****   return ((READ_BIT(SPIx->SR, SPI_SR_FRE) == (SPI_SR_FRE)) ? 1UL : 0UL);
 820:Drivers/STM32F4xx_HAL_Driver/Inc/stm32f4xx_ll_spi.h **** }
 821:Drivers/STM32F4xx_HAL_Driver/Inc/stm32f4xx_ll_spi.h **** 
 822:Drivers/STM32F4xx_HAL_Driver/Inc/stm32f4xx_ll_spi.h **** /**
 823:Drivers/STM32F4xx_HAL_Driver/Inc/stm32f4xx_ll_spi.h ****   * @brief  Clear CRC error flag
 824:Drivers/STM32F4xx_HAL_Driver/Inc/stm32f4xx_ll_spi.h ****   * @rmtoll SR           CRCERR        LL_SPI_ClearFlag_CRCERR
 825:Drivers/STM32F4xx_HAL_Driver/Inc/stm32f4xx_ll_spi.h ****   * @param  SPIx SPI Instance
 826:Drivers/STM32F4xx_HAL_Driver/Inc/stm32f4xx_ll_spi.h ****   * @retval None
 827:Drivers/STM32F4xx_HAL_Driver/Inc/stm32f4xx_ll_spi.h ****   */
 828:Drivers/STM32F4xx_HAL_Driver/Inc/stm32f4xx_ll_spi.h **** __STATIC_INLINE void LL_SPI_ClearFlag_CRCERR(SPI_TypeDef *SPIx)
 829:Drivers/STM32F4xx_HAL_Driver/Inc/stm32f4xx_ll_spi.h **** {
 830:Drivers/STM32F4xx_HAL_Driver/Inc/stm32f4xx_ll_spi.h ****   CLEAR_BIT(SPIx->SR, SPI_SR_CRCERR);
 831:Drivers/STM32F4xx_HAL_Driver/Inc/stm32f4xx_ll_spi.h **** }
 832:Drivers/STM32F4xx_HAL_Driver/Inc/stm32f4xx_ll_spi.h **** 
 833:Drivers/STM32F4xx_HAL_Driver/Inc/stm32f4xx_ll_spi.h **** /**
 834:Drivers/STM32F4xx_HAL_Driver/Inc/stm32f4xx_ll_spi.h ****   * @brief  Clear mode fault error flag
 835:Drivers/STM32F4xx_HAL_Driver/Inc/stm32f4xx_ll_spi.h ****   * @note   Clearing this flag is done by a read access to the SPIx_SR
 836:Drivers/STM32F4xx_HAL_Driver/Inc/stm32f4xx_ll_spi.h ****   *         register followed by a write access to the SPIx_CR1 register
 837:Drivers/STM32F4xx_HAL_Driver/Inc/stm32f4xx_ll_spi.h ****   * @rmtoll SR           MODF          LL_SPI_ClearFlag_MODF
 838:Drivers/STM32F4xx_HAL_Driver/Inc/stm32f4xx_ll_spi.h ****   * @param  SPIx SPI Instance
 839:Drivers/STM32F4xx_HAL_Driver/Inc/stm32f4xx_ll_spi.h ****   * @retval None
 840:Drivers/STM32F4xx_HAL_Driver/Inc/stm32f4xx_ll_spi.h ****   */
 841:Drivers/STM32F4xx_HAL_Driver/Inc/stm32f4xx_ll_spi.h **** __STATIC_INLINE void LL_SPI_ClearFlag_MODF(SPI_TypeDef *SPIx)
 842:Drivers/STM32F4xx_HAL_Driver/Inc/stm32f4xx_ll_spi.h **** {
 843:Drivers/STM32F4xx_HAL_Driver/Inc/stm32f4xx_ll_spi.h ****   __IO uint32_t tmpreg_sr;
 844:Drivers/STM32F4xx_HAL_Driver/Inc/stm32f4xx_ll_spi.h ****   tmpreg_sr = SPIx->SR;
 845:Drivers/STM32F4xx_HAL_Driver/Inc/stm32f4xx_ll_spi.h ****   (void) tmpreg_sr;
 846:Drivers/STM32F4xx_HAL_Driver/Inc/stm32f4xx_ll_spi.h ****   CLEAR_BIT(SPIx->CR1, SPI_CR1_SPE);
 847:Drivers/STM32F4xx_HAL_Driver/Inc/stm32f4xx_ll_spi.h **** }
 848:Drivers/STM32F4xx_HAL_Driver/Inc/stm32f4xx_ll_spi.h **** 
 849:Drivers/STM32F4xx_HAL_Driver/Inc/stm32f4xx_ll_spi.h **** /**
 850:Drivers/STM32F4xx_HAL_Driver/Inc/stm32f4xx_ll_spi.h ****   * @brief  Clear overrun error flag
 851:Drivers/STM32F4xx_HAL_Driver/Inc/stm32f4xx_ll_spi.h ****   * @note   Clearing this flag is done by a read access to the SPIx_DR
 852:Drivers/STM32F4xx_HAL_Driver/Inc/stm32f4xx_ll_spi.h ****   *         register followed by a read access to the SPIx_SR register
 853:Drivers/STM32F4xx_HAL_Driver/Inc/stm32f4xx_ll_spi.h ****   * @rmtoll SR           OVR           LL_SPI_ClearFlag_OVR
 854:Drivers/STM32F4xx_HAL_Driver/Inc/stm32f4xx_ll_spi.h ****   * @param  SPIx SPI Instance
 855:Drivers/STM32F4xx_HAL_Driver/Inc/stm32f4xx_ll_spi.h ****   * @retval None
 856:Drivers/STM32F4xx_HAL_Driver/Inc/stm32f4xx_ll_spi.h ****   */
 857:Drivers/STM32F4xx_HAL_Driver/Inc/stm32f4xx_ll_spi.h **** __STATIC_INLINE void LL_SPI_ClearFlag_OVR(const SPI_TypeDef *SPIx)
 858:Drivers/STM32F4xx_HAL_Driver/Inc/stm32f4xx_ll_spi.h **** {
 859:Drivers/STM32F4xx_HAL_Driver/Inc/stm32f4xx_ll_spi.h ****   __IO uint32_t tmpreg;
 860:Drivers/STM32F4xx_HAL_Driver/Inc/stm32f4xx_ll_spi.h ****   tmpreg = SPIx->DR;
 861:Drivers/STM32F4xx_HAL_Driver/Inc/stm32f4xx_ll_spi.h ****   (void) tmpreg;
 862:Drivers/STM32F4xx_HAL_Driver/Inc/stm32f4xx_ll_spi.h ****   tmpreg = SPIx->SR;
 863:Drivers/STM32F4xx_HAL_Driver/Inc/stm32f4xx_ll_spi.h ****   (void) tmpreg;
 864:Drivers/STM32F4xx_HAL_Driver/Inc/stm32f4xx_ll_spi.h **** }
 865:Drivers/STM32F4xx_HAL_Driver/Inc/stm32f4xx_ll_spi.h **** 
 866:Drivers/STM32F4xx_HAL_Driver/Inc/stm32f4xx_ll_spi.h **** /**
 867:Drivers/STM32F4xx_HAL_Driver/Inc/stm32f4xx_ll_spi.h ****   * @brief  Clear frame format error flag
 868:Drivers/STM32F4xx_HAL_Driver/Inc/stm32f4xx_ll_spi.h ****   * @note   Clearing this flag is done by reading SPIx_SR register
 869:Drivers/STM32F4xx_HAL_Driver/Inc/stm32f4xx_ll_spi.h ****   * @rmtoll SR           FRE           LL_SPI_ClearFlag_FRE
 870:Drivers/STM32F4xx_HAL_Driver/Inc/stm32f4xx_ll_spi.h ****   * @param  SPIx SPI Instance
 871:Drivers/STM32F4xx_HAL_Driver/Inc/stm32f4xx_ll_spi.h ****   * @retval None
 872:Drivers/STM32F4xx_HAL_Driver/Inc/stm32f4xx_ll_spi.h ****   */
 873:Drivers/STM32F4xx_HAL_Driver/Inc/stm32f4xx_ll_spi.h **** __STATIC_INLINE void LL_SPI_ClearFlag_FRE(const SPI_TypeDef *SPIx)
 874:Drivers/STM32F4xx_HAL_Driver/Inc/stm32f4xx_ll_spi.h **** {
ARM GAS  C:\Users\chris\AppData\Local\Temp\ccsULun0.s 			page 67


 875:Drivers/STM32F4xx_HAL_Driver/Inc/stm32f4xx_ll_spi.h ****   __IO uint32_t tmpreg;
 876:Drivers/STM32F4xx_HAL_Driver/Inc/stm32f4xx_ll_spi.h ****   tmpreg = SPIx->SR;
 877:Drivers/STM32F4xx_HAL_Driver/Inc/stm32f4xx_ll_spi.h ****   (void) tmpreg;
 878:Drivers/STM32F4xx_HAL_Driver/Inc/stm32f4xx_ll_spi.h **** }
 879:Drivers/STM32F4xx_HAL_Driver/Inc/stm32f4xx_ll_spi.h **** 
 880:Drivers/STM32F4xx_HAL_Driver/Inc/stm32f4xx_ll_spi.h **** /**
 881:Drivers/STM32F4xx_HAL_Driver/Inc/stm32f4xx_ll_spi.h ****   * @}
 882:Drivers/STM32F4xx_HAL_Driver/Inc/stm32f4xx_ll_spi.h ****   */
 883:Drivers/STM32F4xx_HAL_Driver/Inc/stm32f4xx_ll_spi.h **** 
 884:Drivers/STM32F4xx_HAL_Driver/Inc/stm32f4xx_ll_spi.h **** /** @defgroup SPI_LL_EF_IT_Management Interrupt Management
 885:Drivers/STM32F4xx_HAL_Driver/Inc/stm32f4xx_ll_spi.h ****   * @{
 886:Drivers/STM32F4xx_HAL_Driver/Inc/stm32f4xx_ll_spi.h ****   */
 887:Drivers/STM32F4xx_HAL_Driver/Inc/stm32f4xx_ll_spi.h **** 
 888:Drivers/STM32F4xx_HAL_Driver/Inc/stm32f4xx_ll_spi.h **** /**
 889:Drivers/STM32F4xx_HAL_Driver/Inc/stm32f4xx_ll_spi.h ****   * @brief  Enable error interrupt
 890:Drivers/STM32F4xx_HAL_Driver/Inc/stm32f4xx_ll_spi.h ****   * @note   This bit controls the generation of an interrupt when an error condition
 891:Drivers/STM32F4xx_HAL_Driver/Inc/stm32f4xx_ll_spi.h ****   *         occurs (CRCERR, OVR, MODF in SPI mode, FRE at TI mode).
 892:Drivers/STM32F4xx_HAL_Driver/Inc/stm32f4xx_ll_spi.h ****   * @rmtoll CR2          ERRIE         LL_SPI_EnableIT_ERR
 893:Drivers/STM32F4xx_HAL_Driver/Inc/stm32f4xx_ll_spi.h ****   * @param  SPIx SPI Instance
 894:Drivers/STM32F4xx_HAL_Driver/Inc/stm32f4xx_ll_spi.h ****   * @retval None
 895:Drivers/STM32F4xx_HAL_Driver/Inc/stm32f4xx_ll_spi.h ****   */
 896:Drivers/STM32F4xx_HAL_Driver/Inc/stm32f4xx_ll_spi.h **** __STATIC_INLINE void LL_SPI_EnableIT_ERR(SPI_TypeDef *SPIx)
 897:Drivers/STM32F4xx_HAL_Driver/Inc/stm32f4xx_ll_spi.h **** {
 898:Drivers/STM32F4xx_HAL_Driver/Inc/stm32f4xx_ll_spi.h ****   SET_BIT(SPIx->CR2, SPI_CR2_ERRIE);
 899:Drivers/STM32F4xx_HAL_Driver/Inc/stm32f4xx_ll_spi.h **** }
 900:Drivers/STM32F4xx_HAL_Driver/Inc/stm32f4xx_ll_spi.h **** 
 901:Drivers/STM32F4xx_HAL_Driver/Inc/stm32f4xx_ll_spi.h **** /**
 902:Drivers/STM32F4xx_HAL_Driver/Inc/stm32f4xx_ll_spi.h ****   * @brief  Enable Rx buffer not empty interrupt
 903:Drivers/STM32F4xx_HAL_Driver/Inc/stm32f4xx_ll_spi.h ****   * @rmtoll CR2          RXNEIE        LL_SPI_EnableIT_RXNE
 904:Drivers/STM32F4xx_HAL_Driver/Inc/stm32f4xx_ll_spi.h ****   * @param  SPIx SPI Instance
 905:Drivers/STM32F4xx_HAL_Driver/Inc/stm32f4xx_ll_spi.h ****   * @retval None
 906:Drivers/STM32F4xx_HAL_Driver/Inc/stm32f4xx_ll_spi.h ****   */
 907:Drivers/STM32F4xx_HAL_Driver/Inc/stm32f4xx_ll_spi.h **** __STATIC_INLINE void LL_SPI_EnableIT_RXNE(SPI_TypeDef *SPIx)
 908:Drivers/STM32F4xx_HAL_Driver/Inc/stm32f4xx_ll_spi.h **** {
 909:Drivers/STM32F4xx_HAL_Driver/Inc/stm32f4xx_ll_spi.h ****   SET_BIT(SPIx->CR2, SPI_CR2_RXNEIE);
 910:Drivers/STM32F4xx_HAL_Driver/Inc/stm32f4xx_ll_spi.h **** }
 911:Drivers/STM32F4xx_HAL_Driver/Inc/stm32f4xx_ll_spi.h **** 
 912:Drivers/STM32F4xx_HAL_Driver/Inc/stm32f4xx_ll_spi.h **** /**
 913:Drivers/STM32F4xx_HAL_Driver/Inc/stm32f4xx_ll_spi.h ****   * @brief  Enable Tx buffer empty interrupt
 914:Drivers/STM32F4xx_HAL_Driver/Inc/stm32f4xx_ll_spi.h ****   * @rmtoll CR2          TXEIE         LL_SPI_EnableIT_TXE
 915:Drivers/STM32F4xx_HAL_Driver/Inc/stm32f4xx_ll_spi.h ****   * @param  SPIx SPI Instance
 916:Drivers/STM32F4xx_HAL_Driver/Inc/stm32f4xx_ll_spi.h ****   * @retval None
 917:Drivers/STM32F4xx_HAL_Driver/Inc/stm32f4xx_ll_spi.h ****   */
 918:Drivers/STM32F4xx_HAL_Driver/Inc/stm32f4xx_ll_spi.h **** __STATIC_INLINE void LL_SPI_EnableIT_TXE(SPI_TypeDef *SPIx)
 919:Drivers/STM32F4xx_HAL_Driver/Inc/stm32f4xx_ll_spi.h **** {
 920:Drivers/STM32F4xx_HAL_Driver/Inc/stm32f4xx_ll_spi.h ****   SET_BIT(SPIx->CR2, SPI_CR2_TXEIE);
 921:Drivers/STM32F4xx_HAL_Driver/Inc/stm32f4xx_ll_spi.h **** }
 922:Drivers/STM32F4xx_HAL_Driver/Inc/stm32f4xx_ll_spi.h **** 
 923:Drivers/STM32F4xx_HAL_Driver/Inc/stm32f4xx_ll_spi.h **** /**
 924:Drivers/STM32F4xx_HAL_Driver/Inc/stm32f4xx_ll_spi.h ****   * @brief  Disable error interrupt
 925:Drivers/STM32F4xx_HAL_Driver/Inc/stm32f4xx_ll_spi.h ****   * @note   This bit controls the generation of an interrupt when an error condition
 926:Drivers/STM32F4xx_HAL_Driver/Inc/stm32f4xx_ll_spi.h ****   *         occurs (CRCERR, OVR, MODF in SPI mode, FRE at TI mode).
 927:Drivers/STM32F4xx_HAL_Driver/Inc/stm32f4xx_ll_spi.h ****   * @rmtoll CR2          ERRIE         LL_SPI_DisableIT_ERR
 928:Drivers/STM32F4xx_HAL_Driver/Inc/stm32f4xx_ll_spi.h ****   * @param  SPIx SPI Instance
 929:Drivers/STM32F4xx_HAL_Driver/Inc/stm32f4xx_ll_spi.h ****   * @retval None
 930:Drivers/STM32F4xx_HAL_Driver/Inc/stm32f4xx_ll_spi.h ****   */
 931:Drivers/STM32F4xx_HAL_Driver/Inc/stm32f4xx_ll_spi.h **** __STATIC_INLINE void LL_SPI_DisableIT_ERR(SPI_TypeDef *SPIx)
ARM GAS  C:\Users\chris\AppData\Local\Temp\ccsULun0.s 			page 68


 932:Drivers/STM32F4xx_HAL_Driver/Inc/stm32f4xx_ll_spi.h **** {
 933:Drivers/STM32F4xx_HAL_Driver/Inc/stm32f4xx_ll_spi.h ****   CLEAR_BIT(SPIx->CR2, SPI_CR2_ERRIE);
 934:Drivers/STM32F4xx_HAL_Driver/Inc/stm32f4xx_ll_spi.h **** }
 935:Drivers/STM32F4xx_HAL_Driver/Inc/stm32f4xx_ll_spi.h **** 
 936:Drivers/STM32F4xx_HAL_Driver/Inc/stm32f4xx_ll_spi.h **** /**
 937:Drivers/STM32F4xx_HAL_Driver/Inc/stm32f4xx_ll_spi.h ****   * @brief  Disable Rx buffer not empty interrupt
 938:Drivers/STM32F4xx_HAL_Driver/Inc/stm32f4xx_ll_spi.h ****   * @rmtoll CR2          RXNEIE        LL_SPI_DisableIT_RXNE
 939:Drivers/STM32F4xx_HAL_Driver/Inc/stm32f4xx_ll_spi.h ****   * @param  SPIx SPI Instance
 940:Drivers/STM32F4xx_HAL_Driver/Inc/stm32f4xx_ll_spi.h ****   * @retval None
 941:Drivers/STM32F4xx_HAL_Driver/Inc/stm32f4xx_ll_spi.h ****   */
 942:Drivers/STM32F4xx_HAL_Driver/Inc/stm32f4xx_ll_spi.h **** __STATIC_INLINE void LL_SPI_DisableIT_RXNE(SPI_TypeDef *SPIx)
 943:Drivers/STM32F4xx_HAL_Driver/Inc/stm32f4xx_ll_spi.h **** {
 944:Drivers/STM32F4xx_HAL_Driver/Inc/stm32f4xx_ll_spi.h ****   CLEAR_BIT(SPIx->CR2, SPI_CR2_RXNEIE);
 945:Drivers/STM32F4xx_HAL_Driver/Inc/stm32f4xx_ll_spi.h **** }
 946:Drivers/STM32F4xx_HAL_Driver/Inc/stm32f4xx_ll_spi.h **** 
 947:Drivers/STM32F4xx_HAL_Driver/Inc/stm32f4xx_ll_spi.h **** /**
 948:Drivers/STM32F4xx_HAL_Driver/Inc/stm32f4xx_ll_spi.h ****   * @brief  Disable Tx buffer empty interrupt
 949:Drivers/STM32F4xx_HAL_Driver/Inc/stm32f4xx_ll_spi.h ****   * @rmtoll CR2          TXEIE         LL_SPI_DisableIT_TXE
 950:Drivers/STM32F4xx_HAL_Driver/Inc/stm32f4xx_ll_spi.h ****   * @param  SPIx SPI Instance
 951:Drivers/STM32F4xx_HAL_Driver/Inc/stm32f4xx_ll_spi.h ****   * @retval None
 952:Drivers/STM32F4xx_HAL_Driver/Inc/stm32f4xx_ll_spi.h ****   */
 953:Drivers/STM32F4xx_HAL_Driver/Inc/stm32f4xx_ll_spi.h **** __STATIC_INLINE void LL_SPI_DisableIT_TXE(SPI_TypeDef *SPIx)
 954:Drivers/STM32F4xx_HAL_Driver/Inc/stm32f4xx_ll_spi.h **** {
 955:Drivers/STM32F4xx_HAL_Driver/Inc/stm32f4xx_ll_spi.h ****   CLEAR_BIT(SPIx->CR2, SPI_CR2_TXEIE);
 956:Drivers/STM32F4xx_HAL_Driver/Inc/stm32f4xx_ll_spi.h **** }
 957:Drivers/STM32F4xx_HAL_Driver/Inc/stm32f4xx_ll_spi.h **** 
 958:Drivers/STM32F4xx_HAL_Driver/Inc/stm32f4xx_ll_spi.h **** /**
 959:Drivers/STM32F4xx_HAL_Driver/Inc/stm32f4xx_ll_spi.h ****   * @brief  Check if error interrupt is enabled
 960:Drivers/STM32F4xx_HAL_Driver/Inc/stm32f4xx_ll_spi.h ****   * @rmtoll CR2          ERRIE         LL_SPI_IsEnabledIT_ERR
 961:Drivers/STM32F4xx_HAL_Driver/Inc/stm32f4xx_ll_spi.h ****   * @param  SPIx SPI Instance
 962:Drivers/STM32F4xx_HAL_Driver/Inc/stm32f4xx_ll_spi.h ****   * @retval State of bit (1 or 0).
 963:Drivers/STM32F4xx_HAL_Driver/Inc/stm32f4xx_ll_spi.h ****   */
 964:Drivers/STM32F4xx_HAL_Driver/Inc/stm32f4xx_ll_spi.h **** __STATIC_INLINE uint32_t LL_SPI_IsEnabledIT_ERR(const SPI_TypeDef *SPIx)
 965:Drivers/STM32F4xx_HAL_Driver/Inc/stm32f4xx_ll_spi.h **** {
 966:Drivers/STM32F4xx_HAL_Driver/Inc/stm32f4xx_ll_spi.h ****   return ((READ_BIT(SPIx->CR2, SPI_CR2_ERRIE) == (SPI_CR2_ERRIE)) ? 1UL : 0UL);
 967:Drivers/STM32F4xx_HAL_Driver/Inc/stm32f4xx_ll_spi.h **** }
 968:Drivers/STM32F4xx_HAL_Driver/Inc/stm32f4xx_ll_spi.h **** 
 969:Drivers/STM32F4xx_HAL_Driver/Inc/stm32f4xx_ll_spi.h **** /**
 970:Drivers/STM32F4xx_HAL_Driver/Inc/stm32f4xx_ll_spi.h ****   * @brief  Check if Rx buffer not empty interrupt is enabled
 971:Drivers/STM32F4xx_HAL_Driver/Inc/stm32f4xx_ll_spi.h ****   * @rmtoll CR2          RXNEIE        LL_SPI_IsEnabledIT_RXNE
 972:Drivers/STM32F4xx_HAL_Driver/Inc/stm32f4xx_ll_spi.h ****   * @param  SPIx SPI Instance
 973:Drivers/STM32F4xx_HAL_Driver/Inc/stm32f4xx_ll_spi.h ****   * @retval State of bit (1 or 0).
 974:Drivers/STM32F4xx_HAL_Driver/Inc/stm32f4xx_ll_spi.h ****   */
 975:Drivers/STM32F4xx_HAL_Driver/Inc/stm32f4xx_ll_spi.h **** __STATIC_INLINE uint32_t LL_SPI_IsEnabledIT_RXNE(const SPI_TypeDef *SPIx)
 976:Drivers/STM32F4xx_HAL_Driver/Inc/stm32f4xx_ll_spi.h **** {
 977:Drivers/STM32F4xx_HAL_Driver/Inc/stm32f4xx_ll_spi.h ****   return ((READ_BIT(SPIx->CR2, SPI_CR2_RXNEIE) == (SPI_CR2_RXNEIE)) ? 1UL : 0UL);
 978:Drivers/STM32F4xx_HAL_Driver/Inc/stm32f4xx_ll_spi.h **** }
 979:Drivers/STM32F4xx_HAL_Driver/Inc/stm32f4xx_ll_spi.h **** 
 980:Drivers/STM32F4xx_HAL_Driver/Inc/stm32f4xx_ll_spi.h **** /**
 981:Drivers/STM32F4xx_HAL_Driver/Inc/stm32f4xx_ll_spi.h ****   * @brief  Check if Tx buffer empty interrupt
 982:Drivers/STM32F4xx_HAL_Driver/Inc/stm32f4xx_ll_spi.h ****   * @rmtoll CR2          TXEIE         LL_SPI_IsEnabledIT_TXE
 983:Drivers/STM32F4xx_HAL_Driver/Inc/stm32f4xx_ll_spi.h ****   * @param  SPIx SPI Instance
 984:Drivers/STM32F4xx_HAL_Driver/Inc/stm32f4xx_ll_spi.h ****   * @retval State of bit (1 or 0).
 985:Drivers/STM32F4xx_HAL_Driver/Inc/stm32f4xx_ll_spi.h ****   */
 986:Drivers/STM32F4xx_HAL_Driver/Inc/stm32f4xx_ll_spi.h **** __STATIC_INLINE uint32_t LL_SPI_IsEnabledIT_TXE(const SPI_TypeDef *SPIx)
 987:Drivers/STM32F4xx_HAL_Driver/Inc/stm32f4xx_ll_spi.h **** {
 988:Drivers/STM32F4xx_HAL_Driver/Inc/stm32f4xx_ll_spi.h ****   return ((READ_BIT(SPIx->CR2, SPI_CR2_TXEIE) == (SPI_CR2_TXEIE)) ? 1UL : 0UL);
ARM GAS  C:\Users\chris\AppData\Local\Temp\ccsULun0.s 			page 69


 989:Drivers/STM32F4xx_HAL_Driver/Inc/stm32f4xx_ll_spi.h **** }
 990:Drivers/STM32F4xx_HAL_Driver/Inc/stm32f4xx_ll_spi.h **** 
 991:Drivers/STM32F4xx_HAL_Driver/Inc/stm32f4xx_ll_spi.h **** /**
 992:Drivers/STM32F4xx_HAL_Driver/Inc/stm32f4xx_ll_spi.h ****   * @}
 993:Drivers/STM32F4xx_HAL_Driver/Inc/stm32f4xx_ll_spi.h ****   */
 994:Drivers/STM32F4xx_HAL_Driver/Inc/stm32f4xx_ll_spi.h **** 
 995:Drivers/STM32F4xx_HAL_Driver/Inc/stm32f4xx_ll_spi.h **** /** @defgroup SPI_LL_EF_DMA_Management DMA Management
 996:Drivers/STM32F4xx_HAL_Driver/Inc/stm32f4xx_ll_spi.h ****   * @{
 997:Drivers/STM32F4xx_HAL_Driver/Inc/stm32f4xx_ll_spi.h ****   */
 998:Drivers/STM32F4xx_HAL_Driver/Inc/stm32f4xx_ll_spi.h **** 
 999:Drivers/STM32F4xx_HAL_Driver/Inc/stm32f4xx_ll_spi.h **** /**
1000:Drivers/STM32F4xx_HAL_Driver/Inc/stm32f4xx_ll_spi.h ****   * @brief  Enable DMA Rx
1001:Drivers/STM32F4xx_HAL_Driver/Inc/stm32f4xx_ll_spi.h ****   * @rmtoll CR2          RXDMAEN       LL_SPI_EnableDMAReq_RX
1002:Drivers/STM32F4xx_HAL_Driver/Inc/stm32f4xx_ll_spi.h ****   * @param  SPIx SPI Instance
1003:Drivers/STM32F4xx_HAL_Driver/Inc/stm32f4xx_ll_spi.h ****   * @retval None
1004:Drivers/STM32F4xx_HAL_Driver/Inc/stm32f4xx_ll_spi.h ****   */
1005:Drivers/STM32F4xx_HAL_Driver/Inc/stm32f4xx_ll_spi.h **** __STATIC_INLINE void LL_SPI_EnableDMAReq_RX(SPI_TypeDef *SPIx)
1006:Drivers/STM32F4xx_HAL_Driver/Inc/stm32f4xx_ll_spi.h **** {
1007:Drivers/STM32F4xx_HAL_Driver/Inc/stm32f4xx_ll_spi.h ****   SET_BIT(SPIx->CR2, SPI_CR2_RXDMAEN);
1008:Drivers/STM32F4xx_HAL_Driver/Inc/stm32f4xx_ll_spi.h **** }
1009:Drivers/STM32F4xx_HAL_Driver/Inc/stm32f4xx_ll_spi.h **** 
1010:Drivers/STM32F4xx_HAL_Driver/Inc/stm32f4xx_ll_spi.h **** /**
1011:Drivers/STM32F4xx_HAL_Driver/Inc/stm32f4xx_ll_spi.h ****   * @brief  Disable DMA Rx
1012:Drivers/STM32F4xx_HAL_Driver/Inc/stm32f4xx_ll_spi.h ****   * @rmtoll CR2          RXDMAEN       LL_SPI_DisableDMAReq_RX
1013:Drivers/STM32F4xx_HAL_Driver/Inc/stm32f4xx_ll_spi.h ****   * @param  SPIx SPI Instance
1014:Drivers/STM32F4xx_HAL_Driver/Inc/stm32f4xx_ll_spi.h ****   * @retval None
1015:Drivers/STM32F4xx_HAL_Driver/Inc/stm32f4xx_ll_spi.h ****   */
1016:Drivers/STM32F4xx_HAL_Driver/Inc/stm32f4xx_ll_spi.h **** __STATIC_INLINE void LL_SPI_DisableDMAReq_RX(SPI_TypeDef *SPIx)
1017:Drivers/STM32F4xx_HAL_Driver/Inc/stm32f4xx_ll_spi.h **** {
1018:Drivers/STM32F4xx_HAL_Driver/Inc/stm32f4xx_ll_spi.h ****   CLEAR_BIT(SPIx->CR2, SPI_CR2_RXDMAEN);
1019:Drivers/STM32F4xx_HAL_Driver/Inc/stm32f4xx_ll_spi.h **** }
1020:Drivers/STM32F4xx_HAL_Driver/Inc/stm32f4xx_ll_spi.h **** 
1021:Drivers/STM32F4xx_HAL_Driver/Inc/stm32f4xx_ll_spi.h **** /**
1022:Drivers/STM32F4xx_HAL_Driver/Inc/stm32f4xx_ll_spi.h ****   * @brief  Check if DMA Rx is enabled
1023:Drivers/STM32F4xx_HAL_Driver/Inc/stm32f4xx_ll_spi.h ****   * @rmtoll CR2          RXDMAEN       LL_SPI_IsEnabledDMAReq_RX
1024:Drivers/STM32F4xx_HAL_Driver/Inc/stm32f4xx_ll_spi.h ****   * @param  SPIx SPI Instance
1025:Drivers/STM32F4xx_HAL_Driver/Inc/stm32f4xx_ll_spi.h ****   * @retval State of bit (1 or 0).
1026:Drivers/STM32F4xx_HAL_Driver/Inc/stm32f4xx_ll_spi.h ****   */
1027:Drivers/STM32F4xx_HAL_Driver/Inc/stm32f4xx_ll_spi.h **** __STATIC_INLINE uint32_t LL_SPI_IsEnabledDMAReq_RX(const SPI_TypeDef *SPIx)
1028:Drivers/STM32F4xx_HAL_Driver/Inc/stm32f4xx_ll_spi.h **** {
1029:Drivers/STM32F4xx_HAL_Driver/Inc/stm32f4xx_ll_spi.h ****   return ((READ_BIT(SPIx->CR2, SPI_CR2_RXDMAEN) == (SPI_CR2_RXDMAEN)) ? 1UL : 0UL);
1030:Drivers/STM32F4xx_HAL_Driver/Inc/stm32f4xx_ll_spi.h **** }
1031:Drivers/STM32F4xx_HAL_Driver/Inc/stm32f4xx_ll_spi.h **** 
1032:Drivers/STM32F4xx_HAL_Driver/Inc/stm32f4xx_ll_spi.h **** /**
1033:Drivers/STM32F4xx_HAL_Driver/Inc/stm32f4xx_ll_spi.h ****   * @brief  Enable DMA Tx
1034:Drivers/STM32F4xx_HAL_Driver/Inc/stm32f4xx_ll_spi.h ****   * @rmtoll CR2          TXDMAEN       LL_SPI_EnableDMAReq_TX
1035:Drivers/STM32F4xx_HAL_Driver/Inc/stm32f4xx_ll_spi.h ****   * @param  SPIx SPI Instance
1036:Drivers/STM32F4xx_HAL_Driver/Inc/stm32f4xx_ll_spi.h ****   * @retval None
1037:Drivers/STM32F4xx_HAL_Driver/Inc/stm32f4xx_ll_spi.h ****   */
1038:Drivers/STM32F4xx_HAL_Driver/Inc/stm32f4xx_ll_spi.h **** __STATIC_INLINE void LL_SPI_EnableDMAReq_TX(SPI_TypeDef *SPIx)
1039:Drivers/STM32F4xx_HAL_Driver/Inc/stm32f4xx_ll_spi.h **** {
1040:Drivers/STM32F4xx_HAL_Driver/Inc/stm32f4xx_ll_spi.h ****   SET_BIT(SPIx->CR2, SPI_CR2_TXDMAEN);
1041:Drivers/STM32F4xx_HAL_Driver/Inc/stm32f4xx_ll_spi.h **** }
1042:Drivers/STM32F4xx_HAL_Driver/Inc/stm32f4xx_ll_spi.h **** 
1043:Drivers/STM32F4xx_HAL_Driver/Inc/stm32f4xx_ll_spi.h **** /**
1044:Drivers/STM32F4xx_HAL_Driver/Inc/stm32f4xx_ll_spi.h ****   * @brief  Disable DMA Tx
1045:Drivers/STM32F4xx_HAL_Driver/Inc/stm32f4xx_ll_spi.h ****   * @rmtoll CR2          TXDMAEN       LL_SPI_DisableDMAReq_TX
ARM GAS  C:\Users\chris\AppData\Local\Temp\ccsULun0.s 			page 70


1046:Drivers/STM32F4xx_HAL_Driver/Inc/stm32f4xx_ll_spi.h ****   * @param  SPIx SPI Instance
1047:Drivers/STM32F4xx_HAL_Driver/Inc/stm32f4xx_ll_spi.h ****   * @retval None
1048:Drivers/STM32F4xx_HAL_Driver/Inc/stm32f4xx_ll_spi.h ****   */
1049:Drivers/STM32F4xx_HAL_Driver/Inc/stm32f4xx_ll_spi.h **** __STATIC_INLINE void LL_SPI_DisableDMAReq_TX(SPI_TypeDef *SPIx)
1050:Drivers/STM32F4xx_HAL_Driver/Inc/stm32f4xx_ll_spi.h **** {
1051:Drivers/STM32F4xx_HAL_Driver/Inc/stm32f4xx_ll_spi.h ****   CLEAR_BIT(SPIx->CR2, SPI_CR2_TXDMAEN);
1052:Drivers/STM32F4xx_HAL_Driver/Inc/stm32f4xx_ll_spi.h **** }
1053:Drivers/STM32F4xx_HAL_Driver/Inc/stm32f4xx_ll_spi.h **** 
1054:Drivers/STM32F4xx_HAL_Driver/Inc/stm32f4xx_ll_spi.h **** /**
1055:Drivers/STM32F4xx_HAL_Driver/Inc/stm32f4xx_ll_spi.h ****   * @brief  Check if DMA Tx is enabled
1056:Drivers/STM32F4xx_HAL_Driver/Inc/stm32f4xx_ll_spi.h ****   * @rmtoll CR2          TXDMAEN       LL_SPI_IsEnabledDMAReq_TX
1057:Drivers/STM32F4xx_HAL_Driver/Inc/stm32f4xx_ll_spi.h ****   * @param  SPIx SPI Instance
1058:Drivers/STM32F4xx_HAL_Driver/Inc/stm32f4xx_ll_spi.h ****   * @retval State of bit (1 or 0).
1059:Drivers/STM32F4xx_HAL_Driver/Inc/stm32f4xx_ll_spi.h ****   */
1060:Drivers/STM32F4xx_HAL_Driver/Inc/stm32f4xx_ll_spi.h **** __STATIC_INLINE uint32_t LL_SPI_IsEnabledDMAReq_TX(const SPI_TypeDef *SPIx)
1061:Drivers/STM32F4xx_HAL_Driver/Inc/stm32f4xx_ll_spi.h **** {
1062:Drivers/STM32F4xx_HAL_Driver/Inc/stm32f4xx_ll_spi.h ****   return ((READ_BIT(SPIx->CR2, SPI_CR2_TXDMAEN) == (SPI_CR2_TXDMAEN)) ? 1UL : 0UL);
1063:Drivers/STM32F4xx_HAL_Driver/Inc/stm32f4xx_ll_spi.h **** }
1064:Drivers/STM32F4xx_HAL_Driver/Inc/stm32f4xx_ll_spi.h **** 
1065:Drivers/STM32F4xx_HAL_Driver/Inc/stm32f4xx_ll_spi.h **** /**
1066:Drivers/STM32F4xx_HAL_Driver/Inc/stm32f4xx_ll_spi.h ****   * @brief  Get the data register address used for DMA transfer
1067:Drivers/STM32F4xx_HAL_Driver/Inc/stm32f4xx_ll_spi.h ****   * @rmtoll DR           DR            LL_SPI_DMA_GetRegAddr
1068:Drivers/STM32F4xx_HAL_Driver/Inc/stm32f4xx_ll_spi.h ****   * @param  SPIx SPI Instance
1069:Drivers/STM32F4xx_HAL_Driver/Inc/stm32f4xx_ll_spi.h ****   * @retval Address of data register
1070:Drivers/STM32F4xx_HAL_Driver/Inc/stm32f4xx_ll_spi.h ****   */
1071:Drivers/STM32F4xx_HAL_Driver/Inc/stm32f4xx_ll_spi.h **** __STATIC_INLINE uint32_t LL_SPI_DMA_GetRegAddr(const SPI_TypeDef *SPIx)
1072:Drivers/STM32F4xx_HAL_Driver/Inc/stm32f4xx_ll_spi.h **** {
1073:Drivers/STM32F4xx_HAL_Driver/Inc/stm32f4xx_ll_spi.h ****   return (uint32_t) &(SPIx->DR);
1074:Drivers/STM32F4xx_HAL_Driver/Inc/stm32f4xx_ll_spi.h **** }
1075:Drivers/STM32F4xx_HAL_Driver/Inc/stm32f4xx_ll_spi.h **** 
1076:Drivers/STM32F4xx_HAL_Driver/Inc/stm32f4xx_ll_spi.h **** /**
1077:Drivers/STM32F4xx_HAL_Driver/Inc/stm32f4xx_ll_spi.h ****   * @}
1078:Drivers/STM32F4xx_HAL_Driver/Inc/stm32f4xx_ll_spi.h ****   */
1079:Drivers/STM32F4xx_HAL_Driver/Inc/stm32f4xx_ll_spi.h **** 
1080:Drivers/STM32F4xx_HAL_Driver/Inc/stm32f4xx_ll_spi.h **** /** @defgroup SPI_LL_EF_DATA_Management DATA Management
1081:Drivers/STM32F4xx_HAL_Driver/Inc/stm32f4xx_ll_spi.h ****   * @{
1082:Drivers/STM32F4xx_HAL_Driver/Inc/stm32f4xx_ll_spi.h ****   */
1083:Drivers/STM32F4xx_HAL_Driver/Inc/stm32f4xx_ll_spi.h **** 
1084:Drivers/STM32F4xx_HAL_Driver/Inc/stm32f4xx_ll_spi.h **** /**
1085:Drivers/STM32F4xx_HAL_Driver/Inc/stm32f4xx_ll_spi.h ****   * @brief  Read 8-Bits in the data register
1086:Drivers/STM32F4xx_HAL_Driver/Inc/stm32f4xx_ll_spi.h ****   * @rmtoll DR           DR            LL_SPI_ReceiveData8
1087:Drivers/STM32F4xx_HAL_Driver/Inc/stm32f4xx_ll_spi.h ****   * @param  SPIx SPI Instance
1088:Drivers/STM32F4xx_HAL_Driver/Inc/stm32f4xx_ll_spi.h ****   * @retval RxData Value between Min_Data=0x00 and Max_Data=0xFF
1089:Drivers/STM32F4xx_HAL_Driver/Inc/stm32f4xx_ll_spi.h ****   */
1090:Drivers/STM32F4xx_HAL_Driver/Inc/stm32f4xx_ll_spi.h **** __STATIC_INLINE uint8_t LL_SPI_ReceiveData8(SPI_TypeDef *SPIx)
1091:Drivers/STM32F4xx_HAL_Driver/Inc/stm32f4xx_ll_spi.h **** {
1092:Drivers/STM32F4xx_HAL_Driver/Inc/stm32f4xx_ll_spi.h ****   return (*((__IO uint8_t *)&SPIx->DR));
1093:Drivers/STM32F4xx_HAL_Driver/Inc/stm32f4xx_ll_spi.h **** }
1094:Drivers/STM32F4xx_HAL_Driver/Inc/stm32f4xx_ll_spi.h **** 
1095:Drivers/STM32F4xx_HAL_Driver/Inc/stm32f4xx_ll_spi.h **** /**
1096:Drivers/STM32F4xx_HAL_Driver/Inc/stm32f4xx_ll_spi.h ****   * @brief  Read 16-Bits in the data register
1097:Drivers/STM32F4xx_HAL_Driver/Inc/stm32f4xx_ll_spi.h ****   * @rmtoll DR           DR            LL_SPI_ReceiveData16
1098:Drivers/STM32F4xx_HAL_Driver/Inc/stm32f4xx_ll_spi.h ****   * @param  SPIx SPI Instance
1099:Drivers/STM32F4xx_HAL_Driver/Inc/stm32f4xx_ll_spi.h ****   * @retval RxData Value between Min_Data=0x00 and Max_Data=0xFFFF
1100:Drivers/STM32F4xx_HAL_Driver/Inc/stm32f4xx_ll_spi.h ****   */
1101:Drivers/STM32F4xx_HAL_Driver/Inc/stm32f4xx_ll_spi.h **** __STATIC_INLINE uint16_t LL_SPI_ReceiveData16(SPI_TypeDef *SPIx)
1102:Drivers/STM32F4xx_HAL_Driver/Inc/stm32f4xx_ll_spi.h **** {
ARM GAS  C:\Users\chris\AppData\Local\Temp\ccsULun0.s 			page 71


1103:Drivers/STM32F4xx_HAL_Driver/Inc/stm32f4xx_ll_spi.h ****   return (uint16_t)(READ_REG(SPIx->DR));
1104:Drivers/STM32F4xx_HAL_Driver/Inc/stm32f4xx_ll_spi.h **** }
1105:Drivers/STM32F4xx_HAL_Driver/Inc/stm32f4xx_ll_spi.h **** 
1106:Drivers/STM32F4xx_HAL_Driver/Inc/stm32f4xx_ll_spi.h **** /**
1107:Drivers/STM32F4xx_HAL_Driver/Inc/stm32f4xx_ll_spi.h ****   * @brief  Write 8-Bits in the data register
1108:Drivers/STM32F4xx_HAL_Driver/Inc/stm32f4xx_ll_spi.h ****   * @rmtoll DR           DR            LL_SPI_TransmitData8
1109:Drivers/STM32F4xx_HAL_Driver/Inc/stm32f4xx_ll_spi.h ****   * @param  SPIx SPI Instance
1110:Drivers/STM32F4xx_HAL_Driver/Inc/stm32f4xx_ll_spi.h ****   * @param  TxData Value between Min_Data=0x00 and Max_Data=0xFF
1111:Drivers/STM32F4xx_HAL_Driver/Inc/stm32f4xx_ll_spi.h ****   * @retval None
1112:Drivers/STM32F4xx_HAL_Driver/Inc/stm32f4xx_ll_spi.h ****   */
1113:Drivers/STM32F4xx_HAL_Driver/Inc/stm32f4xx_ll_spi.h **** __STATIC_INLINE void LL_SPI_TransmitData8(SPI_TypeDef *SPIx, uint8_t TxData)
1114:Drivers/STM32F4xx_HAL_Driver/Inc/stm32f4xx_ll_spi.h **** {
1115:Drivers/STM32F4xx_HAL_Driver/Inc/stm32f4xx_ll_spi.h **** #if defined (__GNUC__)
1116:Drivers/STM32F4xx_HAL_Driver/Inc/stm32f4xx_ll_spi.h ****   __IO uint8_t *spidr = ((__IO uint8_t *)&SPIx->DR);
1117:Drivers/STM32F4xx_HAL_Driver/Inc/stm32f4xx_ll_spi.h ****   *spidr = TxData;
1118:Drivers/STM32F4xx_HAL_Driver/Inc/stm32f4xx_ll_spi.h **** #else
1119:Drivers/STM32F4xx_HAL_Driver/Inc/stm32f4xx_ll_spi.h ****   *((__IO uint8_t *)&SPIx->DR) = TxData;
1120:Drivers/STM32F4xx_HAL_Driver/Inc/stm32f4xx_ll_spi.h **** #endif /* __GNUC__ */
1121:Drivers/STM32F4xx_HAL_Driver/Inc/stm32f4xx_ll_spi.h **** }
1122:Drivers/STM32F4xx_HAL_Driver/Inc/stm32f4xx_ll_spi.h **** 
1123:Drivers/STM32F4xx_HAL_Driver/Inc/stm32f4xx_ll_spi.h **** /**
1124:Drivers/STM32F4xx_HAL_Driver/Inc/stm32f4xx_ll_spi.h ****   * @brief  Write 16-Bits in the data register
1125:Drivers/STM32F4xx_HAL_Driver/Inc/stm32f4xx_ll_spi.h ****   * @rmtoll DR           DR            LL_SPI_TransmitData16
1126:Drivers/STM32F4xx_HAL_Driver/Inc/stm32f4xx_ll_spi.h ****   * @param  SPIx SPI Instance
1127:Drivers/STM32F4xx_HAL_Driver/Inc/stm32f4xx_ll_spi.h ****   * @param  TxData Value between Min_Data=0x00 and Max_Data=0xFFFF
1128:Drivers/STM32F4xx_HAL_Driver/Inc/stm32f4xx_ll_spi.h ****   * @retval None
1129:Drivers/STM32F4xx_HAL_Driver/Inc/stm32f4xx_ll_spi.h ****   */
1130:Drivers/STM32F4xx_HAL_Driver/Inc/stm32f4xx_ll_spi.h **** __STATIC_INLINE void LL_SPI_TransmitData16(SPI_TypeDef *SPIx, uint16_t TxData)
1131:Drivers/STM32F4xx_HAL_Driver/Inc/stm32f4xx_ll_spi.h **** {
1132:Drivers/STM32F4xx_HAL_Driver/Inc/stm32f4xx_ll_spi.h **** #if defined (__GNUC__)
1133:Drivers/STM32F4xx_HAL_Driver/Inc/stm32f4xx_ll_spi.h ****   __IO uint16_t *spidr = ((__IO uint16_t *)&SPIx->DR);
1134:Drivers/STM32F4xx_HAL_Driver/Inc/stm32f4xx_ll_spi.h ****   *spidr = TxData;
1135:Drivers/STM32F4xx_HAL_Driver/Inc/stm32f4xx_ll_spi.h **** #else
1136:Drivers/STM32F4xx_HAL_Driver/Inc/stm32f4xx_ll_spi.h ****   SPIx->DR = TxData;
1137:Drivers/STM32F4xx_HAL_Driver/Inc/stm32f4xx_ll_spi.h **** #endif /* __GNUC__ */
1138:Drivers/STM32F4xx_HAL_Driver/Inc/stm32f4xx_ll_spi.h **** }
1139:Drivers/STM32F4xx_HAL_Driver/Inc/stm32f4xx_ll_spi.h **** 
1140:Drivers/STM32F4xx_HAL_Driver/Inc/stm32f4xx_ll_spi.h **** /**
1141:Drivers/STM32F4xx_HAL_Driver/Inc/stm32f4xx_ll_spi.h ****   * @}
1142:Drivers/STM32F4xx_HAL_Driver/Inc/stm32f4xx_ll_spi.h ****   */
1143:Drivers/STM32F4xx_HAL_Driver/Inc/stm32f4xx_ll_spi.h **** #if defined(USE_FULL_LL_DRIVER)
1144:Drivers/STM32F4xx_HAL_Driver/Inc/stm32f4xx_ll_spi.h **** /** @defgroup SPI_LL_EF_Init Initialization and de-initialization functions
1145:Drivers/STM32F4xx_HAL_Driver/Inc/stm32f4xx_ll_spi.h ****   * @{
1146:Drivers/STM32F4xx_HAL_Driver/Inc/stm32f4xx_ll_spi.h ****   */
1147:Drivers/STM32F4xx_HAL_Driver/Inc/stm32f4xx_ll_spi.h **** 
1148:Drivers/STM32F4xx_HAL_Driver/Inc/stm32f4xx_ll_spi.h **** ErrorStatus LL_SPI_DeInit(const SPI_TypeDef *SPIx);
1149:Drivers/STM32F4xx_HAL_Driver/Inc/stm32f4xx_ll_spi.h **** ErrorStatus LL_SPI_Init(SPI_TypeDef *SPIx, LL_SPI_InitTypeDef *SPI_InitStruct);
1150:Drivers/STM32F4xx_HAL_Driver/Inc/stm32f4xx_ll_spi.h **** void        LL_SPI_StructInit(LL_SPI_InitTypeDef *SPI_InitStruct);
1151:Drivers/STM32F4xx_HAL_Driver/Inc/stm32f4xx_ll_spi.h **** 
1152:Drivers/STM32F4xx_HAL_Driver/Inc/stm32f4xx_ll_spi.h **** /**
1153:Drivers/STM32F4xx_HAL_Driver/Inc/stm32f4xx_ll_spi.h ****   * @}
1154:Drivers/STM32F4xx_HAL_Driver/Inc/stm32f4xx_ll_spi.h ****   */
1155:Drivers/STM32F4xx_HAL_Driver/Inc/stm32f4xx_ll_spi.h **** #endif /* USE_FULL_LL_DRIVER */
1156:Drivers/STM32F4xx_HAL_Driver/Inc/stm32f4xx_ll_spi.h **** /**
1157:Drivers/STM32F4xx_HAL_Driver/Inc/stm32f4xx_ll_spi.h ****   * @}
1158:Drivers/STM32F4xx_HAL_Driver/Inc/stm32f4xx_ll_spi.h ****   */
1159:Drivers/STM32F4xx_HAL_Driver/Inc/stm32f4xx_ll_spi.h **** 
ARM GAS  C:\Users\chris\AppData\Local\Temp\ccsULun0.s 			page 72


1160:Drivers/STM32F4xx_HAL_Driver/Inc/stm32f4xx_ll_spi.h **** /**
1161:Drivers/STM32F4xx_HAL_Driver/Inc/stm32f4xx_ll_spi.h ****   * @}
1162:Drivers/STM32F4xx_HAL_Driver/Inc/stm32f4xx_ll_spi.h ****   */
1163:Drivers/STM32F4xx_HAL_Driver/Inc/stm32f4xx_ll_spi.h **** 
1164:Drivers/STM32F4xx_HAL_Driver/Inc/stm32f4xx_ll_spi.h **** /** @defgroup I2S_LL I2S
1165:Drivers/STM32F4xx_HAL_Driver/Inc/stm32f4xx_ll_spi.h ****   * @{
1166:Drivers/STM32F4xx_HAL_Driver/Inc/stm32f4xx_ll_spi.h ****   */
1167:Drivers/STM32F4xx_HAL_Driver/Inc/stm32f4xx_ll_spi.h **** 
1168:Drivers/STM32F4xx_HAL_Driver/Inc/stm32f4xx_ll_spi.h **** /* Private variables ---------------------------------------------------------*/
1169:Drivers/STM32F4xx_HAL_Driver/Inc/stm32f4xx_ll_spi.h **** /* Private constants ---------------------------------------------------------*/
1170:Drivers/STM32F4xx_HAL_Driver/Inc/stm32f4xx_ll_spi.h **** /* Private macros ------------------------------------------------------------*/
1171:Drivers/STM32F4xx_HAL_Driver/Inc/stm32f4xx_ll_spi.h **** 
1172:Drivers/STM32F4xx_HAL_Driver/Inc/stm32f4xx_ll_spi.h **** /* Exported types ------------------------------------------------------------*/
1173:Drivers/STM32F4xx_HAL_Driver/Inc/stm32f4xx_ll_spi.h **** #if defined(USE_FULL_LL_DRIVER)
1174:Drivers/STM32F4xx_HAL_Driver/Inc/stm32f4xx_ll_spi.h **** /** @defgroup I2S_LL_ES_INIT I2S Exported Init structure
1175:Drivers/STM32F4xx_HAL_Driver/Inc/stm32f4xx_ll_spi.h ****   * @{
1176:Drivers/STM32F4xx_HAL_Driver/Inc/stm32f4xx_ll_spi.h ****   */
1177:Drivers/STM32F4xx_HAL_Driver/Inc/stm32f4xx_ll_spi.h **** 
1178:Drivers/STM32F4xx_HAL_Driver/Inc/stm32f4xx_ll_spi.h **** /**
1179:Drivers/STM32F4xx_HAL_Driver/Inc/stm32f4xx_ll_spi.h ****   * @brief  I2S Init structure definition
1180:Drivers/STM32F4xx_HAL_Driver/Inc/stm32f4xx_ll_spi.h ****   */
1181:Drivers/STM32F4xx_HAL_Driver/Inc/stm32f4xx_ll_spi.h **** 
1182:Drivers/STM32F4xx_HAL_Driver/Inc/stm32f4xx_ll_spi.h **** typedef struct
1183:Drivers/STM32F4xx_HAL_Driver/Inc/stm32f4xx_ll_spi.h **** {
1184:Drivers/STM32F4xx_HAL_Driver/Inc/stm32f4xx_ll_spi.h ****   uint32_t Mode;                    /*!< Specifies the I2S operating mode.
1185:Drivers/STM32F4xx_HAL_Driver/Inc/stm32f4xx_ll_spi.h ****                                          This parameter can be a value of @ref I2S_LL_EC_MODE
1186:Drivers/STM32F4xx_HAL_Driver/Inc/stm32f4xx_ll_spi.h **** 
1187:Drivers/STM32F4xx_HAL_Driver/Inc/stm32f4xx_ll_spi.h ****                                          This feature can be modified afterwards using unitary func
1188:Drivers/STM32F4xx_HAL_Driver/Inc/stm32f4xx_ll_spi.h **** 
1189:Drivers/STM32F4xx_HAL_Driver/Inc/stm32f4xx_ll_spi.h ****   uint32_t Standard;                /*!< Specifies the standard used for the I2S communication.
1190:Drivers/STM32F4xx_HAL_Driver/Inc/stm32f4xx_ll_spi.h ****                                          This parameter can be a value of @ref I2S_LL_EC_STANDARD
1191:Drivers/STM32F4xx_HAL_Driver/Inc/stm32f4xx_ll_spi.h **** 
1192:Drivers/STM32F4xx_HAL_Driver/Inc/stm32f4xx_ll_spi.h ****                                          This feature can be modified afterwards using unitary func
1193:Drivers/STM32F4xx_HAL_Driver/Inc/stm32f4xx_ll_spi.h **** 
1194:Drivers/STM32F4xx_HAL_Driver/Inc/stm32f4xx_ll_spi.h **** 
1195:Drivers/STM32F4xx_HAL_Driver/Inc/stm32f4xx_ll_spi.h ****   uint32_t DataFormat;              /*!< Specifies the data format for the I2S communication.
1196:Drivers/STM32F4xx_HAL_Driver/Inc/stm32f4xx_ll_spi.h ****                                          This parameter can be a value of @ref I2S_LL_EC_DATA_FORMA
1197:Drivers/STM32F4xx_HAL_Driver/Inc/stm32f4xx_ll_spi.h **** 
1198:Drivers/STM32F4xx_HAL_Driver/Inc/stm32f4xx_ll_spi.h ****                                          This feature can be modified afterwards using unitary func
1199:Drivers/STM32F4xx_HAL_Driver/Inc/stm32f4xx_ll_spi.h **** 
1200:Drivers/STM32F4xx_HAL_Driver/Inc/stm32f4xx_ll_spi.h **** 
1201:Drivers/STM32F4xx_HAL_Driver/Inc/stm32f4xx_ll_spi.h ****   uint32_t MCLKOutput;              /*!< Specifies whether the I2S MCLK output is enabled or not.
1202:Drivers/STM32F4xx_HAL_Driver/Inc/stm32f4xx_ll_spi.h ****                                          This parameter can be a value of @ref I2S_LL_EC_MCLK_OUTPU
1203:Drivers/STM32F4xx_HAL_Driver/Inc/stm32f4xx_ll_spi.h **** 
1204:Drivers/STM32F4xx_HAL_Driver/Inc/stm32f4xx_ll_spi.h ****                                          This feature can be modified afterwards using unitary func
1205:Drivers/STM32F4xx_HAL_Driver/Inc/stm32f4xx_ll_spi.h **** 
1206:Drivers/STM32F4xx_HAL_Driver/Inc/stm32f4xx_ll_spi.h **** 
1207:Drivers/STM32F4xx_HAL_Driver/Inc/stm32f4xx_ll_spi.h ****   uint32_t AudioFreq;               /*!< Specifies the frequency selected for the I2S communication
1208:Drivers/STM32F4xx_HAL_Driver/Inc/stm32f4xx_ll_spi.h ****                                          This parameter can be a value of @ref I2S_LL_EC_AUDIO_FREQ
1209:Drivers/STM32F4xx_HAL_Driver/Inc/stm32f4xx_ll_spi.h **** 
1210:Drivers/STM32F4xx_HAL_Driver/Inc/stm32f4xx_ll_spi.h ****                                          Audio Frequency can be modified afterwards using Reference
1211:Drivers/STM32F4xx_HAL_Driver/Inc/stm32f4xx_ll_spi.h ****                                          and unitary functions @ref LL_I2S_SetPrescalerLinear() and
1212:Drivers/STM32F4xx_HAL_Driver/Inc/stm32f4xx_ll_spi.h **** 
1213:Drivers/STM32F4xx_HAL_Driver/Inc/stm32f4xx_ll_spi.h **** 
1214:Drivers/STM32F4xx_HAL_Driver/Inc/stm32f4xx_ll_spi.h ****   uint32_t ClockPolarity;           /*!< Specifies the idle state of the I2S clock.
1215:Drivers/STM32F4xx_HAL_Driver/Inc/stm32f4xx_ll_spi.h ****                                          This parameter can be a value of @ref I2S_LL_EC_POLARITY
1216:Drivers/STM32F4xx_HAL_Driver/Inc/stm32f4xx_ll_spi.h **** 
ARM GAS  C:\Users\chris\AppData\Local\Temp\ccsULun0.s 			page 73


1217:Drivers/STM32F4xx_HAL_Driver/Inc/stm32f4xx_ll_spi.h ****                                          This feature can be modified afterwards using unitary func
1218:Drivers/STM32F4xx_HAL_Driver/Inc/stm32f4xx_ll_spi.h **** 
1219:Drivers/STM32F4xx_HAL_Driver/Inc/stm32f4xx_ll_spi.h **** } LL_I2S_InitTypeDef;
1220:Drivers/STM32F4xx_HAL_Driver/Inc/stm32f4xx_ll_spi.h **** 
1221:Drivers/STM32F4xx_HAL_Driver/Inc/stm32f4xx_ll_spi.h **** /**
1222:Drivers/STM32F4xx_HAL_Driver/Inc/stm32f4xx_ll_spi.h ****   * @}
1223:Drivers/STM32F4xx_HAL_Driver/Inc/stm32f4xx_ll_spi.h ****   */
1224:Drivers/STM32F4xx_HAL_Driver/Inc/stm32f4xx_ll_spi.h **** #endif /*USE_FULL_LL_DRIVER*/
1225:Drivers/STM32F4xx_HAL_Driver/Inc/stm32f4xx_ll_spi.h **** 
1226:Drivers/STM32F4xx_HAL_Driver/Inc/stm32f4xx_ll_spi.h **** /* Exported constants --------------------------------------------------------*/
1227:Drivers/STM32F4xx_HAL_Driver/Inc/stm32f4xx_ll_spi.h **** /** @defgroup I2S_LL_Exported_Constants I2S Exported Constants
1228:Drivers/STM32F4xx_HAL_Driver/Inc/stm32f4xx_ll_spi.h ****   * @{
1229:Drivers/STM32F4xx_HAL_Driver/Inc/stm32f4xx_ll_spi.h ****   */
1230:Drivers/STM32F4xx_HAL_Driver/Inc/stm32f4xx_ll_spi.h **** 
1231:Drivers/STM32F4xx_HAL_Driver/Inc/stm32f4xx_ll_spi.h **** /** @defgroup I2S_LL_EC_GET_FLAG Get Flags Defines
1232:Drivers/STM32F4xx_HAL_Driver/Inc/stm32f4xx_ll_spi.h ****   * @brief    Flags defines which can be used with LL_I2S_ReadReg function
1233:Drivers/STM32F4xx_HAL_Driver/Inc/stm32f4xx_ll_spi.h ****   * @{
1234:Drivers/STM32F4xx_HAL_Driver/Inc/stm32f4xx_ll_spi.h ****   */
1235:Drivers/STM32F4xx_HAL_Driver/Inc/stm32f4xx_ll_spi.h **** #define LL_I2S_SR_RXNE                     LL_SPI_SR_RXNE            /*!< Rx buffer not empty flag 
1236:Drivers/STM32F4xx_HAL_Driver/Inc/stm32f4xx_ll_spi.h **** #define LL_I2S_SR_TXE                      LL_SPI_SR_TXE             /*!< Tx buffer empty flag     
1237:Drivers/STM32F4xx_HAL_Driver/Inc/stm32f4xx_ll_spi.h **** #define LL_I2S_SR_BSY                      LL_SPI_SR_BSY             /*!< Busy flag                
1238:Drivers/STM32F4xx_HAL_Driver/Inc/stm32f4xx_ll_spi.h **** #define LL_I2S_SR_UDR                      SPI_SR_UDR                /*!< Underrun flag            
1239:Drivers/STM32F4xx_HAL_Driver/Inc/stm32f4xx_ll_spi.h **** #define LL_I2S_SR_OVR                      LL_SPI_SR_OVR             /*!< Overrun flag             
1240:Drivers/STM32F4xx_HAL_Driver/Inc/stm32f4xx_ll_spi.h **** #define LL_I2S_SR_FRE                      LL_SPI_SR_FRE             /*!< TI mode frame format erro
1241:Drivers/STM32F4xx_HAL_Driver/Inc/stm32f4xx_ll_spi.h **** /**
1242:Drivers/STM32F4xx_HAL_Driver/Inc/stm32f4xx_ll_spi.h ****   * @}
1243:Drivers/STM32F4xx_HAL_Driver/Inc/stm32f4xx_ll_spi.h ****   */
1244:Drivers/STM32F4xx_HAL_Driver/Inc/stm32f4xx_ll_spi.h **** 
1245:Drivers/STM32F4xx_HAL_Driver/Inc/stm32f4xx_ll_spi.h **** /** @defgroup SPI_LL_EC_IT IT Defines
1246:Drivers/STM32F4xx_HAL_Driver/Inc/stm32f4xx_ll_spi.h ****   * @brief    IT defines which can be used with LL_SPI_ReadReg and  LL_SPI_WriteReg functions
1247:Drivers/STM32F4xx_HAL_Driver/Inc/stm32f4xx_ll_spi.h ****   * @{
1248:Drivers/STM32F4xx_HAL_Driver/Inc/stm32f4xx_ll_spi.h ****   */
1249:Drivers/STM32F4xx_HAL_Driver/Inc/stm32f4xx_ll_spi.h **** #define LL_I2S_CR2_RXNEIE                  LL_SPI_CR2_RXNEIE         /*!< Rx buffer not empty inter
1250:Drivers/STM32F4xx_HAL_Driver/Inc/stm32f4xx_ll_spi.h **** #define LL_I2S_CR2_TXEIE                   LL_SPI_CR2_TXEIE          /*!< Tx buffer empty interrupt
1251:Drivers/STM32F4xx_HAL_Driver/Inc/stm32f4xx_ll_spi.h **** #define LL_I2S_CR2_ERRIE                   LL_SPI_CR2_ERRIE          /*!< Error interrupt enable   
1252:Drivers/STM32F4xx_HAL_Driver/Inc/stm32f4xx_ll_spi.h **** /**
1253:Drivers/STM32F4xx_HAL_Driver/Inc/stm32f4xx_ll_spi.h ****   * @}
1254:Drivers/STM32F4xx_HAL_Driver/Inc/stm32f4xx_ll_spi.h ****   */
1255:Drivers/STM32F4xx_HAL_Driver/Inc/stm32f4xx_ll_spi.h **** 
1256:Drivers/STM32F4xx_HAL_Driver/Inc/stm32f4xx_ll_spi.h **** /** @defgroup I2S_LL_EC_DATA_FORMAT Data format
1257:Drivers/STM32F4xx_HAL_Driver/Inc/stm32f4xx_ll_spi.h ****   * @{
1258:Drivers/STM32F4xx_HAL_Driver/Inc/stm32f4xx_ll_spi.h ****   */
1259:Drivers/STM32F4xx_HAL_Driver/Inc/stm32f4xx_ll_spi.h **** #define LL_I2S_DATAFORMAT_16B              0x00000000U                                   /*!< Data 
1260:Drivers/STM32F4xx_HAL_Driver/Inc/stm32f4xx_ll_spi.h **** #define LL_I2S_DATAFORMAT_16B_EXTENDED     (SPI_I2SCFGR_CHLEN)                           /*!< Data 
1261:Drivers/STM32F4xx_HAL_Driver/Inc/stm32f4xx_ll_spi.h **** #define LL_I2S_DATAFORMAT_24B              (SPI_I2SCFGR_CHLEN | SPI_I2SCFGR_DATLEN_0)    /*!< Data 
1262:Drivers/STM32F4xx_HAL_Driver/Inc/stm32f4xx_ll_spi.h **** #define LL_I2S_DATAFORMAT_32B              (SPI_I2SCFGR_CHLEN | SPI_I2SCFGR_DATLEN_1)    /*!< Data 
1263:Drivers/STM32F4xx_HAL_Driver/Inc/stm32f4xx_ll_spi.h **** /**
1264:Drivers/STM32F4xx_HAL_Driver/Inc/stm32f4xx_ll_spi.h ****   * @}
1265:Drivers/STM32F4xx_HAL_Driver/Inc/stm32f4xx_ll_spi.h ****   */
1266:Drivers/STM32F4xx_HAL_Driver/Inc/stm32f4xx_ll_spi.h **** 
1267:Drivers/STM32F4xx_HAL_Driver/Inc/stm32f4xx_ll_spi.h **** /** @defgroup I2S_LL_EC_POLARITY Clock Polarity
1268:Drivers/STM32F4xx_HAL_Driver/Inc/stm32f4xx_ll_spi.h ****   * @{
1269:Drivers/STM32F4xx_HAL_Driver/Inc/stm32f4xx_ll_spi.h ****   */
1270:Drivers/STM32F4xx_HAL_Driver/Inc/stm32f4xx_ll_spi.h **** #define LL_I2S_POLARITY_LOW                0x00000000U               /*!< Clock steady state is low
1271:Drivers/STM32F4xx_HAL_Driver/Inc/stm32f4xx_ll_spi.h **** #define LL_I2S_POLARITY_HIGH               (SPI_I2SCFGR_CKPOL)       /*!< Clock steady state is hig
1272:Drivers/STM32F4xx_HAL_Driver/Inc/stm32f4xx_ll_spi.h **** /**
1273:Drivers/STM32F4xx_HAL_Driver/Inc/stm32f4xx_ll_spi.h ****   * @}
ARM GAS  C:\Users\chris\AppData\Local\Temp\ccsULun0.s 			page 74


1274:Drivers/STM32F4xx_HAL_Driver/Inc/stm32f4xx_ll_spi.h ****   */
1275:Drivers/STM32F4xx_HAL_Driver/Inc/stm32f4xx_ll_spi.h **** 
1276:Drivers/STM32F4xx_HAL_Driver/Inc/stm32f4xx_ll_spi.h **** /** @defgroup I2S_LL_EC_STANDARD I2s Standard
1277:Drivers/STM32F4xx_HAL_Driver/Inc/stm32f4xx_ll_spi.h ****   * @{
1278:Drivers/STM32F4xx_HAL_Driver/Inc/stm32f4xx_ll_spi.h ****   */
1279:Drivers/STM32F4xx_HAL_Driver/Inc/stm32f4xx_ll_spi.h **** #define LL_I2S_STANDARD_PHILIPS            0x00000000U                                             
1280:Drivers/STM32F4xx_HAL_Driver/Inc/stm32f4xx_ll_spi.h **** #define LL_I2S_STANDARD_MSB                (SPI_I2SCFGR_I2SSTD_0)                                  
1281:Drivers/STM32F4xx_HAL_Driver/Inc/stm32f4xx_ll_spi.h **** #define LL_I2S_STANDARD_LSB                (SPI_I2SCFGR_I2SSTD_1)                                  
1282:Drivers/STM32F4xx_HAL_Driver/Inc/stm32f4xx_ll_spi.h **** #define LL_I2S_STANDARD_PCM_SHORT          (SPI_I2SCFGR_I2SSTD_0 | SPI_I2SCFGR_I2SSTD_1)           
1283:Drivers/STM32F4xx_HAL_Driver/Inc/stm32f4xx_ll_spi.h **** #define LL_I2S_STANDARD_PCM_LONG           (SPI_I2SCFGR_I2SSTD_0 | SPI_I2SCFGR_I2SSTD_1 | SPI_I2SCF
1284:Drivers/STM32F4xx_HAL_Driver/Inc/stm32f4xx_ll_spi.h **** /**
1285:Drivers/STM32F4xx_HAL_Driver/Inc/stm32f4xx_ll_spi.h ****   * @}
1286:Drivers/STM32F4xx_HAL_Driver/Inc/stm32f4xx_ll_spi.h ****   */
1287:Drivers/STM32F4xx_HAL_Driver/Inc/stm32f4xx_ll_spi.h **** 
1288:Drivers/STM32F4xx_HAL_Driver/Inc/stm32f4xx_ll_spi.h **** /** @defgroup I2S_LL_EC_MODE Operation Mode
1289:Drivers/STM32F4xx_HAL_Driver/Inc/stm32f4xx_ll_spi.h ****   * @{
1290:Drivers/STM32F4xx_HAL_Driver/Inc/stm32f4xx_ll_spi.h ****   */
1291:Drivers/STM32F4xx_HAL_Driver/Inc/stm32f4xx_ll_spi.h **** #define LL_I2S_MODE_SLAVE_TX               0x00000000U                                   /*!< Slave
1292:Drivers/STM32F4xx_HAL_Driver/Inc/stm32f4xx_ll_spi.h **** #define LL_I2S_MODE_SLAVE_RX               (SPI_I2SCFGR_I2SCFG_0)                        /*!< Slave
1293:Drivers/STM32F4xx_HAL_Driver/Inc/stm32f4xx_ll_spi.h **** #define LL_I2S_MODE_MASTER_TX              (SPI_I2SCFGR_I2SCFG_1)                        /*!< Maste
1294:Drivers/STM32F4xx_HAL_Driver/Inc/stm32f4xx_ll_spi.h **** #define LL_I2S_MODE_MASTER_RX              (SPI_I2SCFGR_I2SCFG_0 | SPI_I2SCFGR_I2SCFG_1) /*!< Maste
1295:Drivers/STM32F4xx_HAL_Driver/Inc/stm32f4xx_ll_spi.h **** /**
1296:Drivers/STM32F4xx_HAL_Driver/Inc/stm32f4xx_ll_spi.h ****   * @}
1297:Drivers/STM32F4xx_HAL_Driver/Inc/stm32f4xx_ll_spi.h ****   */
1298:Drivers/STM32F4xx_HAL_Driver/Inc/stm32f4xx_ll_spi.h **** 
1299:Drivers/STM32F4xx_HAL_Driver/Inc/stm32f4xx_ll_spi.h **** /** @defgroup I2S_LL_EC_PRESCALER_FACTOR Prescaler Factor
1300:Drivers/STM32F4xx_HAL_Driver/Inc/stm32f4xx_ll_spi.h ****   * @{
1301:Drivers/STM32F4xx_HAL_Driver/Inc/stm32f4xx_ll_spi.h ****   */
1302:Drivers/STM32F4xx_HAL_Driver/Inc/stm32f4xx_ll_spi.h **** #define LL_I2S_PRESCALER_PARITY_EVEN       0x00000000U               /*!< Odd factor: Real divider 
1303:Drivers/STM32F4xx_HAL_Driver/Inc/stm32f4xx_ll_spi.h **** #define LL_I2S_PRESCALER_PARITY_ODD        (SPI_I2SPR_ODD >> 8U)     /*!< Odd factor: Real divider 
1304:Drivers/STM32F4xx_HAL_Driver/Inc/stm32f4xx_ll_spi.h **** /**
1305:Drivers/STM32F4xx_HAL_Driver/Inc/stm32f4xx_ll_spi.h ****   * @}
1306:Drivers/STM32F4xx_HAL_Driver/Inc/stm32f4xx_ll_spi.h ****   */
1307:Drivers/STM32F4xx_HAL_Driver/Inc/stm32f4xx_ll_spi.h **** 
1308:Drivers/STM32F4xx_HAL_Driver/Inc/stm32f4xx_ll_spi.h **** #if defined(USE_FULL_LL_DRIVER)
1309:Drivers/STM32F4xx_HAL_Driver/Inc/stm32f4xx_ll_spi.h **** 
1310:Drivers/STM32F4xx_HAL_Driver/Inc/stm32f4xx_ll_spi.h **** /** @defgroup I2S_LL_EC_MCLK_OUTPUT MCLK Output
1311:Drivers/STM32F4xx_HAL_Driver/Inc/stm32f4xx_ll_spi.h ****   * @{
1312:Drivers/STM32F4xx_HAL_Driver/Inc/stm32f4xx_ll_spi.h ****   */
1313:Drivers/STM32F4xx_HAL_Driver/Inc/stm32f4xx_ll_spi.h **** #define LL_I2S_MCLK_OUTPUT_DISABLE         0x00000000U               /*!< Master clock output is di
1314:Drivers/STM32F4xx_HAL_Driver/Inc/stm32f4xx_ll_spi.h **** #define LL_I2S_MCLK_OUTPUT_ENABLE          (SPI_I2SPR_MCKOE)         /*!< Master clock output is en
1315:Drivers/STM32F4xx_HAL_Driver/Inc/stm32f4xx_ll_spi.h **** /**
1316:Drivers/STM32F4xx_HAL_Driver/Inc/stm32f4xx_ll_spi.h ****   * @}
1317:Drivers/STM32F4xx_HAL_Driver/Inc/stm32f4xx_ll_spi.h ****   */
1318:Drivers/STM32F4xx_HAL_Driver/Inc/stm32f4xx_ll_spi.h **** 
1319:Drivers/STM32F4xx_HAL_Driver/Inc/stm32f4xx_ll_spi.h **** /** @defgroup I2S_LL_EC_AUDIO_FREQ Audio Frequency
1320:Drivers/STM32F4xx_HAL_Driver/Inc/stm32f4xx_ll_spi.h ****   * @{
1321:Drivers/STM32F4xx_HAL_Driver/Inc/stm32f4xx_ll_spi.h ****   */
1322:Drivers/STM32F4xx_HAL_Driver/Inc/stm32f4xx_ll_spi.h **** 
1323:Drivers/STM32F4xx_HAL_Driver/Inc/stm32f4xx_ll_spi.h **** #define LL_I2S_AUDIOFREQ_192K              192000U       /*!< Audio Frequency configuration 192000 
1324:Drivers/STM32F4xx_HAL_Driver/Inc/stm32f4xx_ll_spi.h **** #define LL_I2S_AUDIOFREQ_96K               96000U        /*!< Audio Frequency configuration  96000 
1325:Drivers/STM32F4xx_HAL_Driver/Inc/stm32f4xx_ll_spi.h **** #define LL_I2S_AUDIOFREQ_48K               48000U        /*!< Audio Frequency configuration  48000 
1326:Drivers/STM32F4xx_HAL_Driver/Inc/stm32f4xx_ll_spi.h **** #define LL_I2S_AUDIOFREQ_44K               44100U        /*!< Audio Frequency configuration  44100 
1327:Drivers/STM32F4xx_HAL_Driver/Inc/stm32f4xx_ll_spi.h **** #define LL_I2S_AUDIOFREQ_32K               32000U        /*!< Audio Frequency configuration  32000 
1328:Drivers/STM32F4xx_HAL_Driver/Inc/stm32f4xx_ll_spi.h **** #define LL_I2S_AUDIOFREQ_22K               22050U        /*!< Audio Frequency configuration  22050 
1329:Drivers/STM32F4xx_HAL_Driver/Inc/stm32f4xx_ll_spi.h **** #define LL_I2S_AUDIOFREQ_16K               16000U        /*!< Audio Frequency configuration  16000 
1330:Drivers/STM32F4xx_HAL_Driver/Inc/stm32f4xx_ll_spi.h **** #define LL_I2S_AUDIOFREQ_11K               11025U        /*!< Audio Frequency configuration  11025 
ARM GAS  C:\Users\chris\AppData\Local\Temp\ccsULun0.s 			page 75


1331:Drivers/STM32F4xx_HAL_Driver/Inc/stm32f4xx_ll_spi.h **** #define LL_I2S_AUDIOFREQ_8K                8000U         /*!< Audio Frequency configuration   8000 
1332:Drivers/STM32F4xx_HAL_Driver/Inc/stm32f4xx_ll_spi.h **** #define LL_I2S_AUDIOFREQ_DEFAULT           2U            /*!< Audio Freq not specified. Register I2
1333:Drivers/STM32F4xx_HAL_Driver/Inc/stm32f4xx_ll_spi.h **** /**
1334:Drivers/STM32F4xx_HAL_Driver/Inc/stm32f4xx_ll_spi.h ****   * @}
1335:Drivers/STM32F4xx_HAL_Driver/Inc/stm32f4xx_ll_spi.h ****   */
1336:Drivers/STM32F4xx_HAL_Driver/Inc/stm32f4xx_ll_spi.h **** #endif /* USE_FULL_LL_DRIVER */
1337:Drivers/STM32F4xx_HAL_Driver/Inc/stm32f4xx_ll_spi.h **** 
1338:Drivers/STM32F4xx_HAL_Driver/Inc/stm32f4xx_ll_spi.h **** /**
1339:Drivers/STM32F4xx_HAL_Driver/Inc/stm32f4xx_ll_spi.h ****   * @}
1340:Drivers/STM32F4xx_HAL_Driver/Inc/stm32f4xx_ll_spi.h ****   */
1341:Drivers/STM32F4xx_HAL_Driver/Inc/stm32f4xx_ll_spi.h **** 
1342:Drivers/STM32F4xx_HAL_Driver/Inc/stm32f4xx_ll_spi.h **** /* Exported macro ------------------------------------------------------------*/
1343:Drivers/STM32F4xx_HAL_Driver/Inc/stm32f4xx_ll_spi.h **** /** @defgroup I2S_LL_Exported_Macros I2S Exported Macros
1344:Drivers/STM32F4xx_HAL_Driver/Inc/stm32f4xx_ll_spi.h ****   * @{
1345:Drivers/STM32F4xx_HAL_Driver/Inc/stm32f4xx_ll_spi.h ****   */
1346:Drivers/STM32F4xx_HAL_Driver/Inc/stm32f4xx_ll_spi.h **** 
1347:Drivers/STM32F4xx_HAL_Driver/Inc/stm32f4xx_ll_spi.h **** /** @defgroup I2S_LL_EM_WRITE_READ Common Write and read registers Macros
1348:Drivers/STM32F4xx_HAL_Driver/Inc/stm32f4xx_ll_spi.h ****   * @{
1349:Drivers/STM32F4xx_HAL_Driver/Inc/stm32f4xx_ll_spi.h ****   */
1350:Drivers/STM32F4xx_HAL_Driver/Inc/stm32f4xx_ll_spi.h **** 
1351:Drivers/STM32F4xx_HAL_Driver/Inc/stm32f4xx_ll_spi.h **** /**
1352:Drivers/STM32F4xx_HAL_Driver/Inc/stm32f4xx_ll_spi.h ****   * @brief  Write a value in I2S register
1353:Drivers/STM32F4xx_HAL_Driver/Inc/stm32f4xx_ll_spi.h ****   * @param  __INSTANCE__ I2S Instance
1354:Drivers/STM32F4xx_HAL_Driver/Inc/stm32f4xx_ll_spi.h ****   * @param  __REG__ Register to be written
1355:Drivers/STM32F4xx_HAL_Driver/Inc/stm32f4xx_ll_spi.h ****   * @param  __VALUE__ Value to be written in the register
1356:Drivers/STM32F4xx_HAL_Driver/Inc/stm32f4xx_ll_spi.h ****   * @retval None
1357:Drivers/STM32F4xx_HAL_Driver/Inc/stm32f4xx_ll_spi.h ****   */
1358:Drivers/STM32F4xx_HAL_Driver/Inc/stm32f4xx_ll_spi.h **** #define LL_I2S_WriteReg(__INSTANCE__, __REG__, __VALUE__) WRITE_REG(__INSTANCE__->__REG__, (__VALUE
1359:Drivers/STM32F4xx_HAL_Driver/Inc/stm32f4xx_ll_spi.h **** 
1360:Drivers/STM32F4xx_HAL_Driver/Inc/stm32f4xx_ll_spi.h **** /**
1361:Drivers/STM32F4xx_HAL_Driver/Inc/stm32f4xx_ll_spi.h ****   * @brief  Read a value in I2S register
1362:Drivers/STM32F4xx_HAL_Driver/Inc/stm32f4xx_ll_spi.h ****   * @param  __INSTANCE__ I2S Instance
1363:Drivers/STM32F4xx_HAL_Driver/Inc/stm32f4xx_ll_spi.h ****   * @param  __REG__ Register to be read
1364:Drivers/STM32F4xx_HAL_Driver/Inc/stm32f4xx_ll_spi.h ****   * @retval Register value
1365:Drivers/STM32F4xx_HAL_Driver/Inc/stm32f4xx_ll_spi.h ****   */
1366:Drivers/STM32F4xx_HAL_Driver/Inc/stm32f4xx_ll_spi.h **** #define LL_I2S_ReadReg(__INSTANCE__, __REG__) READ_REG(__INSTANCE__->__REG__)
1367:Drivers/STM32F4xx_HAL_Driver/Inc/stm32f4xx_ll_spi.h **** /**
1368:Drivers/STM32F4xx_HAL_Driver/Inc/stm32f4xx_ll_spi.h ****   * @}
1369:Drivers/STM32F4xx_HAL_Driver/Inc/stm32f4xx_ll_spi.h ****   */
1370:Drivers/STM32F4xx_HAL_Driver/Inc/stm32f4xx_ll_spi.h **** 
1371:Drivers/STM32F4xx_HAL_Driver/Inc/stm32f4xx_ll_spi.h **** /**
1372:Drivers/STM32F4xx_HAL_Driver/Inc/stm32f4xx_ll_spi.h ****   * @}
1373:Drivers/STM32F4xx_HAL_Driver/Inc/stm32f4xx_ll_spi.h ****   */
1374:Drivers/STM32F4xx_HAL_Driver/Inc/stm32f4xx_ll_spi.h **** 
1375:Drivers/STM32F4xx_HAL_Driver/Inc/stm32f4xx_ll_spi.h **** 
1376:Drivers/STM32F4xx_HAL_Driver/Inc/stm32f4xx_ll_spi.h **** /* Exported functions --------------------------------------------------------*/
1377:Drivers/STM32F4xx_HAL_Driver/Inc/stm32f4xx_ll_spi.h **** 
1378:Drivers/STM32F4xx_HAL_Driver/Inc/stm32f4xx_ll_spi.h **** /** @defgroup I2S_LL_Exported_Functions I2S Exported Functions
1379:Drivers/STM32F4xx_HAL_Driver/Inc/stm32f4xx_ll_spi.h ****   * @{
1380:Drivers/STM32F4xx_HAL_Driver/Inc/stm32f4xx_ll_spi.h ****   */
1381:Drivers/STM32F4xx_HAL_Driver/Inc/stm32f4xx_ll_spi.h **** 
1382:Drivers/STM32F4xx_HAL_Driver/Inc/stm32f4xx_ll_spi.h **** /** @defgroup I2S_LL_EF_Configuration Configuration
1383:Drivers/STM32F4xx_HAL_Driver/Inc/stm32f4xx_ll_spi.h ****   * @{
1384:Drivers/STM32F4xx_HAL_Driver/Inc/stm32f4xx_ll_spi.h ****   */
1385:Drivers/STM32F4xx_HAL_Driver/Inc/stm32f4xx_ll_spi.h **** 
1386:Drivers/STM32F4xx_HAL_Driver/Inc/stm32f4xx_ll_spi.h **** /**
1387:Drivers/STM32F4xx_HAL_Driver/Inc/stm32f4xx_ll_spi.h ****   * @brief  Select I2S mode and Enable I2S peripheral
ARM GAS  C:\Users\chris\AppData\Local\Temp\ccsULun0.s 			page 76


1388:Drivers/STM32F4xx_HAL_Driver/Inc/stm32f4xx_ll_spi.h ****   * @rmtoll I2SCFGR      I2SMOD        LL_I2S_Enable\n
1389:Drivers/STM32F4xx_HAL_Driver/Inc/stm32f4xx_ll_spi.h ****   *         I2SCFGR      I2SE          LL_I2S_Enable
1390:Drivers/STM32F4xx_HAL_Driver/Inc/stm32f4xx_ll_spi.h ****   * @param  SPIx SPI Instance
1391:Drivers/STM32F4xx_HAL_Driver/Inc/stm32f4xx_ll_spi.h ****   * @retval None
1392:Drivers/STM32F4xx_HAL_Driver/Inc/stm32f4xx_ll_spi.h ****   */
1393:Drivers/STM32F4xx_HAL_Driver/Inc/stm32f4xx_ll_spi.h **** __STATIC_INLINE void LL_I2S_Enable(SPI_TypeDef *SPIx)
1394:Drivers/STM32F4xx_HAL_Driver/Inc/stm32f4xx_ll_spi.h **** {
1395:Drivers/STM32F4xx_HAL_Driver/Inc/stm32f4xx_ll_spi.h ****   SET_BIT(SPIx->I2SCFGR, SPI_I2SCFGR_I2SMOD | SPI_I2SCFGR_I2SE);
1396:Drivers/STM32F4xx_HAL_Driver/Inc/stm32f4xx_ll_spi.h **** }
1397:Drivers/STM32F4xx_HAL_Driver/Inc/stm32f4xx_ll_spi.h **** 
1398:Drivers/STM32F4xx_HAL_Driver/Inc/stm32f4xx_ll_spi.h **** /**
1399:Drivers/STM32F4xx_HAL_Driver/Inc/stm32f4xx_ll_spi.h ****   * @brief  Disable I2S peripheral
1400:Drivers/STM32F4xx_HAL_Driver/Inc/stm32f4xx_ll_spi.h ****   * @rmtoll I2SCFGR      I2SE          LL_I2S_Disable
1401:Drivers/STM32F4xx_HAL_Driver/Inc/stm32f4xx_ll_spi.h ****   * @param  SPIx SPI Instance
1402:Drivers/STM32F4xx_HAL_Driver/Inc/stm32f4xx_ll_spi.h ****   * @retval None
1403:Drivers/STM32F4xx_HAL_Driver/Inc/stm32f4xx_ll_spi.h ****   */
1404:Drivers/STM32F4xx_HAL_Driver/Inc/stm32f4xx_ll_spi.h **** __STATIC_INLINE void LL_I2S_Disable(SPI_TypeDef *SPIx)
1405:Drivers/STM32F4xx_HAL_Driver/Inc/stm32f4xx_ll_spi.h **** {
1406:Drivers/STM32F4xx_HAL_Driver/Inc/stm32f4xx_ll_spi.h ****   CLEAR_BIT(SPIx->I2SCFGR, SPI_I2SCFGR_I2SMOD | SPI_I2SCFGR_I2SE);
1407:Drivers/STM32F4xx_HAL_Driver/Inc/stm32f4xx_ll_spi.h **** }
1408:Drivers/STM32F4xx_HAL_Driver/Inc/stm32f4xx_ll_spi.h **** 
1409:Drivers/STM32F4xx_HAL_Driver/Inc/stm32f4xx_ll_spi.h **** /**
1410:Drivers/STM32F4xx_HAL_Driver/Inc/stm32f4xx_ll_spi.h ****   * @brief  Check if I2S peripheral is enabled
1411:Drivers/STM32F4xx_HAL_Driver/Inc/stm32f4xx_ll_spi.h ****   * @rmtoll I2SCFGR      I2SE          LL_I2S_IsEnabled
1412:Drivers/STM32F4xx_HAL_Driver/Inc/stm32f4xx_ll_spi.h ****   * @param  SPIx SPI Instance
1413:Drivers/STM32F4xx_HAL_Driver/Inc/stm32f4xx_ll_spi.h ****   * @retval State of bit (1 or 0).
1414:Drivers/STM32F4xx_HAL_Driver/Inc/stm32f4xx_ll_spi.h ****   */
1415:Drivers/STM32F4xx_HAL_Driver/Inc/stm32f4xx_ll_spi.h **** __STATIC_INLINE uint32_t LL_I2S_IsEnabled(const SPI_TypeDef *SPIx)
 489              		.loc 3 1415 26 view .LVU141
 490              	.LBB49:
1416:Drivers/STM32F4xx_HAL_Driver/Inc/stm32f4xx_ll_spi.h **** {
1417:Drivers/STM32F4xx_HAL_Driver/Inc/stm32f4xx_ll_spi.h ****   return ((READ_BIT(SPIx->I2SCFGR, SPI_I2SCFGR_I2SE) == (SPI_I2SCFGR_I2SE)) ? 1UL : 0UL);
 491              		.loc 3 1417 3 view .LVU142
 492              		.loc 3 1417 12 is_stmt 0 view .LVU143
 493 0002 C669     		ldr	r6, [r0, #28]
 494              		.loc 3 1417 83 view .LVU144
 495 0004 16F48066 		ands	r6, r6, #1024
 496 0008 49D1     		bne	.L31
 497 000a 0446     		mov	r4, r0
 498 000c 0D46     		mov	r5, r1
 499              	.LVL34:
 500              		.loc 3 1417 83 view .LVU145
 501              	.LBE49:
 502              	.LBE48:
 419:Drivers/STM32F4xx_HAL_Driver/Src/stm32f4xx_ll_spi.c ****   {
 420:Drivers/STM32F4xx_HAL_Driver/Src/stm32f4xx_ll_spi.c ****     /*---------------------------- SPIx I2SCFGR Configuration --------------------
 421:Drivers/STM32F4xx_HAL_Driver/Src/stm32f4xx_ll_spi.c ****      * Configure SPIx I2SCFGR with parameters:
 422:Drivers/STM32F4xx_HAL_Driver/Src/stm32f4xx_ll_spi.c ****      * - Mode:          SPI_I2SCFGR_I2SCFG[1:0] bit
 423:Drivers/STM32F4xx_HAL_Driver/Src/stm32f4xx_ll_spi.c ****      * - Standard:      SPI_I2SCFGR_I2SSTD[1:0] and SPI_I2SCFGR_PCMSYNC bits
 424:Drivers/STM32F4xx_HAL_Driver/Src/stm32f4xx_ll_spi.c ****      * - DataFormat:    SPI_I2SCFGR_CHLEN and SPI_I2SCFGR_DATLEN bits
 425:Drivers/STM32F4xx_HAL_Driver/Src/stm32f4xx_ll_spi.c ****      * - ClockPolarity: SPI_I2SCFGR_CKPOL bit
 426:Drivers/STM32F4xx_HAL_Driver/Src/stm32f4xx_ll_spi.c ****      */
 427:Drivers/STM32F4xx_HAL_Driver/Src/stm32f4xx_ll_spi.c **** 
 428:Drivers/STM32F4xx_HAL_Driver/Src/stm32f4xx_ll_spi.c ****     /* Write to SPIx I2SCFGR */
 429:Drivers/STM32F4xx_HAL_Driver/Src/stm32f4xx_ll_spi.c ****     MODIFY_REG(SPIx->I2SCFGR,
 503              		.loc 1 429 5 is_stmt 1 view .LVU146
 504 000e C369     		ldr	r3, [r0, #28]
ARM GAS  C:\Users\chris\AppData\Local\Temp\ccsULun0.s 			page 77


 505 0010 23F43363 		bic	r3, r3, #2864
 506 0014 23F00F03 		bic	r3, r3, #15
 507 0018 0A68     		ldr	r2, [r1]
 508 001a 4968     		ldr	r1, [r1, #4]
 509              	.LVL35:
 510              		.loc 1 429 5 is_stmt 0 view .LVU147
 511 001c 0A43     		orrs	r2, r2, r1
 512 001e A968     		ldr	r1, [r5, #8]
 513 0020 0A43     		orrs	r2, r2, r1
 514 0022 6969     		ldr	r1, [r5, #20]
 515 0024 0A43     		orrs	r2, r2, r1
 516 0026 1343     		orrs	r3, r3, r2
 517 0028 43F40063 		orr	r3, r3, #2048
 518 002c C361     		str	r3, [r0, #28]
 430:Drivers/STM32F4xx_HAL_Driver/Src/stm32f4xx_ll_spi.c ****                I2S_I2SCFGR_CLEAR_MASK,
 431:Drivers/STM32F4xx_HAL_Driver/Src/stm32f4xx_ll_spi.c ****                I2S_InitStruct->Mode | I2S_InitStruct->Standard |
 432:Drivers/STM32F4xx_HAL_Driver/Src/stm32f4xx_ll_spi.c ****                I2S_InitStruct->DataFormat | I2S_InitStruct->ClockPolarity |
 433:Drivers/STM32F4xx_HAL_Driver/Src/stm32f4xx_ll_spi.c ****                SPI_I2SCFGR_I2SMOD);
 434:Drivers/STM32F4xx_HAL_Driver/Src/stm32f4xx_ll_spi.c **** 
 435:Drivers/STM32F4xx_HAL_Driver/Src/stm32f4xx_ll_spi.c ****     /*---------------------------- SPIx I2SPR Configuration ----------------------
 436:Drivers/STM32F4xx_HAL_Driver/Src/stm32f4xx_ll_spi.c ****      * Configure SPIx I2SPR with parameters:
 437:Drivers/STM32F4xx_HAL_Driver/Src/stm32f4xx_ll_spi.c ****      * - MCLKOutput:    SPI_I2SPR_MCKOE bit
 438:Drivers/STM32F4xx_HAL_Driver/Src/stm32f4xx_ll_spi.c ****      * - AudioFreq:     SPI_I2SPR_I2SDIV[7:0] and SPI_I2SPR_ODD bits
 439:Drivers/STM32F4xx_HAL_Driver/Src/stm32f4xx_ll_spi.c ****      */
 440:Drivers/STM32F4xx_HAL_Driver/Src/stm32f4xx_ll_spi.c **** 
 441:Drivers/STM32F4xx_HAL_Driver/Src/stm32f4xx_ll_spi.c ****     /* If the requested audio frequency is not the default, compute the prescaler (i2sodd, i2sdiv)
 442:Drivers/STM32F4xx_HAL_Driver/Src/stm32f4xx_ll_spi.c ****      * else, default values are used:  i2sodd = 0U, i2sdiv = 2U.
 443:Drivers/STM32F4xx_HAL_Driver/Src/stm32f4xx_ll_spi.c ****      */
 444:Drivers/STM32F4xx_HAL_Driver/Src/stm32f4xx_ll_spi.c ****     if (I2S_InitStruct->AudioFreq != LL_I2S_AUDIOFREQ_DEFAULT)
 519              		.loc 1 444 5 is_stmt 1 view .LVU148
 520              		.loc 1 444 23 is_stmt 0 view .LVU149
 521 002e 2B69     		ldr	r3, [r5, #16]
 522              		.loc 1 444 8 view .LVU150
 523 0030 022B     		cmp	r3, #2
 524 0032 21D0     		beq	.L27
 445:Drivers/STM32F4xx_HAL_Driver/Src/stm32f4xx_ll_spi.c ****     {
 446:Drivers/STM32F4xx_HAL_Driver/Src/stm32f4xx_ll_spi.c ****       /* Check the frame length (For the Prescaler computing)
 447:Drivers/STM32F4xx_HAL_Driver/Src/stm32f4xx_ll_spi.c ****        * Default value: LL_I2S_DATAFORMAT_16B (packetlength = 1U).
 448:Drivers/STM32F4xx_HAL_Driver/Src/stm32f4xx_ll_spi.c ****        */
 449:Drivers/STM32F4xx_HAL_Driver/Src/stm32f4xx_ll_spi.c ****       if (I2S_InitStruct->DataFormat != LL_I2S_DATAFORMAT_16B)
 525              		.loc 1 449 7 is_stmt 1 view .LVU151
 526              		.loc 1 449 25 is_stmt 0 view .LVU152
 527 0034 AB68     		ldr	r3, [r5, #8]
 528              		.loc 1 449 10 view .LVU153
 529 0036 2BBB     		cbnz	r3, .L32
 404:Drivers/STM32F4xx_HAL_Driver/Src/stm32f4xx_ll_spi.c ****   uint32_t tmp;
 530              		.loc 1 404 12 view .LVU154
 531 0038 0127     		movs	r7, #1
 532              	.L28:
 533              	.LVL36:
 450:Drivers/STM32F4xx_HAL_Driver/Src/stm32f4xx_ll_spi.c ****       {
 451:Drivers/STM32F4xx_HAL_Driver/Src/stm32f4xx_ll_spi.c ****         /* Packet length is 32 bits */
 452:Drivers/STM32F4xx_HAL_Driver/Src/stm32f4xx_ll_spi.c ****         packetlength = 2U;
 453:Drivers/STM32F4xx_HAL_Driver/Src/stm32f4xx_ll_spi.c ****       }
 454:Drivers/STM32F4xx_HAL_Driver/Src/stm32f4xx_ll_spi.c **** 
 455:Drivers/STM32F4xx_HAL_Driver/Src/stm32f4xx_ll_spi.c ****       /* If an external I2S clock has to be used, the specific define should be set
 456:Drivers/STM32F4xx_HAL_Driver/Src/stm32f4xx_ll_spi.c ****       in the project configuration or in the stm32f4xx_ll_rcc.h file */
ARM GAS  C:\Users\chris\AppData\Local\Temp\ccsULun0.s 			page 78


 457:Drivers/STM32F4xx_HAL_Driver/Src/stm32f4xx_ll_spi.c ****       /* Get the I2S source clock value */
 458:Drivers/STM32F4xx_HAL_Driver/Src/stm32f4xx_ll_spi.c ****       sourceclock = LL_RCC_GetI2SClockFreq(LL_RCC_I2S1_CLKSOURCE);
 534              		.loc 1 458 7 is_stmt 1 view .LVU155
 535              		.loc 1 458 21 is_stmt 0 view .LVU156
 536 003a 4FF40000 		mov	r0, #8388608
 537              	.LVL37:
 538              		.loc 1 458 21 view .LVU157
 539 003e FFF7FEFF 		bl	LL_RCC_GetI2SClockFreq
 540              	.LVL38:
 459:Drivers/STM32F4xx_HAL_Driver/Src/stm32f4xx_ll_spi.c **** 
 460:Drivers/STM32F4xx_HAL_Driver/Src/stm32f4xx_ll_spi.c ****       /* Compute the Real divider depending on the MCLK output state with a floating point */
 461:Drivers/STM32F4xx_HAL_Driver/Src/stm32f4xx_ll_spi.c ****       if (I2S_InitStruct->MCLKOutput == LL_I2S_MCLK_OUTPUT_ENABLE)
 541              		.loc 1 461 7 is_stmt 1 view .LVU158
 542              		.loc 1 461 25 is_stmt 0 view .LVU159
 543 0042 EB68     		ldr	r3, [r5, #12]
 544              		.loc 1 461 10 view .LVU160
 545 0044 B3F5007F 		cmp	r3, #512
 546 0048 1ED0     		beq	.L35
 462:Drivers/STM32F4xx_HAL_Driver/Src/stm32f4xx_ll_spi.c ****       {
 463:Drivers/STM32F4xx_HAL_Driver/Src/stm32f4xx_ll_spi.c ****         /* MCLK output is enabled */
 464:Drivers/STM32F4xx_HAL_Driver/Src/stm32f4xx_ll_spi.c ****         tmp = (((((sourceclock / 256U) * 10U) / I2S_InitStruct->AudioFreq)) + 5U);
 465:Drivers/STM32F4xx_HAL_Driver/Src/stm32f4xx_ll_spi.c ****       }
 466:Drivers/STM32F4xx_HAL_Driver/Src/stm32f4xx_ll_spi.c ****       else
 467:Drivers/STM32F4xx_HAL_Driver/Src/stm32f4xx_ll_spi.c ****       {
 468:Drivers/STM32F4xx_HAL_Driver/Src/stm32f4xx_ll_spi.c ****         /* MCLK output is disabled */
 469:Drivers/STM32F4xx_HAL_Driver/Src/stm32f4xx_ll_spi.c ****         tmp = (((((sourceclock / (32U * packetlength)) * 10U) / I2S_InitStruct->AudioFreq)) + 5U);
 547              		.loc 1 469 9 is_stmt 1 view .LVU161
 548              		.loc 1 469 39 is_stmt 0 view .LVU162
 549 004a 7F01     		lsls	r7, r7, #5
 550              	.LVL39:
 551              		.loc 1 469 32 view .LVU163
 552 004c B0FBF7F0 		udiv	r0, r0, r7
 553              	.LVL40:
 554              		.loc 1 469 56 view .LVU164
 555 0050 00EB8000 		add	r0, r0, r0, lsl #2
 556 0054 4300     		lsls	r3, r0, #1
 557              		.loc 1 469 79 view .LVU165
 558 0056 2A69     		ldr	r2, [r5, #16]
 559              		.loc 1 469 63 view .LVU166
 560 0058 B3FBF2F3 		udiv	r3, r3, r2
 561              		.loc 1 469 13 view .LVU167
 562 005c 0533     		adds	r3, r3, #5
 563              	.LVL41:
 564              	.L30:
 470:Drivers/STM32F4xx_HAL_Driver/Src/stm32f4xx_ll_spi.c ****       }
 471:Drivers/STM32F4xx_HAL_Driver/Src/stm32f4xx_ll_spi.c **** 
 472:Drivers/STM32F4xx_HAL_Driver/Src/stm32f4xx_ll_spi.c ****       /* Remove the floating point */
 473:Drivers/STM32F4xx_HAL_Driver/Src/stm32f4xx_ll_spi.c ****       tmp = tmp / 10U;
 565              		.loc 1 473 7 is_stmt 1 view .LVU168
 566              		.loc 1 473 11 is_stmt 0 view .LVU169
 567 005e 114A     		ldr	r2, .L36
 568 0060 A2FB0323 		umull	r2, r3, r2, r3
 569              	.LVL42:
 474:Drivers/STM32F4xx_HAL_Driver/Src/stm32f4xx_ll_spi.c **** 
 475:Drivers/STM32F4xx_HAL_Driver/Src/stm32f4xx_ll_spi.c ****       /* Check the parity of the divider */
 476:Drivers/STM32F4xx_HAL_Driver/Src/stm32f4xx_ll_spi.c ****       i2sodd = (tmp & (uint16_t)0x0001U);
 570              		.loc 1 476 7 is_stmt 1 view .LVU170
ARM GAS  C:\Users\chris\AppData\Local\Temp\ccsULun0.s 			page 79


 571              		.loc 1 476 14 is_stmt 0 view .LVU171
 572 0064 C3F3C002 		ubfx	r2, r3, #3, #1
 573              	.LVL43:
 477:Drivers/STM32F4xx_HAL_Driver/Src/stm32f4xx_ll_spi.c **** 
 478:Drivers/STM32F4xx_HAL_Driver/Src/stm32f4xx_ll_spi.c ****       /* Compute the i2sdiv prescaler */
 479:Drivers/STM32F4xx_HAL_Driver/Src/stm32f4xx_ll_spi.c ****       i2sdiv = ((tmp - i2sodd) / 2U);
 574              		.loc 1 479 7 is_stmt 1 view .LVU172
 575              		.loc 1 479 22 is_stmt 0 view .LVU173
 576 0068 C2EBD303 		rsb	r3, r2, r3, lsr #3
 577              	.LVL44:
 578              		.loc 1 479 14 view .LVU174
 579 006c 5B08     		lsrs	r3, r3, #1
 580              	.LVL45:
 480:Drivers/STM32F4xx_HAL_Driver/Src/stm32f4xx_ll_spi.c **** 
 481:Drivers/STM32F4xx_HAL_Driver/Src/stm32f4xx_ll_spi.c ****       /* Get the Mask for the Odd bit (SPI_I2SPR[8]) register */
 482:Drivers/STM32F4xx_HAL_Driver/Src/stm32f4xx_ll_spi.c ****       i2sodd = (i2sodd << 8U);
 581              		.loc 1 482 7 is_stmt 1 view .LVU175
 582              		.loc 1 482 14 is_stmt 0 view .LVU176
 583 006e 1202     		lsls	r2, r2, #8
 584              	.LVL46:
 483:Drivers/STM32F4xx_HAL_Driver/Src/stm32f4xx_ll_spi.c ****     }
 484:Drivers/STM32F4xx_HAL_Driver/Src/stm32f4xx_ll_spi.c **** 
 485:Drivers/STM32F4xx_HAL_Driver/Src/stm32f4xx_ll_spi.c ****     /* Test if the divider is 1 or 0 or greater than 0xFF */
 486:Drivers/STM32F4xx_HAL_Driver/Src/stm32f4xx_ll_spi.c ****     if ((i2sdiv < 2U) || (i2sdiv > 0xFFU))
 585              		.loc 1 486 5 is_stmt 1 view .LVU177
 586              		.loc 1 486 23 is_stmt 0 view .LVU178
 587 0070 991E     		subs	r1, r3, #2
 588              		.loc 1 486 8 view .LVU179
 589 0072 FD29     		cmp	r1, #253
 590 0074 11D8     		bhi	.L33
 591 0076 1646     		mov	r6, r2
 592              	.LVL47:
 593              	.L27:
 487:Drivers/STM32F4xx_HAL_Driver/Src/stm32f4xx_ll_spi.c ****     {
 488:Drivers/STM32F4xx_HAL_Driver/Src/stm32f4xx_ll_spi.c ****       /* Set the default values */
 489:Drivers/STM32F4xx_HAL_Driver/Src/stm32f4xx_ll_spi.c ****       i2sdiv = 2U;
 490:Drivers/STM32F4xx_HAL_Driver/Src/stm32f4xx_ll_spi.c ****       i2sodd = 0U;
 491:Drivers/STM32F4xx_HAL_Driver/Src/stm32f4xx_ll_spi.c ****     }
 492:Drivers/STM32F4xx_HAL_Driver/Src/stm32f4xx_ll_spi.c **** 
 493:Drivers/STM32F4xx_HAL_Driver/Src/stm32f4xx_ll_spi.c ****     /* Write to SPIx I2SPR register the computed value */
 494:Drivers/STM32F4xx_HAL_Driver/Src/stm32f4xx_ll_spi.c ****     WRITE_REG(SPIx->I2SPR, i2sdiv | i2sodd | I2S_InitStruct->MCLKOutput);
 594              		.loc 1 494 5 is_stmt 1 view .LVU180
 595 0078 3343     		orrs	r3, r3, r6
 596              	.LVL48:
 597              		.loc 1 494 5 is_stmt 0 view .LVU181
 598 007a EA68     		ldr	r2, [r5, #12]
 599 007c 1343     		orrs	r3, r3, r2
 600 007e 2362     		str	r3, [r4, #32]
 495:Drivers/STM32F4xx_HAL_Driver/Src/stm32f4xx_ll_spi.c **** 
 496:Drivers/STM32F4xx_HAL_Driver/Src/stm32f4xx_ll_spi.c ****     status = SUCCESS;
 601              		.loc 1 496 5 is_stmt 1 view .LVU182
 602              	.LVL49:
 603              		.loc 1 496 12 is_stmt 0 view .LVU183
 604 0080 0020     		movs	r0, #0
 605              	.LVL50:
 606              	.L26:
 497:Drivers/STM32F4xx_HAL_Driver/Src/stm32f4xx_ll_spi.c ****   }
ARM GAS  C:\Users\chris\AppData\Local\Temp\ccsULun0.s 			page 80


 498:Drivers/STM32F4xx_HAL_Driver/Src/stm32f4xx_ll_spi.c ****   return status;
 607              		.loc 1 498 3 is_stmt 1 view .LVU184
 499:Drivers/STM32F4xx_HAL_Driver/Src/stm32f4xx_ll_spi.c **** }
 608              		.loc 1 499 1 is_stmt 0 view .LVU185
 609 0082 F8BD     		pop	{r3, r4, r5, r6, r7, pc}
 610              	.LVL51:
 611              	.L32:
 452:Drivers/STM32F4xx_HAL_Driver/Src/stm32f4xx_ll_spi.c ****       }
 612              		.loc 1 452 22 view .LVU186
 613 0084 0227     		movs	r7, #2
 614 0086 D8E7     		b	.L28
 615              	.LVL52:
 616              	.L35:
 464:Drivers/STM32F4xx_HAL_Driver/Src/stm32f4xx_ll_spi.c ****       }
 617              		.loc 1 464 9 is_stmt 1 view .LVU187
 464:Drivers/STM32F4xx_HAL_Driver/Src/stm32f4xx_ll_spi.c ****       }
 618              		.loc 1 464 32 is_stmt 0 view .LVU188
 619 0088 000A     		lsrs	r0, r0, #8
 620              	.LVL53:
 464:Drivers/STM32F4xx_HAL_Driver/Src/stm32f4xx_ll_spi.c ****       }
 621              		.loc 1 464 40 view .LVU189
 622 008a 00EB8000 		add	r0, r0, r0, lsl #2
 623 008e 4300     		lsls	r3, r0, #1
 464:Drivers/STM32F4xx_HAL_Driver/Src/stm32f4xx_ll_spi.c ****       }
 624              		.loc 1 464 63 view .LVU190
 625 0090 2A69     		ldr	r2, [r5, #16]
 464:Drivers/STM32F4xx_HAL_Driver/Src/stm32f4xx_ll_spi.c ****       }
 626              		.loc 1 464 47 view .LVU191
 627 0092 B3FBF2F3 		udiv	r3, r3, r2
 464:Drivers/STM32F4xx_HAL_Driver/Src/stm32f4xx_ll_spi.c ****       }
 628              		.loc 1 464 13 view .LVU192
 629 0096 0533     		adds	r3, r3, #5
 630              	.LVL54:
 464:Drivers/STM32F4xx_HAL_Driver/Src/stm32f4xx_ll_spi.c ****       }
 631              		.loc 1 464 13 view .LVU193
 632 0098 E1E7     		b	.L30
 633              	.LVL55:
 634              	.L33:
 489:Drivers/STM32F4xx_HAL_Driver/Src/stm32f4xx_ll_spi.c ****       i2sodd = 0U;
 635              		.loc 1 489 14 view .LVU194
 636 009a 0223     		movs	r3, #2
 637              	.LVL56:
 489:Drivers/STM32F4xx_HAL_Driver/Src/stm32f4xx_ll_spi.c ****       i2sodd = 0U;
 638              		.loc 1 489 14 view .LVU195
 639 009c ECE7     		b	.L27
 640              	.LVL57:
 641              	.L31:
 407:Drivers/STM32F4xx_HAL_Driver/Src/stm32f4xx_ll_spi.c **** 
 642              		.loc 1 407 15 view .LVU196
 643 009e 0120     		movs	r0, #1
 644              	.LVL58:
 407:Drivers/STM32F4xx_HAL_Driver/Src/stm32f4xx_ll_spi.c **** 
 645              		.loc 1 407 15 view .LVU197
 646 00a0 EFE7     		b	.L26
 647              	.L37:
 648 00a2 00BF     		.align	2
 649              	.L36:
ARM GAS  C:\Users\chris\AppData\Local\Temp\ccsULun0.s 			page 81


 650 00a4 CDCCCCCC 		.word	-858993459
 651              		.cfi_endproc
 652              	.LFE378:
 654              		.section	.text.LL_I2S_StructInit,"ax",%progbits
 655              		.align	1
 656              		.global	LL_I2S_StructInit
 657              		.syntax unified
 658              		.thumb
 659              		.thumb_func
 661              	LL_I2S_StructInit:
 662              	.LVL59:
 663              	.LFB379:
 500:Drivers/STM32F4xx_HAL_Driver/Src/stm32f4xx_ll_spi.c **** 
 501:Drivers/STM32F4xx_HAL_Driver/Src/stm32f4xx_ll_spi.c **** /**
 502:Drivers/STM32F4xx_HAL_Driver/Src/stm32f4xx_ll_spi.c ****   * @brief  Set each @ref LL_I2S_InitTypeDef field to default value.
 503:Drivers/STM32F4xx_HAL_Driver/Src/stm32f4xx_ll_spi.c ****   * @param  I2S_InitStruct pointer to a @ref LL_I2S_InitTypeDef structure
 504:Drivers/STM32F4xx_HAL_Driver/Src/stm32f4xx_ll_spi.c ****   *         whose fields will be set to default values.
 505:Drivers/STM32F4xx_HAL_Driver/Src/stm32f4xx_ll_spi.c ****   * @retval None
 506:Drivers/STM32F4xx_HAL_Driver/Src/stm32f4xx_ll_spi.c ****   */
 507:Drivers/STM32F4xx_HAL_Driver/Src/stm32f4xx_ll_spi.c **** void LL_I2S_StructInit(LL_I2S_InitTypeDef *I2S_InitStruct)
 508:Drivers/STM32F4xx_HAL_Driver/Src/stm32f4xx_ll_spi.c **** {
 664              		.loc 1 508 1 is_stmt 1 view -0
 665              		.cfi_startproc
 666              		@ args = 0, pretend = 0, frame = 0
 667              		@ frame_needed = 0, uses_anonymous_args = 0
 668              		@ link register save eliminated.
 509:Drivers/STM32F4xx_HAL_Driver/Src/stm32f4xx_ll_spi.c ****   /*--------------- Reset I2S init structure parameters values -----------------*/
 510:Drivers/STM32F4xx_HAL_Driver/Src/stm32f4xx_ll_spi.c ****   I2S_InitStruct->Mode              = LL_I2S_MODE_SLAVE_TX;
 669              		.loc 1 510 3 view .LVU199
 670              		.loc 1 510 37 is_stmt 0 view .LVU200
 671 0000 0023     		movs	r3, #0
 672 0002 0360     		str	r3, [r0]
 511:Drivers/STM32F4xx_HAL_Driver/Src/stm32f4xx_ll_spi.c ****   I2S_InitStruct->Standard          = LL_I2S_STANDARD_PHILIPS;
 673              		.loc 1 511 3 is_stmt 1 view .LVU201
 674              		.loc 1 511 37 is_stmt 0 view .LVU202
 675 0004 4360     		str	r3, [r0, #4]
 512:Drivers/STM32F4xx_HAL_Driver/Src/stm32f4xx_ll_spi.c ****   I2S_InitStruct->DataFormat        = LL_I2S_DATAFORMAT_16B;
 676              		.loc 1 512 3 is_stmt 1 view .LVU203
 677              		.loc 1 512 37 is_stmt 0 view .LVU204
 678 0006 8360     		str	r3, [r0, #8]
 513:Drivers/STM32F4xx_HAL_Driver/Src/stm32f4xx_ll_spi.c ****   I2S_InitStruct->MCLKOutput        = LL_I2S_MCLK_OUTPUT_DISABLE;
 679              		.loc 1 513 3 is_stmt 1 view .LVU205
 680              		.loc 1 513 37 is_stmt 0 view .LVU206
 681 0008 C360     		str	r3, [r0, #12]
 514:Drivers/STM32F4xx_HAL_Driver/Src/stm32f4xx_ll_spi.c ****   I2S_InitStruct->AudioFreq         = LL_I2S_AUDIOFREQ_DEFAULT;
 682              		.loc 1 514 3 is_stmt 1 view .LVU207
 683              		.loc 1 514 37 is_stmt 0 view .LVU208
 684 000a 0222     		movs	r2, #2
 685 000c 0261     		str	r2, [r0, #16]
 515:Drivers/STM32F4xx_HAL_Driver/Src/stm32f4xx_ll_spi.c ****   I2S_InitStruct->ClockPolarity     = LL_I2S_POLARITY_LOW;
 686              		.loc 1 515 3 is_stmt 1 view .LVU209
 687              		.loc 1 515 37 is_stmt 0 view .LVU210
 688 000e 4361     		str	r3, [r0, #20]
 516:Drivers/STM32F4xx_HAL_Driver/Src/stm32f4xx_ll_spi.c **** }
 689              		.loc 1 516 1 view .LVU211
 690 0010 7047     		bx	lr
 691              		.cfi_endproc
ARM GAS  C:\Users\chris\AppData\Local\Temp\ccsULun0.s 			page 82


 692              	.LFE379:
 694              		.section	.text.LL_I2S_ConfigPrescaler,"ax",%progbits
 695              		.align	1
 696              		.global	LL_I2S_ConfigPrescaler
 697              		.syntax unified
 698              		.thumb
 699              		.thumb_func
 701              	LL_I2S_ConfigPrescaler:
 702              	.LVL60:
 703              	.LFB380:
 517:Drivers/STM32F4xx_HAL_Driver/Src/stm32f4xx_ll_spi.c **** 
 518:Drivers/STM32F4xx_HAL_Driver/Src/stm32f4xx_ll_spi.c **** /**
 519:Drivers/STM32F4xx_HAL_Driver/Src/stm32f4xx_ll_spi.c ****   * @brief  Set linear and parity prescaler.
 520:Drivers/STM32F4xx_HAL_Driver/Src/stm32f4xx_ll_spi.c ****   * @note   To calculate value of PrescalerLinear(I2SDIV[7:0] bits) and PrescalerParity(ODD bit)\n
 521:Drivers/STM32F4xx_HAL_Driver/Src/stm32f4xx_ll_spi.c ****   *         Check Audio frequency table and formulas inside Reference Manual (SPI/I2S).
 522:Drivers/STM32F4xx_HAL_Driver/Src/stm32f4xx_ll_spi.c ****   * @param  SPIx SPI Instance
 523:Drivers/STM32F4xx_HAL_Driver/Src/stm32f4xx_ll_spi.c ****   * @param  PrescalerLinear value Min_Data=0x02 and Max_Data=0xFF.
 524:Drivers/STM32F4xx_HAL_Driver/Src/stm32f4xx_ll_spi.c ****   * @param  PrescalerParity This parameter can be one of the following values:
 525:Drivers/STM32F4xx_HAL_Driver/Src/stm32f4xx_ll_spi.c ****   *         @arg @ref LL_I2S_PRESCALER_PARITY_EVEN
 526:Drivers/STM32F4xx_HAL_Driver/Src/stm32f4xx_ll_spi.c ****   *         @arg @ref LL_I2S_PRESCALER_PARITY_ODD
 527:Drivers/STM32F4xx_HAL_Driver/Src/stm32f4xx_ll_spi.c ****   * @retval None
 528:Drivers/STM32F4xx_HAL_Driver/Src/stm32f4xx_ll_spi.c ****   */
 529:Drivers/STM32F4xx_HAL_Driver/Src/stm32f4xx_ll_spi.c **** void LL_I2S_ConfigPrescaler(SPI_TypeDef *SPIx, uint32_t PrescalerLinear, uint32_t PrescalerParity)
 530:Drivers/STM32F4xx_HAL_Driver/Src/stm32f4xx_ll_spi.c **** {
 704              		.loc 1 530 1 is_stmt 1 view -0
 705              		.cfi_startproc
 706              		@ args = 0, pretend = 0, frame = 0
 707              		@ frame_needed = 0, uses_anonymous_args = 0
 708              		@ link register save eliminated.
 531:Drivers/STM32F4xx_HAL_Driver/Src/stm32f4xx_ll_spi.c ****   /* Check the I2S parameters */
 532:Drivers/STM32F4xx_HAL_Driver/Src/stm32f4xx_ll_spi.c ****   assert_param(IS_I2S_ALL_INSTANCE(SPIx));
 709              		.loc 1 532 3 view .LVU213
 533:Drivers/STM32F4xx_HAL_Driver/Src/stm32f4xx_ll_spi.c ****   assert_param(IS_LL_I2S_PRESCALER_LINEAR(PrescalerLinear));
 710              		.loc 1 533 3 view .LVU214
 534:Drivers/STM32F4xx_HAL_Driver/Src/stm32f4xx_ll_spi.c ****   assert_param(IS_LL_I2S_PRESCALER_PARITY(PrescalerParity));
 711              		.loc 1 534 3 view .LVU215
 535:Drivers/STM32F4xx_HAL_Driver/Src/stm32f4xx_ll_spi.c **** 
 536:Drivers/STM32F4xx_HAL_Driver/Src/stm32f4xx_ll_spi.c ****   /* Write to SPIx I2SPR */
 537:Drivers/STM32F4xx_HAL_Driver/Src/stm32f4xx_ll_spi.c ****   MODIFY_REG(SPIx->I2SPR, SPI_I2SPR_I2SDIV | SPI_I2SPR_ODD, PrescalerLinear | (PrescalerParity << 8
 712              		.loc 1 537 3 view .LVU216
 713 0000 036A     		ldr	r3, [r0, #32]
 714 0002 6FF30803 		bfc	r3, #0, #9
 715 0006 41EA0221 		orr	r1, r1, r2, lsl #8
 716              	.LVL61:
 717              		.loc 1 537 3 is_stmt 0 view .LVU217
 718 000a 0B43     		orrs	r3, r3, r1
 719 000c 0362     		str	r3, [r0, #32]
 538:Drivers/STM32F4xx_HAL_Driver/Src/stm32f4xx_ll_spi.c **** }
 720              		.loc 1 538 1 view .LVU218
 721 000e 7047     		bx	lr
 722              		.cfi_endproc
 723              	.LFE380:
 725              		.section	.text.LL_I2S_InitFullDuplex,"ax",%progbits
 726              		.align	1
 727              		.global	LL_I2S_InitFullDuplex
 728              		.syntax unified
 729              		.thumb
ARM GAS  C:\Users\chris\AppData\Local\Temp\ccsULun0.s 			page 83


 730              		.thumb_func
 732              	LL_I2S_InitFullDuplex:
 733              	.LVL62:
 734              	.LFB381:
 539:Drivers/STM32F4xx_HAL_Driver/Src/stm32f4xx_ll_spi.c **** 
 540:Drivers/STM32F4xx_HAL_Driver/Src/stm32f4xx_ll_spi.c **** #if defined (SPI_I2S_FULLDUPLEX_SUPPORT)
 541:Drivers/STM32F4xx_HAL_Driver/Src/stm32f4xx_ll_spi.c **** /**
 542:Drivers/STM32F4xx_HAL_Driver/Src/stm32f4xx_ll_spi.c ****   * @brief  Configures the full duplex mode for the I2Sx peripheral using its extension
 543:Drivers/STM32F4xx_HAL_Driver/Src/stm32f4xx_ll_spi.c ****   *         I2Sxext according to the specified parameters in the I2S_InitStruct.
 544:Drivers/STM32F4xx_HAL_Driver/Src/stm32f4xx_ll_spi.c ****   * @note   The structure pointed by I2S_InitStruct parameter should be the same
 545:Drivers/STM32F4xx_HAL_Driver/Src/stm32f4xx_ll_spi.c ****   *         used for the master I2S peripheral. In this case, if the master is
 546:Drivers/STM32F4xx_HAL_Driver/Src/stm32f4xx_ll_spi.c ****   *         configured as transmitter, the slave will be receiver and vice versa.
 547:Drivers/STM32F4xx_HAL_Driver/Src/stm32f4xx_ll_spi.c ****   *         Or you can force a different mode by modifying the field I2S_Mode to the
 548:Drivers/STM32F4xx_HAL_Driver/Src/stm32f4xx_ll_spi.c ****   *         value I2S_SlaveRx or I2S_SlaveTx independently of the master configuration.
 549:Drivers/STM32F4xx_HAL_Driver/Src/stm32f4xx_ll_spi.c ****   * @param  I2Sxext SPI Instance
 550:Drivers/STM32F4xx_HAL_Driver/Src/stm32f4xx_ll_spi.c ****   * @param  I2S_InitStruct pointer to a @ref LL_I2S_InitTypeDef structure
 551:Drivers/STM32F4xx_HAL_Driver/Src/stm32f4xx_ll_spi.c ****   * @retval An ErrorStatus enumeration value:
 552:Drivers/STM32F4xx_HAL_Driver/Src/stm32f4xx_ll_spi.c ****   *          - SUCCESS: I2Sxext registers are Initialized
 553:Drivers/STM32F4xx_HAL_Driver/Src/stm32f4xx_ll_spi.c ****   *          - ERROR: I2Sxext registers are not Initialized
 554:Drivers/STM32F4xx_HAL_Driver/Src/stm32f4xx_ll_spi.c ****   */
 555:Drivers/STM32F4xx_HAL_Driver/Src/stm32f4xx_ll_spi.c **** ErrorStatus  LL_I2S_InitFullDuplex(SPI_TypeDef *I2Sxext, LL_I2S_InitTypeDef *I2S_InitStruct)
 556:Drivers/STM32F4xx_HAL_Driver/Src/stm32f4xx_ll_spi.c **** {
 735              		.loc 1 556 1 is_stmt 1 view -0
 736              		.cfi_startproc
 737              		@ args = 0, pretend = 0, frame = 0
 738              		@ frame_needed = 0, uses_anonymous_args = 0
 739              		@ link register save eliminated.
 557:Drivers/STM32F4xx_HAL_Driver/Src/stm32f4xx_ll_spi.c ****   uint32_t mode = 0U;
 740              		.loc 1 557 3 view .LVU220
 558:Drivers/STM32F4xx_HAL_Driver/Src/stm32f4xx_ll_spi.c ****   ErrorStatus status = ERROR;
 741              		.loc 1 558 3 view .LVU221
 559:Drivers/STM32F4xx_HAL_Driver/Src/stm32f4xx_ll_spi.c **** 
 560:Drivers/STM32F4xx_HAL_Driver/Src/stm32f4xx_ll_spi.c ****   /* Check the I2S parameters */
 561:Drivers/STM32F4xx_HAL_Driver/Src/stm32f4xx_ll_spi.c ****   assert_param(IS_I2S_EXT_ALL_INSTANCE(I2Sxext));
 742              		.loc 1 561 3 view .LVU222
 562:Drivers/STM32F4xx_HAL_Driver/Src/stm32f4xx_ll_spi.c ****   assert_param(IS_LL_I2S_MODE(I2S_InitStruct->Mode));
 743              		.loc 1 562 3 view .LVU223
 563:Drivers/STM32F4xx_HAL_Driver/Src/stm32f4xx_ll_spi.c ****   assert_param(IS_LL_I2S_STANDARD(I2S_InitStruct->Standard));
 744              		.loc 1 563 3 view .LVU224
 564:Drivers/STM32F4xx_HAL_Driver/Src/stm32f4xx_ll_spi.c ****   assert_param(IS_LL_I2S_DATAFORMAT(I2S_InitStruct->DataFormat));
 745              		.loc 1 564 3 view .LVU225
 565:Drivers/STM32F4xx_HAL_Driver/Src/stm32f4xx_ll_spi.c ****   assert_param(IS_LL_I2S_CPOL(I2S_InitStruct->ClockPolarity));
 746              		.loc 1 565 3 view .LVU226
 566:Drivers/STM32F4xx_HAL_Driver/Src/stm32f4xx_ll_spi.c **** 
 567:Drivers/STM32F4xx_HAL_Driver/Src/stm32f4xx_ll_spi.c ****   if (LL_I2S_IsEnabled(I2Sxext) == 0x00000000U)
 747              		.loc 1 567 3 view .LVU227
 748              	.LBB50:
 749              	.LBI50:
1415:Drivers/STM32F4xx_HAL_Driver/Inc/stm32f4xx_ll_spi.h **** {
 750              		.loc 3 1415 26 view .LVU228
 751              	.LBB51:
 752              		.loc 3 1417 3 view .LVU229
 753              		.loc 3 1417 12 is_stmt 0 view .LVU230
 754 0000 C269     		ldr	r2, [r0, #28]
 755              		.loc 3 1417 83 view .LVU231
 756 0002 12F48062 		ands	r2, r2, #1024
 757 0006 20D1     		bne	.L43
ARM GAS  C:\Users\chris\AppData\Local\Temp\ccsULun0.s 			page 84


 758              	.LBE51:
 759              	.LBE50:
 556:Drivers/STM32F4xx_HAL_Driver/Src/stm32f4xx_ll_spi.c ****   uint32_t mode = 0U;
 760              		.loc 1 556 1 view .LVU232
 761 0008 30B4     		push	{r4, r5}
 762              	.LCFI6:
 763              		.cfi_def_cfa_offset 8
 764              		.cfi_offset 4, -8
 765              		.cfi_offset 5, -4
 766              	.LVL63:
 568:Drivers/STM32F4xx_HAL_Driver/Src/stm32f4xx_ll_spi.c ****   {
 569:Drivers/STM32F4xx_HAL_Driver/Src/stm32f4xx_ll_spi.c ****     /*---------------------------- SPIx I2SCFGR Configuration --------------------
 570:Drivers/STM32F4xx_HAL_Driver/Src/stm32f4xx_ll_spi.c ****      * Configure SPIx I2SCFGR with parameters:
 571:Drivers/STM32F4xx_HAL_Driver/Src/stm32f4xx_ll_spi.c ****      * - Mode:          SPI_I2SCFGR_I2SCFG[1:0] bit
 572:Drivers/STM32F4xx_HAL_Driver/Src/stm32f4xx_ll_spi.c ****      * - Standard:      SPI_I2SCFGR_I2SSTD[1:0] and SPI_I2SCFGR_PCMSYNC bits
 573:Drivers/STM32F4xx_HAL_Driver/Src/stm32f4xx_ll_spi.c ****      * - DataFormat:    SPI_I2SCFGR_CHLEN and SPI_I2SCFGR_DATLEN bits
 574:Drivers/STM32F4xx_HAL_Driver/Src/stm32f4xx_ll_spi.c ****      * - ClockPolarity: SPI_I2SCFGR_CKPOL bit
 575:Drivers/STM32F4xx_HAL_Driver/Src/stm32f4xx_ll_spi.c ****      */
 576:Drivers/STM32F4xx_HAL_Driver/Src/stm32f4xx_ll_spi.c **** 
 577:Drivers/STM32F4xx_HAL_Driver/Src/stm32f4xx_ll_spi.c ****     /* Reset I2SPR registers */
 578:Drivers/STM32F4xx_HAL_Driver/Src/stm32f4xx_ll_spi.c ****     WRITE_REG(I2Sxext->I2SPR, I2S_I2SPR_CLEAR_MASK);
 767              		.loc 1 578 5 is_stmt 1 view .LVU233
 768 000a 0223     		movs	r3, #2
 769 000c 0362     		str	r3, [r0, #32]
 579:Drivers/STM32F4xx_HAL_Driver/Src/stm32f4xx_ll_spi.c **** 
 580:Drivers/STM32F4xx_HAL_Driver/Src/stm32f4xx_ll_spi.c ****     /* Get the mode to be configured for the extended I2S */
 581:Drivers/STM32F4xx_HAL_Driver/Src/stm32f4xx_ll_spi.c ****     if ((I2S_InitStruct->Mode == LL_I2S_MODE_MASTER_TX) || (I2S_InitStruct->Mode == LL_I2S_MODE_SLA
 770              		.loc 1 581 5 view .LVU234
 771              		.loc 1 581 24 is_stmt 0 view .LVU235
 772 000e 0B68     		ldr	r3, [r1]
 773              		.loc 1 581 8 view .LVU236
 774 0010 B3F5007F 		cmp	r3, #512
 775 0014 03D0     		beq	.L44
 776              		.loc 1 581 57 discriminator 1 view .LVU237
 777 0016 23B9     		cbnz	r3, .L42
 582:Drivers/STM32F4xx_HAL_Driver/Src/stm32f4xx_ll_spi.c ****     {
 583:Drivers/STM32F4xx_HAL_Driver/Src/stm32f4xx_ll_spi.c ****       mode = LL_I2S_MODE_SLAVE_RX;
 778              		.loc 1 583 12 view .LVU238
 779 0018 4FF48072 		mov	r2, #256
 780 001c 01E0     		b	.L42
 781              	.L44:
 782 001e 4FF48072 		mov	r2, #256
 783              	.L42:
 784              	.LVL64:
 584:Drivers/STM32F4xx_HAL_Driver/Src/stm32f4xx_ll_spi.c ****     }
 585:Drivers/STM32F4xx_HAL_Driver/Src/stm32f4xx_ll_spi.c ****     else
 586:Drivers/STM32F4xx_HAL_Driver/Src/stm32f4xx_ll_spi.c ****     {
 587:Drivers/STM32F4xx_HAL_Driver/Src/stm32f4xx_ll_spi.c ****       if ((I2S_InitStruct->Mode == LL_I2S_MODE_MASTER_RX) || (I2S_InitStruct->Mode == LL_I2S_MODE_S
 588:Drivers/STM32F4xx_HAL_Driver/Src/stm32f4xx_ll_spi.c ****       {
 589:Drivers/STM32F4xx_HAL_Driver/Src/stm32f4xx_ll_spi.c ****         mode = LL_I2S_MODE_SLAVE_TX;
 590:Drivers/STM32F4xx_HAL_Driver/Src/stm32f4xx_ll_spi.c ****       }
 591:Drivers/STM32F4xx_HAL_Driver/Src/stm32f4xx_ll_spi.c ****     }
 592:Drivers/STM32F4xx_HAL_Driver/Src/stm32f4xx_ll_spi.c **** 
 593:Drivers/STM32F4xx_HAL_Driver/Src/stm32f4xx_ll_spi.c ****     /* Write to SPIx I2SCFGR */
 594:Drivers/STM32F4xx_HAL_Driver/Src/stm32f4xx_ll_spi.c ****     MODIFY_REG(I2Sxext->I2SCFGR,
 785              		.loc 1 594 5 is_stmt 1 view .LVU239
 786 0022 C369     		ldr	r3, [r0, #28]
ARM GAS  C:\Users\chris\AppData\Local\Temp\ccsULun0.s 			page 85


 787 0024 23F43363 		bic	r3, r3, #2864
 788 0028 23F00F03 		bic	r3, r3, #15
 789 002c 4C68     		ldr	r4, [r1, #4]
 790 002e 8D68     		ldr	r5, [r1, #8]
 791 0030 44EA050C 		orr	ip, r4, r5
 792 0034 4969     		ldr	r1, [r1, #20]
 793              	.LVL65:
 794              		.loc 1 594 5 is_stmt 0 view .LVU240
 795 0036 4CEA0101 		orr	r1, ip, r1
 796 003a 0A43     		orrs	r2, r2, r1
 797              	.LVL66:
 798              		.loc 1 594 5 view .LVU241
 799 003c 1343     		orrs	r3, r3, r2
 800 003e 43F40063 		orr	r3, r3, #2048
 801 0042 C361     		str	r3, [r0, #28]
 595:Drivers/STM32F4xx_HAL_Driver/Src/stm32f4xx_ll_spi.c ****                I2S_I2SCFGR_CLEAR_MASK,
 596:Drivers/STM32F4xx_HAL_Driver/Src/stm32f4xx_ll_spi.c ****                I2S_InitStruct->Standard |
 597:Drivers/STM32F4xx_HAL_Driver/Src/stm32f4xx_ll_spi.c ****                I2S_InitStruct->DataFormat | I2S_InitStruct->ClockPolarity |
 598:Drivers/STM32F4xx_HAL_Driver/Src/stm32f4xx_ll_spi.c ****                SPI_I2SCFGR_I2SMOD | mode);
 599:Drivers/STM32F4xx_HAL_Driver/Src/stm32f4xx_ll_spi.c **** 
 600:Drivers/STM32F4xx_HAL_Driver/Src/stm32f4xx_ll_spi.c ****     status = SUCCESS;
 802              		.loc 1 600 5 is_stmt 1 view .LVU242
 803              	.LVL67:
 804              		.loc 1 600 12 is_stmt 0 view .LVU243
 805 0044 0020     		movs	r0, #0
 806              	.LVL68:
 601:Drivers/STM32F4xx_HAL_Driver/Src/stm32f4xx_ll_spi.c ****   }
 602:Drivers/STM32F4xx_HAL_Driver/Src/stm32f4xx_ll_spi.c ****   return status;
 807              		.loc 1 602 3 is_stmt 1 view .LVU244
 603:Drivers/STM32F4xx_HAL_Driver/Src/stm32f4xx_ll_spi.c **** }
 808              		.loc 1 603 1 is_stmt 0 view .LVU245
 809 0046 30BC     		pop	{r4, r5}
 810              	.LCFI7:
 811              		.cfi_restore 5
 812              		.cfi_restore 4
 813              		.cfi_def_cfa_offset 0
 814 0048 7047     		bx	lr
 815              	.LVL69:
 816              	.L43:
 558:Drivers/STM32F4xx_HAL_Driver/Src/stm32f4xx_ll_spi.c **** 
 817              		.loc 1 558 15 view .LVU246
 818 004a 0120     		movs	r0, #1
 819              	.LVL70:
 602:Drivers/STM32F4xx_HAL_Driver/Src/stm32f4xx_ll_spi.c **** }
 820              		.loc 1 602 3 is_stmt 1 view .LVU247
 821              		.loc 1 603 1 is_stmt 0 view .LVU248
 822 004c 7047     		bx	lr
 823              		.cfi_endproc
 824              	.LFE381:
 826              		.text
 827              	.Letext0:
 828              		.file 4 "c:\\ST\\STM32CubeCLT_1.20.0\\GNU-tools-for-STM32\\bin\\../lib/gcc/arm-none-eabi/13.3.1/..
 829              		.file 5 "c:\\ST\\STM32CubeCLT_1.20.0\\GNU-tools-for-STM32\\bin\\../lib/gcc/arm-none-eabi/13.3.1/..
 830              		.file 6 "Drivers/CMSIS/Device/ST/STM32F4xx/Include/stm32f401xe.h"
 831              		.file 7 "Drivers/CMSIS/Device/ST/STM32F4xx/Include/stm32f4xx.h"
 832              		.file 8 "Drivers/STM32F4xx_HAL_Driver/Inc/stm32f4xx_ll_rcc.h"
ARM GAS  C:\Users\chris\AppData\Local\Temp\ccsULun0.s 			page 86


DEFINED SYMBOLS
                            *ABS*:00000000 stm32f4xx_ll_spi.c
C:\Users\chris\AppData\Local\Temp\ccsULun0.s:21     .text.LL_SPI_DeInit:00000000 $t
C:\Users\chris\AppData\Local\Temp\ccsULun0.s:27     .text.LL_SPI_DeInit:00000000 LL_SPI_DeInit
C:\Users\chris\AppData\Local\Temp\ccsULun0.s:213    .text.LL_SPI_DeInit:0000007c $d
C:\Users\chris\AppData\Local\Temp\ccsULun0.s:222    .text.LL_SPI_Init:00000000 $t
C:\Users\chris\AppData\Local\Temp\ccsULun0.s:228    .text.LL_SPI_Init:00000000 LL_SPI_Init
C:\Users\chris\AppData\Local\Temp\ccsULun0.s:368    .text.LL_SPI_StructInit:00000000 $t
C:\Users\chris\AppData\Local\Temp\ccsULun0.s:374    .text.LL_SPI_StructInit:00000000 LL_SPI_StructInit
C:\Users\chris\AppData\Local\Temp\ccsULun0.s:420    .text.LL_I2S_DeInit:00000000 $t
C:\Users\chris\AppData\Local\Temp\ccsULun0.s:426    .text.LL_I2S_DeInit:00000000 LL_I2S_DeInit
C:\Users\chris\AppData\Local\Temp\ccsULun0.s:449    .text.LL_I2S_Init:00000000 $t
C:\Users\chris\AppData\Local\Temp\ccsULun0.s:455    .text.LL_I2S_Init:00000000 LL_I2S_Init
C:\Users\chris\AppData\Local\Temp\ccsULun0.s:650    .text.LL_I2S_Init:000000a4 $d
C:\Users\chris\AppData\Local\Temp\ccsULun0.s:655    .text.LL_I2S_StructInit:00000000 $t
C:\Users\chris\AppData\Local\Temp\ccsULun0.s:661    .text.LL_I2S_StructInit:00000000 LL_I2S_StructInit
C:\Users\chris\AppData\Local\Temp\ccsULun0.s:695    .text.LL_I2S_ConfigPrescaler:00000000 $t
C:\Users\chris\AppData\Local\Temp\ccsULun0.s:701    .text.LL_I2S_ConfigPrescaler:00000000 LL_I2S_ConfigPrescaler
C:\Users\chris\AppData\Local\Temp\ccsULun0.s:726    .text.LL_I2S_InitFullDuplex:00000000 $t
C:\Users\chris\AppData\Local\Temp\ccsULun0.s:732    .text.LL_I2S_InitFullDuplex:00000000 LL_I2S_InitFullDuplex

UNDEFINED SYMBOLS
LL_RCC_GetI2SClockFreq
