ARM GAS  C:\Users\chris\AppData\Local\Temp\cchxBc72.s 			page 1


   1              		.cpu cortex-m4
   2              		.arch armv7e-m
   3              		.fpu fpv4-sp-d16
   4              		.eabi_attribute 27, 1
   5              		.eabi_attribute 28, 1
   6              		.eabi_attribute 20, 1
   7              		.eabi_attribute 21, 1
   8              		.eabi_attribute 23, 3
   9              		.eabi_attribute 24, 1
  10              		.eabi_attribute 25, 1
  11              		.eabi_attribute 26, 1
  12              		.eabi_attribute 30, 1
  13              		.eabi_attribute 34, 1
  14              		.eabi_attribute 18, 4
  15              		.file	"stm32f4xx_it.c"
  16              		.text
  17              	.Ltext0:
  18              		.cfi_sections	.debug_frame
  19              		.file 1 "Core/Src/stm32f4xx_it.c"
  20              		.section	.text.NMI_Handler,"ax",%progbits
  21              		.align	1
  22              		.global	NMI_Handler
  23              		.syntax unified
  24              		.thumb
  25              		.thumb_func
  27              	NMI_Handler:
  28              	.LFB688:
   1:Core/Src/stm32f4xx_it.c **** /* USER CODE BEGIN Header */
   2:Core/Src/stm32f4xx_it.c **** /**
   3:Core/Src/stm32f4xx_it.c ****   ******************************************************************************
   4:Core/Src/stm32f4xx_it.c ****   * @file    stm32f4xx_it.c
   5:Core/Src/stm32f4xx_it.c ****   * @brief   Interrupt Service Routines.
   6:Core/Src/stm32f4xx_it.c ****   ******************************************************************************
   7:Core/Src/stm32f4xx_it.c ****   * @attention
   8:Core/Src/stm32f4xx_it.c ****   *
   9:Core/Src/stm32f4xx_it.c ****   * Copyright (c) 2026 STMicroelectronics.
  10:Core/Src/stm32f4xx_it.c ****   * All rights reserved.
  11:Core/Src/stm32f4xx_it.c ****   *
  12:Core/Src/stm32f4xx_it.c ****   * This software is licensed under terms that can be found in the LICENSE file
  13:Core/Src/stm32f4xx_it.c ****   * in the root directory of this software component.
  14:Core/Src/stm32f4xx_it.c ****   * If no LICENSE file comes with this software, it is provided AS-IS.
  15:Core/Src/stm32f4xx_it.c ****   *
  16:Core/Src/stm32f4xx_it.c ****   ******************************************************************************
  17:Core/Src/stm32f4xx_it.c ****   */
  18:Core/Src/stm32f4xx_it.c **** /* USER CODE END Header */
  19:Core/Src/stm32f4xx_it.c **** 
  20:Core/Src/stm32f4xx_it.c **** /* Includes ------------------------------------------------------------------*/
  21:Core/Src/stm32f4xx_it.c **** #include "main.h"
  22:Core/Src/stm32f4xx_it.c **** #include "stm32f4xx_it.h"
  23:Core/Src/stm32f4xx_it.c **** /* Private includes ----------------------------------------------------------*/
  24:Core/Src/stm32f4xx_it.c **** /* USER CODE BEGIN Includes */
  25:Core/Src/stm32f4xx_it.c **** #include <string.h>  
  26:Core/Src/stm32f4xx_it.c **** #include <stddef.h>
  27:Core/Src/stm32f4xx_it.c **** /* USER CODE END Includes */
  28:Core/Src/stm32f4xx_it.c **** 
  29:Core/Src/stm32f4xx_it.c **** /* Private typedef -----------------------------------------------------------*/
  30:Core/Src/stm32f4xx_it.c **** /* USER CODE BEGIN TD */
ARM GAS  C:\Users\chris\AppData\Local\Temp\cchxBc72.s 			page 2


  31:Core/Src/stm32f4xx_it.c **** 
  32:Core/Src/stm32f4xx_it.c **** /* USER CODE END TD */
  33:Core/Src/stm32f4xx_it.c **** 
  34:Core/Src/stm32f4xx_it.c **** /* Private define ------------------------------------------------------------*/
  35:Core/Src/stm32f4xx_it.c **** /* USER CODE BEGIN PD */
  36:Core/Src/stm32f4xx_it.c **** 
  37:Core/Src/stm32f4xx_it.c **** /* USER CODE END PD */
  38:Core/Src/stm32f4xx_it.c **** 
  39:Core/Src/stm32f4xx_it.c **** /* Private macro -------------------------------------------------------------*/
  40:Core/Src/stm32f4xx_it.c **** /* USER CODE BEGIN PM */
  41:Core/Src/stm32f4xx_it.c **** 
  42:Core/Src/stm32f4xx_it.c **** /* USER CODE END PM */
  43:Core/Src/stm32f4xx_it.c **** 
  44:Core/Src/stm32f4xx_it.c **** /* Private variables ---------------------------------------------------------*/
  45:Core/Src/stm32f4xx_it.c **** /* USER CODE BEGIN PV */
  46:Core/Src/stm32f4xx_it.c **** 
  47:Core/Src/stm32f4xx_it.c **** /* USER CODE END PV */
  48:Core/Src/stm32f4xx_it.c **** 
  49:Core/Src/stm32f4xx_it.c **** /* Private function prototypes -----------------------------------------------*/
  50:Core/Src/stm32f4xx_it.c **** /* USER CODE BEGIN PFP */
  51:Core/Src/stm32f4xx_it.c **** void UART_SendAndReadData(USART_TypeDef *USARTX, const uint8_t *data, size_t length);
  52:Core/Src/stm32f4xx_it.c **** /* USER CODE END PFP */
  53:Core/Src/stm32f4xx_it.c **** 
  54:Core/Src/stm32f4xx_it.c **** /* Private user code ---------------------------------------------------------*/
  55:Core/Src/stm32f4xx_it.c **** /* USER CODE BEGIN 0 */
  56:Core/Src/stm32f4xx_it.c **** 
  57:Core/Src/stm32f4xx_it.c **** /* USER CODE END 0 */
  58:Core/Src/stm32f4xx_it.c **** 
  59:Core/Src/stm32f4xx_it.c **** /* External variables --------------------------------------------------------*/
  60:Core/Src/stm32f4xx_it.c **** 
  61:Core/Src/stm32f4xx_it.c **** /* USER CODE BEGIN EV */
  62:Core/Src/stm32f4xx_it.c **** 
  63:Core/Src/stm32f4xx_it.c **** /* USER CODE END EV */
  64:Core/Src/stm32f4xx_it.c **** 
  65:Core/Src/stm32f4xx_it.c **** /******************************************************************************/
  66:Core/Src/stm32f4xx_it.c **** /*           Cortex-M4 Processor Interruption and Exception Handlers          */
  67:Core/Src/stm32f4xx_it.c **** /******************************************************************************/
  68:Core/Src/stm32f4xx_it.c **** /**
  69:Core/Src/stm32f4xx_it.c ****   * @brief This function handles Non maskable interrupt.
  70:Core/Src/stm32f4xx_it.c ****   */
  71:Core/Src/stm32f4xx_it.c **** void NMI_Handler(void)
  72:Core/Src/stm32f4xx_it.c **** {
  29              		.loc 1 72 1 view -0
  30              		.cfi_startproc
  31              		@ Volatile: function does not return.
  32              		@ args = 0, pretend = 0, frame = 0
  33              		@ frame_needed = 0, uses_anonymous_args = 0
  34              		@ link register save eliminated.
  35              	.L2:
  73:Core/Src/stm32f4xx_it.c ****   /* USER CODE BEGIN NonMaskableInt_IRQn 0 */
  74:Core/Src/stm32f4xx_it.c **** 
  75:Core/Src/stm32f4xx_it.c ****   /* USER CODE END NonMaskableInt_IRQn 0 */
  76:Core/Src/stm32f4xx_it.c ****   /* USER CODE BEGIN NonMaskableInt_IRQn 1 */
  77:Core/Src/stm32f4xx_it.c ****    while (1)
  36              		.loc 1 77 4 view .LVU1
  78:Core/Src/stm32f4xx_it.c ****   {
  79:Core/Src/stm32f4xx_it.c ****   }
ARM GAS  C:\Users\chris\AppData\Local\Temp\cchxBc72.s 			page 3


  37              		.loc 1 79 3 view .LVU2
  77:Core/Src/stm32f4xx_it.c ****   {
  38              		.loc 1 77 10 view .LVU3
  39 0000 FEE7     		b	.L2
  40              		.cfi_endproc
  41              	.LFE688:
  43              		.section	.text.HardFault_Handler,"ax",%progbits
  44              		.align	1
  45              		.global	HardFault_Handler
  46              		.syntax unified
  47              		.thumb
  48              		.thumb_func
  50              	HardFault_Handler:
  51              	.LFB689:
  80:Core/Src/stm32f4xx_it.c ****   /* USER CODE END NonMaskableInt_IRQn 1 */
  81:Core/Src/stm32f4xx_it.c **** }
  82:Core/Src/stm32f4xx_it.c **** 
  83:Core/Src/stm32f4xx_it.c **** /**
  84:Core/Src/stm32f4xx_it.c ****   * @brief This function handles Hard fault interrupt.
  85:Core/Src/stm32f4xx_it.c ****   */
  86:Core/Src/stm32f4xx_it.c **** void HardFault_Handler(void)
  87:Core/Src/stm32f4xx_it.c **** {
  52              		.loc 1 87 1 view -0
  53              		.cfi_startproc
  54              		@ Volatile: function does not return.
  55              		@ args = 0, pretend = 0, frame = 0
  56              		@ frame_needed = 0, uses_anonymous_args = 0
  57              		@ link register save eliminated.
  58              	.L4:
  88:Core/Src/stm32f4xx_it.c ****   /* USER CODE BEGIN HardFault_IRQn 0 */
  89:Core/Src/stm32f4xx_it.c **** 
  90:Core/Src/stm32f4xx_it.c ****   /* USER CODE END HardFault_IRQn 0 */
  91:Core/Src/stm32f4xx_it.c ****   while (1)
  59              		.loc 1 91 3 view .LVU5
  92:Core/Src/stm32f4xx_it.c ****   {
  93:Core/Src/stm32f4xx_it.c ****     /* USER CODE BEGIN W1_HardFault_IRQn 0 */
  94:Core/Src/stm32f4xx_it.c ****     /* USER CODE END W1_HardFault_IRQn 0 */
  95:Core/Src/stm32f4xx_it.c ****   }
  60              		.loc 1 95 3 view .LVU6
  91:Core/Src/stm32f4xx_it.c ****   {
  61              		.loc 1 91 9 view .LVU7
  62 0000 FEE7     		b	.L4
  63              		.cfi_endproc
  64              	.LFE689:
  66              		.section	.text.MemManage_Handler,"ax",%progbits
  67              		.align	1
  68              		.global	MemManage_Handler
  69              		.syntax unified
  70              		.thumb
  71              		.thumb_func
  73              	MemManage_Handler:
  74              	.LFB690:
  96:Core/Src/stm32f4xx_it.c **** }
  97:Core/Src/stm32f4xx_it.c **** 
  98:Core/Src/stm32f4xx_it.c **** /**
  99:Core/Src/stm32f4xx_it.c ****   * @brief This function handles Memory management fault.
 100:Core/Src/stm32f4xx_it.c ****   */
ARM GAS  C:\Users\chris\AppData\Local\Temp\cchxBc72.s 			page 4


 101:Core/Src/stm32f4xx_it.c **** void MemManage_Handler(void)
 102:Core/Src/stm32f4xx_it.c **** {
  75              		.loc 1 102 1 view -0
  76              		.cfi_startproc
  77              		@ Volatile: function does not return.
  78              		@ args = 0, pretend = 0, frame = 0
  79              		@ frame_needed = 0, uses_anonymous_args = 0
  80              		@ link register save eliminated.
  81              	.L6:
 103:Core/Src/stm32f4xx_it.c ****   /* USER CODE BEGIN MemoryManagement_IRQn 0 */
 104:Core/Src/stm32f4xx_it.c **** 
 105:Core/Src/stm32f4xx_it.c ****   /* USER CODE END MemoryManagement_IRQn 0 */
 106:Core/Src/stm32f4xx_it.c ****   while (1)
  82              		.loc 1 106 3 view .LVU9
 107:Core/Src/stm32f4xx_it.c ****   {
 108:Core/Src/stm32f4xx_it.c ****     /* USER CODE BEGIN W1_MemoryManagement_IRQn 0 */
 109:Core/Src/stm32f4xx_it.c ****     /* USER CODE END W1_MemoryManagement_IRQn 0 */
 110:Core/Src/stm32f4xx_it.c ****   }
  83              		.loc 1 110 3 view .LVU10
 106:Core/Src/stm32f4xx_it.c ****   {
  84              		.loc 1 106 9 view .LVU11
  85 0000 FEE7     		b	.L6
  86              		.cfi_endproc
  87              	.LFE690:
  89              		.section	.text.BusFault_Handler,"ax",%progbits
  90              		.align	1
  91              		.global	BusFault_Handler
  92              		.syntax unified
  93              		.thumb
  94              		.thumb_func
  96              	BusFault_Handler:
  97              	.LFB691:
 111:Core/Src/stm32f4xx_it.c **** }
 112:Core/Src/stm32f4xx_it.c **** 
 113:Core/Src/stm32f4xx_it.c **** /**
 114:Core/Src/stm32f4xx_it.c ****   * @brief This function handles Pre-fetch fault, memory access fault.
 115:Core/Src/stm32f4xx_it.c ****   */
 116:Core/Src/stm32f4xx_it.c **** void BusFault_Handler(void)
 117:Core/Src/stm32f4xx_it.c **** {
  98              		.loc 1 117 1 view -0
  99              		.cfi_startproc
 100              		@ Volatile: function does not return.
 101              		@ args = 0, pretend = 0, frame = 0
 102              		@ frame_needed = 0, uses_anonymous_args = 0
 103              		@ link register save eliminated.
 104              	.L8:
 118:Core/Src/stm32f4xx_it.c ****   /* USER CODE BEGIN BusFault_IRQn 0 */
 119:Core/Src/stm32f4xx_it.c **** 
 120:Core/Src/stm32f4xx_it.c ****   /* USER CODE END BusFault_IRQn 0 */
 121:Core/Src/stm32f4xx_it.c ****   while (1)
 105              		.loc 1 121 3 view .LVU13
 122:Core/Src/stm32f4xx_it.c ****   {
 123:Core/Src/stm32f4xx_it.c ****     /* USER CODE BEGIN W1_BusFault_IRQn 0 */
 124:Core/Src/stm32f4xx_it.c ****     /* USER CODE END W1_BusFault_IRQn 0 */
 125:Core/Src/stm32f4xx_it.c ****   }
 106              		.loc 1 125 3 view .LVU14
 121:Core/Src/stm32f4xx_it.c ****   {
ARM GAS  C:\Users\chris\AppData\Local\Temp\cchxBc72.s 			page 5


 107              		.loc 1 121 9 view .LVU15
 108 0000 FEE7     		b	.L8
 109              		.cfi_endproc
 110              	.LFE691:
 112              		.section	.text.UsageFault_Handler,"ax",%progbits
 113              		.align	1
 114              		.global	UsageFault_Handler
 115              		.syntax unified
 116              		.thumb
 117              		.thumb_func
 119              	UsageFault_Handler:
 120              	.LFB692:
 126:Core/Src/stm32f4xx_it.c **** }
 127:Core/Src/stm32f4xx_it.c **** 
 128:Core/Src/stm32f4xx_it.c **** /**
 129:Core/Src/stm32f4xx_it.c ****   * @brief This function handles Undefined instruction or illegal state.
 130:Core/Src/stm32f4xx_it.c ****   */
 131:Core/Src/stm32f4xx_it.c **** void UsageFault_Handler(void)
 132:Core/Src/stm32f4xx_it.c **** {
 121              		.loc 1 132 1 view -0
 122              		.cfi_startproc
 123              		@ Volatile: function does not return.
 124              		@ args = 0, pretend = 0, frame = 0
 125              		@ frame_needed = 0, uses_anonymous_args = 0
 126              		@ link register save eliminated.
 127              	.L10:
 133:Core/Src/stm32f4xx_it.c ****   /* USER CODE BEGIN UsageFault_IRQn 0 */
 134:Core/Src/stm32f4xx_it.c **** 
 135:Core/Src/stm32f4xx_it.c ****   /* USER CODE END UsageFault_IRQn 0 */
 136:Core/Src/stm32f4xx_it.c ****   while (1)
 128              		.loc 1 136 3 view .LVU17
 137:Core/Src/stm32f4xx_it.c ****   {
 138:Core/Src/stm32f4xx_it.c ****     /* USER CODE BEGIN W1_UsageFault_IRQn 0 */
 139:Core/Src/stm32f4xx_it.c ****     /* USER CODE END W1_UsageFault_IRQn 0 */
 140:Core/Src/stm32f4xx_it.c ****   }
 129              		.loc 1 140 3 view .LVU18
 136:Core/Src/stm32f4xx_it.c ****   {
 130              		.loc 1 136 9 view .LVU19
 131 0000 FEE7     		b	.L10
 132              		.cfi_endproc
 133              	.LFE692:
 135              		.section	.text.SVC_Handler,"ax",%progbits
 136              		.align	1
 137              		.global	SVC_Handler
 138              		.syntax unified
 139              		.thumb
 140              		.thumb_func
 142              	SVC_Handler:
 143              	.LFB693:
 141:Core/Src/stm32f4xx_it.c **** }
 142:Core/Src/stm32f4xx_it.c **** 
 143:Core/Src/stm32f4xx_it.c **** /**
 144:Core/Src/stm32f4xx_it.c ****   * @brief This function handles System service call via SWI instruction.
 145:Core/Src/stm32f4xx_it.c ****   */
 146:Core/Src/stm32f4xx_it.c **** void SVC_Handler(void)
 147:Core/Src/stm32f4xx_it.c **** {
 144              		.loc 1 147 1 view -0
ARM GAS  C:\Users\chris\AppData\Local\Temp\cchxBc72.s 			page 6


 145              		.cfi_startproc
 146              		@ args = 0, pretend = 0, frame = 0
 147              		@ frame_needed = 0, uses_anonymous_args = 0
 148              		@ link register save eliminated.
 148:Core/Src/stm32f4xx_it.c ****   /* USER CODE BEGIN SVCall_IRQn 0 */
 149:Core/Src/stm32f4xx_it.c **** 
 150:Core/Src/stm32f4xx_it.c ****   /* USER CODE END SVCall_IRQn 0 */
 151:Core/Src/stm32f4xx_it.c ****   /* USER CODE BEGIN SVCall_IRQn 1 */
 152:Core/Src/stm32f4xx_it.c **** 
 153:Core/Src/stm32f4xx_it.c ****   /* USER CODE END SVCall_IRQn 1 */
 154:Core/Src/stm32f4xx_it.c **** }
 149              		.loc 1 154 1 view .LVU21
 150 0000 7047     		bx	lr
 151              		.cfi_endproc
 152              	.LFE693:
 154              		.section	.text.DebugMon_Handler,"ax",%progbits
 155              		.align	1
 156              		.global	DebugMon_Handler
 157              		.syntax unified
 158              		.thumb
 159              		.thumb_func
 161              	DebugMon_Handler:
 162              	.LFB694:
 155:Core/Src/stm32f4xx_it.c **** 
 156:Core/Src/stm32f4xx_it.c **** /**
 157:Core/Src/stm32f4xx_it.c ****   * @brief This function handles Debug monitor.
 158:Core/Src/stm32f4xx_it.c ****   */
 159:Core/Src/stm32f4xx_it.c **** void DebugMon_Handler(void)
 160:Core/Src/stm32f4xx_it.c **** {
 163              		.loc 1 160 1 view -0
 164              		.cfi_startproc
 165              		@ args = 0, pretend = 0, frame = 0
 166              		@ frame_needed = 0, uses_anonymous_args = 0
 167              		@ link register save eliminated.
 161:Core/Src/stm32f4xx_it.c ****   /* USER CODE BEGIN DebugMonitor_IRQn 0 */
 162:Core/Src/stm32f4xx_it.c **** 
 163:Core/Src/stm32f4xx_it.c ****   /* USER CODE END DebugMonitor_IRQn 0 */
 164:Core/Src/stm32f4xx_it.c ****   /* USER CODE BEGIN DebugMonitor_IRQn 1 */
 165:Core/Src/stm32f4xx_it.c **** 
 166:Core/Src/stm32f4xx_it.c ****   /* USER CODE END DebugMonitor_IRQn 1 */
 167:Core/Src/stm32f4xx_it.c **** }
 168              		.loc 1 167 1 view .LVU23
 169 0000 7047     		bx	lr
 170              		.cfi_endproc
 171              	.LFE694:
 173              		.section	.text.PendSV_Handler,"ax",%progbits
 174              		.align	1
 175              		.global	PendSV_Handler
 176              		.syntax unified
 177              		.thumb
 178              		.thumb_func
 180              	PendSV_Handler:
 181              	.LFB695:
 168:Core/Src/stm32f4xx_it.c **** 
 169:Core/Src/stm32f4xx_it.c **** /**
 170:Core/Src/stm32f4xx_it.c ****   * @brief This function handles Pendable request for system service.
 171:Core/Src/stm32f4xx_it.c ****   */
ARM GAS  C:\Users\chris\AppData\Local\Temp\cchxBc72.s 			page 7


 172:Core/Src/stm32f4xx_it.c **** void PendSV_Handler(void)
 173:Core/Src/stm32f4xx_it.c **** {
 182              		.loc 1 173 1 view -0
 183              		.cfi_startproc
 184              		@ args = 0, pretend = 0, frame = 0
 185              		@ frame_needed = 0, uses_anonymous_args = 0
 186              		@ link register save eliminated.
 174:Core/Src/stm32f4xx_it.c ****   /* USER CODE BEGIN PendSV_IRQn 0 */
 175:Core/Src/stm32f4xx_it.c **** 
 176:Core/Src/stm32f4xx_it.c ****   /* USER CODE END PendSV_IRQn 0 */
 177:Core/Src/stm32f4xx_it.c ****   /* USER CODE BEGIN PendSV_IRQn 1 */
 178:Core/Src/stm32f4xx_it.c **** 
 179:Core/Src/stm32f4xx_it.c ****   /* USER CODE END PendSV_IRQn 1 */
 180:Core/Src/stm32f4xx_it.c **** }
 187              		.loc 1 180 1 view .LVU25
 188 0000 7047     		bx	lr
 189              		.cfi_endproc
 190              	.LFE695:
 192              		.section	.text.SysTick_Handler,"ax",%progbits
 193              		.align	1
 194              		.global	SysTick_Handler
 195              		.syntax unified
 196              		.thumb
 197              		.thumb_func
 199              	SysTick_Handler:
 200              	.LFB696:
 181:Core/Src/stm32f4xx_it.c **** 
 182:Core/Src/stm32f4xx_it.c **** /**
 183:Core/Src/stm32f4xx_it.c ****   * @brief This function handles System tick timer.
 184:Core/Src/stm32f4xx_it.c ****   */
 185:Core/Src/stm32f4xx_it.c **** void SysTick_Handler(void)
 186:Core/Src/stm32f4xx_it.c **** {
 201              		.loc 1 186 1 view -0
 202              		.cfi_startproc
 203              		@ args = 0, pretend = 0, frame = 0
 204              		@ frame_needed = 0, uses_anonymous_args = 0
 205              		@ link register save eliminated.
 187:Core/Src/stm32f4xx_it.c ****   /* USER CODE BEGIN SysTick_IRQn 0 */
 188:Core/Src/stm32f4xx_it.c **** 
 189:Core/Src/stm32f4xx_it.c ****   /* USER CODE END SysTick_IRQn 0 */
 190:Core/Src/stm32f4xx_it.c **** 
 191:Core/Src/stm32f4xx_it.c ****   /* USER CODE BEGIN SysTick_IRQn 1 */
 192:Core/Src/stm32f4xx_it.c **** 
 193:Core/Src/stm32f4xx_it.c ****   /* USER CODE END SysTick_IRQn 1 */
 194:Core/Src/stm32f4xx_it.c **** }
 206              		.loc 1 194 1 view .LVU27
 207 0000 7047     		bx	lr
 208              		.cfi_endproc
 209              	.LFE696:
 211              		.section	.text.UART_SendAndReadData,"ax",%progbits
 212              		.align	1
 213              		.global	UART_SendAndReadData
 214              		.syntax unified
 215              		.thumb
 216              		.thumb_func
 218              	UART_SendAndReadData:
 219              	.LVL0:
ARM GAS  C:\Users\chris\AppData\Local\Temp\cchxBc72.s 			page 8


 220              	.LFB698:
 195:Core/Src/stm32f4xx_it.c **** 
 196:Core/Src/stm32f4xx_it.c **** /******************************************************************************/
 197:Core/Src/stm32f4xx_it.c **** /* STM32F4xx Peripheral Interrupt Handlers                                    */
 198:Core/Src/stm32f4xx_it.c **** /* Add here the Interrupt Handlers for the used peripherals.                  */
 199:Core/Src/stm32f4xx_it.c **** /* For the available peripheral interrupt handler names,                      */
 200:Core/Src/stm32f4xx_it.c **** /* please refer to the startup file (startup_stm32f4xx.s).                    */
 201:Core/Src/stm32f4xx_it.c **** /******************************************************************************/
 202:Core/Src/stm32f4xx_it.c **** 
 203:Core/Src/stm32f4xx_it.c **** /**
 204:Core/Src/stm32f4xx_it.c ****   * @brief This function handles EXTI line4 interrupt.
 205:Core/Src/stm32f4xx_it.c ****   */
 206:Core/Src/stm32f4xx_it.c **** void EXTI4_IRQHandler(void)
 207:Core/Src/stm32f4xx_it.c **** {
 208:Core/Src/stm32f4xx_it.c ****   /* USER CODE BEGIN EXTI4_IRQn 0 */
 209:Core/Src/stm32f4xx_it.c **** 
 210:Core/Src/stm32f4xx_it.c ****   
 211:Core/Src/stm32f4xx_it.c ****   /* USER CODE END EXTI4_IRQn 0 */
 212:Core/Src/stm32f4xx_it.c ****   if (LL_EXTI_IsActiveFlag_0_31(LL_EXTI_LINE_4) != RESET)
 213:Core/Src/stm32f4xx_it.c ****   {
 214:Core/Src/stm32f4xx_it.c ****     
 215:Core/Src/stm32f4xx_it.c ****     /* USER CODE BEGIN LL_EXTI_LINE_4 */
 216:Core/Src/stm32f4xx_it.c **** 
 217:Core/Src/stm32f4xx_it.c ****     
 218:Core/Src/stm32f4xx_it.c ****     for (volatile int i = 0; i < 100000; i++);
 219:Core/Src/stm32f4xx_it.c ****     const char *error = "ERROR: PIN 4 RELEASED...\n";
 220:Core/Src/stm32f4xx_it.c ****     UART_SendAndReadData(USART2, (const uint8_t *)error, strlen(error));
 221:Core/Src/stm32f4xx_it.c **** 
 222:Core/Src/stm32f4xx_it.c ****     LL_EXTI_ClearFlag_0_31(LL_EXTI_LINE_4);
 223:Core/Src/stm32f4xx_it.c **** 
 224:Core/Src/stm32f4xx_it.c ****     
 225:Core/Src/stm32f4xx_it.c ****     
 226:Core/Src/stm32f4xx_it.c ****     
 227:Core/Src/stm32f4xx_it.c ****     /* USER CODE END LL_EXTI_LINE_4 */
 228:Core/Src/stm32f4xx_it.c ****   }
 229:Core/Src/stm32f4xx_it.c ****   /* USER CODE BEGIN EXTI4_IRQn 1 */
 230:Core/Src/stm32f4xx_it.c **** 
 231:Core/Src/stm32f4xx_it.c ****   /* USER CODE END EXTI4_IRQn 1 */
 232:Core/Src/stm32f4xx_it.c **** }
 233:Core/Src/stm32f4xx_it.c **** 
 234:Core/Src/stm32f4xx_it.c **** /* USER CODE BEGIN 1 */
 235:Core/Src/stm32f4xx_it.c **** 
 236:Core/Src/stm32f4xx_it.c **** void UART_SendAndReadData(USART_TypeDef *USARTX, const uint8_t *data, size_t length){
 221              		.loc 1 236 85 view -0
 222              		.cfi_startproc
 223              		@ args = 0, pretend = 0, frame = 0
 224              		@ frame_needed = 0, uses_anonymous_args = 0
 225              		@ link register save eliminated.
 237:Core/Src/stm32f4xx_it.c **** 
 238:Core/Src/stm32f4xx_it.c ****   for (size_t i = 0; i < length; i++){
 226              		.loc 1 238 3 view .LVU29
 227              	.LBB15:
 228              		.loc 1 238 8 view .LVU30
 229              		.loc 1 238 15 is_stmt 0 view .LVU31
 230 0000 4FF0000C 		mov	ip, #0
 231              		.loc 1 238 3 view .LVU32
 232 0004 08E0     		b	.L16
ARM GAS  C:\Users\chris\AppData\Local\Temp\cchxBc72.s 			page 9


 233              	.LVL1:
 234              	.L17:
 239:Core/Src/stm32f4xx_it.c ****    while (!LL_USART_IsActiveFlag_TXE(USARTX));
 235              		.loc 1 239 11 is_stmt 1 discriminator 1 view .LVU33
 236              	.LBB16:
 237              	.LBI16:
 238              		.file 2 "Drivers/STM32F4xx_HAL_Driver/Inc/stm32f4xx_ll_usart.h"
   1:Drivers/STM32F4xx_HAL_Driver/Inc/stm32f4xx_ll_usart.h **** /**
   2:Drivers/STM32F4xx_HAL_Driver/Inc/stm32f4xx_ll_usart.h ****   ******************************************************************************
   3:Drivers/STM32F4xx_HAL_Driver/Inc/stm32f4xx_ll_usart.h ****   * @file    stm32f4xx_ll_usart.h
   4:Drivers/STM32F4xx_HAL_Driver/Inc/stm32f4xx_ll_usart.h ****   * @author  MCD Application Team
   5:Drivers/STM32F4xx_HAL_Driver/Inc/stm32f4xx_ll_usart.h ****   * @brief   Header file of USART LL module.
   6:Drivers/STM32F4xx_HAL_Driver/Inc/stm32f4xx_ll_usart.h ****   ******************************************************************************
   7:Drivers/STM32F4xx_HAL_Driver/Inc/stm32f4xx_ll_usart.h ****   * @attention
   8:Drivers/STM32F4xx_HAL_Driver/Inc/stm32f4xx_ll_usart.h ****   *
   9:Drivers/STM32F4xx_HAL_Driver/Inc/stm32f4xx_ll_usart.h ****   * Copyright (c) 2016 STMicroelectronics.
  10:Drivers/STM32F4xx_HAL_Driver/Inc/stm32f4xx_ll_usart.h ****   * All rights reserved.
  11:Drivers/STM32F4xx_HAL_Driver/Inc/stm32f4xx_ll_usart.h ****   *
  12:Drivers/STM32F4xx_HAL_Driver/Inc/stm32f4xx_ll_usart.h ****   * This software is licensed under terms that can be found in the LICENSE file
  13:Drivers/STM32F4xx_HAL_Driver/Inc/stm32f4xx_ll_usart.h ****   * in the root directory of this software component.
  14:Drivers/STM32F4xx_HAL_Driver/Inc/stm32f4xx_ll_usart.h ****   * If no LICENSE file comes with this software, it is provided AS-IS.
  15:Drivers/STM32F4xx_HAL_Driver/Inc/stm32f4xx_ll_usart.h ****   *
  16:Drivers/STM32F4xx_HAL_Driver/Inc/stm32f4xx_ll_usart.h ****   ******************************************************************************
  17:Drivers/STM32F4xx_HAL_Driver/Inc/stm32f4xx_ll_usart.h ****   */
  18:Drivers/STM32F4xx_HAL_Driver/Inc/stm32f4xx_ll_usart.h **** 
  19:Drivers/STM32F4xx_HAL_Driver/Inc/stm32f4xx_ll_usart.h **** /* Define to prevent recursive inclusion -------------------------------------*/
  20:Drivers/STM32F4xx_HAL_Driver/Inc/stm32f4xx_ll_usart.h **** #ifndef __STM32F4xx_LL_USART_H
  21:Drivers/STM32F4xx_HAL_Driver/Inc/stm32f4xx_ll_usart.h **** #define __STM32F4xx_LL_USART_H
  22:Drivers/STM32F4xx_HAL_Driver/Inc/stm32f4xx_ll_usart.h **** 
  23:Drivers/STM32F4xx_HAL_Driver/Inc/stm32f4xx_ll_usart.h **** #ifdef __cplusplus
  24:Drivers/STM32F4xx_HAL_Driver/Inc/stm32f4xx_ll_usart.h **** extern "C" {
  25:Drivers/STM32F4xx_HAL_Driver/Inc/stm32f4xx_ll_usart.h **** #endif
  26:Drivers/STM32F4xx_HAL_Driver/Inc/stm32f4xx_ll_usart.h **** 
  27:Drivers/STM32F4xx_HAL_Driver/Inc/stm32f4xx_ll_usart.h **** /* Includes ------------------------------------------------------------------*/
  28:Drivers/STM32F4xx_HAL_Driver/Inc/stm32f4xx_ll_usart.h **** #include "stm32f4xx.h"
  29:Drivers/STM32F4xx_HAL_Driver/Inc/stm32f4xx_ll_usart.h **** 
  30:Drivers/STM32F4xx_HAL_Driver/Inc/stm32f4xx_ll_usart.h **** /** @addtogroup STM32F4xx_LL_Driver
  31:Drivers/STM32F4xx_HAL_Driver/Inc/stm32f4xx_ll_usart.h ****   * @{
  32:Drivers/STM32F4xx_HAL_Driver/Inc/stm32f4xx_ll_usart.h ****   */
  33:Drivers/STM32F4xx_HAL_Driver/Inc/stm32f4xx_ll_usart.h **** 
  34:Drivers/STM32F4xx_HAL_Driver/Inc/stm32f4xx_ll_usart.h **** #if defined (USART1) || defined (USART2) || defined (USART3) || defined (USART6) || defined (UART4)
  35:Drivers/STM32F4xx_HAL_Driver/Inc/stm32f4xx_ll_usart.h **** 
  36:Drivers/STM32F4xx_HAL_Driver/Inc/stm32f4xx_ll_usart.h **** /** @defgroup USART_LL USART
  37:Drivers/STM32F4xx_HAL_Driver/Inc/stm32f4xx_ll_usart.h ****   * @{
  38:Drivers/STM32F4xx_HAL_Driver/Inc/stm32f4xx_ll_usart.h ****   */
  39:Drivers/STM32F4xx_HAL_Driver/Inc/stm32f4xx_ll_usart.h **** 
  40:Drivers/STM32F4xx_HAL_Driver/Inc/stm32f4xx_ll_usart.h **** /* Private types -------------------------------------------------------------*/
  41:Drivers/STM32F4xx_HAL_Driver/Inc/stm32f4xx_ll_usart.h **** /* Private variables ---------------------------------------------------------*/
  42:Drivers/STM32F4xx_HAL_Driver/Inc/stm32f4xx_ll_usart.h **** 
  43:Drivers/STM32F4xx_HAL_Driver/Inc/stm32f4xx_ll_usart.h **** /* Private constants ---------------------------------------------------------*/
  44:Drivers/STM32F4xx_HAL_Driver/Inc/stm32f4xx_ll_usart.h **** /** @defgroup USART_LL_Private_Constants USART Private Constants
  45:Drivers/STM32F4xx_HAL_Driver/Inc/stm32f4xx_ll_usart.h ****   * @{
  46:Drivers/STM32F4xx_HAL_Driver/Inc/stm32f4xx_ll_usart.h ****   */
  47:Drivers/STM32F4xx_HAL_Driver/Inc/stm32f4xx_ll_usart.h **** 
  48:Drivers/STM32F4xx_HAL_Driver/Inc/stm32f4xx_ll_usart.h **** /* Defines used for the bit position in the register and perform offsets*/
  49:Drivers/STM32F4xx_HAL_Driver/Inc/stm32f4xx_ll_usart.h **** #define USART_POSITION_GTPR_GT                  USART_GTPR_GT_Pos
  50:Drivers/STM32F4xx_HAL_Driver/Inc/stm32f4xx_ll_usart.h **** /**
ARM GAS  C:\Users\chris\AppData\Local\Temp\cchxBc72.s 			page 10


  51:Drivers/STM32F4xx_HAL_Driver/Inc/stm32f4xx_ll_usart.h ****   * @}
  52:Drivers/STM32F4xx_HAL_Driver/Inc/stm32f4xx_ll_usart.h ****   */
  53:Drivers/STM32F4xx_HAL_Driver/Inc/stm32f4xx_ll_usart.h **** 
  54:Drivers/STM32F4xx_HAL_Driver/Inc/stm32f4xx_ll_usart.h **** /* Private macros ------------------------------------------------------------*/
  55:Drivers/STM32F4xx_HAL_Driver/Inc/stm32f4xx_ll_usart.h **** #if defined(USE_FULL_LL_DRIVER)
  56:Drivers/STM32F4xx_HAL_Driver/Inc/stm32f4xx_ll_usart.h **** /** @defgroup USART_LL_Private_Macros USART Private Macros
  57:Drivers/STM32F4xx_HAL_Driver/Inc/stm32f4xx_ll_usart.h ****   * @{
  58:Drivers/STM32F4xx_HAL_Driver/Inc/stm32f4xx_ll_usart.h ****   */
  59:Drivers/STM32F4xx_HAL_Driver/Inc/stm32f4xx_ll_usart.h **** /**
  60:Drivers/STM32F4xx_HAL_Driver/Inc/stm32f4xx_ll_usart.h ****   * @}
  61:Drivers/STM32F4xx_HAL_Driver/Inc/stm32f4xx_ll_usart.h ****   */
  62:Drivers/STM32F4xx_HAL_Driver/Inc/stm32f4xx_ll_usart.h **** #endif /*USE_FULL_LL_DRIVER*/
  63:Drivers/STM32F4xx_HAL_Driver/Inc/stm32f4xx_ll_usart.h **** 
  64:Drivers/STM32F4xx_HAL_Driver/Inc/stm32f4xx_ll_usart.h **** /* Exported types ------------------------------------------------------------*/
  65:Drivers/STM32F4xx_HAL_Driver/Inc/stm32f4xx_ll_usart.h **** #if defined(USE_FULL_LL_DRIVER)
  66:Drivers/STM32F4xx_HAL_Driver/Inc/stm32f4xx_ll_usart.h **** /** @defgroup USART_LL_ES_INIT USART Exported Init structures
  67:Drivers/STM32F4xx_HAL_Driver/Inc/stm32f4xx_ll_usart.h ****   * @{
  68:Drivers/STM32F4xx_HAL_Driver/Inc/stm32f4xx_ll_usart.h ****   */
  69:Drivers/STM32F4xx_HAL_Driver/Inc/stm32f4xx_ll_usart.h **** 
  70:Drivers/STM32F4xx_HAL_Driver/Inc/stm32f4xx_ll_usart.h **** /**
  71:Drivers/STM32F4xx_HAL_Driver/Inc/stm32f4xx_ll_usart.h ****   * @brief LL USART Init Structure definition
  72:Drivers/STM32F4xx_HAL_Driver/Inc/stm32f4xx_ll_usart.h ****   */
  73:Drivers/STM32F4xx_HAL_Driver/Inc/stm32f4xx_ll_usart.h **** typedef struct
  74:Drivers/STM32F4xx_HAL_Driver/Inc/stm32f4xx_ll_usart.h **** {
  75:Drivers/STM32F4xx_HAL_Driver/Inc/stm32f4xx_ll_usart.h ****   uint32_t BaudRate;                  /*!< This field defines expected Usart communication baud rat
  76:Drivers/STM32F4xx_HAL_Driver/Inc/stm32f4xx_ll_usart.h **** 
  77:Drivers/STM32F4xx_HAL_Driver/Inc/stm32f4xx_ll_usart.h ****                                            This feature can be modified afterwards using unitary fu
  78:Drivers/STM32F4xx_HAL_Driver/Inc/stm32f4xx_ll_usart.h **** 
  79:Drivers/STM32F4xx_HAL_Driver/Inc/stm32f4xx_ll_usart.h ****   uint32_t DataWidth;                 /*!< Specifies the number of data bits transmitted or receive
  80:Drivers/STM32F4xx_HAL_Driver/Inc/stm32f4xx_ll_usart.h ****                                            This parameter can be a value of @ref USART_LL_EC_DATAWI
  81:Drivers/STM32F4xx_HAL_Driver/Inc/stm32f4xx_ll_usart.h **** 
  82:Drivers/STM32F4xx_HAL_Driver/Inc/stm32f4xx_ll_usart.h ****                                            This feature can be modified afterwards using unitary fu
  83:Drivers/STM32F4xx_HAL_Driver/Inc/stm32f4xx_ll_usart.h **** 
  84:Drivers/STM32F4xx_HAL_Driver/Inc/stm32f4xx_ll_usart.h ****   uint32_t StopBits;                  /*!< Specifies the number of stop bits transmitted.
  85:Drivers/STM32F4xx_HAL_Driver/Inc/stm32f4xx_ll_usart.h ****                                            This parameter can be a value of @ref USART_LL_EC_STOPBI
  86:Drivers/STM32F4xx_HAL_Driver/Inc/stm32f4xx_ll_usart.h **** 
  87:Drivers/STM32F4xx_HAL_Driver/Inc/stm32f4xx_ll_usart.h ****                                            This feature can be modified afterwards using unitary fu
  88:Drivers/STM32F4xx_HAL_Driver/Inc/stm32f4xx_ll_usart.h **** 
  89:Drivers/STM32F4xx_HAL_Driver/Inc/stm32f4xx_ll_usart.h ****   uint32_t Parity;                    /*!< Specifies the parity mode.
  90:Drivers/STM32F4xx_HAL_Driver/Inc/stm32f4xx_ll_usart.h ****                                            This parameter can be a value of @ref USART_LL_EC_PARITY
  91:Drivers/STM32F4xx_HAL_Driver/Inc/stm32f4xx_ll_usart.h **** 
  92:Drivers/STM32F4xx_HAL_Driver/Inc/stm32f4xx_ll_usart.h ****                                            This feature can be modified afterwards using unitary fu
  93:Drivers/STM32F4xx_HAL_Driver/Inc/stm32f4xx_ll_usart.h **** 
  94:Drivers/STM32F4xx_HAL_Driver/Inc/stm32f4xx_ll_usart.h ****   uint32_t TransferDirection;         /*!< Specifies whether the Receive and/or Transmit mode is en
  95:Drivers/STM32F4xx_HAL_Driver/Inc/stm32f4xx_ll_usart.h ****                                            This parameter can be a value of @ref USART_LL_EC_DIRECT
  96:Drivers/STM32F4xx_HAL_Driver/Inc/stm32f4xx_ll_usart.h **** 
  97:Drivers/STM32F4xx_HAL_Driver/Inc/stm32f4xx_ll_usart.h ****                                            This feature can be modified afterwards using unitary fu
  98:Drivers/STM32F4xx_HAL_Driver/Inc/stm32f4xx_ll_usart.h **** 
  99:Drivers/STM32F4xx_HAL_Driver/Inc/stm32f4xx_ll_usart.h ****   uint32_t HardwareFlowControl;       /*!< Specifies whether the hardware flow control mode is enab
 100:Drivers/STM32F4xx_HAL_Driver/Inc/stm32f4xx_ll_usart.h ****                                            This parameter can be a value of @ref USART_LL_EC_HWCONT
 101:Drivers/STM32F4xx_HAL_Driver/Inc/stm32f4xx_ll_usart.h **** 
 102:Drivers/STM32F4xx_HAL_Driver/Inc/stm32f4xx_ll_usart.h ****                                            This feature can be modified afterwards using unitary fu
 103:Drivers/STM32F4xx_HAL_Driver/Inc/stm32f4xx_ll_usart.h **** 
 104:Drivers/STM32F4xx_HAL_Driver/Inc/stm32f4xx_ll_usart.h ****   uint32_t OverSampling;              /*!< Specifies whether USART oversampling mode is 16 or 8.
 105:Drivers/STM32F4xx_HAL_Driver/Inc/stm32f4xx_ll_usart.h ****                                            This parameter can be a value of @ref USART_LL_EC_OVERSA
 106:Drivers/STM32F4xx_HAL_Driver/Inc/stm32f4xx_ll_usart.h **** 
 107:Drivers/STM32F4xx_HAL_Driver/Inc/stm32f4xx_ll_usart.h ****                                            This feature can be modified afterwards using unitary fu
ARM GAS  C:\Users\chris\AppData\Local\Temp\cchxBc72.s 			page 11


 108:Drivers/STM32F4xx_HAL_Driver/Inc/stm32f4xx_ll_usart.h **** 
 109:Drivers/STM32F4xx_HAL_Driver/Inc/stm32f4xx_ll_usart.h **** } LL_USART_InitTypeDef;
 110:Drivers/STM32F4xx_HAL_Driver/Inc/stm32f4xx_ll_usart.h **** 
 111:Drivers/STM32F4xx_HAL_Driver/Inc/stm32f4xx_ll_usart.h **** /**
 112:Drivers/STM32F4xx_HAL_Driver/Inc/stm32f4xx_ll_usart.h ****   * @brief LL USART Clock Init Structure definition
 113:Drivers/STM32F4xx_HAL_Driver/Inc/stm32f4xx_ll_usart.h ****   */
 114:Drivers/STM32F4xx_HAL_Driver/Inc/stm32f4xx_ll_usart.h **** typedef struct
 115:Drivers/STM32F4xx_HAL_Driver/Inc/stm32f4xx_ll_usart.h **** {
 116:Drivers/STM32F4xx_HAL_Driver/Inc/stm32f4xx_ll_usart.h ****   uint32_t ClockOutput;               /*!< Specifies whether the USART clock is enabled or disabled
 117:Drivers/STM32F4xx_HAL_Driver/Inc/stm32f4xx_ll_usart.h ****                                            This parameter can be a value of @ref USART_LL_EC_CLOCK.
 118:Drivers/STM32F4xx_HAL_Driver/Inc/stm32f4xx_ll_usart.h **** 
 119:Drivers/STM32F4xx_HAL_Driver/Inc/stm32f4xx_ll_usart.h ****                                            USART HW configuration can be modified afterwards using 
 120:Drivers/STM32F4xx_HAL_Driver/Inc/stm32f4xx_ll_usart.h ****                                            @ref LL_USART_EnableSCLKOutput() or @ref LL_USART_Disabl
 121:Drivers/STM32F4xx_HAL_Driver/Inc/stm32f4xx_ll_usart.h ****                                            For more details, refer to description of this function.
 122:Drivers/STM32F4xx_HAL_Driver/Inc/stm32f4xx_ll_usart.h **** 
 123:Drivers/STM32F4xx_HAL_Driver/Inc/stm32f4xx_ll_usart.h ****   uint32_t ClockPolarity;             /*!< Specifies the steady state of the serial clock.
 124:Drivers/STM32F4xx_HAL_Driver/Inc/stm32f4xx_ll_usart.h ****                                            This parameter can be a value of @ref USART_LL_EC_POLARI
 125:Drivers/STM32F4xx_HAL_Driver/Inc/stm32f4xx_ll_usart.h **** 
 126:Drivers/STM32F4xx_HAL_Driver/Inc/stm32f4xx_ll_usart.h ****                                            USART HW configuration can be modified afterwards using 
 127:Drivers/STM32F4xx_HAL_Driver/Inc/stm32f4xx_ll_usart.h ****                                            For more details, refer to description of this function.
 128:Drivers/STM32F4xx_HAL_Driver/Inc/stm32f4xx_ll_usart.h **** 
 129:Drivers/STM32F4xx_HAL_Driver/Inc/stm32f4xx_ll_usart.h ****   uint32_t ClockPhase;                /*!< Specifies the clock transition on which the bit capture 
 130:Drivers/STM32F4xx_HAL_Driver/Inc/stm32f4xx_ll_usart.h ****                                            This parameter can be a value of @ref USART_LL_EC_PHASE.
 131:Drivers/STM32F4xx_HAL_Driver/Inc/stm32f4xx_ll_usart.h **** 
 132:Drivers/STM32F4xx_HAL_Driver/Inc/stm32f4xx_ll_usart.h ****                                            USART HW configuration can be modified afterwards using 
 133:Drivers/STM32F4xx_HAL_Driver/Inc/stm32f4xx_ll_usart.h ****                                            For more details, refer to description of this function.
 134:Drivers/STM32F4xx_HAL_Driver/Inc/stm32f4xx_ll_usart.h **** 
 135:Drivers/STM32F4xx_HAL_Driver/Inc/stm32f4xx_ll_usart.h ****   uint32_t LastBitClockPulse;         /*!< Specifies whether the clock pulse corresponding to the l
 136:Drivers/STM32F4xx_HAL_Driver/Inc/stm32f4xx_ll_usart.h ****                                            data bit (MSB) has to be output on the SCLK pin in synch
 137:Drivers/STM32F4xx_HAL_Driver/Inc/stm32f4xx_ll_usart.h ****                                            This parameter can be a value of @ref USART_LL_EC_LASTCL
 138:Drivers/STM32F4xx_HAL_Driver/Inc/stm32f4xx_ll_usart.h **** 
 139:Drivers/STM32F4xx_HAL_Driver/Inc/stm32f4xx_ll_usart.h ****                                            USART HW configuration can be modified afterwards using 
 140:Drivers/STM32F4xx_HAL_Driver/Inc/stm32f4xx_ll_usart.h ****                                            For more details, refer to description of this function.
 141:Drivers/STM32F4xx_HAL_Driver/Inc/stm32f4xx_ll_usart.h **** 
 142:Drivers/STM32F4xx_HAL_Driver/Inc/stm32f4xx_ll_usart.h **** } LL_USART_ClockInitTypeDef;
 143:Drivers/STM32F4xx_HAL_Driver/Inc/stm32f4xx_ll_usart.h **** 
 144:Drivers/STM32F4xx_HAL_Driver/Inc/stm32f4xx_ll_usart.h **** /**
 145:Drivers/STM32F4xx_HAL_Driver/Inc/stm32f4xx_ll_usart.h ****   * @}
 146:Drivers/STM32F4xx_HAL_Driver/Inc/stm32f4xx_ll_usart.h ****   */
 147:Drivers/STM32F4xx_HAL_Driver/Inc/stm32f4xx_ll_usart.h **** #endif /* USE_FULL_LL_DRIVER */
 148:Drivers/STM32F4xx_HAL_Driver/Inc/stm32f4xx_ll_usart.h **** 
 149:Drivers/STM32F4xx_HAL_Driver/Inc/stm32f4xx_ll_usart.h **** /* Exported constants --------------------------------------------------------*/
 150:Drivers/STM32F4xx_HAL_Driver/Inc/stm32f4xx_ll_usart.h **** /** @defgroup USART_LL_Exported_Constants USART Exported Constants
 151:Drivers/STM32F4xx_HAL_Driver/Inc/stm32f4xx_ll_usart.h ****   * @{
 152:Drivers/STM32F4xx_HAL_Driver/Inc/stm32f4xx_ll_usart.h ****   */
 153:Drivers/STM32F4xx_HAL_Driver/Inc/stm32f4xx_ll_usart.h **** 
 154:Drivers/STM32F4xx_HAL_Driver/Inc/stm32f4xx_ll_usart.h **** /** @defgroup USART_LL_EC_GET_FLAG Get Flags Defines
 155:Drivers/STM32F4xx_HAL_Driver/Inc/stm32f4xx_ll_usart.h ****   * @brief    Flags defines which can be used with LL_USART_ReadReg function
 156:Drivers/STM32F4xx_HAL_Driver/Inc/stm32f4xx_ll_usart.h ****   * @{
 157:Drivers/STM32F4xx_HAL_Driver/Inc/stm32f4xx_ll_usart.h ****   */
 158:Drivers/STM32F4xx_HAL_Driver/Inc/stm32f4xx_ll_usart.h **** #define LL_USART_SR_PE                          USART_SR_PE                   /*!< Parity error fla
 159:Drivers/STM32F4xx_HAL_Driver/Inc/stm32f4xx_ll_usart.h **** #define LL_USART_SR_FE                          USART_SR_FE                   /*!< Framing error fl
 160:Drivers/STM32F4xx_HAL_Driver/Inc/stm32f4xx_ll_usart.h **** #define LL_USART_SR_NE                          USART_SR_NE                   /*!< Noise detected f
 161:Drivers/STM32F4xx_HAL_Driver/Inc/stm32f4xx_ll_usart.h **** #define LL_USART_SR_ORE                         USART_SR_ORE                  /*!< Overrun error fl
 162:Drivers/STM32F4xx_HAL_Driver/Inc/stm32f4xx_ll_usart.h **** #define LL_USART_SR_IDLE                        USART_SR_IDLE                 /*!< Idle line detect
 163:Drivers/STM32F4xx_HAL_Driver/Inc/stm32f4xx_ll_usart.h **** #define LL_USART_SR_RXNE                        USART_SR_RXNE                 /*!< Read data regist
 164:Drivers/STM32F4xx_HAL_Driver/Inc/stm32f4xx_ll_usart.h **** #define LL_USART_SR_TC                          USART_SR_TC                   /*!< Transmission com
ARM GAS  C:\Users\chris\AppData\Local\Temp\cchxBc72.s 			page 12


 165:Drivers/STM32F4xx_HAL_Driver/Inc/stm32f4xx_ll_usart.h **** #define LL_USART_SR_TXE                         USART_SR_TXE                  /*!< Transmit data re
 166:Drivers/STM32F4xx_HAL_Driver/Inc/stm32f4xx_ll_usart.h **** #define LL_USART_SR_LBD                         USART_SR_LBD                  /*!< LIN break detect
 167:Drivers/STM32F4xx_HAL_Driver/Inc/stm32f4xx_ll_usart.h **** #define LL_USART_SR_CTS                         USART_SR_CTS                  /*!< CTS flag */
 168:Drivers/STM32F4xx_HAL_Driver/Inc/stm32f4xx_ll_usart.h **** /**
 169:Drivers/STM32F4xx_HAL_Driver/Inc/stm32f4xx_ll_usart.h ****   * @}
 170:Drivers/STM32F4xx_HAL_Driver/Inc/stm32f4xx_ll_usart.h ****   */
 171:Drivers/STM32F4xx_HAL_Driver/Inc/stm32f4xx_ll_usart.h **** 
 172:Drivers/STM32F4xx_HAL_Driver/Inc/stm32f4xx_ll_usart.h **** /** @defgroup USART_LL_EC_IT IT Defines
 173:Drivers/STM32F4xx_HAL_Driver/Inc/stm32f4xx_ll_usart.h ****   * @brief    IT defines which can be used with LL_USART_ReadReg and  LL_USART_WriteReg functions
 174:Drivers/STM32F4xx_HAL_Driver/Inc/stm32f4xx_ll_usart.h ****   * @{
 175:Drivers/STM32F4xx_HAL_Driver/Inc/stm32f4xx_ll_usart.h ****   */
 176:Drivers/STM32F4xx_HAL_Driver/Inc/stm32f4xx_ll_usart.h **** #define LL_USART_CR1_IDLEIE                     USART_CR1_IDLEIE              /*!< IDLE interrupt e
 177:Drivers/STM32F4xx_HAL_Driver/Inc/stm32f4xx_ll_usart.h **** #define LL_USART_CR1_RXNEIE                     USART_CR1_RXNEIE              /*!< Read data regist
 178:Drivers/STM32F4xx_HAL_Driver/Inc/stm32f4xx_ll_usart.h **** #define LL_USART_CR1_TCIE                       USART_CR1_TCIE                /*!< Transmission com
 179:Drivers/STM32F4xx_HAL_Driver/Inc/stm32f4xx_ll_usart.h **** #define LL_USART_CR1_TXEIE                      USART_CR1_TXEIE               /*!< Transmit data re
 180:Drivers/STM32F4xx_HAL_Driver/Inc/stm32f4xx_ll_usart.h **** #define LL_USART_CR1_PEIE                       USART_CR1_PEIE                /*!< Parity error */
 181:Drivers/STM32F4xx_HAL_Driver/Inc/stm32f4xx_ll_usart.h **** #define LL_USART_CR2_LBDIE                      USART_CR2_LBDIE               /*!< LIN break detect
 182:Drivers/STM32F4xx_HAL_Driver/Inc/stm32f4xx_ll_usart.h **** #define LL_USART_CR3_EIE                        USART_CR3_EIE                 /*!< Error interrupt 
 183:Drivers/STM32F4xx_HAL_Driver/Inc/stm32f4xx_ll_usart.h **** #define LL_USART_CR3_CTSIE                      USART_CR3_CTSIE               /*!< CTS interrupt en
 184:Drivers/STM32F4xx_HAL_Driver/Inc/stm32f4xx_ll_usart.h **** /**
 185:Drivers/STM32F4xx_HAL_Driver/Inc/stm32f4xx_ll_usart.h ****   * @}
 186:Drivers/STM32F4xx_HAL_Driver/Inc/stm32f4xx_ll_usart.h ****   */
 187:Drivers/STM32F4xx_HAL_Driver/Inc/stm32f4xx_ll_usart.h **** 
 188:Drivers/STM32F4xx_HAL_Driver/Inc/stm32f4xx_ll_usart.h **** /** @defgroup USART_LL_EC_DIRECTION Communication Direction
 189:Drivers/STM32F4xx_HAL_Driver/Inc/stm32f4xx_ll_usart.h ****   * @{
 190:Drivers/STM32F4xx_HAL_Driver/Inc/stm32f4xx_ll_usart.h ****   */
 191:Drivers/STM32F4xx_HAL_Driver/Inc/stm32f4xx_ll_usart.h **** #define LL_USART_DIRECTION_NONE                 0x00000000U                        /*!< Transmitter
 192:Drivers/STM32F4xx_HAL_Driver/Inc/stm32f4xx_ll_usart.h **** #define LL_USART_DIRECTION_RX                   USART_CR1_RE                       /*!< Transmitter
 193:Drivers/STM32F4xx_HAL_Driver/Inc/stm32f4xx_ll_usart.h **** #define LL_USART_DIRECTION_TX                   USART_CR1_TE                       /*!< Transmitter
 194:Drivers/STM32F4xx_HAL_Driver/Inc/stm32f4xx_ll_usart.h **** #define LL_USART_DIRECTION_TX_RX                (USART_CR1_TE |USART_CR1_RE)       /*!< Transmitter
 195:Drivers/STM32F4xx_HAL_Driver/Inc/stm32f4xx_ll_usart.h **** /**
 196:Drivers/STM32F4xx_HAL_Driver/Inc/stm32f4xx_ll_usart.h ****   * @}
 197:Drivers/STM32F4xx_HAL_Driver/Inc/stm32f4xx_ll_usart.h ****   */
 198:Drivers/STM32F4xx_HAL_Driver/Inc/stm32f4xx_ll_usart.h **** 
 199:Drivers/STM32F4xx_HAL_Driver/Inc/stm32f4xx_ll_usart.h **** /** @defgroup USART_LL_EC_PARITY Parity Control
 200:Drivers/STM32F4xx_HAL_Driver/Inc/stm32f4xx_ll_usart.h ****   * @{
 201:Drivers/STM32F4xx_HAL_Driver/Inc/stm32f4xx_ll_usart.h ****   */
 202:Drivers/STM32F4xx_HAL_Driver/Inc/stm32f4xx_ll_usart.h **** #define LL_USART_PARITY_NONE                    0x00000000U                          /*!< Parity co
 203:Drivers/STM32F4xx_HAL_Driver/Inc/stm32f4xx_ll_usart.h **** #define LL_USART_PARITY_EVEN                    USART_CR1_PCE                        /*!< Parity co
 204:Drivers/STM32F4xx_HAL_Driver/Inc/stm32f4xx_ll_usart.h **** #define LL_USART_PARITY_ODD                     (USART_CR1_PCE | USART_CR1_PS)       /*!< Parity co
 205:Drivers/STM32F4xx_HAL_Driver/Inc/stm32f4xx_ll_usart.h **** /**
 206:Drivers/STM32F4xx_HAL_Driver/Inc/stm32f4xx_ll_usart.h ****   * @}
 207:Drivers/STM32F4xx_HAL_Driver/Inc/stm32f4xx_ll_usart.h ****   */
 208:Drivers/STM32F4xx_HAL_Driver/Inc/stm32f4xx_ll_usart.h **** 
 209:Drivers/STM32F4xx_HAL_Driver/Inc/stm32f4xx_ll_usart.h **** /** @defgroup USART_LL_EC_WAKEUP Wakeup
 210:Drivers/STM32F4xx_HAL_Driver/Inc/stm32f4xx_ll_usart.h ****   * @{
 211:Drivers/STM32F4xx_HAL_Driver/Inc/stm32f4xx_ll_usart.h ****   */
 212:Drivers/STM32F4xx_HAL_Driver/Inc/stm32f4xx_ll_usart.h **** #define LL_USART_WAKEUP_IDLELINE                0x00000000U           /*!<  USART wake up from Mute
 213:Drivers/STM32F4xx_HAL_Driver/Inc/stm32f4xx_ll_usart.h **** #define LL_USART_WAKEUP_ADDRESSMARK             USART_CR1_WAKE        /*!<  USART wake up from Mute
 214:Drivers/STM32F4xx_HAL_Driver/Inc/stm32f4xx_ll_usart.h **** /**
 215:Drivers/STM32F4xx_HAL_Driver/Inc/stm32f4xx_ll_usart.h ****   * @}
 216:Drivers/STM32F4xx_HAL_Driver/Inc/stm32f4xx_ll_usart.h ****   */
 217:Drivers/STM32F4xx_HAL_Driver/Inc/stm32f4xx_ll_usart.h **** 
 218:Drivers/STM32F4xx_HAL_Driver/Inc/stm32f4xx_ll_usart.h **** /** @defgroup USART_LL_EC_DATAWIDTH Datawidth
 219:Drivers/STM32F4xx_HAL_Driver/Inc/stm32f4xx_ll_usart.h ****   * @{
 220:Drivers/STM32F4xx_HAL_Driver/Inc/stm32f4xx_ll_usart.h ****   */
 221:Drivers/STM32F4xx_HAL_Driver/Inc/stm32f4xx_ll_usart.h **** #define LL_USART_DATAWIDTH_8B                   0x00000000U             /*!< 8 bits word length : S
ARM GAS  C:\Users\chris\AppData\Local\Temp\cchxBc72.s 			page 13


 222:Drivers/STM32F4xx_HAL_Driver/Inc/stm32f4xx_ll_usart.h **** #define LL_USART_DATAWIDTH_9B                   USART_CR1_M             /*!< 9 bits word length : S
 223:Drivers/STM32F4xx_HAL_Driver/Inc/stm32f4xx_ll_usart.h **** /**
 224:Drivers/STM32F4xx_HAL_Driver/Inc/stm32f4xx_ll_usart.h ****   * @}
 225:Drivers/STM32F4xx_HAL_Driver/Inc/stm32f4xx_ll_usart.h ****   */
 226:Drivers/STM32F4xx_HAL_Driver/Inc/stm32f4xx_ll_usart.h **** 
 227:Drivers/STM32F4xx_HAL_Driver/Inc/stm32f4xx_ll_usart.h **** /** @defgroup USART_LL_EC_OVERSAMPLING Oversampling
 228:Drivers/STM32F4xx_HAL_Driver/Inc/stm32f4xx_ll_usart.h ****   * @{
 229:Drivers/STM32F4xx_HAL_Driver/Inc/stm32f4xx_ll_usart.h ****   */
 230:Drivers/STM32F4xx_HAL_Driver/Inc/stm32f4xx_ll_usart.h **** #define LL_USART_OVERSAMPLING_16                0x00000000U            /*!< Oversampling by 16 */
 231:Drivers/STM32F4xx_HAL_Driver/Inc/stm32f4xx_ll_usart.h **** #define LL_USART_OVERSAMPLING_8                 USART_CR1_OVER8        /*!< Oversampling by 8 */
 232:Drivers/STM32F4xx_HAL_Driver/Inc/stm32f4xx_ll_usart.h **** /**
 233:Drivers/STM32F4xx_HAL_Driver/Inc/stm32f4xx_ll_usart.h ****   * @}
 234:Drivers/STM32F4xx_HAL_Driver/Inc/stm32f4xx_ll_usart.h ****   */
 235:Drivers/STM32F4xx_HAL_Driver/Inc/stm32f4xx_ll_usart.h **** 
 236:Drivers/STM32F4xx_HAL_Driver/Inc/stm32f4xx_ll_usart.h **** #if defined(USE_FULL_LL_DRIVER)
 237:Drivers/STM32F4xx_HAL_Driver/Inc/stm32f4xx_ll_usart.h **** /** @defgroup USART_LL_EC_CLOCK Clock Signal
 238:Drivers/STM32F4xx_HAL_Driver/Inc/stm32f4xx_ll_usart.h ****   * @{
 239:Drivers/STM32F4xx_HAL_Driver/Inc/stm32f4xx_ll_usart.h ****   */
 240:Drivers/STM32F4xx_HAL_Driver/Inc/stm32f4xx_ll_usart.h **** 
 241:Drivers/STM32F4xx_HAL_Driver/Inc/stm32f4xx_ll_usart.h **** #define LL_USART_CLOCK_DISABLE                  0x00000000U            /*!< Clock signal not provid
 242:Drivers/STM32F4xx_HAL_Driver/Inc/stm32f4xx_ll_usart.h **** #define LL_USART_CLOCK_ENABLE                   USART_CR2_CLKEN        /*!< Clock signal provided *
 243:Drivers/STM32F4xx_HAL_Driver/Inc/stm32f4xx_ll_usart.h **** /**
 244:Drivers/STM32F4xx_HAL_Driver/Inc/stm32f4xx_ll_usart.h ****   * @}
 245:Drivers/STM32F4xx_HAL_Driver/Inc/stm32f4xx_ll_usart.h ****   */
 246:Drivers/STM32F4xx_HAL_Driver/Inc/stm32f4xx_ll_usart.h **** #endif /*USE_FULL_LL_DRIVER*/
 247:Drivers/STM32F4xx_HAL_Driver/Inc/stm32f4xx_ll_usart.h **** 
 248:Drivers/STM32F4xx_HAL_Driver/Inc/stm32f4xx_ll_usart.h **** /** @defgroup USART_LL_EC_LASTCLKPULSE Last Clock Pulse
 249:Drivers/STM32F4xx_HAL_Driver/Inc/stm32f4xx_ll_usart.h ****   * @{
 250:Drivers/STM32F4xx_HAL_Driver/Inc/stm32f4xx_ll_usart.h ****   */
 251:Drivers/STM32F4xx_HAL_Driver/Inc/stm32f4xx_ll_usart.h **** #define LL_USART_LASTCLKPULSE_NO_OUTPUT         0x00000000U           /*!< The clock pulse of the l
 252:Drivers/STM32F4xx_HAL_Driver/Inc/stm32f4xx_ll_usart.h **** #define LL_USART_LASTCLKPULSE_OUTPUT            USART_CR2_LBCL        /*!< The clock pulse of the l
 253:Drivers/STM32F4xx_HAL_Driver/Inc/stm32f4xx_ll_usart.h **** /**
 254:Drivers/STM32F4xx_HAL_Driver/Inc/stm32f4xx_ll_usart.h ****   * @}
 255:Drivers/STM32F4xx_HAL_Driver/Inc/stm32f4xx_ll_usart.h ****   */
 256:Drivers/STM32F4xx_HAL_Driver/Inc/stm32f4xx_ll_usart.h **** 
 257:Drivers/STM32F4xx_HAL_Driver/Inc/stm32f4xx_ll_usart.h **** /** @defgroup USART_LL_EC_PHASE Clock Phase
 258:Drivers/STM32F4xx_HAL_Driver/Inc/stm32f4xx_ll_usart.h ****   * @{
 259:Drivers/STM32F4xx_HAL_Driver/Inc/stm32f4xx_ll_usart.h ****   */
 260:Drivers/STM32F4xx_HAL_Driver/Inc/stm32f4xx_ll_usart.h **** #define LL_USART_PHASE_1EDGE                    0x00000000U           /*!< The first clock transiti
 261:Drivers/STM32F4xx_HAL_Driver/Inc/stm32f4xx_ll_usart.h **** #define LL_USART_PHASE_2EDGE                    USART_CR2_CPHA        /*!< The second clock transit
 262:Drivers/STM32F4xx_HAL_Driver/Inc/stm32f4xx_ll_usart.h **** /**
 263:Drivers/STM32F4xx_HAL_Driver/Inc/stm32f4xx_ll_usart.h ****   * @}
 264:Drivers/STM32F4xx_HAL_Driver/Inc/stm32f4xx_ll_usart.h ****   */
 265:Drivers/STM32F4xx_HAL_Driver/Inc/stm32f4xx_ll_usart.h **** 
 266:Drivers/STM32F4xx_HAL_Driver/Inc/stm32f4xx_ll_usart.h **** /** @defgroup USART_LL_EC_POLARITY Clock Polarity
 267:Drivers/STM32F4xx_HAL_Driver/Inc/stm32f4xx_ll_usart.h ****   * @{
 268:Drivers/STM32F4xx_HAL_Driver/Inc/stm32f4xx_ll_usart.h ****   */
 269:Drivers/STM32F4xx_HAL_Driver/Inc/stm32f4xx_ll_usart.h **** #define LL_USART_POLARITY_LOW                   0x00000000U           /*!< Steady low value on SCLK
 270:Drivers/STM32F4xx_HAL_Driver/Inc/stm32f4xx_ll_usart.h **** #define LL_USART_POLARITY_HIGH                  USART_CR2_CPOL        /*!< Steady high value on SCL
 271:Drivers/STM32F4xx_HAL_Driver/Inc/stm32f4xx_ll_usart.h **** /**
 272:Drivers/STM32F4xx_HAL_Driver/Inc/stm32f4xx_ll_usart.h ****   * @}
 273:Drivers/STM32F4xx_HAL_Driver/Inc/stm32f4xx_ll_usart.h ****   */
 274:Drivers/STM32F4xx_HAL_Driver/Inc/stm32f4xx_ll_usart.h **** 
 275:Drivers/STM32F4xx_HAL_Driver/Inc/stm32f4xx_ll_usart.h **** /** @defgroup USART_LL_EC_STOPBITS Stop Bits
 276:Drivers/STM32F4xx_HAL_Driver/Inc/stm32f4xx_ll_usart.h ****   * @{
 277:Drivers/STM32F4xx_HAL_Driver/Inc/stm32f4xx_ll_usart.h ****   */
 278:Drivers/STM32F4xx_HAL_Driver/Inc/stm32f4xx_ll_usart.h **** #define LL_USART_STOPBITS_0_5                   USART_CR2_STOP_0                           /*!< 0.5
ARM GAS  C:\Users\chris\AppData\Local\Temp\cchxBc72.s 			page 14


 279:Drivers/STM32F4xx_HAL_Driver/Inc/stm32f4xx_ll_usart.h **** #define LL_USART_STOPBITS_1                     0x00000000U                                /*!< 1 s
 280:Drivers/STM32F4xx_HAL_Driver/Inc/stm32f4xx_ll_usart.h **** #define LL_USART_STOPBITS_1_5                   (USART_CR2_STOP_0 | USART_CR2_STOP_1)      /*!< 1.5
 281:Drivers/STM32F4xx_HAL_Driver/Inc/stm32f4xx_ll_usart.h **** #define LL_USART_STOPBITS_2                     USART_CR2_STOP_1                           /*!< 2 s
 282:Drivers/STM32F4xx_HAL_Driver/Inc/stm32f4xx_ll_usart.h **** /**
 283:Drivers/STM32F4xx_HAL_Driver/Inc/stm32f4xx_ll_usart.h ****   * @}
 284:Drivers/STM32F4xx_HAL_Driver/Inc/stm32f4xx_ll_usart.h ****   */
 285:Drivers/STM32F4xx_HAL_Driver/Inc/stm32f4xx_ll_usart.h **** 
 286:Drivers/STM32F4xx_HAL_Driver/Inc/stm32f4xx_ll_usart.h **** /** @defgroup USART_LL_EC_HWCONTROL Hardware Control
 287:Drivers/STM32F4xx_HAL_Driver/Inc/stm32f4xx_ll_usart.h ****   * @{
 288:Drivers/STM32F4xx_HAL_Driver/Inc/stm32f4xx_ll_usart.h ****   */
 289:Drivers/STM32F4xx_HAL_Driver/Inc/stm32f4xx_ll_usart.h **** #define LL_USART_HWCONTROL_NONE                 0x00000000U                          /*!< CTS and R
 290:Drivers/STM32F4xx_HAL_Driver/Inc/stm32f4xx_ll_usart.h **** #define LL_USART_HWCONTROL_RTS                  USART_CR3_RTSE                       /*!< RTS outpu
 291:Drivers/STM32F4xx_HAL_Driver/Inc/stm32f4xx_ll_usart.h **** #define LL_USART_HWCONTROL_CTS                  USART_CR3_CTSE                       /*!< CTS mode 
 292:Drivers/STM32F4xx_HAL_Driver/Inc/stm32f4xx_ll_usart.h **** #define LL_USART_HWCONTROL_RTS_CTS              (USART_CR3_RTSE | USART_CR3_CTSE)    /*!< CTS and R
 293:Drivers/STM32F4xx_HAL_Driver/Inc/stm32f4xx_ll_usart.h **** /**
 294:Drivers/STM32F4xx_HAL_Driver/Inc/stm32f4xx_ll_usart.h ****   * @}
 295:Drivers/STM32F4xx_HAL_Driver/Inc/stm32f4xx_ll_usart.h ****   */
 296:Drivers/STM32F4xx_HAL_Driver/Inc/stm32f4xx_ll_usart.h **** 
 297:Drivers/STM32F4xx_HAL_Driver/Inc/stm32f4xx_ll_usart.h **** /** @defgroup USART_LL_EC_IRDA_POWER IrDA Power
 298:Drivers/STM32F4xx_HAL_Driver/Inc/stm32f4xx_ll_usart.h ****   * @{
 299:Drivers/STM32F4xx_HAL_Driver/Inc/stm32f4xx_ll_usart.h ****   */
 300:Drivers/STM32F4xx_HAL_Driver/Inc/stm32f4xx_ll_usart.h **** #define LL_USART_IRDA_POWER_NORMAL              0x00000000U           /*!< IrDA normal power mode *
 301:Drivers/STM32F4xx_HAL_Driver/Inc/stm32f4xx_ll_usart.h **** #define LL_USART_IRDA_POWER_LOW                 USART_CR3_IRLP        /*!< IrDA low power mode */
 302:Drivers/STM32F4xx_HAL_Driver/Inc/stm32f4xx_ll_usart.h **** /**
 303:Drivers/STM32F4xx_HAL_Driver/Inc/stm32f4xx_ll_usart.h ****   * @}
 304:Drivers/STM32F4xx_HAL_Driver/Inc/stm32f4xx_ll_usart.h ****   */
 305:Drivers/STM32F4xx_HAL_Driver/Inc/stm32f4xx_ll_usart.h **** 
 306:Drivers/STM32F4xx_HAL_Driver/Inc/stm32f4xx_ll_usart.h **** /** @defgroup USART_LL_EC_LINBREAK_DETECT LIN Break Detection Length
 307:Drivers/STM32F4xx_HAL_Driver/Inc/stm32f4xx_ll_usart.h ****   * @{
 308:Drivers/STM32F4xx_HAL_Driver/Inc/stm32f4xx_ll_usart.h ****   */
 309:Drivers/STM32F4xx_HAL_Driver/Inc/stm32f4xx_ll_usart.h **** #define LL_USART_LINBREAK_DETECT_10B            0x00000000U           /*!< 10-bit break detection m
 310:Drivers/STM32F4xx_HAL_Driver/Inc/stm32f4xx_ll_usart.h **** #define LL_USART_LINBREAK_DETECT_11B            USART_CR2_LBDL        /*!< 11-bit break detection m
 311:Drivers/STM32F4xx_HAL_Driver/Inc/stm32f4xx_ll_usart.h **** /**
 312:Drivers/STM32F4xx_HAL_Driver/Inc/stm32f4xx_ll_usart.h ****   * @}
 313:Drivers/STM32F4xx_HAL_Driver/Inc/stm32f4xx_ll_usart.h ****   */
 314:Drivers/STM32F4xx_HAL_Driver/Inc/stm32f4xx_ll_usart.h **** 
 315:Drivers/STM32F4xx_HAL_Driver/Inc/stm32f4xx_ll_usart.h **** /**
 316:Drivers/STM32F4xx_HAL_Driver/Inc/stm32f4xx_ll_usart.h ****   * @}
 317:Drivers/STM32F4xx_HAL_Driver/Inc/stm32f4xx_ll_usart.h ****   */
 318:Drivers/STM32F4xx_HAL_Driver/Inc/stm32f4xx_ll_usart.h **** 
 319:Drivers/STM32F4xx_HAL_Driver/Inc/stm32f4xx_ll_usart.h **** /* Exported macro ------------------------------------------------------------*/
 320:Drivers/STM32F4xx_HAL_Driver/Inc/stm32f4xx_ll_usart.h **** /** @defgroup USART_LL_Exported_Macros USART Exported Macros
 321:Drivers/STM32F4xx_HAL_Driver/Inc/stm32f4xx_ll_usart.h ****   * @{
 322:Drivers/STM32F4xx_HAL_Driver/Inc/stm32f4xx_ll_usart.h ****   */
 323:Drivers/STM32F4xx_HAL_Driver/Inc/stm32f4xx_ll_usart.h **** 
 324:Drivers/STM32F4xx_HAL_Driver/Inc/stm32f4xx_ll_usart.h **** /** @defgroup USART_LL_EM_WRITE_READ Common Write and read registers Macros
 325:Drivers/STM32F4xx_HAL_Driver/Inc/stm32f4xx_ll_usart.h ****   * @{
 326:Drivers/STM32F4xx_HAL_Driver/Inc/stm32f4xx_ll_usart.h ****   */
 327:Drivers/STM32F4xx_HAL_Driver/Inc/stm32f4xx_ll_usart.h **** 
 328:Drivers/STM32F4xx_HAL_Driver/Inc/stm32f4xx_ll_usart.h **** /**
 329:Drivers/STM32F4xx_HAL_Driver/Inc/stm32f4xx_ll_usart.h ****   * @brief  Write a value in USART register
 330:Drivers/STM32F4xx_HAL_Driver/Inc/stm32f4xx_ll_usart.h ****   * @param  __INSTANCE__ USART Instance
 331:Drivers/STM32F4xx_HAL_Driver/Inc/stm32f4xx_ll_usart.h ****   * @param  __REG__ Register to be written
 332:Drivers/STM32F4xx_HAL_Driver/Inc/stm32f4xx_ll_usart.h ****   * @param  __VALUE__ Value to be written in the register
 333:Drivers/STM32F4xx_HAL_Driver/Inc/stm32f4xx_ll_usart.h ****   * @retval None
 334:Drivers/STM32F4xx_HAL_Driver/Inc/stm32f4xx_ll_usart.h ****   */
 335:Drivers/STM32F4xx_HAL_Driver/Inc/stm32f4xx_ll_usart.h **** #define LL_USART_WriteReg(__INSTANCE__, __REG__, __VALUE__) WRITE_REG(__INSTANCE__->__REG__, (__VAL
ARM GAS  C:\Users\chris\AppData\Local\Temp\cchxBc72.s 			page 15


 336:Drivers/STM32F4xx_HAL_Driver/Inc/stm32f4xx_ll_usart.h **** 
 337:Drivers/STM32F4xx_HAL_Driver/Inc/stm32f4xx_ll_usart.h **** /**
 338:Drivers/STM32F4xx_HAL_Driver/Inc/stm32f4xx_ll_usart.h ****   * @brief  Read a value in USART register
 339:Drivers/STM32F4xx_HAL_Driver/Inc/stm32f4xx_ll_usart.h ****   * @param  __INSTANCE__ USART Instance
 340:Drivers/STM32F4xx_HAL_Driver/Inc/stm32f4xx_ll_usart.h ****   * @param  __REG__ Register to be read
 341:Drivers/STM32F4xx_HAL_Driver/Inc/stm32f4xx_ll_usart.h ****   * @retval Register value
 342:Drivers/STM32F4xx_HAL_Driver/Inc/stm32f4xx_ll_usart.h ****   */
 343:Drivers/STM32F4xx_HAL_Driver/Inc/stm32f4xx_ll_usart.h **** #define LL_USART_ReadReg(__INSTANCE__, __REG__) READ_REG(__INSTANCE__->__REG__)
 344:Drivers/STM32F4xx_HAL_Driver/Inc/stm32f4xx_ll_usart.h **** /**
 345:Drivers/STM32F4xx_HAL_Driver/Inc/stm32f4xx_ll_usart.h ****   * @}
 346:Drivers/STM32F4xx_HAL_Driver/Inc/stm32f4xx_ll_usart.h ****   */
 347:Drivers/STM32F4xx_HAL_Driver/Inc/stm32f4xx_ll_usart.h **** 
 348:Drivers/STM32F4xx_HAL_Driver/Inc/stm32f4xx_ll_usart.h **** /** @defgroup USART_LL_EM_Exported_Macros_Helper Exported Macros Helper
 349:Drivers/STM32F4xx_HAL_Driver/Inc/stm32f4xx_ll_usart.h ****   * @{
 350:Drivers/STM32F4xx_HAL_Driver/Inc/stm32f4xx_ll_usart.h ****   */
 351:Drivers/STM32F4xx_HAL_Driver/Inc/stm32f4xx_ll_usart.h **** 
 352:Drivers/STM32F4xx_HAL_Driver/Inc/stm32f4xx_ll_usart.h **** /**
 353:Drivers/STM32F4xx_HAL_Driver/Inc/stm32f4xx_ll_usart.h ****   * @brief  Compute USARTDIV value according to Peripheral Clock and
 354:Drivers/STM32F4xx_HAL_Driver/Inc/stm32f4xx_ll_usart.h ****   *         expected Baud Rate in 8 bits sampling mode (32 bits value of USARTDIV is returned)
 355:Drivers/STM32F4xx_HAL_Driver/Inc/stm32f4xx_ll_usart.h ****   * @param  __PERIPHCLK__ Peripheral Clock frequency used for USART instance
 356:Drivers/STM32F4xx_HAL_Driver/Inc/stm32f4xx_ll_usart.h ****   * @param  __BAUDRATE__ Baud rate value to achieve
 357:Drivers/STM32F4xx_HAL_Driver/Inc/stm32f4xx_ll_usart.h ****   * @retval USARTDIV value to be used for BRR register filling in OverSampling_8 case
 358:Drivers/STM32F4xx_HAL_Driver/Inc/stm32f4xx_ll_usart.h ****   */
 359:Drivers/STM32F4xx_HAL_Driver/Inc/stm32f4xx_ll_usart.h **** #define __LL_USART_DIV_SAMPLING8_100(__PERIPHCLK__, __BAUDRATE__)      ((uint32_t)((((uint64_t)(__P
 360:Drivers/STM32F4xx_HAL_Driver/Inc/stm32f4xx_ll_usart.h **** #define __LL_USART_DIVMANT_SAMPLING8(__PERIPHCLK__, __BAUDRATE__)      (__LL_USART_DIV_SAMPLING8_10
 361:Drivers/STM32F4xx_HAL_Driver/Inc/stm32f4xx_ll_usart.h **** #define __LL_USART_DIVFRAQ_SAMPLING8(__PERIPHCLK__, __BAUDRATE__)      ((((__LL_USART_DIV_SAMPLING8
 362:Drivers/STM32F4xx_HAL_Driver/Inc/stm32f4xx_ll_usart.h ****                                                                          + 50) / 100)
 363:Drivers/STM32F4xx_HAL_Driver/Inc/stm32f4xx_ll_usart.h **** /* UART BRR = mantissa + overflow + fraction
 364:Drivers/STM32F4xx_HAL_Driver/Inc/stm32f4xx_ll_usart.h ****             = (UART DIVMANT << 4) + ((UART DIVFRAQ & 0xF8) << 1) + (UART DIVFRAQ & 0x07) */
 365:Drivers/STM32F4xx_HAL_Driver/Inc/stm32f4xx_ll_usart.h **** #define __LL_USART_DIV_SAMPLING8(__PERIPHCLK__, __BAUDRATE__)             (((__LL_USART_DIVMANT_SAM
 366:Drivers/STM32F4xx_HAL_Driver/Inc/stm32f4xx_ll_usart.h ****                                                                             ((__LL_USART_DIVFRAQ_SA
 367:Drivers/STM32F4xx_HAL_Driver/Inc/stm32f4xx_ll_usart.h ****                                                                            (__LL_USART_DIVFRAQ_SAMP
 368:Drivers/STM32F4xx_HAL_Driver/Inc/stm32f4xx_ll_usart.h **** 
 369:Drivers/STM32F4xx_HAL_Driver/Inc/stm32f4xx_ll_usart.h **** /**
 370:Drivers/STM32F4xx_HAL_Driver/Inc/stm32f4xx_ll_usart.h ****   * @brief  Compute USARTDIV value according to Peripheral Clock and
 371:Drivers/STM32F4xx_HAL_Driver/Inc/stm32f4xx_ll_usart.h ****   *         expected Baud Rate in 16 bits sampling mode (32 bits value of USARTDIV is returned)
 372:Drivers/STM32F4xx_HAL_Driver/Inc/stm32f4xx_ll_usart.h ****   * @param  __PERIPHCLK__ Peripheral Clock frequency used for USART instance
 373:Drivers/STM32F4xx_HAL_Driver/Inc/stm32f4xx_ll_usart.h ****   * @param  __BAUDRATE__ Baud rate value to achieve
 374:Drivers/STM32F4xx_HAL_Driver/Inc/stm32f4xx_ll_usart.h ****   * @retval USARTDIV value to be used for BRR register filling in OverSampling_16 case
 375:Drivers/STM32F4xx_HAL_Driver/Inc/stm32f4xx_ll_usart.h ****   */
 376:Drivers/STM32F4xx_HAL_Driver/Inc/stm32f4xx_ll_usart.h **** #define __LL_USART_DIV_SAMPLING16_100(__PERIPHCLK__, __BAUDRATE__)     ((uint32_t)((((uint64_t)(__P
 377:Drivers/STM32F4xx_HAL_Driver/Inc/stm32f4xx_ll_usart.h **** #define __LL_USART_DIVMANT_SAMPLING16(__PERIPHCLK__, __BAUDRATE__)     (__LL_USART_DIV_SAMPLING16_1
 378:Drivers/STM32F4xx_HAL_Driver/Inc/stm32f4xx_ll_usart.h **** #define __LL_USART_DIVFRAQ_SAMPLING16(__PERIPHCLK__, __BAUDRATE__)     ((((__LL_USART_DIV_SAMPLING1
 379:Drivers/STM32F4xx_HAL_Driver/Inc/stm32f4xx_ll_usart.h ****                                                                          + 50) / 100)
 380:Drivers/STM32F4xx_HAL_Driver/Inc/stm32f4xx_ll_usart.h **** /* USART BRR = mantissa + overflow + fraction
 381:Drivers/STM32F4xx_HAL_Driver/Inc/stm32f4xx_ll_usart.h ****             = (USART DIVMANT << 4) + (USART DIVFRAQ & 0xF0) + (USART DIVFRAQ & 0x0F) */
 382:Drivers/STM32F4xx_HAL_Driver/Inc/stm32f4xx_ll_usart.h **** #define __LL_USART_DIV_SAMPLING16(__PERIPHCLK__, __BAUDRATE__)            (((__LL_USART_DIVMANT_SAM
 383:Drivers/STM32F4xx_HAL_Driver/Inc/stm32f4xx_ll_usart.h ****                                                                             (__LL_USART_DIVFRAQ_SAM
 384:Drivers/STM32F4xx_HAL_Driver/Inc/stm32f4xx_ll_usart.h ****                                                                            (__LL_USART_DIVFRAQ_SAMP
 385:Drivers/STM32F4xx_HAL_Driver/Inc/stm32f4xx_ll_usart.h **** 
 386:Drivers/STM32F4xx_HAL_Driver/Inc/stm32f4xx_ll_usart.h **** /**
 387:Drivers/STM32F4xx_HAL_Driver/Inc/stm32f4xx_ll_usart.h ****   * @}
 388:Drivers/STM32F4xx_HAL_Driver/Inc/stm32f4xx_ll_usart.h ****   */
 389:Drivers/STM32F4xx_HAL_Driver/Inc/stm32f4xx_ll_usart.h **** 
 390:Drivers/STM32F4xx_HAL_Driver/Inc/stm32f4xx_ll_usart.h **** /**
 391:Drivers/STM32F4xx_HAL_Driver/Inc/stm32f4xx_ll_usart.h ****   * @}
 392:Drivers/STM32F4xx_HAL_Driver/Inc/stm32f4xx_ll_usart.h ****   */
ARM GAS  C:\Users\chris\AppData\Local\Temp\cchxBc72.s 			page 16


 393:Drivers/STM32F4xx_HAL_Driver/Inc/stm32f4xx_ll_usart.h **** 
 394:Drivers/STM32F4xx_HAL_Driver/Inc/stm32f4xx_ll_usart.h **** /* Exported functions --------------------------------------------------------*/
 395:Drivers/STM32F4xx_HAL_Driver/Inc/stm32f4xx_ll_usart.h **** 
 396:Drivers/STM32F4xx_HAL_Driver/Inc/stm32f4xx_ll_usart.h **** /** @defgroup USART_LL_Exported_Functions USART Exported Functions
 397:Drivers/STM32F4xx_HAL_Driver/Inc/stm32f4xx_ll_usart.h ****   * @{
 398:Drivers/STM32F4xx_HAL_Driver/Inc/stm32f4xx_ll_usart.h ****   */
 399:Drivers/STM32F4xx_HAL_Driver/Inc/stm32f4xx_ll_usart.h **** 
 400:Drivers/STM32F4xx_HAL_Driver/Inc/stm32f4xx_ll_usart.h **** /** @defgroup USART_LL_EF_Configuration Configuration functions
 401:Drivers/STM32F4xx_HAL_Driver/Inc/stm32f4xx_ll_usart.h ****   * @{
 402:Drivers/STM32F4xx_HAL_Driver/Inc/stm32f4xx_ll_usart.h ****   */
 403:Drivers/STM32F4xx_HAL_Driver/Inc/stm32f4xx_ll_usart.h **** 
 404:Drivers/STM32F4xx_HAL_Driver/Inc/stm32f4xx_ll_usart.h **** /**
 405:Drivers/STM32F4xx_HAL_Driver/Inc/stm32f4xx_ll_usart.h ****   * @brief  USART Enable
 406:Drivers/STM32F4xx_HAL_Driver/Inc/stm32f4xx_ll_usart.h ****   * @rmtoll CR1          UE            LL_USART_Enable
 407:Drivers/STM32F4xx_HAL_Driver/Inc/stm32f4xx_ll_usart.h ****   * @param  USARTx USART Instance
 408:Drivers/STM32F4xx_HAL_Driver/Inc/stm32f4xx_ll_usart.h ****   * @retval None
 409:Drivers/STM32F4xx_HAL_Driver/Inc/stm32f4xx_ll_usart.h ****   */
 410:Drivers/STM32F4xx_HAL_Driver/Inc/stm32f4xx_ll_usart.h **** __STATIC_INLINE void LL_USART_Enable(USART_TypeDef *USARTx)
 411:Drivers/STM32F4xx_HAL_Driver/Inc/stm32f4xx_ll_usart.h **** {
 412:Drivers/STM32F4xx_HAL_Driver/Inc/stm32f4xx_ll_usart.h ****   SET_BIT(USARTx->CR1, USART_CR1_UE);
 413:Drivers/STM32F4xx_HAL_Driver/Inc/stm32f4xx_ll_usart.h **** }
 414:Drivers/STM32F4xx_HAL_Driver/Inc/stm32f4xx_ll_usart.h **** 
 415:Drivers/STM32F4xx_HAL_Driver/Inc/stm32f4xx_ll_usart.h **** /**
 416:Drivers/STM32F4xx_HAL_Driver/Inc/stm32f4xx_ll_usart.h ****   * @brief  USART Disable (all USART prescalers and outputs are disabled)
 417:Drivers/STM32F4xx_HAL_Driver/Inc/stm32f4xx_ll_usart.h ****   * @note   When USART is disabled, USART prescalers and outputs are stopped immediately,
 418:Drivers/STM32F4xx_HAL_Driver/Inc/stm32f4xx_ll_usart.h ****   *         and current operations are discarded. The configuration of the USART is kept, but all t
 419:Drivers/STM32F4xx_HAL_Driver/Inc/stm32f4xx_ll_usart.h ****   *         flags, in the USARTx_SR are set to their default values.
 420:Drivers/STM32F4xx_HAL_Driver/Inc/stm32f4xx_ll_usart.h ****   * @rmtoll CR1          UE            LL_USART_Disable
 421:Drivers/STM32F4xx_HAL_Driver/Inc/stm32f4xx_ll_usart.h ****   * @param  USARTx USART Instance
 422:Drivers/STM32F4xx_HAL_Driver/Inc/stm32f4xx_ll_usart.h ****   * @retval None
 423:Drivers/STM32F4xx_HAL_Driver/Inc/stm32f4xx_ll_usart.h ****   */
 424:Drivers/STM32F4xx_HAL_Driver/Inc/stm32f4xx_ll_usart.h **** __STATIC_INLINE void LL_USART_Disable(USART_TypeDef *USARTx)
 425:Drivers/STM32F4xx_HAL_Driver/Inc/stm32f4xx_ll_usart.h **** {
 426:Drivers/STM32F4xx_HAL_Driver/Inc/stm32f4xx_ll_usart.h ****   CLEAR_BIT(USARTx->CR1, USART_CR1_UE);
 427:Drivers/STM32F4xx_HAL_Driver/Inc/stm32f4xx_ll_usart.h **** }
 428:Drivers/STM32F4xx_HAL_Driver/Inc/stm32f4xx_ll_usart.h **** 
 429:Drivers/STM32F4xx_HAL_Driver/Inc/stm32f4xx_ll_usart.h **** /**
 430:Drivers/STM32F4xx_HAL_Driver/Inc/stm32f4xx_ll_usart.h ****   * @brief  Indicate if USART is enabled
 431:Drivers/STM32F4xx_HAL_Driver/Inc/stm32f4xx_ll_usart.h ****   * @rmtoll CR1          UE            LL_USART_IsEnabled
 432:Drivers/STM32F4xx_HAL_Driver/Inc/stm32f4xx_ll_usart.h ****   * @param  USARTx USART Instance
 433:Drivers/STM32F4xx_HAL_Driver/Inc/stm32f4xx_ll_usart.h ****   * @retval State of bit (1 or 0).
 434:Drivers/STM32F4xx_HAL_Driver/Inc/stm32f4xx_ll_usart.h ****   */
 435:Drivers/STM32F4xx_HAL_Driver/Inc/stm32f4xx_ll_usart.h **** __STATIC_INLINE uint32_t LL_USART_IsEnabled(const USART_TypeDef *USARTx)
 436:Drivers/STM32F4xx_HAL_Driver/Inc/stm32f4xx_ll_usart.h **** {
 437:Drivers/STM32F4xx_HAL_Driver/Inc/stm32f4xx_ll_usart.h ****   return (READ_BIT(USARTx->CR1, USART_CR1_UE) == (USART_CR1_UE));
 438:Drivers/STM32F4xx_HAL_Driver/Inc/stm32f4xx_ll_usart.h **** }
 439:Drivers/STM32F4xx_HAL_Driver/Inc/stm32f4xx_ll_usart.h **** 
 440:Drivers/STM32F4xx_HAL_Driver/Inc/stm32f4xx_ll_usart.h **** /**
 441:Drivers/STM32F4xx_HAL_Driver/Inc/stm32f4xx_ll_usart.h ****   * @brief  Receiver Enable (Receiver is enabled and begins searching for a start bit)
 442:Drivers/STM32F4xx_HAL_Driver/Inc/stm32f4xx_ll_usart.h ****   * @rmtoll CR1          RE            LL_USART_EnableDirectionRx
 443:Drivers/STM32F4xx_HAL_Driver/Inc/stm32f4xx_ll_usart.h ****   * @param  USARTx USART Instance
 444:Drivers/STM32F4xx_HAL_Driver/Inc/stm32f4xx_ll_usart.h ****   * @retval None
 445:Drivers/STM32F4xx_HAL_Driver/Inc/stm32f4xx_ll_usart.h ****   */
 446:Drivers/STM32F4xx_HAL_Driver/Inc/stm32f4xx_ll_usart.h **** __STATIC_INLINE void LL_USART_EnableDirectionRx(USART_TypeDef *USARTx)
 447:Drivers/STM32F4xx_HAL_Driver/Inc/stm32f4xx_ll_usart.h **** {
 448:Drivers/STM32F4xx_HAL_Driver/Inc/stm32f4xx_ll_usart.h ****   ATOMIC_SET_BIT(USARTx->CR1, USART_CR1_RE);
 449:Drivers/STM32F4xx_HAL_Driver/Inc/stm32f4xx_ll_usart.h **** }
ARM GAS  C:\Users\chris\AppData\Local\Temp\cchxBc72.s 			page 17


 450:Drivers/STM32F4xx_HAL_Driver/Inc/stm32f4xx_ll_usart.h **** 
 451:Drivers/STM32F4xx_HAL_Driver/Inc/stm32f4xx_ll_usart.h **** /**
 452:Drivers/STM32F4xx_HAL_Driver/Inc/stm32f4xx_ll_usart.h ****   * @brief  Receiver Disable
 453:Drivers/STM32F4xx_HAL_Driver/Inc/stm32f4xx_ll_usart.h ****   * @rmtoll CR1          RE            LL_USART_DisableDirectionRx
 454:Drivers/STM32F4xx_HAL_Driver/Inc/stm32f4xx_ll_usart.h ****   * @param  USARTx USART Instance
 455:Drivers/STM32F4xx_HAL_Driver/Inc/stm32f4xx_ll_usart.h ****   * @retval None
 456:Drivers/STM32F4xx_HAL_Driver/Inc/stm32f4xx_ll_usart.h ****   */
 457:Drivers/STM32F4xx_HAL_Driver/Inc/stm32f4xx_ll_usart.h **** __STATIC_INLINE void LL_USART_DisableDirectionRx(USART_TypeDef *USARTx)
 458:Drivers/STM32F4xx_HAL_Driver/Inc/stm32f4xx_ll_usart.h **** {
 459:Drivers/STM32F4xx_HAL_Driver/Inc/stm32f4xx_ll_usart.h ****   ATOMIC_CLEAR_BIT(USARTx->CR1, USART_CR1_RE);
 460:Drivers/STM32F4xx_HAL_Driver/Inc/stm32f4xx_ll_usart.h **** }
 461:Drivers/STM32F4xx_HAL_Driver/Inc/stm32f4xx_ll_usart.h **** 
 462:Drivers/STM32F4xx_HAL_Driver/Inc/stm32f4xx_ll_usart.h **** /**
 463:Drivers/STM32F4xx_HAL_Driver/Inc/stm32f4xx_ll_usart.h ****   * @brief  Transmitter Enable
 464:Drivers/STM32F4xx_HAL_Driver/Inc/stm32f4xx_ll_usart.h ****   * @rmtoll CR1          TE            LL_USART_EnableDirectionTx
 465:Drivers/STM32F4xx_HAL_Driver/Inc/stm32f4xx_ll_usart.h ****   * @param  USARTx USART Instance
 466:Drivers/STM32F4xx_HAL_Driver/Inc/stm32f4xx_ll_usart.h ****   * @retval None
 467:Drivers/STM32F4xx_HAL_Driver/Inc/stm32f4xx_ll_usart.h ****   */
 468:Drivers/STM32F4xx_HAL_Driver/Inc/stm32f4xx_ll_usart.h **** __STATIC_INLINE void LL_USART_EnableDirectionTx(USART_TypeDef *USARTx)
 469:Drivers/STM32F4xx_HAL_Driver/Inc/stm32f4xx_ll_usart.h **** {
 470:Drivers/STM32F4xx_HAL_Driver/Inc/stm32f4xx_ll_usart.h ****   ATOMIC_SET_BIT(USARTx->CR1, USART_CR1_TE);
 471:Drivers/STM32F4xx_HAL_Driver/Inc/stm32f4xx_ll_usart.h **** }
 472:Drivers/STM32F4xx_HAL_Driver/Inc/stm32f4xx_ll_usart.h **** 
 473:Drivers/STM32F4xx_HAL_Driver/Inc/stm32f4xx_ll_usart.h **** /**
 474:Drivers/STM32F4xx_HAL_Driver/Inc/stm32f4xx_ll_usart.h ****   * @brief  Transmitter Disable
 475:Drivers/STM32F4xx_HAL_Driver/Inc/stm32f4xx_ll_usart.h ****   * @rmtoll CR1          TE            LL_USART_DisableDirectionTx
 476:Drivers/STM32F4xx_HAL_Driver/Inc/stm32f4xx_ll_usart.h ****   * @param  USARTx USART Instance
 477:Drivers/STM32F4xx_HAL_Driver/Inc/stm32f4xx_ll_usart.h ****   * @retval None
 478:Drivers/STM32F4xx_HAL_Driver/Inc/stm32f4xx_ll_usart.h ****   */
 479:Drivers/STM32F4xx_HAL_Driver/Inc/stm32f4xx_ll_usart.h **** __STATIC_INLINE void LL_USART_DisableDirectionTx(USART_TypeDef *USARTx)
 480:Drivers/STM32F4xx_HAL_Driver/Inc/stm32f4xx_ll_usart.h **** {
 481:Drivers/STM32F4xx_HAL_Driver/Inc/stm32f4xx_ll_usart.h ****   ATOMIC_CLEAR_BIT(USARTx->CR1, USART_CR1_TE);
 482:Drivers/STM32F4xx_HAL_Driver/Inc/stm32f4xx_ll_usart.h **** }
 483:Drivers/STM32F4xx_HAL_Driver/Inc/stm32f4xx_ll_usart.h **** 
 484:Drivers/STM32F4xx_HAL_Driver/Inc/stm32f4xx_ll_usart.h **** /**
 485:Drivers/STM32F4xx_HAL_Driver/Inc/stm32f4xx_ll_usart.h ****   * @brief  Configure simultaneously enabled/disabled states
 486:Drivers/STM32F4xx_HAL_Driver/Inc/stm32f4xx_ll_usart.h ****   *         of Transmitter and Receiver
 487:Drivers/STM32F4xx_HAL_Driver/Inc/stm32f4xx_ll_usart.h ****   * @rmtoll CR1          RE            LL_USART_SetTransferDirection\n
 488:Drivers/STM32F4xx_HAL_Driver/Inc/stm32f4xx_ll_usart.h ****   *         CR1          TE            LL_USART_SetTransferDirection
 489:Drivers/STM32F4xx_HAL_Driver/Inc/stm32f4xx_ll_usart.h ****   * @param  USARTx USART Instance
 490:Drivers/STM32F4xx_HAL_Driver/Inc/stm32f4xx_ll_usart.h ****   * @param  TransferDirection This parameter can be one of the following values:
 491:Drivers/STM32F4xx_HAL_Driver/Inc/stm32f4xx_ll_usart.h ****   *         @arg @ref LL_USART_DIRECTION_NONE
 492:Drivers/STM32F4xx_HAL_Driver/Inc/stm32f4xx_ll_usart.h ****   *         @arg @ref LL_USART_DIRECTION_RX
 493:Drivers/STM32F4xx_HAL_Driver/Inc/stm32f4xx_ll_usart.h ****   *         @arg @ref LL_USART_DIRECTION_TX
 494:Drivers/STM32F4xx_HAL_Driver/Inc/stm32f4xx_ll_usart.h ****   *         @arg @ref LL_USART_DIRECTION_TX_RX
 495:Drivers/STM32F4xx_HAL_Driver/Inc/stm32f4xx_ll_usart.h ****   * @retval None
 496:Drivers/STM32F4xx_HAL_Driver/Inc/stm32f4xx_ll_usart.h ****   */
 497:Drivers/STM32F4xx_HAL_Driver/Inc/stm32f4xx_ll_usart.h **** __STATIC_INLINE void LL_USART_SetTransferDirection(USART_TypeDef *USARTx, uint32_t TransferDirectio
 498:Drivers/STM32F4xx_HAL_Driver/Inc/stm32f4xx_ll_usart.h **** {
 499:Drivers/STM32F4xx_HAL_Driver/Inc/stm32f4xx_ll_usart.h ****   ATOMIC_MODIFY_REG(USARTx->CR1, USART_CR1_RE | USART_CR1_TE, TransferDirection);
 500:Drivers/STM32F4xx_HAL_Driver/Inc/stm32f4xx_ll_usart.h **** }
 501:Drivers/STM32F4xx_HAL_Driver/Inc/stm32f4xx_ll_usart.h **** 
 502:Drivers/STM32F4xx_HAL_Driver/Inc/stm32f4xx_ll_usart.h **** /**
 503:Drivers/STM32F4xx_HAL_Driver/Inc/stm32f4xx_ll_usart.h ****   * @brief  Return enabled/disabled states of Transmitter and Receiver
 504:Drivers/STM32F4xx_HAL_Driver/Inc/stm32f4xx_ll_usart.h ****   * @rmtoll CR1          RE            LL_USART_GetTransferDirection\n
 505:Drivers/STM32F4xx_HAL_Driver/Inc/stm32f4xx_ll_usart.h ****   *         CR1          TE            LL_USART_GetTransferDirection
 506:Drivers/STM32F4xx_HAL_Driver/Inc/stm32f4xx_ll_usart.h ****   * @param  USARTx USART Instance
ARM GAS  C:\Users\chris\AppData\Local\Temp\cchxBc72.s 			page 18


 507:Drivers/STM32F4xx_HAL_Driver/Inc/stm32f4xx_ll_usart.h ****   * @retval Returned value can be one of the following values:
 508:Drivers/STM32F4xx_HAL_Driver/Inc/stm32f4xx_ll_usart.h ****   *         @arg @ref LL_USART_DIRECTION_NONE
 509:Drivers/STM32F4xx_HAL_Driver/Inc/stm32f4xx_ll_usart.h ****   *         @arg @ref LL_USART_DIRECTION_RX
 510:Drivers/STM32F4xx_HAL_Driver/Inc/stm32f4xx_ll_usart.h ****   *         @arg @ref LL_USART_DIRECTION_TX
 511:Drivers/STM32F4xx_HAL_Driver/Inc/stm32f4xx_ll_usart.h ****   *         @arg @ref LL_USART_DIRECTION_TX_RX
 512:Drivers/STM32F4xx_HAL_Driver/Inc/stm32f4xx_ll_usart.h ****   */
 513:Drivers/STM32F4xx_HAL_Driver/Inc/stm32f4xx_ll_usart.h **** __STATIC_INLINE uint32_t LL_USART_GetTransferDirection(const USART_TypeDef *USARTx)
 514:Drivers/STM32F4xx_HAL_Driver/Inc/stm32f4xx_ll_usart.h **** {
 515:Drivers/STM32F4xx_HAL_Driver/Inc/stm32f4xx_ll_usart.h ****   return (uint32_t)(READ_BIT(USARTx->CR1, USART_CR1_RE | USART_CR1_TE));
 516:Drivers/STM32F4xx_HAL_Driver/Inc/stm32f4xx_ll_usart.h **** }
 517:Drivers/STM32F4xx_HAL_Driver/Inc/stm32f4xx_ll_usart.h **** 
 518:Drivers/STM32F4xx_HAL_Driver/Inc/stm32f4xx_ll_usart.h **** /**
 519:Drivers/STM32F4xx_HAL_Driver/Inc/stm32f4xx_ll_usart.h ****   * @brief  Configure Parity (enabled/disabled and parity mode if enabled).
 520:Drivers/STM32F4xx_HAL_Driver/Inc/stm32f4xx_ll_usart.h ****   * @note   This function selects if hardware parity control (generation and detection) is enabled 
 521:Drivers/STM32F4xx_HAL_Driver/Inc/stm32f4xx_ll_usart.h ****   *         When the parity control is enabled (Odd or Even), computed parity bit is inserted at th
 522:Drivers/STM32F4xx_HAL_Driver/Inc/stm32f4xx_ll_usart.h ****   *         (9th or 8th bit depending on data width) and parity is checked on the received data.
 523:Drivers/STM32F4xx_HAL_Driver/Inc/stm32f4xx_ll_usart.h ****   * @rmtoll CR1          PS            LL_USART_SetParity\n
 524:Drivers/STM32F4xx_HAL_Driver/Inc/stm32f4xx_ll_usart.h ****   *         CR1          PCE           LL_USART_SetParity
 525:Drivers/STM32F4xx_HAL_Driver/Inc/stm32f4xx_ll_usart.h ****   * @param  USARTx USART Instance
 526:Drivers/STM32F4xx_HAL_Driver/Inc/stm32f4xx_ll_usart.h ****   * @param  Parity This parameter can be one of the following values:
 527:Drivers/STM32F4xx_HAL_Driver/Inc/stm32f4xx_ll_usart.h ****   *         @arg @ref LL_USART_PARITY_NONE
 528:Drivers/STM32F4xx_HAL_Driver/Inc/stm32f4xx_ll_usart.h ****   *         @arg @ref LL_USART_PARITY_EVEN
 529:Drivers/STM32F4xx_HAL_Driver/Inc/stm32f4xx_ll_usart.h ****   *         @arg @ref LL_USART_PARITY_ODD
 530:Drivers/STM32F4xx_HAL_Driver/Inc/stm32f4xx_ll_usart.h ****   * @retval None
 531:Drivers/STM32F4xx_HAL_Driver/Inc/stm32f4xx_ll_usart.h ****   */
 532:Drivers/STM32F4xx_HAL_Driver/Inc/stm32f4xx_ll_usart.h **** __STATIC_INLINE void LL_USART_SetParity(USART_TypeDef *USARTx, uint32_t Parity)
 533:Drivers/STM32F4xx_HAL_Driver/Inc/stm32f4xx_ll_usart.h **** {
 534:Drivers/STM32F4xx_HAL_Driver/Inc/stm32f4xx_ll_usart.h ****   MODIFY_REG(USARTx->CR1, USART_CR1_PS | USART_CR1_PCE, Parity);
 535:Drivers/STM32F4xx_HAL_Driver/Inc/stm32f4xx_ll_usart.h **** }
 536:Drivers/STM32F4xx_HAL_Driver/Inc/stm32f4xx_ll_usart.h **** 
 537:Drivers/STM32F4xx_HAL_Driver/Inc/stm32f4xx_ll_usart.h **** /**
 538:Drivers/STM32F4xx_HAL_Driver/Inc/stm32f4xx_ll_usart.h ****   * @brief  Return Parity configuration (enabled/disabled and parity mode if enabled)
 539:Drivers/STM32F4xx_HAL_Driver/Inc/stm32f4xx_ll_usart.h ****   * @rmtoll CR1          PS            LL_USART_GetParity\n
 540:Drivers/STM32F4xx_HAL_Driver/Inc/stm32f4xx_ll_usart.h ****   *         CR1          PCE           LL_USART_GetParity
 541:Drivers/STM32F4xx_HAL_Driver/Inc/stm32f4xx_ll_usart.h ****   * @param  USARTx USART Instance
 542:Drivers/STM32F4xx_HAL_Driver/Inc/stm32f4xx_ll_usart.h ****   * @retval Returned value can be one of the following values:
 543:Drivers/STM32F4xx_HAL_Driver/Inc/stm32f4xx_ll_usart.h ****   *         @arg @ref LL_USART_PARITY_NONE
 544:Drivers/STM32F4xx_HAL_Driver/Inc/stm32f4xx_ll_usart.h ****   *         @arg @ref LL_USART_PARITY_EVEN
 545:Drivers/STM32F4xx_HAL_Driver/Inc/stm32f4xx_ll_usart.h ****   *         @arg @ref LL_USART_PARITY_ODD
 546:Drivers/STM32F4xx_HAL_Driver/Inc/stm32f4xx_ll_usart.h ****   */
 547:Drivers/STM32F4xx_HAL_Driver/Inc/stm32f4xx_ll_usart.h **** __STATIC_INLINE uint32_t LL_USART_GetParity(const USART_TypeDef *USARTx)
 548:Drivers/STM32F4xx_HAL_Driver/Inc/stm32f4xx_ll_usart.h **** {
 549:Drivers/STM32F4xx_HAL_Driver/Inc/stm32f4xx_ll_usart.h ****   return (uint32_t)(READ_BIT(USARTx->CR1, USART_CR1_PS | USART_CR1_PCE));
 550:Drivers/STM32F4xx_HAL_Driver/Inc/stm32f4xx_ll_usart.h **** }
 551:Drivers/STM32F4xx_HAL_Driver/Inc/stm32f4xx_ll_usart.h **** 
 552:Drivers/STM32F4xx_HAL_Driver/Inc/stm32f4xx_ll_usart.h **** /**
 553:Drivers/STM32F4xx_HAL_Driver/Inc/stm32f4xx_ll_usart.h ****   * @brief  Set Receiver Wake Up method from Mute mode.
 554:Drivers/STM32F4xx_HAL_Driver/Inc/stm32f4xx_ll_usart.h ****   * @rmtoll CR1          WAKE          LL_USART_SetWakeUpMethod
 555:Drivers/STM32F4xx_HAL_Driver/Inc/stm32f4xx_ll_usart.h ****   * @param  USARTx USART Instance
 556:Drivers/STM32F4xx_HAL_Driver/Inc/stm32f4xx_ll_usart.h ****   * @param  Method This parameter can be one of the following values:
 557:Drivers/STM32F4xx_HAL_Driver/Inc/stm32f4xx_ll_usart.h ****   *         @arg @ref LL_USART_WAKEUP_IDLELINE
 558:Drivers/STM32F4xx_HAL_Driver/Inc/stm32f4xx_ll_usart.h ****   *         @arg @ref LL_USART_WAKEUP_ADDRESSMARK
 559:Drivers/STM32F4xx_HAL_Driver/Inc/stm32f4xx_ll_usart.h ****   * @retval None
 560:Drivers/STM32F4xx_HAL_Driver/Inc/stm32f4xx_ll_usart.h ****   */
 561:Drivers/STM32F4xx_HAL_Driver/Inc/stm32f4xx_ll_usart.h **** __STATIC_INLINE void LL_USART_SetWakeUpMethod(USART_TypeDef *USARTx, uint32_t Method)
 562:Drivers/STM32F4xx_HAL_Driver/Inc/stm32f4xx_ll_usart.h **** {
 563:Drivers/STM32F4xx_HAL_Driver/Inc/stm32f4xx_ll_usart.h ****   MODIFY_REG(USARTx->CR1, USART_CR1_WAKE, Method);
ARM GAS  C:\Users\chris\AppData\Local\Temp\cchxBc72.s 			page 19


 564:Drivers/STM32F4xx_HAL_Driver/Inc/stm32f4xx_ll_usart.h **** }
 565:Drivers/STM32F4xx_HAL_Driver/Inc/stm32f4xx_ll_usart.h **** 
 566:Drivers/STM32F4xx_HAL_Driver/Inc/stm32f4xx_ll_usart.h **** /**
 567:Drivers/STM32F4xx_HAL_Driver/Inc/stm32f4xx_ll_usart.h ****   * @brief  Return Receiver Wake Up method from Mute mode
 568:Drivers/STM32F4xx_HAL_Driver/Inc/stm32f4xx_ll_usart.h ****   * @rmtoll CR1          WAKE          LL_USART_GetWakeUpMethod
 569:Drivers/STM32F4xx_HAL_Driver/Inc/stm32f4xx_ll_usart.h ****   * @param  USARTx USART Instance
 570:Drivers/STM32F4xx_HAL_Driver/Inc/stm32f4xx_ll_usart.h ****   * @retval Returned value can be one of the following values:
 571:Drivers/STM32F4xx_HAL_Driver/Inc/stm32f4xx_ll_usart.h ****   *         @arg @ref LL_USART_WAKEUP_IDLELINE
 572:Drivers/STM32F4xx_HAL_Driver/Inc/stm32f4xx_ll_usart.h ****   *         @arg @ref LL_USART_WAKEUP_ADDRESSMARK
 573:Drivers/STM32F4xx_HAL_Driver/Inc/stm32f4xx_ll_usart.h ****   */
 574:Drivers/STM32F4xx_HAL_Driver/Inc/stm32f4xx_ll_usart.h **** __STATIC_INLINE uint32_t LL_USART_GetWakeUpMethod(const USART_TypeDef *USARTx)
 575:Drivers/STM32F4xx_HAL_Driver/Inc/stm32f4xx_ll_usart.h **** {
 576:Drivers/STM32F4xx_HAL_Driver/Inc/stm32f4xx_ll_usart.h ****   return (uint32_t)(READ_BIT(USARTx->CR1, USART_CR1_WAKE));
 577:Drivers/STM32F4xx_HAL_Driver/Inc/stm32f4xx_ll_usart.h **** }
 578:Drivers/STM32F4xx_HAL_Driver/Inc/stm32f4xx_ll_usart.h **** 
 579:Drivers/STM32F4xx_HAL_Driver/Inc/stm32f4xx_ll_usart.h **** /**
 580:Drivers/STM32F4xx_HAL_Driver/Inc/stm32f4xx_ll_usart.h ****   * @brief  Set Word length (i.e. nb of data bits, excluding start and stop bits)
 581:Drivers/STM32F4xx_HAL_Driver/Inc/stm32f4xx_ll_usart.h ****   * @rmtoll CR1          M             LL_USART_SetDataWidth
 582:Drivers/STM32F4xx_HAL_Driver/Inc/stm32f4xx_ll_usart.h ****   * @param  USARTx USART Instance
 583:Drivers/STM32F4xx_HAL_Driver/Inc/stm32f4xx_ll_usart.h ****   * @param  DataWidth This parameter can be one of the following values:
 584:Drivers/STM32F4xx_HAL_Driver/Inc/stm32f4xx_ll_usart.h ****   *         @arg @ref LL_USART_DATAWIDTH_8B
 585:Drivers/STM32F4xx_HAL_Driver/Inc/stm32f4xx_ll_usart.h ****   *         @arg @ref LL_USART_DATAWIDTH_9B
 586:Drivers/STM32F4xx_HAL_Driver/Inc/stm32f4xx_ll_usart.h ****   * @retval None
 587:Drivers/STM32F4xx_HAL_Driver/Inc/stm32f4xx_ll_usart.h ****   */
 588:Drivers/STM32F4xx_HAL_Driver/Inc/stm32f4xx_ll_usart.h **** __STATIC_INLINE void LL_USART_SetDataWidth(USART_TypeDef *USARTx, uint32_t DataWidth)
 589:Drivers/STM32F4xx_HAL_Driver/Inc/stm32f4xx_ll_usart.h **** {
 590:Drivers/STM32F4xx_HAL_Driver/Inc/stm32f4xx_ll_usart.h ****   MODIFY_REG(USARTx->CR1, USART_CR1_M, DataWidth);
 591:Drivers/STM32F4xx_HAL_Driver/Inc/stm32f4xx_ll_usart.h **** }
 592:Drivers/STM32F4xx_HAL_Driver/Inc/stm32f4xx_ll_usart.h **** 
 593:Drivers/STM32F4xx_HAL_Driver/Inc/stm32f4xx_ll_usart.h **** /**
 594:Drivers/STM32F4xx_HAL_Driver/Inc/stm32f4xx_ll_usart.h ****   * @brief  Return Word length (i.e. nb of data bits, excluding start and stop bits)
 595:Drivers/STM32F4xx_HAL_Driver/Inc/stm32f4xx_ll_usart.h ****   * @rmtoll CR1          M             LL_USART_GetDataWidth
 596:Drivers/STM32F4xx_HAL_Driver/Inc/stm32f4xx_ll_usart.h ****   * @param  USARTx USART Instance
 597:Drivers/STM32F4xx_HAL_Driver/Inc/stm32f4xx_ll_usart.h ****   * @retval Returned value can be one of the following values:
 598:Drivers/STM32F4xx_HAL_Driver/Inc/stm32f4xx_ll_usart.h ****   *         @arg @ref LL_USART_DATAWIDTH_8B
 599:Drivers/STM32F4xx_HAL_Driver/Inc/stm32f4xx_ll_usart.h ****   *         @arg @ref LL_USART_DATAWIDTH_9B
 600:Drivers/STM32F4xx_HAL_Driver/Inc/stm32f4xx_ll_usart.h ****   */
 601:Drivers/STM32F4xx_HAL_Driver/Inc/stm32f4xx_ll_usart.h **** __STATIC_INLINE uint32_t LL_USART_GetDataWidth(const USART_TypeDef *USARTx)
 602:Drivers/STM32F4xx_HAL_Driver/Inc/stm32f4xx_ll_usart.h **** {
 603:Drivers/STM32F4xx_HAL_Driver/Inc/stm32f4xx_ll_usart.h ****   return (uint32_t)(READ_BIT(USARTx->CR1, USART_CR1_M));
 604:Drivers/STM32F4xx_HAL_Driver/Inc/stm32f4xx_ll_usart.h **** }
 605:Drivers/STM32F4xx_HAL_Driver/Inc/stm32f4xx_ll_usart.h **** 
 606:Drivers/STM32F4xx_HAL_Driver/Inc/stm32f4xx_ll_usart.h **** /**
 607:Drivers/STM32F4xx_HAL_Driver/Inc/stm32f4xx_ll_usart.h ****   * @brief  Set Oversampling to 8-bit or 16-bit mode
 608:Drivers/STM32F4xx_HAL_Driver/Inc/stm32f4xx_ll_usart.h ****   * @rmtoll CR1          OVER8         LL_USART_SetOverSampling
 609:Drivers/STM32F4xx_HAL_Driver/Inc/stm32f4xx_ll_usart.h ****   * @param  USARTx USART Instance
 610:Drivers/STM32F4xx_HAL_Driver/Inc/stm32f4xx_ll_usart.h ****   * @param  OverSampling This parameter can be one of the following values:
 611:Drivers/STM32F4xx_HAL_Driver/Inc/stm32f4xx_ll_usart.h ****   *         @arg @ref LL_USART_OVERSAMPLING_16
 612:Drivers/STM32F4xx_HAL_Driver/Inc/stm32f4xx_ll_usart.h ****   *         @arg @ref LL_USART_OVERSAMPLING_8
 613:Drivers/STM32F4xx_HAL_Driver/Inc/stm32f4xx_ll_usart.h ****   * @retval None
 614:Drivers/STM32F4xx_HAL_Driver/Inc/stm32f4xx_ll_usart.h ****   */
 615:Drivers/STM32F4xx_HAL_Driver/Inc/stm32f4xx_ll_usart.h **** __STATIC_INLINE void LL_USART_SetOverSampling(USART_TypeDef *USARTx, uint32_t OverSampling)
 616:Drivers/STM32F4xx_HAL_Driver/Inc/stm32f4xx_ll_usart.h **** {
 617:Drivers/STM32F4xx_HAL_Driver/Inc/stm32f4xx_ll_usart.h ****   MODIFY_REG(USARTx->CR1, USART_CR1_OVER8, OverSampling);
 618:Drivers/STM32F4xx_HAL_Driver/Inc/stm32f4xx_ll_usart.h **** }
 619:Drivers/STM32F4xx_HAL_Driver/Inc/stm32f4xx_ll_usart.h **** 
 620:Drivers/STM32F4xx_HAL_Driver/Inc/stm32f4xx_ll_usart.h **** /**
ARM GAS  C:\Users\chris\AppData\Local\Temp\cchxBc72.s 			page 20


 621:Drivers/STM32F4xx_HAL_Driver/Inc/stm32f4xx_ll_usart.h ****   * @brief  Return Oversampling mode
 622:Drivers/STM32F4xx_HAL_Driver/Inc/stm32f4xx_ll_usart.h ****   * @rmtoll CR1          OVER8         LL_USART_GetOverSampling
 623:Drivers/STM32F4xx_HAL_Driver/Inc/stm32f4xx_ll_usart.h ****   * @param  USARTx USART Instance
 624:Drivers/STM32F4xx_HAL_Driver/Inc/stm32f4xx_ll_usart.h ****   * @retval Returned value can be one of the following values:
 625:Drivers/STM32F4xx_HAL_Driver/Inc/stm32f4xx_ll_usart.h ****   *         @arg @ref LL_USART_OVERSAMPLING_16
 626:Drivers/STM32F4xx_HAL_Driver/Inc/stm32f4xx_ll_usart.h ****   *         @arg @ref LL_USART_OVERSAMPLING_8
 627:Drivers/STM32F4xx_HAL_Driver/Inc/stm32f4xx_ll_usart.h ****   */
 628:Drivers/STM32F4xx_HAL_Driver/Inc/stm32f4xx_ll_usart.h **** __STATIC_INLINE uint32_t LL_USART_GetOverSampling(const USART_TypeDef *USARTx)
 629:Drivers/STM32F4xx_HAL_Driver/Inc/stm32f4xx_ll_usart.h **** {
 630:Drivers/STM32F4xx_HAL_Driver/Inc/stm32f4xx_ll_usart.h ****   return (uint32_t)(READ_BIT(USARTx->CR1, USART_CR1_OVER8));
 631:Drivers/STM32F4xx_HAL_Driver/Inc/stm32f4xx_ll_usart.h **** }
 632:Drivers/STM32F4xx_HAL_Driver/Inc/stm32f4xx_ll_usart.h **** 
 633:Drivers/STM32F4xx_HAL_Driver/Inc/stm32f4xx_ll_usart.h **** /**
 634:Drivers/STM32F4xx_HAL_Driver/Inc/stm32f4xx_ll_usart.h ****   * @brief  Configure if Clock pulse of the last data bit is output to the SCLK pin or not
 635:Drivers/STM32F4xx_HAL_Driver/Inc/stm32f4xx_ll_usart.h ****   * @note   Macro IS_USART_INSTANCE(USARTx) can be used to check whether or not
 636:Drivers/STM32F4xx_HAL_Driver/Inc/stm32f4xx_ll_usart.h ****   *         Synchronous mode is supported by the USARTx instance.
 637:Drivers/STM32F4xx_HAL_Driver/Inc/stm32f4xx_ll_usart.h ****   * @rmtoll CR2          LBCL          LL_USART_SetLastClkPulseOutput
 638:Drivers/STM32F4xx_HAL_Driver/Inc/stm32f4xx_ll_usart.h ****   * @param  USARTx USART Instance
 639:Drivers/STM32F4xx_HAL_Driver/Inc/stm32f4xx_ll_usart.h ****   * @param  LastBitClockPulse This parameter can be one of the following values:
 640:Drivers/STM32F4xx_HAL_Driver/Inc/stm32f4xx_ll_usart.h ****   *         @arg @ref LL_USART_LASTCLKPULSE_NO_OUTPUT
 641:Drivers/STM32F4xx_HAL_Driver/Inc/stm32f4xx_ll_usart.h ****   *         @arg @ref LL_USART_LASTCLKPULSE_OUTPUT
 642:Drivers/STM32F4xx_HAL_Driver/Inc/stm32f4xx_ll_usart.h ****   * @retval None
 643:Drivers/STM32F4xx_HAL_Driver/Inc/stm32f4xx_ll_usart.h ****   */
 644:Drivers/STM32F4xx_HAL_Driver/Inc/stm32f4xx_ll_usart.h **** __STATIC_INLINE void LL_USART_SetLastClkPulseOutput(USART_TypeDef *USARTx, uint32_t LastBitClockPul
 645:Drivers/STM32F4xx_HAL_Driver/Inc/stm32f4xx_ll_usart.h **** {
 646:Drivers/STM32F4xx_HAL_Driver/Inc/stm32f4xx_ll_usart.h ****   MODIFY_REG(USARTx->CR2, USART_CR2_LBCL, LastBitClockPulse);
 647:Drivers/STM32F4xx_HAL_Driver/Inc/stm32f4xx_ll_usart.h **** }
 648:Drivers/STM32F4xx_HAL_Driver/Inc/stm32f4xx_ll_usart.h **** 
 649:Drivers/STM32F4xx_HAL_Driver/Inc/stm32f4xx_ll_usart.h **** /**
 650:Drivers/STM32F4xx_HAL_Driver/Inc/stm32f4xx_ll_usart.h ****   * @brief  Retrieve Clock pulse of the last data bit output configuration
 651:Drivers/STM32F4xx_HAL_Driver/Inc/stm32f4xx_ll_usart.h ****   *         (Last bit Clock pulse output to the SCLK pin or not)
 652:Drivers/STM32F4xx_HAL_Driver/Inc/stm32f4xx_ll_usart.h ****   * @note   Macro IS_USART_INSTANCE(USARTx) can be used to check whether or not
 653:Drivers/STM32F4xx_HAL_Driver/Inc/stm32f4xx_ll_usart.h ****   *         Synchronous mode is supported by the USARTx instance.
 654:Drivers/STM32F4xx_HAL_Driver/Inc/stm32f4xx_ll_usart.h ****   * @rmtoll CR2          LBCL          LL_USART_GetLastClkPulseOutput
 655:Drivers/STM32F4xx_HAL_Driver/Inc/stm32f4xx_ll_usart.h ****   * @param  USARTx USART Instance
 656:Drivers/STM32F4xx_HAL_Driver/Inc/stm32f4xx_ll_usart.h ****   * @retval Returned value can be one of the following values:
 657:Drivers/STM32F4xx_HAL_Driver/Inc/stm32f4xx_ll_usart.h ****   *         @arg @ref LL_USART_LASTCLKPULSE_NO_OUTPUT
 658:Drivers/STM32F4xx_HAL_Driver/Inc/stm32f4xx_ll_usart.h ****   *         @arg @ref LL_USART_LASTCLKPULSE_OUTPUT
 659:Drivers/STM32F4xx_HAL_Driver/Inc/stm32f4xx_ll_usart.h ****   */
 660:Drivers/STM32F4xx_HAL_Driver/Inc/stm32f4xx_ll_usart.h **** __STATIC_INLINE uint32_t LL_USART_GetLastClkPulseOutput(const USART_TypeDef *USARTx)
 661:Drivers/STM32F4xx_HAL_Driver/Inc/stm32f4xx_ll_usart.h **** {
 662:Drivers/STM32F4xx_HAL_Driver/Inc/stm32f4xx_ll_usart.h ****   return (uint32_t)(READ_BIT(USARTx->CR2, USART_CR2_LBCL));
 663:Drivers/STM32F4xx_HAL_Driver/Inc/stm32f4xx_ll_usart.h **** }
 664:Drivers/STM32F4xx_HAL_Driver/Inc/stm32f4xx_ll_usart.h **** 
 665:Drivers/STM32F4xx_HAL_Driver/Inc/stm32f4xx_ll_usart.h **** /**
 666:Drivers/STM32F4xx_HAL_Driver/Inc/stm32f4xx_ll_usart.h ****   * @brief  Select the phase of the clock output on the SCLK pin in synchronous mode
 667:Drivers/STM32F4xx_HAL_Driver/Inc/stm32f4xx_ll_usart.h ****   * @note   Macro IS_USART_INSTANCE(USARTx) can be used to check whether or not
 668:Drivers/STM32F4xx_HAL_Driver/Inc/stm32f4xx_ll_usart.h ****   *         Synchronous mode is supported by the USARTx instance.
 669:Drivers/STM32F4xx_HAL_Driver/Inc/stm32f4xx_ll_usart.h ****   * @rmtoll CR2          CPHA          LL_USART_SetClockPhase
 670:Drivers/STM32F4xx_HAL_Driver/Inc/stm32f4xx_ll_usart.h ****   * @param  USARTx USART Instance
 671:Drivers/STM32F4xx_HAL_Driver/Inc/stm32f4xx_ll_usart.h ****   * @param  ClockPhase This parameter can be one of the following values:
 672:Drivers/STM32F4xx_HAL_Driver/Inc/stm32f4xx_ll_usart.h ****   *         @arg @ref LL_USART_PHASE_1EDGE
 673:Drivers/STM32F4xx_HAL_Driver/Inc/stm32f4xx_ll_usart.h ****   *         @arg @ref LL_USART_PHASE_2EDGE
 674:Drivers/STM32F4xx_HAL_Driver/Inc/stm32f4xx_ll_usart.h ****   * @retval None
 675:Drivers/STM32F4xx_HAL_Driver/Inc/stm32f4xx_ll_usart.h ****   */
 676:Drivers/STM32F4xx_HAL_Driver/Inc/stm32f4xx_ll_usart.h **** __STATIC_INLINE void LL_USART_SetClockPhase(USART_TypeDef *USARTx, uint32_t ClockPhase)
 677:Drivers/STM32F4xx_HAL_Driver/Inc/stm32f4xx_ll_usart.h **** {
ARM GAS  C:\Users\chris\AppData\Local\Temp\cchxBc72.s 			page 21


 678:Drivers/STM32F4xx_HAL_Driver/Inc/stm32f4xx_ll_usart.h ****   MODIFY_REG(USARTx->CR2, USART_CR2_CPHA, ClockPhase);
 679:Drivers/STM32F4xx_HAL_Driver/Inc/stm32f4xx_ll_usart.h **** }
 680:Drivers/STM32F4xx_HAL_Driver/Inc/stm32f4xx_ll_usart.h **** 
 681:Drivers/STM32F4xx_HAL_Driver/Inc/stm32f4xx_ll_usart.h **** /**
 682:Drivers/STM32F4xx_HAL_Driver/Inc/stm32f4xx_ll_usart.h ****   * @brief  Return phase of the clock output on the SCLK pin in synchronous mode
 683:Drivers/STM32F4xx_HAL_Driver/Inc/stm32f4xx_ll_usart.h ****   * @note   Macro IS_USART_INSTANCE(USARTx) can be used to check whether or not
 684:Drivers/STM32F4xx_HAL_Driver/Inc/stm32f4xx_ll_usart.h ****   *         Synchronous mode is supported by the USARTx instance.
 685:Drivers/STM32F4xx_HAL_Driver/Inc/stm32f4xx_ll_usart.h ****   * @rmtoll CR2          CPHA          LL_USART_GetClockPhase
 686:Drivers/STM32F4xx_HAL_Driver/Inc/stm32f4xx_ll_usart.h ****   * @param  USARTx USART Instance
 687:Drivers/STM32F4xx_HAL_Driver/Inc/stm32f4xx_ll_usart.h ****   * @retval Returned value can be one of the following values:
 688:Drivers/STM32F4xx_HAL_Driver/Inc/stm32f4xx_ll_usart.h ****   *         @arg @ref LL_USART_PHASE_1EDGE
 689:Drivers/STM32F4xx_HAL_Driver/Inc/stm32f4xx_ll_usart.h ****   *         @arg @ref LL_USART_PHASE_2EDGE
 690:Drivers/STM32F4xx_HAL_Driver/Inc/stm32f4xx_ll_usart.h ****   */
 691:Drivers/STM32F4xx_HAL_Driver/Inc/stm32f4xx_ll_usart.h **** __STATIC_INLINE uint32_t LL_USART_GetClockPhase(const USART_TypeDef *USARTx)
 692:Drivers/STM32F4xx_HAL_Driver/Inc/stm32f4xx_ll_usart.h **** {
 693:Drivers/STM32F4xx_HAL_Driver/Inc/stm32f4xx_ll_usart.h ****   return (uint32_t)(READ_BIT(USARTx->CR2, USART_CR2_CPHA));
 694:Drivers/STM32F4xx_HAL_Driver/Inc/stm32f4xx_ll_usart.h **** }
 695:Drivers/STM32F4xx_HAL_Driver/Inc/stm32f4xx_ll_usart.h **** 
 696:Drivers/STM32F4xx_HAL_Driver/Inc/stm32f4xx_ll_usart.h **** /**
 697:Drivers/STM32F4xx_HAL_Driver/Inc/stm32f4xx_ll_usart.h ****   * @brief  Select the polarity of the clock output on the SCLK pin in synchronous mode
 698:Drivers/STM32F4xx_HAL_Driver/Inc/stm32f4xx_ll_usart.h ****   * @note   Macro IS_USART_INSTANCE(USARTx) can be used to check whether or not
 699:Drivers/STM32F4xx_HAL_Driver/Inc/stm32f4xx_ll_usart.h ****   *         Synchronous mode is supported by the USARTx instance.
 700:Drivers/STM32F4xx_HAL_Driver/Inc/stm32f4xx_ll_usart.h ****   * @rmtoll CR2          CPOL          LL_USART_SetClockPolarity
 701:Drivers/STM32F4xx_HAL_Driver/Inc/stm32f4xx_ll_usart.h ****   * @param  USARTx USART Instance
 702:Drivers/STM32F4xx_HAL_Driver/Inc/stm32f4xx_ll_usart.h ****   * @param  ClockPolarity This parameter can be one of the following values:
 703:Drivers/STM32F4xx_HAL_Driver/Inc/stm32f4xx_ll_usart.h ****   *         @arg @ref LL_USART_POLARITY_LOW
 704:Drivers/STM32F4xx_HAL_Driver/Inc/stm32f4xx_ll_usart.h ****   *         @arg @ref LL_USART_POLARITY_HIGH
 705:Drivers/STM32F4xx_HAL_Driver/Inc/stm32f4xx_ll_usart.h ****   * @retval None
 706:Drivers/STM32F4xx_HAL_Driver/Inc/stm32f4xx_ll_usart.h ****   */
 707:Drivers/STM32F4xx_HAL_Driver/Inc/stm32f4xx_ll_usart.h **** __STATIC_INLINE void LL_USART_SetClockPolarity(USART_TypeDef *USARTx, uint32_t ClockPolarity)
 708:Drivers/STM32F4xx_HAL_Driver/Inc/stm32f4xx_ll_usart.h **** {
 709:Drivers/STM32F4xx_HAL_Driver/Inc/stm32f4xx_ll_usart.h ****   MODIFY_REG(USARTx->CR2, USART_CR2_CPOL, ClockPolarity);
 710:Drivers/STM32F4xx_HAL_Driver/Inc/stm32f4xx_ll_usart.h **** }
 711:Drivers/STM32F4xx_HAL_Driver/Inc/stm32f4xx_ll_usart.h **** 
 712:Drivers/STM32F4xx_HAL_Driver/Inc/stm32f4xx_ll_usart.h **** /**
 713:Drivers/STM32F4xx_HAL_Driver/Inc/stm32f4xx_ll_usart.h ****   * @brief  Return polarity of the clock output on the SCLK pin in synchronous mode
 714:Drivers/STM32F4xx_HAL_Driver/Inc/stm32f4xx_ll_usart.h ****   * @note   Macro IS_USART_INSTANCE(USARTx) can be used to check whether or not
 715:Drivers/STM32F4xx_HAL_Driver/Inc/stm32f4xx_ll_usart.h ****   *         Synchronous mode is supported by the USARTx instance.
 716:Drivers/STM32F4xx_HAL_Driver/Inc/stm32f4xx_ll_usart.h ****   * @rmtoll CR2          CPOL          LL_USART_GetClockPolarity
 717:Drivers/STM32F4xx_HAL_Driver/Inc/stm32f4xx_ll_usart.h ****   * @param  USARTx USART Instance
 718:Drivers/STM32F4xx_HAL_Driver/Inc/stm32f4xx_ll_usart.h ****   * @retval Returned value can be one of the following values:
 719:Drivers/STM32F4xx_HAL_Driver/Inc/stm32f4xx_ll_usart.h ****   *         @arg @ref LL_USART_POLARITY_LOW
 720:Drivers/STM32F4xx_HAL_Driver/Inc/stm32f4xx_ll_usart.h ****   *         @arg @ref LL_USART_POLARITY_HIGH
 721:Drivers/STM32F4xx_HAL_Driver/Inc/stm32f4xx_ll_usart.h ****   */
 722:Drivers/STM32F4xx_HAL_Driver/Inc/stm32f4xx_ll_usart.h **** __STATIC_INLINE uint32_t LL_USART_GetClockPolarity(const USART_TypeDef *USARTx)
 723:Drivers/STM32F4xx_HAL_Driver/Inc/stm32f4xx_ll_usart.h **** {
 724:Drivers/STM32F4xx_HAL_Driver/Inc/stm32f4xx_ll_usart.h ****   return (uint32_t)(READ_BIT(USARTx->CR2, USART_CR2_CPOL));
 725:Drivers/STM32F4xx_HAL_Driver/Inc/stm32f4xx_ll_usart.h **** }
 726:Drivers/STM32F4xx_HAL_Driver/Inc/stm32f4xx_ll_usart.h **** 
 727:Drivers/STM32F4xx_HAL_Driver/Inc/stm32f4xx_ll_usart.h **** /**
 728:Drivers/STM32F4xx_HAL_Driver/Inc/stm32f4xx_ll_usart.h ****   * @brief  Configure Clock signal format (Phase Polarity and choice about output of last bit clock
 729:Drivers/STM32F4xx_HAL_Driver/Inc/stm32f4xx_ll_usart.h ****   * @note   Macro IS_USART_INSTANCE(USARTx) can be used to check whether or not
 730:Drivers/STM32F4xx_HAL_Driver/Inc/stm32f4xx_ll_usart.h ****   *         Synchronous mode is supported by the USARTx instance.
 731:Drivers/STM32F4xx_HAL_Driver/Inc/stm32f4xx_ll_usart.h ****   * @note   Call of this function is equivalent to following function call sequence :
 732:Drivers/STM32F4xx_HAL_Driver/Inc/stm32f4xx_ll_usart.h ****   *         - Clock Phase configuration using @ref LL_USART_SetClockPhase() function
 733:Drivers/STM32F4xx_HAL_Driver/Inc/stm32f4xx_ll_usart.h ****   *         - Clock Polarity configuration using @ref LL_USART_SetClockPolarity() function
 734:Drivers/STM32F4xx_HAL_Driver/Inc/stm32f4xx_ll_usart.h ****   *         - Output of Last bit Clock pulse configuration using @ref LL_USART_SetLastClkPulseOutpu
ARM GAS  C:\Users\chris\AppData\Local\Temp\cchxBc72.s 			page 22


 735:Drivers/STM32F4xx_HAL_Driver/Inc/stm32f4xx_ll_usart.h ****   * @rmtoll CR2          CPHA          LL_USART_ConfigClock\n
 736:Drivers/STM32F4xx_HAL_Driver/Inc/stm32f4xx_ll_usart.h ****   *         CR2          CPOL          LL_USART_ConfigClock\n
 737:Drivers/STM32F4xx_HAL_Driver/Inc/stm32f4xx_ll_usart.h ****   *         CR2          LBCL          LL_USART_ConfigClock
 738:Drivers/STM32F4xx_HAL_Driver/Inc/stm32f4xx_ll_usart.h ****   * @param  USARTx USART Instance
 739:Drivers/STM32F4xx_HAL_Driver/Inc/stm32f4xx_ll_usart.h ****   * @param  Phase This parameter can be one of the following values:
 740:Drivers/STM32F4xx_HAL_Driver/Inc/stm32f4xx_ll_usart.h ****   *         @arg @ref LL_USART_PHASE_1EDGE
 741:Drivers/STM32F4xx_HAL_Driver/Inc/stm32f4xx_ll_usart.h ****   *         @arg @ref LL_USART_PHASE_2EDGE
 742:Drivers/STM32F4xx_HAL_Driver/Inc/stm32f4xx_ll_usart.h ****   * @param  Polarity This parameter can be one of the following values:
 743:Drivers/STM32F4xx_HAL_Driver/Inc/stm32f4xx_ll_usart.h ****   *         @arg @ref LL_USART_POLARITY_LOW
 744:Drivers/STM32F4xx_HAL_Driver/Inc/stm32f4xx_ll_usart.h ****   *         @arg @ref LL_USART_POLARITY_HIGH
 745:Drivers/STM32F4xx_HAL_Driver/Inc/stm32f4xx_ll_usart.h ****   * @param  LBCPOutput This parameter can be one of the following values:
 746:Drivers/STM32F4xx_HAL_Driver/Inc/stm32f4xx_ll_usart.h ****   *         @arg @ref LL_USART_LASTCLKPULSE_NO_OUTPUT
 747:Drivers/STM32F4xx_HAL_Driver/Inc/stm32f4xx_ll_usart.h ****   *         @arg @ref LL_USART_LASTCLKPULSE_OUTPUT
 748:Drivers/STM32F4xx_HAL_Driver/Inc/stm32f4xx_ll_usart.h ****   * @retval None
 749:Drivers/STM32F4xx_HAL_Driver/Inc/stm32f4xx_ll_usart.h ****   */
 750:Drivers/STM32F4xx_HAL_Driver/Inc/stm32f4xx_ll_usart.h **** __STATIC_INLINE void LL_USART_ConfigClock(USART_TypeDef *USARTx, uint32_t Phase, uint32_t Polarity,
 751:Drivers/STM32F4xx_HAL_Driver/Inc/stm32f4xx_ll_usart.h **** {
 752:Drivers/STM32F4xx_HAL_Driver/Inc/stm32f4xx_ll_usart.h ****   MODIFY_REG(USARTx->CR2, USART_CR2_CPHA | USART_CR2_CPOL | USART_CR2_LBCL, Phase | Polarity | LBCP
 753:Drivers/STM32F4xx_HAL_Driver/Inc/stm32f4xx_ll_usart.h **** }
 754:Drivers/STM32F4xx_HAL_Driver/Inc/stm32f4xx_ll_usart.h **** 
 755:Drivers/STM32F4xx_HAL_Driver/Inc/stm32f4xx_ll_usart.h **** /**
 756:Drivers/STM32F4xx_HAL_Driver/Inc/stm32f4xx_ll_usart.h ****   * @brief  Enable Clock output on SCLK pin
 757:Drivers/STM32F4xx_HAL_Driver/Inc/stm32f4xx_ll_usart.h ****   * @note   Macro IS_USART_INSTANCE(USARTx) can be used to check whether or not
 758:Drivers/STM32F4xx_HAL_Driver/Inc/stm32f4xx_ll_usart.h ****   *         Synchronous mode is supported by the USARTx instance.
 759:Drivers/STM32F4xx_HAL_Driver/Inc/stm32f4xx_ll_usart.h ****   * @rmtoll CR2          CLKEN         LL_USART_EnableSCLKOutput
 760:Drivers/STM32F4xx_HAL_Driver/Inc/stm32f4xx_ll_usart.h ****   * @param  USARTx USART Instance
 761:Drivers/STM32F4xx_HAL_Driver/Inc/stm32f4xx_ll_usart.h ****   * @retval None
 762:Drivers/STM32F4xx_HAL_Driver/Inc/stm32f4xx_ll_usart.h ****   */
 763:Drivers/STM32F4xx_HAL_Driver/Inc/stm32f4xx_ll_usart.h **** __STATIC_INLINE void LL_USART_EnableSCLKOutput(USART_TypeDef *USARTx)
 764:Drivers/STM32F4xx_HAL_Driver/Inc/stm32f4xx_ll_usart.h **** {
 765:Drivers/STM32F4xx_HAL_Driver/Inc/stm32f4xx_ll_usart.h ****   SET_BIT(USARTx->CR2, USART_CR2_CLKEN);
 766:Drivers/STM32F4xx_HAL_Driver/Inc/stm32f4xx_ll_usart.h **** }
 767:Drivers/STM32F4xx_HAL_Driver/Inc/stm32f4xx_ll_usart.h **** 
 768:Drivers/STM32F4xx_HAL_Driver/Inc/stm32f4xx_ll_usart.h **** /**
 769:Drivers/STM32F4xx_HAL_Driver/Inc/stm32f4xx_ll_usart.h ****   * @brief  Disable Clock output on SCLK pin
 770:Drivers/STM32F4xx_HAL_Driver/Inc/stm32f4xx_ll_usart.h ****   * @note   Macro IS_USART_INSTANCE(USARTx) can be used to check whether or not
 771:Drivers/STM32F4xx_HAL_Driver/Inc/stm32f4xx_ll_usart.h ****   *         Synchronous mode is supported by the USARTx instance.
 772:Drivers/STM32F4xx_HAL_Driver/Inc/stm32f4xx_ll_usart.h ****   * @rmtoll CR2          CLKEN         LL_USART_DisableSCLKOutput
 773:Drivers/STM32F4xx_HAL_Driver/Inc/stm32f4xx_ll_usart.h ****   * @param  USARTx USART Instance
 774:Drivers/STM32F4xx_HAL_Driver/Inc/stm32f4xx_ll_usart.h ****   * @retval None
 775:Drivers/STM32F4xx_HAL_Driver/Inc/stm32f4xx_ll_usart.h ****   */
 776:Drivers/STM32F4xx_HAL_Driver/Inc/stm32f4xx_ll_usart.h **** __STATIC_INLINE void LL_USART_DisableSCLKOutput(USART_TypeDef *USARTx)
 777:Drivers/STM32F4xx_HAL_Driver/Inc/stm32f4xx_ll_usart.h **** {
 778:Drivers/STM32F4xx_HAL_Driver/Inc/stm32f4xx_ll_usart.h ****   CLEAR_BIT(USARTx->CR2, USART_CR2_CLKEN);
 779:Drivers/STM32F4xx_HAL_Driver/Inc/stm32f4xx_ll_usart.h **** }
 780:Drivers/STM32F4xx_HAL_Driver/Inc/stm32f4xx_ll_usart.h **** 
 781:Drivers/STM32F4xx_HAL_Driver/Inc/stm32f4xx_ll_usart.h **** /**
 782:Drivers/STM32F4xx_HAL_Driver/Inc/stm32f4xx_ll_usart.h ****   * @brief  Indicate if Clock output on SCLK pin is enabled
 783:Drivers/STM32F4xx_HAL_Driver/Inc/stm32f4xx_ll_usart.h ****   * @note   Macro IS_USART_INSTANCE(USARTx) can be used to check whether or not
 784:Drivers/STM32F4xx_HAL_Driver/Inc/stm32f4xx_ll_usart.h ****   *         Synchronous mode is supported by the USARTx instance.
 785:Drivers/STM32F4xx_HAL_Driver/Inc/stm32f4xx_ll_usart.h ****   * @rmtoll CR2          CLKEN         LL_USART_IsEnabledSCLKOutput
 786:Drivers/STM32F4xx_HAL_Driver/Inc/stm32f4xx_ll_usart.h ****   * @param  USARTx USART Instance
 787:Drivers/STM32F4xx_HAL_Driver/Inc/stm32f4xx_ll_usart.h ****   * @retval State of bit (1 or 0).
 788:Drivers/STM32F4xx_HAL_Driver/Inc/stm32f4xx_ll_usart.h ****   */
 789:Drivers/STM32F4xx_HAL_Driver/Inc/stm32f4xx_ll_usart.h **** __STATIC_INLINE uint32_t LL_USART_IsEnabledSCLKOutput(const USART_TypeDef *USARTx)
 790:Drivers/STM32F4xx_HAL_Driver/Inc/stm32f4xx_ll_usart.h **** {
 791:Drivers/STM32F4xx_HAL_Driver/Inc/stm32f4xx_ll_usart.h ****   return (READ_BIT(USARTx->CR2, USART_CR2_CLKEN) == (USART_CR2_CLKEN));
ARM GAS  C:\Users\chris\AppData\Local\Temp\cchxBc72.s 			page 23


 792:Drivers/STM32F4xx_HAL_Driver/Inc/stm32f4xx_ll_usart.h **** }
 793:Drivers/STM32F4xx_HAL_Driver/Inc/stm32f4xx_ll_usart.h **** 
 794:Drivers/STM32F4xx_HAL_Driver/Inc/stm32f4xx_ll_usart.h **** /**
 795:Drivers/STM32F4xx_HAL_Driver/Inc/stm32f4xx_ll_usart.h ****   * @brief  Set the length of the stop bits
 796:Drivers/STM32F4xx_HAL_Driver/Inc/stm32f4xx_ll_usart.h ****   * @rmtoll CR2          STOP          LL_USART_SetStopBitsLength
 797:Drivers/STM32F4xx_HAL_Driver/Inc/stm32f4xx_ll_usart.h ****   * @param  USARTx USART Instance
 798:Drivers/STM32F4xx_HAL_Driver/Inc/stm32f4xx_ll_usart.h ****   * @param  StopBits This parameter can be one of the following values:
 799:Drivers/STM32F4xx_HAL_Driver/Inc/stm32f4xx_ll_usart.h ****   *         @arg @ref LL_USART_STOPBITS_0_5
 800:Drivers/STM32F4xx_HAL_Driver/Inc/stm32f4xx_ll_usart.h ****   *         @arg @ref LL_USART_STOPBITS_1
 801:Drivers/STM32F4xx_HAL_Driver/Inc/stm32f4xx_ll_usart.h ****   *         @arg @ref LL_USART_STOPBITS_1_5
 802:Drivers/STM32F4xx_HAL_Driver/Inc/stm32f4xx_ll_usart.h ****   *         @arg @ref LL_USART_STOPBITS_2
 803:Drivers/STM32F4xx_HAL_Driver/Inc/stm32f4xx_ll_usart.h ****   * @retval None
 804:Drivers/STM32F4xx_HAL_Driver/Inc/stm32f4xx_ll_usart.h ****   */
 805:Drivers/STM32F4xx_HAL_Driver/Inc/stm32f4xx_ll_usart.h **** __STATIC_INLINE void LL_USART_SetStopBitsLength(USART_TypeDef *USARTx, uint32_t StopBits)
 806:Drivers/STM32F4xx_HAL_Driver/Inc/stm32f4xx_ll_usart.h **** {
 807:Drivers/STM32F4xx_HAL_Driver/Inc/stm32f4xx_ll_usart.h ****   MODIFY_REG(USARTx->CR2, USART_CR2_STOP, StopBits);
 808:Drivers/STM32F4xx_HAL_Driver/Inc/stm32f4xx_ll_usart.h **** }
 809:Drivers/STM32F4xx_HAL_Driver/Inc/stm32f4xx_ll_usart.h **** 
 810:Drivers/STM32F4xx_HAL_Driver/Inc/stm32f4xx_ll_usart.h **** /**
 811:Drivers/STM32F4xx_HAL_Driver/Inc/stm32f4xx_ll_usart.h ****   * @brief  Retrieve the length of the stop bits
 812:Drivers/STM32F4xx_HAL_Driver/Inc/stm32f4xx_ll_usart.h ****   * @rmtoll CR2          STOP          LL_USART_GetStopBitsLength
 813:Drivers/STM32F4xx_HAL_Driver/Inc/stm32f4xx_ll_usart.h ****   * @param  USARTx USART Instance
 814:Drivers/STM32F4xx_HAL_Driver/Inc/stm32f4xx_ll_usart.h ****   * @retval Returned value can be one of the following values:
 815:Drivers/STM32F4xx_HAL_Driver/Inc/stm32f4xx_ll_usart.h ****   *         @arg @ref LL_USART_STOPBITS_0_5
 816:Drivers/STM32F4xx_HAL_Driver/Inc/stm32f4xx_ll_usart.h ****   *         @arg @ref LL_USART_STOPBITS_1
 817:Drivers/STM32F4xx_HAL_Driver/Inc/stm32f4xx_ll_usart.h ****   *         @arg @ref LL_USART_STOPBITS_1_5
 818:Drivers/STM32F4xx_HAL_Driver/Inc/stm32f4xx_ll_usart.h ****   *         @arg @ref LL_USART_STOPBITS_2
 819:Drivers/STM32F4xx_HAL_Driver/Inc/stm32f4xx_ll_usart.h ****   */
 820:Drivers/STM32F4xx_HAL_Driver/Inc/stm32f4xx_ll_usart.h **** __STATIC_INLINE uint32_t LL_USART_GetStopBitsLength(const USART_TypeDef *USARTx)
 821:Drivers/STM32F4xx_HAL_Driver/Inc/stm32f4xx_ll_usart.h **** {
 822:Drivers/STM32F4xx_HAL_Driver/Inc/stm32f4xx_ll_usart.h ****   return (uint32_t)(READ_BIT(USARTx->CR2, USART_CR2_STOP));
 823:Drivers/STM32F4xx_HAL_Driver/Inc/stm32f4xx_ll_usart.h **** }
 824:Drivers/STM32F4xx_HAL_Driver/Inc/stm32f4xx_ll_usart.h **** 
 825:Drivers/STM32F4xx_HAL_Driver/Inc/stm32f4xx_ll_usart.h **** /**
 826:Drivers/STM32F4xx_HAL_Driver/Inc/stm32f4xx_ll_usart.h ****   * @brief  Configure Character frame format (Datawidth, Parity control, Stop Bits)
 827:Drivers/STM32F4xx_HAL_Driver/Inc/stm32f4xx_ll_usart.h ****   * @note   Call of this function is equivalent to following function call sequence :
 828:Drivers/STM32F4xx_HAL_Driver/Inc/stm32f4xx_ll_usart.h ****   *         - Data Width configuration using @ref LL_USART_SetDataWidth() function
 829:Drivers/STM32F4xx_HAL_Driver/Inc/stm32f4xx_ll_usart.h ****   *         - Parity Control and mode configuration using @ref LL_USART_SetParity() function
 830:Drivers/STM32F4xx_HAL_Driver/Inc/stm32f4xx_ll_usart.h ****   *         - Stop bits configuration using @ref LL_USART_SetStopBitsLength() function
 831:Drivers/STM32F4xx_HAL_Driver/Inc/stm32f4xx_ll_usart.h ****   * @rmtoll CR1          PS            LL_USART_ConfigCharacter\n
 832:Drivers/STM32F4xx_HAL_Driver/Inc/stm32f4xx_ll_usart.h ****   *         CR1          PCE           LL_USART_ConfigCharacter\n
 833:Drivers/STM32F4xx_HAL_Driver/Inc/stm32f4xx_ll_usart.h ****   *         CR1          M             LL_USART_ConfigCharacter\n
 834:Drivers/STM32F4xx_HAL_Driver/Inc/stm32f4xx_ll_usart.h ****   *         CR2          STOP          LL_USART_ConfigCharacter
 835:Drivers/STM32F4xx_HAL_Driver/Inc/stm32f4xx_ll_usart.h ****   * @param  USARTx USART Instance
 836:Drivers/STM32F4xx_HAL_Driver/Inc/stm32f4xx_ll_usart.h ****   * @param  DataWidth This parameter can be one of the following values:
 837:Drivers/STM32F4xx_HAL_Driver/Inc/stm32f4xx_ll_usart.h ****   *         @arg @ref LL_USART_DATAWIDTH_8B
 838:Drivers/STM32F4xx_HAL_Driver/Inc/stm32f4xx_ll_usart.h ****   *         @arg @ref LL_USART_DATAWIDTH_9B
 839:Drivers/STM32F4xx_HAL_Driver/Inc/stm32f4xx_ll_usart.h ****   * @param  Parity This parameter can be one of the following values:
 840:Drivers/STM32F4xx_HAL_Driver/Inc/stm32f4xx_ll_usart.h ****   *         @arg @ref LL_USART_PARITY_NONE
 841:Drivers/STM32F4xx_HAL_Driver/Inc/stm32f4xx_ll_usart.h ****   *         @arg @ref LL_USART_PARITY_EVEN
 842:Drivers/STM32F4xx_HAL_Driver/Inc/stm32f4xx_ll_usart.h ****   *         @arg @ref LL_USART_PARITY_ODD
 843:Drivers/STM32F4xx_HAL_Driver/Inc/stm32f4xx_ll_usart.h ****   * @param  StopBits This parameter can be one of the following values:
 844:Drivers/STM32F4xx_HAL_Driver/Inc/stm32f4xx_ll_usart.h ****   *         @arg @ref LL_USART_STOPBITS_0_5
 845:Drivers/STM32F4xx_HAL_Driver/Inc/stm32f4xx_ll_usart.h ****   *         @arg @ref LL_USART_STOPBITS_1
 846:Drivers/STM32F4xx_HAL_Driver/Inc/stm32f4xx_ll_usart.h ****   *         @arg @ref LL_USART_STOPBITS_1_5
 847:Drivers/STM32F4xx_HAL_Driver/Inc/stm32f4xx_ll_usart.h ****   *         @arg @ref LL_USART_STOPBITS_2
 848:Drivers/STM32F4xx_HAL_Driver/Inc/stm32f4xx_ll_usart.h ****   * @retval None
ARM GAS  C:\Users\chris\AppData\Local\Temp\cchxBc72.s 			page 24


 849:Drivers/STM32F4xx_HAL_Driver/Inc/stm32f4xx_ll_usart.h ****   */
 850:Drivers/STM32F4xx_HAL_Driver/Inc/stm32f4xx_ll_usart.h **** __STATIC_INLINE void LL_USART_ConfigCharacter(USART_TypeDef *USARTx, uint32_t DataWidth, uint32_t P
 851:Drivers/STM32F4xx_HAL_Driver/Inc/stm32f4xx_ll_usart.h ****                                               uint32_t StopBits)
 852:Drivers/STM32F4xx_HAL_Driver/Inc/stm32f4xx_ll_usart.h **** {
 853:Drivers/STM32F4xx_HAL_Driver/Inc/stm32f4xx_ll_usart.h ****   MODIFY_REG(USARTx->CR1, USART_CR1_PS | USART_CR1_PCE | USART_CR1_M, Parity | DataWidth);
 854:Drivers/STM32F4xx_HAL_Driver/Inc/stm32f4xx_ll_usart.h ****   MODIFY_REG(USARTx->CR2, USART_CR2_STOP, StopBits);
 855:Drivers/STM32F4xx_HAL_Driver/Inc/stm32f4xx_ll_usart.h **** }
 856:Drivers/STM32F4xx_HAL_Driver/Inc/stm32f4xx_ll_usart.h **** 
 857:Drivers/STM32F4xx_HAL_Driver/Inc/stm32f4xx_ll_usart.h **** /**
 858:Drivers/STM32F4xx_HAL_Driver/Inc/stm32f4xx_ll_usart.h ****   * @brief  Set Address of the USART node.
 859:Drivers/STM32F4xx_HAL_Driver/Inc/stm32f4xx_ll_usart.h ****   * @note   This is used in multiprocessor communication during Mute mode or Stop mode,
 860:Drivers/STM32F4xx_HAL_Driver/Inc/stm32f4xx_ll_usart.h ****   *         for wake up with address mark detection.
 861:Drivers/STM32F4xx_HAL_Driver/Inc/stm32f4xx_ll_usart.h ****   * @rmtoll CR2          ADD           LL_USART_SetNodeAddress
 862:Drivers/STM32F4xx_HAL_Driver/Inc/stm32f4xx_ll_usart.h ****   * @param  USARTx USART Instance
 863:Drivers/STM32F4xx_HAL_Driver/Inc/stm32f4xx_ll_usart.h ****   * @param  NodeAddress 4 bit Address of the USART node.
 864:Drivers/STM32F4xx_HAL_Driver/Inc/stm32f4xx_ll_usart.h ****   * @retval None
 865:Drivers/STM32F4xx_HAL_Driver/Inc/stm32f4xx_ll_usart.h ****   */
 866:Drivers/STM32F4xx_HAL_Driver/Inc/stm32f4xx_ll_usart.h **** __STATIC_INLINE void LL_USART_SetNodeAddress(USART_TypeDef *USARTx, uint32_t NodeAddress)
 867:Drivers/STM32F4xx_HAL_Driver/Inc/stm32f4xx_ll_usart.h **** {
 868:Drivers/STM32F4xx_HAL_Driver/Inc/stm32f4xx_ll_usart.h ****   MODIFY_REG(USARTx->CR2, USART_CR2_ADD, (NodeAddress & USART_CR2_ADD));
 869:Drivers/STM32F4xx_HAL_Driver/Inc/stm32f4xx_ll_usart.h **** }
 870:Drivers/STM32F4xx_HAL_Driver/Inc/stm32f4xx_ll_usart.h **** 
 871:Drivers/STM32F4xx_HAL_Driver/Inc/stm32f4xx_ll_usart.h **** /**
 872:Drivers/STM32F4xx_HAL_Driver/Inc/stm32f4xx_ll_usart.h ****   * @brief  Return 4 bit Address of the USART node as set in ADD field of CR2.
 873:Drivers/STM32F4xx_HAL_Driver/Inc/stm32f4xx_ll_usart.h ****   * @note   only 4bits (b3-b0) of returned value are relevant (b31-b4 are not relevant)
 874:Drivers/STM32F4xx_HAL_Driver/Inc/stm32f4xx_ll_usart.h ****   * @rmtoll CR2          ADD           LL_USART_GetNodeAddress
 875:Drivers/STM32F4xx_HAL_Driver/Inc/stm32f4xx_ll_usart.h ****   * @param  USARTx USART Instance
 876:Drivers/STM32F4xx_HAL_Driver/Inc/stm32f4xx_ll_usart.h ****   * @retval Address of the USART node (Value between Min_Data=0 and Max_Data=255)
 877:Drivers/STM32F4xx_HAL_Driver/Inc/stm32f4xx_ll_usart.h ****   */
 878:Drivers/STM32F4xx_HAL_Driver/Inc/stm32f4xx_ll_usart.h **** __STATIC_INLINE uint32_t LL_USART_GetNodeAddress(const USART_TypeDef *USARTx)
 879:Drivers/STM32F4xx_HAL_Driver/Inc/stm32f4xx_ll_usart.h **** {
 880:Drivers/STM32F4xx_HAL_Driver/Inc/stm32f4xx_ll_usart.h ****   return (uint32_t)(READ_BIT(USARTx->CR2, USART_CR2_ADD));
 881:Drivers/STM32F4xx_HAL_Driver/Inc/stm32f4xx_ll_usart.h **** }
 882:Drivers/STM32F4xx_HAL_Driver/Inc/stm32f4xx_ll_usart.h **** 
 883:Drivers/STM32F4xx_HAL_Driver/Inc/stm32f4xx_ll_usart.h **** /**
 884:Drivers/STM32F4xx_HAL_Driver/Inc/stm32f4xx_ll_usart.h ****   * @brief  Enable RTS HW Flow Control
 885:Drivers/STM32F4xx_HAL_Driver/Inc/stm32f4xx_ll_usart.h ****   * @note   Macro IS_UART_HWFLOW_INSTANCE(USARTx) can be used to check whether or not
 886:Drivers/STM32F4xx_HAL_Driver/Inc/stm32f4xx_ll_usart.h ****   *         Hardware Flow control feature is supported by the USARTx instance.
 887:Drivers/STM32F4xx_HAL_Driver/Inc/stm32f4xx_ll_usart.h ****   * @rmtoll CR3          RTSE          LL_USART_EnableRTSHWFlowCtrl
 888:Drivers/STM32F4xx_HAL_Driver/Inc/stm32f4xx_ll_usart.h ****   * @param  USARTx USART Instance
 889:Drivers/STM32F4xx_HAL_Driver/Inc/stm32f4xx_ll_usart.h ****   * @retval None
 890:Drivers/STM32F4xx_HAL_Driver/Inc/stm32f4xx_ll_usart.h ****   */
 891:Drivers/STM32F4xx_HAL_Driver/Inc/stm32f4xx_ll_usart.h **** __STATIC_INLINE void LL_USART_EnableRTSHWFlowCtrl(USART_TypeDef *USARTx)
 892:Drivers/STM32F4xx_HAL_Driver/Inc/stm32f4xx_ll_usart.h **** {
 893:Drivers/STM32F4xx_HAL_Driver/Inc/stm32f4xx_ll_usart.h ****   SET_BIT(USARTx->CR3, USART_CR3_RTSE);
 894:Drivers/STM32F4xx_HAL_Driver/Inc/stm32f4xx_ll_usart.h **** }
 895:Drivers/STM32F4xx_HAL_Driver/Inc/stm32f4xx_ll_usart.h **** 
 896:Drivers/STM32F4xx_HAL_Driver/Inc/stm32f4xx_ll_usart.h **** /**
 897:Drivers/STM32F4xx_HAL_Driver/Inc/stm32f4xx_ll_usart.h ****   * @brief  Disable RTS HW Flow Control
 898:Drivers/STM32F4xx_HAL_Driver/Inc/stm32f4xx_ll_usart.h ****   * @note   Macro IS_UART_HWFLOW_INSTANCE(USARTx) can be used to check whether or not
 899:Drivers/STM32F4xx_HAL_Driver/Inc/stm32f4xx_ll_usart.h ****   *         Hardware Flow control feature is supported by the USARTx instance.
 900:Drivers/STM32F4xx_HAL_Driver/Inc/stm32f4xx_ll_usart.h ****   * @rmtoll CR3          RTSE          LL_USART_DisableRTSHWFlowCtrl
 901:Drivers/STM32F4xx_HAL_Driver/Inc/stm32f4xx_ll_usart.h ****   * @param  USARTx USART Instance
 902:Drivers/STM32F4xx_HAL_Driver/Inc/stm32f4xx_ll_usart.h ****   * @retval None
 903:Drivers/STM32F4xx_HAL_Driver/Inc/stm32f4xx_ll_usart.h ****   */
 904:Drivers/STM32F4xx_HAL_Driver/Inc/stm32f4xx_ll_usart.h **** __STATIC_INLINE void LL_USART_DisableRTSHWFlowCtrl(USART_TypeDef *USARTx)
 905:Drivers/STM32F4xx_HAL_Driver/Inc/stm32f4xx_ll_usart.h **** {
ARM GAS  C:\Users\chris\AppData\Local\Temp\cchxBc72.s 			page 25


 906:Drivers/STM32F4xx_HAL_Driver/Inc/stm32f4xx_ll_usart.h ****   CLEAR_BIT(USARTx->CR3, USART_CR3_RTSE);
 907:Drivers/STM32F4xx_HAL_Driver/Inc/stm32f4xx_ll_usart.h **** }
 908:Drivers/STM32F4xx_HAL_Driver/Inc/stm32f4xx_ll_usart.h **** 
 909:Drivers/STM32F4xx_HAL_Driver/Inc/stm32f4xx_ll_usart.h **** /**
 910:Drivers/STM32F4xx_HAL_Driver/Inc/stm32f4xx_ll_usart.h ****   * @brief  Enable CTS HW Flow Control
 911:Drivers/STM32F4xx_HAL_Driver/Inc/stm32f4xx_ll_usart.h ****   * @note   Macro IS_UART_HWFLOW_INSTANCE(USARTx) can be used to check whether or not
 912:Drivers/STM32F4xx_HAL_Driver/Inc/stm32f4xx_ll_usart.h ****   *         Hardware Flow control feature is supported by the USARTx instance.
 913:Drivers/STM32F4xx_HAL_Driver/Inc/stm32f4xx_ll_usart.h ****   * @rmtoll CR3          CTSE          LL_USART_EnableCTSHWFlowCtrl
 914:Drivers/STM32F4xx_HAL_Driver/Inc/stm32f4xx_ll_usart.h ****   * @param  USARTx USART Instance
 915:Drivers/STM32F4xx_HAL_Driver/Inc/stm32f4xx_ll_usart.h ****   * @retval None
 916:Drivers/STM32F4xx_HAL_Driver/Inc/stm32f4xx_ll_usart.h ****   */
 917:Drivers/STM32F4xx_HAL_Driver/Inc/stm32f4xx_ll_usart.h **** __STATIC_INLINE void LL_USART_EnableCTSHWFlowCtrl(USART_TypeDef *USARTx)
 918:Drivers/STM32F4xx_HAL_Driver/Inc/stm32f4xx_ll_usart.h **** {
 919:Drivers/STM32F4xx_HAL_Driver/Inc/stm32f4xx_ll_usart.h ****   SET_BIT(USARTx->CR3, USART_CR3_CTSE);
 920:Drivers/STM32F4xx_HAL_Driver/Inc/stm32f4xx_ll_usart.h **** }
 921:Drivers/STM32F4xx_HAL_Driver/Inc/stm32f4xx_ll_usart.h **** 
 922:Drivers/STM32F4xx_HAL_Driver/Inc/stm32f4xx_ll_usart.h **** /**
 923:Drivers/STM32F4xx_HAL_Driver/Inc/stm32f4xx_ll_usart.h ****   * @brief  Disable CTS HW Flow Control
 924:Drivers/STM32F4xx_HAL_Driver/Inc/stm32f4xx_ll_usart.h ****   * @note   Macro IS_UART_HWFLOW_INSTANCE(USARTx) can be used to check whether or not
 925:Drivers/STM32F4xx_HAL_Driver/Inc/stm32f4xx_ll_usart.h ****   *         Hardware Flow control feature is supported by the USARTx instance.
 926:Drivers/STM32F4xx_HAL_Driver/Inc/stm32f4xx_ll_usart.h ****   * @rmtoll CR3          CTSE          LL_USART_DisableCTSHWFlowCtrl
 927:Drivers/STM32F4xx_HAL_Driver/Inc/stm32f4xx_ll_usart.h ****   * @param  USARTx USART Instance
 928:Drivers/STM32F4xx_HAL_Driver/Inc/stm32f4xx_ll_usart.h ****   * @retval None
 929:Drivers/STM32F4xx_HAL_Driver/Inc/stm32f4xx_ll_usart.h ****   */
 930:Drivers/STM32F4xx_HAL_Driver/Inc/stm32f4xx_ll_usart.h **** __STATIC_INLINE void LL_USART_DisableCTSHWFlowCtrl(USART_TypeDef *USARTx)
 931:Drivers/STM32F4xx_HAL_Driver/Inc/stm32f4xx_ll_usart.h **** {
 932:Drivers/STM32F4xx_HAL_Driver/Inc/stm32f4xx_ll_usart.h ****   CLEAR_BIT(USARTx->CR3, USART_CR3_CTSE);
 933:Drivers/STM32F4xx_HAL_Driver/Inc/stm32f4xx_ll_usart.h **** }
 934:Drivers/STM32F4xx_HAL_Driver/Inc/stm32f4xx_ll_usart.h **** 
 935:Drivers/STM32F4xx_HAL_Driver/Inc/stm32f4xx_ll_usart.h **** /**
 936:Drivers/STM32F4xx_HAL_Driver/Inc/stm32f4xx_ll_usart.h ****   * @brief  Configure HW Flow Control mode (both CTS and RTS)
 937:Drivers/STM32F4xx_HAL_Driver/Inc/stm32f4xx_ll_usart.h ****   * @note   Macro IS_UART_HWFLOW_INSTANCE(USARTx) can be used to check whether or not
 938:Drivers/STM32F4xx_HAL_Driver/Inc/stm32f4xx_ll_usart.h ****   *         Hardware Flow control feature is supported by the USARTx instance.
 939:Drivers/STM32F4xx_HAL_Driver/Inc/stm32f4xx_ll_usart.h ****   * @rmtoll CR3          RTSE          LL_USART_SetHWFlowCtrl\n
 940:Drivers/STM32F4xx_HAL_Driver/Inc/stm32f4xx_ll_usart.h ****   *         CR3          CTSE          LL_USART_SetHWFlowCtrl
 941:Drivers/STM32F4xx_HAL_Driver/Inc/stm32f4xx_ll_usart.h ****   * @param  USARTx USART Instance
 942:Drivers/STM32F4xx_HAL_Driver/Inc/stm32f4xx_ll_usart.h ****   * @param  HardwareFlowControl This parameter can be one of the following values:
 943:Drivers/STM32F4xx_HAL_Driver/Inc/stm32f4xx_ll_usart.h ****   *         @arg @ref LL_USART_HWCONTROL_NONE
 944:Drivers/STM32F4xx_HAL_Driver/Inc/stm32f4xx_ll_usart.h ****   *         @arg @ref LL_USART_HWCONTROL_RTS
 945:Drivers/STM32F4xx_HAL_Driver/Inc/stm32f4xx_ll_usart.h ****   *         @arg @ref LL_USART_HWCONTROL_CTS
 946:Drivers/STM32F4xx_HAL_Driver/Inc/stm32f4xx_ll_usart.h ****   *         @arg @ref LL_USART_HWCONTROL_RTS_CTS
 947:Drivers/STM32F4xx_HAL_Driver/Inc/stm32f4xx_ll_usart.h ****   * @retval None
 948:Drivers/STM32F4xx_HAL_Driver/Inc/stm32f4xx_ll_usart.h ****   */
 949:Drivers/STM32F4xx_HAL_Driver/Inc/stm32f4xx_ll_usart.h **** __STATIC_INLINE void LL_USART_SetHWFlowCtrl(USART_TypeDef *USARTx, uint32_t HardwareFlowControl)
 950:Drivers/STM32F4xx_HAL_Driver/Inc/stm32f4xx_ll_usart.h **** {
 951:Drivers/STM32F4xx_HAL_Driver/Inc/stm32f4xx_ll_usart.h ****   MODIFY_REG(USARTx->CR3, USART_CR3_RTSE | USART_CR3_CTSE, HardwareFlowControl);
 952:Drivers/STM32F4xx_HAL_Driver/Inc/stm32f4xx_ll_usart.h **** }
 953:Drivers/STM32F4xx_HAL_Driver/Inc/stm32f4xx_ll_usart.h **** 
 954:Drivers/STM32F4xx_HAL_Driver/Inc/stm32f4xx_ll_usart.h **** /**
 955:Drivers/STM32F4xx_HAL_Driver/Inc/stm32f4xx_ll_usart.h ****   * @brief  Return HW Flow Control configuration (both CTS and RTS)
 956:Drivers/STM32F4xx_HAL_Driver/Inc/stm32f4xx_ll_usart.h ****   * @note   Macro IS_UART_HWFLOW_INSTANCE(USARTx) can be used to check whether or not
 957:Drivers/STM32F4xx_HAL_Driver/Inc/stm32f4xx_ll_usart.h ****   *         Hardware Flow control feature is supported by the USARTx instance.
 958:Drivers/STM32F4xx_HAL_Driver/Inc/stm32f4xx_ll_usart.h ****   * @rmtoll CR3          RTSE          LL_USART_GetHWFlowCtrl\n
 959:Drivers/STM32F4xx_HAL_Driver/Inc/stm32f4xx_ll_usart.h ****   *         CR3          CTSE          LL_USART_GetHWFlowCtrl
 960:Drivers/STM32F4xx_HAL_Driver/Inc/stm32f4xx_ll_usart.h ****   * @param  USARTx USART Instance
 961:Drivers/STM32F4xx_HAL_Driver/Inc/stm32f4xx_ll_usart.h ****   * @retval Returned value can be one of the following values:
 962:Drivers/STM32F4xx_HAL_Driver/Inc/stm32f4xx_ll_usart.h ****   *         @arg @ref LL_USART_HWCONTROL_NONE
ARM GAS  C:\Users\chris\AppData\Local\Temp\cchxBc72.s 			page 26


 963:Drivers/STM32F4xx_HAL_Driver/Inc/stm32f4xx_ll_usart.h ****   *         @arg @ref LL_USART_HWCONTROL_RTS
 964:Drivers/STM32F4xx_HAL_Driver/Inc/stm32f4xx_ll_usart.h ****   *         @arg @ref LL_USART_HWCONTROL_CTS
 965:Drivers/STM32F4xx_HAL_Driver/Inc/stm32f4xx_ll_usart.h ****   *         @arg @ref LL_USART_HWCONTROL_RTS_CTS
 966:Drivers/STM32F4xx_HAL_Driver/Inc/stm32f4xx_ll_usart.h ****   */
 967:Drivers/STM32F4xx_HAL_Driver/Inc/stm32f4xx_ll_usart.h **** __STATIC_INLINE uint32_t LL_USART_GetHWFlowCtrl(const USART_TypeDef *USARTx)
 968:Drivers/STM32F4xx_HAL_Driver/Inc/stm32f4xx_ll_usart.h **** {
 969:Drivers/STM32F4xx_HAL_Driver/Inc/stm32f4xx_ll_usart.h ****   return (uint32_t)(READ_BIT(USARTx->CR3, USART_CR3_RTSE | USART_CR3_CTSE));
 970:Drivers/STM32F4xx_HAL_Driver/Inc/stm32f4xx_ll_usart.h **** }
 971:Drivers/STM32F4xx_HAL_Driver/Inc/stm32f4xx_ll_usart.h **** 
 972:Drivers/STM32F4xx_HAL_Driver/Inc/stm32f4xx_ll_usart.h **** /**
 973:Drivers/STM32F4xx_HAL_Driver/Inc/stm32f4xx_ll_usart.h ****   * @brief  Enable One bit sampling method
 974:Drivers/STM32F4xx_HAL_Driver/Inc/stm32f4xx_ll_usart.h ****   * @rmtoll CR3          ONEBIT        LL_USART_EnableOneBitSamp
 975:Drivers/STM32F4xx_HAL_Driver/Inc/stm32f4xx_ll_usart.h ****   * @param  USARTx USART Instance
 976:Drivers/STM32F4xx_HAL_Driver/Inc/stm32f4xx_ll_usart.h ****   * @retval None
 977:Drivers/STM32F4xx_HAL_Driver/Inc/stm32f4xx_ll_usart.h ****   */
 978:Drivers/STM32F4xx_HAL_Driver/Inc/stm32f4xx_ll_usart.h **** __STATIC_INLINE void LL_USART_EnableOneBitSamp(USART_TypeDef *USARTx)
 979:Drivers/STM32F4xx_HAL_Driver/Inc/stm32f4xx_ll_usart.h **** {
 980:Drivers/STM32F4xx_HAL_Driver/Inc/stm32f4xx_ll_usart.h ****   SET_BIT(USARTx->CR3, USART_CR3_ONEBIT);
 981:Drivers/STM32F4xx_HAL_Driver/Inc/stm32f4xx_ll_usart.h **** }
 982:Drivers/STM32F4xx_HAL_Driver/Inc/stm32f4xx_ll_usart.h **** 
 983:Drivers/STM32F4xx_HAL_Driver/Inc/stm32f4xx_ll_usart.h **** /**
 984:Drivers/STM32F4xx_HAL_Driver/Inc/stm32f4xx_ll_usart.h ****   * @brief  Disable One bit sampling method
 985:Drivers/STM32F4xx_HAL_Driver/Inc/stm32f4xx_ll_usart.h ****   * @rmtoll CR3          ONEBIT        LL_USART_DisableOneBitSamp
 986:Drivers/STM32F4xx_HAL_Driver/Inc/stm32f4xx_ll_usart.h ****   * @param  USARTx USART Instance
 987:Drivers/STM32F4xx_HAL_Driver/Inc/stm32f4xx_ll_usart.h ****   * @retval None
 988:Drivers/STM32F4xx_HAL_Driver/Inc/stm32f4xx_ll_usart.h ****   */
 989:Drivers/STM32F4xx_HAL_Driver/Inc/stm32f4xx_ll_usart.h **** __STATIC_INLINE void LL_USART_DisableOneBitSamp(USART_TypeDef *USARTx)
 990:Drivers/STM32F4xx_HAL_Driver/Inc/stm32f4xx_ll_usart.h **** {
 991:Drivers/STM32F4xx_HAL_Driver/Inc/stm32f4xx_ll_usart.h ****   CLEAR_BIT(USARTx->CR3, USART_CR3_ONEBIT);
 992:Drivers/STM32F4xx_HAL_Driver/Inc/stm32f4xx_ll_usart.h **** }
 993:Drivers/STM32F4xx_HAL_Driver/Inc/stm32f4xx_ll_usart.h **** 
 994:Drivers/STM32F4xx_HAL_Driver/Inc/stm32f4xx_ll_usart.h **** /**
 995:Drivers/STM32F4xx_HAL_Driver/Inc/stm32f4xx_ll_usart.h ****   * @brief  Indicate if One bit sampling method is enabled
 996:Drivers/STM32F4xx_HAL_Driver/Inc/stm32f4xx_ll_usart.h ****   * @rmtoll CR3          ONEBIT        LL_USART_IsEnabledOneBitSamp
 997:Drivers/STM32F4xx_HAL_Driver/Inc/stm32f4xx_ll_usart.h ****   * @param  USARTx USART Instance
 998:Drivers/STM32F4xx_HAL_Driver/Inc/stm32f4xx_ll_usart.h ****   * @retval State of bit (1 or 0).
 999:Drivers/STM32F4xx_HAL_Driver/Inc/stm32f4xx_ll_usart.h ****   */
1000:Drivers/STM32F4xx_HAL_Driver/Inc/stm32f4xx_ll_usart.h **** __STATIC_INLINE uint32_t LL_USART_IsEnabledOneBitSamp(const USART_TypeDef *USARTx)
1001:Drivers/STM32F4xx_HAL_Driver/Inc/stm32f4xx_ll_usart.h **** {
1002:Drivers/STM32F4xx_HAL_Driver/Inc/stm32f4xx_ll_usart.h ****   return (READ_BIT(USARTx->CR3, USART_CR3_ONEBIT) == (USART_CR3_ONEBIT));
1003:Drivers/STM32F4xx_HAL_Driver/Inc/stm32f4xx_ll_usart.h **** }
1004:Drivers/STM32F4xx_HAL_Driver/Inc/stm32f4xx_ll_usart.h **** 
1005:Drivers/STM32F4xx_HAL_Driver/Inc/stm32f4xx_ll_usart.h **** /**
1006:Drivers/STM32F4xx_HAL_Driver/Inc/stm32f4xx_ll_usart.h ****   * @brief  Configure USART BRR register for achieving expected Baud Rate value.
1007:Drivers/STM32F4xx_HAL_Driver/Inc/stm32f4xx_ll_usart.h ****   * @note   Compute and set USARTDIV value in BRR Register (full BRR content)
1008:Drivers/STM32F4xx_HAL_Driver/Inc/stm32f4xx_ll_usart.h ****   *         according to used Peripheral Clock, Oversampling mode, and expected Baud Rate values
1009:Drivers/STM32F4xx_HAL_Driver/Inc/stm32f4xx_ll_usart.h ****   * @note   Peripheral clock and Baud rate values provided as function parameters should be valid
1010:Drivers/STM32F4xx_HAL_Driver/Inc/stm32f4xx_ll_usart.h ****   *         (Baud rate value != 0)
1011:Drivers/STM32F4xx_HAL_Driver/Inc/stm32f4xx_ll_usart.h ****   * @rmtoll BRR          BRR           LL_USART_SetBaudRate
1012:Drivers/STM32F4xx_HAL_Driver/Inc/stm32f4xx_ll_usart.h ****   * @param  USARTx USART Instance
1013:Drivers/STM32F4xx_HAL_Driver/Inc/stm32f4xx_ll_usart.h ****   * @param  PeriphClk Peripheral Clock
1014:Drivers/STM32F4xx_HAL_Driver/Inc/stm32f4xx_ll_usart.h ****   * @param  OverSampling This parameter can be one of the following values:
1015:Drivers/STM32F4xx_HAL_Driver/Inc/stm32f4xx_ll_usart.h ****   *         @arg @ref LL_USART_OVERSAMPLING_16
1016:Drivers/STM32F4xx_HAL_Driver/Inc/stm32f4xx_ll_usart.h ****   *         @arg @ref LL_USART_OVERSAMPLING_8
1017:Drivers/STM32F4xx_HAL_Driver/Inc/stm32f4xx_ll_usart.h ****   * @param  BaudRate Baud Rate
1018:Drivers/STM32F4xx_HAL_Driver/Inc/stm32f4xx_ll_usart.h ****   * @retval None
1019:Drivers/STM32F4xx_HAL_Driver/Inc/stm32f4xx_ll_usart.h ****   */
ARM GAS  C:\Users\chris\AppData\Local\Temp\cchxBc72.s 			page 27


1020:Drivers/STM32F4xx_HAL_Driver/Inc/stm32f4xx_ll_usart.h **** __STATIC_INLINE void LL_USART_SetBaudRate(USART_TypeDef *USARTx, uint32_t PeriphClk, uint32_t OverS
1021:Drivers/STM32F4xx_HAL_Driver/Inc/stm32f4xx_ll_usart.h ****                                           uint32_t BaudRate)
1022:Drivers/STM32F4xx_HAL_Driver/Inc/stm32f4xx_ll_usart.h **** {
1023:Drivers/STM32F4xx_HAL_Driver/Inc/stm32f4xx_ll_usart.h ****   if (OverSampling == LL_USART_OVERSAMPLING_8)
1024:Drivers/STM32F4xx_HAL_Driver/Inc/stm32f4xx_ll_usart.h ****   {
1025:Drivers/STM32F4xx_HAL_Driver/Inc/stm32f4xx_ll_usart.h ****     USARTx->BRR = (uint16_t)(__LL_USART_DIV_SAMPLING8(PeriphClk, BaudRate));
1026:Drivers/STM32F4xx_HAL_Driver/Inc/stm32f4xx_ll_usart.h ****   }
1027:Drivers/STM32F4xx_HAL_Driver/Inc/stm32f4xx_ll_usart.h ****   else
1028:Drivers/STM32F4xx_HAL_Driver/Inc/stm32f4xx_ll_usart.h ****   {
1029:Drivers/STM32F4xx_HAL_Driver/Inc/stm32f4xx_ll_usart.h ****     USARTx->BRR = (uint16_t)(__LL_USART_DIV_SAMPLING16(PeriphClk, BaudRate));
1030:Drivers/STM32F4xx_HAL_Driver/Inc/stm32f4xx_ll_usart.h ****   }
1031:Drivers/STM32F4xx_HAL_Driver/Inc/stm32f4xx_ll_usart.h **** }
1032:Drivers/STM32F4xx_HAL_Driver/Inc/stm32f4xx_ll_usart.h **** 
1033:Drivers/STM32F4xx_HAL_Driver/Inc/stm32f4xx_ll_usart.h **** /**
1034:Drivers/STM32F4xx_HAL_Driver/Inc/stm32f4xx_ll_usart.h ****   * @brief  Return current Baud Rate value, according to USARTDIV present in BRR register
1035:Drivers/STM32F4xx_HAL_Driver/Inc/stm32f4xx_ll_usart.h ****   *         (full BRR content), and to used Peripheral Clock and Oversampling mode values
1036:Drivers/STM32F4xx_HAL_Driver/Inc/stm32f4xx_ll_usart.h ****   * @note   In case of non-initialized or invalid value stored in BRR register, value 0 will be ret
1037:Drivers/STM32F4xx_HAL_Driver/Inc/stm32f4xx_ll_usart.h ****   * @rmtoll BRR          BRR           LL_USART_GetBaudRate
1038:Drivers/STM32F4xx_HAL_Driver/Inc/stm32f4xx_ll_usart.h ****   * @param  USARTx USART Instance
1039:Drivers/STM32F4xx_HAL_Driver/Inc/stm32f4xx_ll_usart.h ****   * @param  PeriphClk Peripheral Clock
1040:Drivers/STM32F4xx_HAL_Driver/Inc/stm32f4xx_ll_usart.h ****   * @param  OverSampling This parameter can be one of the following values:
1041:Drivers/STM32F4xx_HAL_Driver/Inc/stm32f4xx_ll_usart.h ****   *         @arg @ref LL_USART_OVERSAMPLING_16
1042:Drivers/STM32F4xx_HAL_Driver/Inc/stm32f4xx_ll_usart.h ****   *         @arg @ref LL_USART_OVERSAMPLING_8
1043:Drivers/STM32F4xx_HAL_Driver/Inc/stm32f4xx_ll_usart.h ****   * @retval Baud Rate
1044:Drivers/STM32F4xx_HAL_Driver/Inc/stm32f4xx_ll_usart.h ****   */
1045:Drivers/STM32F4xx_HAL_Driver/Inc/stm32f4xx_ll_usart.h **** __STATIC_INLINE uint32_t LL_USART_GetBaudRate(const USART_TypeDef *USARTx, uint32_t PeriphClk, uint
1046:Drivers/STM32F4xx_HAL_Driver/Inc/stm32f4xx_ll_usart.h **** {
1047:Drivers/STM32F4xx_HAL_Driver/Inc/stm32f4xx_ll_usart.h ****   uint32_t usartdiv = 0x0U;
1048:Drivers/STM32F4xx_HAL_Driver/Inc/stm32f4xx_ll_usart.h ****   uint32_t brrresult = 0x0U;
1049:Drivers/STM32F4xx_HAL_Driver/Inc/stm32f4xx_ll_usart.h **** 
1050:Drivers/STM32F4xx_HAL_Driver/Inc/stm32f4xx_ll_usart.h ****   usartdiv = USARTx->BRR;
1051:Drivers/STM32F4xx_HAL_Driver/Inc/stm32f4xx_ll_usart.h **** 
1052:Drivers/STM32F4xx_HAL_Driver/Inc/stm32f4xx_ll_usart.h ****   if (OverSampling == LL_USART_OVERSAMPLING_8)
1053:Drivers/STM32F4xx_HAL_Driver/Inc/stm32f4xx_ll_usart.h ****   {
1054:Drivers/STM32F4xx_HAL_Driver/Inc/stm32f4xx_ll_usart.h ****     if ((usartdiv & 0xFFF7U) != 0U)
1055:Drivers/STM32F4xx_HAL_Driver/Inc/stm32f4xx_ll_usart.h ****     {
1056:Drivers/STM32F4xx_HAL_Driver/Inc/stm32f4xx_ll_usart.h ****       usartdiv = (uint16_t)((usartdiv & 0xFFF0U) | ((usartdiv & 0x0007U) << 1U)) ;
1057:Drivers/STM32F4xx_HAL_Driver/Inc/stm32f4xx_ll_usart.h ****       brrresult = (PeriphClk * 2U) / usartdiv;
1058:Drivers/STM32F4xx_HAL_Driver/Inc/stm32f4xx_ll_usart.h ****     }
1059:Drivers/STM32F4xx_HAL_Driver/Inc/stm32f4xx_ll_usart.h ****   }
1060:Drivers/STM32F4xx_HAL_Driver/Inc/stm32f4xx_ll_usart.h ****   else
1061:Drivers/STM32F4xx_HAL_Driver/Inc/stm32f4xx_ll_usart.h ****   {
1062:Drivers/STM32F4xx_HAL_Driver/Inc/stm32f4xx_ll_usart.h ****     if ((usartdiv & 0xFFFFU) != 0U)
1063:Drivers/STM32F4xx_HAL_Driver/Inc/stm32f4xx_ll_usart.h ****     {
1064:Drivers/STM32F4xx_HAL_Driver/Inc/stm32f4xx_ll_usart.h ****       brrresult = PeriphClk / usartdiv;
1065:Drivers/STM32F4xx_HAL_Driver/Inc/stm32f4xx_ll_usart.h ****     }
1066:Drivers/STM32F4xx_HAL_Driver/Inc/stm32f4xx_ll_usart.h ****   }
1067:Drivers/STM32F4xx_HAL_Driver/Inc/stm32f4xx_ll_usart.h ****   return (brrresult);
1068:Drivers/STM32F4xx_HAL_Driver/Inc/stm32f4xx_ll_usart.h **** }
1069:Drivers/STM32F4xx_HAL_Driver/Inc/stm32f4xx_ll_usart.h **** 
1070:Drivers/STM32F4xx_HAL_Driver/Inc/stm32f4xx_ll_usart.h **** /**
1071:Drivers/STM32F4xx_HAL_Driver/Inc/stm32f4xx_ll_usart.h ****   * @}
1072:Drivers/STM32F4xx_HAL_Driver/Inc/stm32f4xx_ll_usart.h ****   */
1073:Drivers/STM32F4xx_HAL_Driver/Inc/stm32f4xx_ll_usart.h **** 
1074:Drivers/STM32F4xx_HAL_Driver/Inc/stm32f4xx_ll_usart.h **** /** @defgroup USART_LL_EF_Configuration_IRDA Configuration functions related to Irda feature
1075:Drivers/STM32F4xx_HAL_Driver/Inc/stm32f4xx_ll_usart.h ****   * @{
1076:Drivers/STM32F4xx_HAL_Driver/Inc/stm32f4xx_ll_usart.h ****   */
ARM GAS  C:\Users\chris\AppData\Local\Temp\cchxBc72.s 			page 28


1077:Drivers/STM32F4xx_HAL_Driver/Inc/stm32f4xx_ll_usart.h **** 
1078:Drivers/STM32F4xx_HAL_Driver/Inc/stm32f4xx_ll_usart.h **** /**
1079:Drivers/STM32F4xx_HAL_Driver/Inc/stm32f4xx_ll_usart.h ****   * @brief  Enable IrDA mode
1080:Drivers/STM32F4xx_HAL_Driver/Inc/stm32f4xx_ll_usart.h ****   * @note   Macro IS_IRDA_INSTANCE(USARTx) can be used to check whether or not
1081:Drivers/STM32F4xx_HAL_Driver/Inc/stm32f4xx_ll_usart.h ****   *         IrDA feature is supported by the USARTx instance.
1082:Drivers/STM32F4xx_HAL_Driver/Inc/stm32f4xx_ll_usart.h ****   * @rmtoll CR3          IREN          LL_USART_EnableIrda
1083:Drivers/STM32F4xx_HAL_Driver/Inc/stm32f4xx_ll_usart.h ****   * @param  USARTx USART Instance
1084:Drivers/STM32F4xx_HAL_Driver/Inc/stm32f4xx_ll_usart.h ****   * @retval None
1085:Drivers/STM32F4xx_HAL_Driver/Inc/stm32f4xx_ll_usart.h ****   */
1086:Drivers/STM32F4xx_HAL_Driver/Inc/stm32f4xx_ll_usart.h **** __STATIC_INLINE void LL_USART_EnableIrda(USART_TypeDef *USARTx)
1087:Drivers/STM32F4xx_HAL_Driver/Inc/stm32f4xx_ll_usart.h **** {
1088:Drivers/STM32F4xx_HAL_Driver/Inc/stm32f4xx_ll_usart.h ****   SET_BIT(USARTx->CR3, USART_CR3_IREN);
1089:Drivers/STM32F4xx_HAL_Driver/Inc/stm32f4xx_ll_usart.h **** }
1090:Drivers/STM32F4xx_HAL_Driver/Inc/stm32f4xx_ll_usart.h **** 
1091:Drivers/STM32F4xx_HAL_Driver/Inc/stm32f4xx_ll_usart.h **** /**
1092:Drivers/STM32F4xx_HAL_Driver/Inc/stm32f4xx_ll_usart.h ****   * @brief  Disable IrDA mode
1093:Drivers/STM32F4xx_HAL_Driver/Inc/stm32f4xx_ll_usart.h ****   * @note   Macro IS_IRDA_INSTANCE(USARTx) can be used to check whether or not
1094:Drivers/STM32F4xx_HAL_Driver/Inc/stm32f4xx_ll_usart.h ****   *         IrDA feature is supported by the USARTx instance.
1095:Drivers/STM32F4xx_HAL_Driver/Inc/stm32f4xx_ll_usart.h ****   * @rmtoll CR3          IREN          LL_USART_DisableIrda
1096:Drivers/STM32F4xx_HAL_Driver/Inc/stm32f4xx_ll_usart.h ****   * @param  USARTx USART Instance
1097:Drivers/STM32F4xx_HAL_Driver/Inc/stm32f4xx_ll_usart.h ****   * @retval None
1098:Drivers/STM32F4xx_HAL_Driver/Inc/stm32f4xx_ll_usart.h ****   */
1099:Drivers/STM32F4xx_HAL_Driver/Inc/stm32f4xx_ll_usart.h **** __STATIC_INLINE void LL_USART_DisableIrda(USART_TypeDef *USARTx)
1100:Drivers/STM32F4xx_HAL_Driver/Inc/stm32f4xx_ll_usart.h **** {
1101:Drivers/STM32F4xx_HAL_Driver/Inc/stm32f4xx_ll_usart.h ****   CLEAR_BIT(USARTx->CR3, USART_CR3_IREN);
1102:Drivers/STM32F4xx_HAL_Driver/Inc/stm32f4xx_ll_usart.h **** }
1103:Drivers/STM32F4xx_HAL_Driver/Inc/stm32f4xx_ll_usart.h **** 
1104:Drivers/STM32F4xx_HAL_Driver/Inc/stm32f4xx_ll_usart.h **** /**
1105:Drivers/STM32F4xx_HAL_Driver/Inc/stm32f4xx_ll_usart.h ****   * @brief  Indicate if IrDA mode is enabled
1106:Drivers/STM32F4xx_HAL_Driver/Inc/stm32f4xx_ll_usart.h ****   * @note   Macro IS_IRDA_INSTANCE(USARTx) can be used to check whether or not
1107:Drivers/STM32F4xx_HAL_Driver/Inc/stm32f4xx_ll_usart.h ****   *         IrDA feature is supported by the USARTx instance.
1108:Drivers/STM32F4xx_HAL_Driver/Inc/stm32f4xx_ll_usart.h ****   * @rmtoll CR3          IREN          LL_USART_IsEnabledIrda
1109:Drivers/STM32F4xx_HAL_Driver/Inc/stm32f4xx_ll_usart.h ****   * @param  USARTx USART Instance
1110:Drivers/STM32F4xx_HAL_Driver/Inc/stm32f4xx_ll_usart.h ****   * @retval State of bit (1 or 0).
1111:Drivers/STM32F4xx_HAL_Driver/Inc/stm32f4xx_ll_usart.h ****   */
1112:Drivers/STM32F4xx_HAL_Driver/Inc/stm32f4xx_ll_usart.h **** __STATIC_INLINE uint32_t LL_USART_IsEnabledIrda(const USART_TypeDef *USARTx)
1113:Drivers/STM32F4xx_HAL_Driver/Inc/stm32f4xx_ll_usart.h **** {
1114:Drivers/STM32F4xx_HAL_Driver/Inc/stm32f4xx_ll_usart.h ****   return (READ_BIT(USARTx->CR3, USART_CR3_IREN) == (USART_CR3_IREN));
1115:Drivers/STM32F4xx_HAL_Driver/Inc/stm32f4xx_ll_usart.h **** }
1116:Drivers/STM32F4xx_HAL_Driver/Inc/stm32f4xx_ll_usart.h **** 
1117:Drivers/STM32F4xx_HAL_Driver/Inc/stm32f4xx_ll_usart.h **** /**
1118:Drivers/STM32F4xx_HAL_Driver/Inc/stm32f4xx_ll_usart.h ****   * @brief  Configure IrDA Power Mode (Normal or Low Power)
1119:Drivers/STM32F4xx_HAL_Driver/Inc/stm32f4xx_ll_usart.h ****   * @note   Macro IS_IRDA_INSTANCE(USARTx) can be used to check whether or not
1120:Drivers/STM32F4xx_HAL_Driver/Inc/stm32f4xx_ll_usart.h ****   *         IrDA feature is supported by the USARTx instance.
1121:Drivers/STM32F4xx_HAL_Driver/Inc/stm32f4xx_ll_usart.h ****   * @rmtoll CR3          IRLP          LL_USART_SetIrdaPowerMode
1122:Drivers/STM32F4xx_HAL_Driver/Inc/stm32f4xx_ll_usart.h ****   * @param  USARTx USART Instance
1123:Drivers/STM32F4xx_HAL_Driver/Inc/stm32f4xx_ll_usart.h ****   * @param  PowerMode This parameter can be one of the following values:
1124:Drivers/STM32F4xx_HAL_Driver/Inc/stm32f4xx_ll_usart.h ****   *         @arg @ref LL_USART_IRDA_POWER_NORMAL
1125:Drivers/STM32F4xx_HAL_Driver/Inc/stm32f4xx_ll_usart.h ****   *         @arg @ref LL_USART_IRDA_POWER_LOW
1126:Drivers/STM32F4xx_HAL_Driver/Inc/stm32f4xx_ll_usart.h ****   * @retval None
1127:Drivers/STM32F4xx_HAL_Driver/Inc/stm32f4xx_ll_usart.h ****   */
1128:Drivers/STM32F4xx_HAL_Driver/Inc/stm32f4xx_ll_usart.h **** __STATIC_INLINE void LL_USART_SetIrdaPowerMode(USART_TypeDef *USARTx, uint32_t PowerMode)
1129:Drivers/STM32F4xx_HAL_Driver/Inc/stm32f4xx_ll_usart.h **** {
1130:Drivers/STM32F4xx_HAL_Driver/Inc/stm32f4xx_ll_usart.h ****   MODIFY_REG(USARTx->CR3, USART_CR3_IRLP, PowerMode);
1131:Drivers/STM32F4xx_HAL_Driver/Inc/stm32f4xx_ll_usart.h **** }
1132:Drivers/STM32F4xx_HAL_Driver/Inc/stm32f4xx_ll_usart.h **** 
1133:Drivers/STM32F4xx_HAL_Driver/Inc/stm32f4xx_ll_usart.h **** /**
ARM GAS  C:\Users\chris\AppData\Local\Temp\cchxBc72.s 			page 29


1134:Drivers/STM32F4xx_HAL_Driver/Inc/stm32f4xx_ll_usart.h ****   * @brief  Retrieve IrDA Power Mode configuration (Normal or Low Power)
1135:Drivers/STM32F4xx_HAL_Driver/Inc/stm32f4xx_ll_usart.h ****   * @note   Macro IS_IRDA_INSTANCE(USARTx) can be used to check whether or not
1136:Drivers/STM32F4xx_HAL_Driver/Inc/stm32f4xx_ll_usart.h ****   *         IrDA feature is supported by the USARTx instance.
1137:Drivers/STM32F4xx_HAL_Driver/Inc/stm32f4xx_ll_usart.h ****   * @rmtoll CR3          IRLP          LL_USART_GetIrdaPowerMode
1138:Drivers/STM32F4xx_HAL_Driver/Inc/stm32f4xx_ll_usart.h ****   * @param  USARTx USART Instance
1139:Drivers/STM32F4xx_HAL_Driver/Inc/stm32f4xx_ll_usart.h ****   * @retval Returned value can be one of the following values:
1140:Drivers/STM32F4xx_HAL_Driver/Inc/stm32f4xx_ll_usart.h ****   *         @arg @ref LL_USART_IRDA_POWER_NORMAL
1141:Drivers/STM32F4xx_HAL_Driver/Inc/stm32f4xx_ll_usart.h ****   *         @arg @ref LL_USART_PHASE_2EDGE
1142:Drivers/STM32F4xx_HAL_Driver/Inc/stm32f4xx_ll_usart.h ****   */
1143:Drivers/STM32F4xx_HAL_Driver/Inc/stm32f4xx_ll_usart.h **** __STATIC_INLINE uint32_t LL_USART_GetIrdaPowerMode(const USART_TypeDef *USARTx)
1144:Drivers/STM32F4xx_HAL_Driver/Inc/stm32f4xx_ll_usart.h **** {
1145:Drivers/STM32F4xx_HAL_Driver/Inc/stm32f4xx_ll_usart.h ****   return (uint32_t)(READ_BIT(USARTx->CR3, USART_CR3_IRLP));
1146:Drivers/STM32F4xx_HAL_Driver/Inc/stm32f4xx_ll_usart.h **** }
1147:Drivers/STM32F4xx_HAL_Driver/Inc/stm32f4xx_ll_usart.h **** 
1148:Drivers/STM32F4xx_HAL_Driver/Inc/stm32f4xx_ll_usart.h **** /**
1149:Drivers/STM32F4xx_HAL_Driver/Inc/stm32f4xx_ll_usart.h ****   * @brief  Set Irda prescaler value, used for dividing the USART clock source
1150:Drivers/STM32F4xx_HAL_Driver/Inc/stm32f4xx_ll_usart.h ****   *         to achieve the Irda Low Power frequency (8 bits value)
1151:Drivers/STM32F4xx_HAL_Driver/Inc/stm32f4xx_ll_usart.h ****   * @note   Macro IS_IRDA_INSTANCE(USARTx) can be used to check whether or not
1152:Drivers/STM32F4xx_HAL_Driver/Inc/stm32f4xx_ll_usart.h ****   *         IrDA feature is supported by the USARTx instance.
1153:Drivers/STM32F4xx_HAL_Driver/Inc/stm32f4xx_ll_usart.h ****   * @rmtoll GTPR         PSC           LL_USART_SetIrdaPrescaler
1154:Drivers/STM32F4xx_HAL_Driver/Inc/stm32f4xx_ll_usart.h ****   * @param  USARTx USART Instance
1155:Drivers/STM32F4xx_HAL_Driver/Inc/stm32f4xx_ll_usart.h ****   * @param  PrescalerValue Value between Min_Data=0x00 and Max_Data=0xFF
1156:Drivers/STM32F4xx_HAL_Driver/Inc/stm32f4xx_ll_usart.h ****   * @retval None
1157:Drivers/STM32F4xx_HAL_Driver/Inc/stm32f4xx_ll_usart.h ****   */
1158:Drivers/STM32F4xx_HAL_Driver/Inc/stm32f4xx_ll_usart.h **** __STATIC_INLINE void LL_USART_SetIrdaPrescaler(USART_TypeDef *USARTx, uint32_t PrescalerValue)
1159:Drivers/STM32F4xx_HAL_Driver/Inc/stm32f4xx_ll_usart.h **** {
1160:Drivers/STM32F4xx_HAL_Driver/Inc/stm32f4xx_ll_usart.h ****   MODIFY_REG(USARTx->GTPR, USART_GTPR_PSC, PrescalerValue);
1161:Drivers/STM32F4xx_HAL_Driver/Inc/stm32f4xx_ll_usart.h **** }
1162:Drivers/STM32F4xx_HAL_Driver/Inc/stm32f4xx_ll_usart.h **** 
1163:Drivers/STM32F4xx_HAL_Driver/Inc/stm32f4xx_ll_usart.h **** /**
1164:Drivers/STM32F4xx_HAL_Driver/Inc/stm32f4xx_ll_usart.h ****   * @brief  Return Irda prescaler value, used for dividing the USART clock source
1165:Drivers/STM32F4xx_HAL_Driver/Inc/stm32f4xx_ll_usart.h ****   *         to achieve the Irda Low Power frequency (8 bits value)
1166:Drivers/STM32F4xx_HAL_Driver/Inc/stm32f4xx_ll_usart.h ****   * @note   Macro IS_IRDA_INSTANCE(USARTx) can be used to check whether or not
1167:Drivers/STM32F4xx_HAL_Driver/Inc/stm32f4xx_ll_usart.h ****   *         IrDA feature is supported by the USARTx instance.
1168:Drivers/STM32F4xx_HAL_Driver/Inc/stm32f4xx_ll_usart.h ****   * @rmtoll GTPR         PSC           LL_USART_GetIrdaPrescaler
1169:Drivers/STM32F4xx_HAL_Driver/Inc/stm32f4xx_ll_usart.h ****   * @param  USARTx USART Instance
1170:Drivers/STM32F4xx_HAL_Driver/Inc/stm32f4xx_ll_usart.h ****   * @retval Irda prescaler value (Value between Min_Data=0x00 and Max_Data=0xFF)
1171:Drivers/STM32F4xx_HAL_Driver/Inc/stm32f4xx_ll_usart.h ****   */
1172:Drivers/STM32F4xx_HAL_Driver/Inc/stm32f4xx_ll_usart.h **** __STATIC_INLINE uint32_t LL_USART_GetIrdaPrescaler(const USART_TypeDef *USARTx)
1173:Drivers/STM32F4xx_HAL_Driver/Inc/stm32f4xx_ll_usart.h **** {
1174:Drivers/STM32F4xx_HAL_Driver/Inc/stm32f4xx_ll_usart.h ****   return (uint32_t)(READ_BIT(USARTx->GTPR, USART_GTPR_PSC));
1175:Drivers/STM32F4xx_HAL_Driver/Inc/stm32f4xx_ll_usart.h **** }
1176:Drivers/STM32F4xx_HAL_Driver/Inc/stm32f4xx_ll_usart.h **** 
1177:Drivers/STM32F4xx_HAL_Driver/Inc/stm32f4xx_ll_usart.h **** /**
1178:Drivers/STM32F4xx_HAL_Driver/Inc/stm32f4xx_ll_usart.h ****   * @}
1179:Drivers/STM32F4xx_HAL_Driver/Inc/stm32f4xx_ll_usart.h ****   */
1180:Drivers/STM32F4xx_HAL_Driver/Inc/stm32f4xx_ll_usart.h **** 
1181:Drivers/STM32F4xx_HAL_Driver/Inc/stm32f4xx_ll_usart.h **** /** @defgroup USART_LL_EF_Configuration_Smartcard Configuration functions related to Smartcard feat
1182:Drivers/STM32F4xx_HAL_Driver/Inc/stm32f4xx_ll_usart.h ****   * @{
1183:Drivers/STM32F4xx_HAL_Driver/Inc/stm32f4xx_ll_usart.h ****   */
1184:Drivers/STM32F4xx_HAL_Driver/Inc/stm32f4xx_ll_usart.h **** 
1185:Drivers/STM32F4xx_HAL_Driver/Inc/stm32f4xx_ll_usart.h **** /**
1186:Drivers/STM32F4xx_HAL_Driver/Inc/stm32f4xx_ll_usart.h ****   * @brief  Enable Smartcard NACK transmission
1187:Drivers/STM32F4xx_HAL_Driver/Inc/stm32f4xx_ll_usart.h ****   * @note   Macro IS_SMARTCARD_INSTANCE(USARTx) can be used to check whether or not
1188:Drivers/STM32F4xx_HAL_Driver/Inc/stm32f4xx_ll_usart.h ****   *         Smartcard feature is supported by the USARTx instance.
1189:Drivers/STM32F4xx_HAL_Driver/Inc/stm32f4xx_ll_usart.h ****   * @rmtoll CR3          NACK          LL_USART_EnableSmartcardNACK
1190:Drivers/STM32F4xx_HAL_Driver/Inc/stm32f4xx_ll_usart.h ****   * @param  USARTx USART Instance
ARM GAS  C:\Users\chris\AppData\Local\Temp\cchxBc72.s 			page 30


1191:Drivers/STM32F4xx_HAL_Driver/Inc/stm32f4xx_ll_usart.h ****   * @retval None
1192:Drivers/STM32F4xx_HAL_Driver/Inc/stm32f4xx_ll_usart.h ****   */
1193:Drivers/STM32F4xx_HAL_Driver/Inc/stm32f4xx_ll_usart.h **** __STATIC_INLINE void LL_USART_EnableSmartcardNACK(USART_TypeDef *USARTx)
1194:Drivers/STM32F4xx_HAL_Driver/Inc/stm32f4xx_ll_usart.h **** {
1195:Drivers/STM32F4xx_HAL_Driver/Inc/stm32f4xx_ll_usart.h ****   SET_BIT(USARTx->CR3, USART_CR3_NACK);
1196:Drivers/STM32F4xx_HAL_Driver/Inc/stm32f4xx_ll_usart.h **** }
1197:Drivers/STM32F4xx_HAL_Driver/Inc/stm32f4xx_ll_usart.h **** 
1198:Drivers/STM32F4xx_HAL_Driver/Inc/stm32f4xx_ll_usart.h **** /**
1199:Drivers/STM32F4xx_HAL_Driver/Inc/stm32f4xx_ll_usart.h ****   * @brief  Disable Smartcard NACK transmission
1200:Drivers/STM32F4xx_HAL_Driver/Inc/stm32f4xx_ll_usart.h ****   * @note   Macro IS_SMARTCARD_INSTANCE(USARTx) can be used to check whether or not
1201:Drivers/STM32F4xx_HAL_Driver/Inc/stm32f4xx_ll_usart.h ****   *         Smartcard feature is supported by the USARTx instance.
1202:Drivers/STM32F4xx_HAL_Driver/Inc/stm32f4xx_ll_usart.h ****   * @rmtoll CR3          NACK          LL_USART_DisableSmartcardNACK
1203:Drivers/STM32F4xx_HAL_Driver/Inc/stm32f4xx_ll_usart.h ****   * @param  USARTx USART Instance
1204:Drivers/STM32F4xx_HAL_Driver/Inc/stm32f4xx_ll_usart.h ****   * @retval None
1205:Drivers/STM32F4xx_HAL_Driver/Inc/stm32f4xx_ll_usart.h ****   */
1206:Drivers/STM32F4xx_HAL_Driver/Inc/stm32f4xx_ll_usart.h **** __STATIC_INLINE void LL_USART_DisableSmartcardNACK(USART_TypeDef *USARTx)
1207:Drivers/STM32F4xx_HAL_Driver/Inc/stm32f4xx_ll_usart.h **** {
1208:Drivers/STM32F4xx_HAL_Driver/Inc/stm32f4xx_ll_usart.h ****   CLEAR_BIT(USARTx->CR3, USART_CR3_NACK);
1209:Drivers/STM32F4xx_HAL_Driver/Inc/stm32f4xx_ll_usart.h **** }
1210:Drivers/STM32F4xx_HAL_Driver/Inc/stm32f4xx_ll_usart.h **** 
1211:Drivers/STM32F4xx_HAL_Driver/Inc/stm32f4xx_ll_usart.h **** /**
1212:Drivers/STM32F4xx_HAL_Driver/Inc/stm32f4xx_ll_usart.h ****   * @brief  Indicate if Smartcard NACK transmission is enabled
1213:Drivers/STM32F4xx_HAL_Driver/Inc/stm32f4xx_ll_usart.h ****   * @note   Macro IS_SMARTCARD_INSTANCE(USARTx) can be used to check whether or not
1214:Drivers/STM32F4xx_HAL_Driver/Inc/stm32f4xx_ll_usart.h ****   *         Smartcard feature is supported by the USARTx instance.
1215:Drivers/STM32F4xx_HAL_Driver/Inc/stm32f4xx_ll_usart.h ****   * @rmtoll CR3          NACK          LL_USART_IsEnabledSmartcardNACK
1216:Drivers/STM32F4xx_HAL_Driver/Inc/stm32f4xx_ll_usart.h ****   * @param  USARTx USART Instance
1217:Drivers/STM32F4xx_HAL_Driver/Inc/stm32f4xx_ll_usart.h ****   * @retval State of bit (1 or 0).
1218:Drivers/STM32F4xx_HAL_Driver/Inc/stm32f4xx_ll_usart.h ****   */
1219:Drivers/STM32F4xx_HAL_Driver/Inc/stm32f4xx_ll_usart.h **** __STATIC_INLINE uint32_t LL_USART_IsEnabledSmartcardNACK(const USART_TypeDef *USARTx)
1220:Drivers/STM32F4xx_HAL_Driver/Inc/stm32f4xx_ll_usart.h **** {
1221:Drivers/STM32F4xx_HAL_Driver/Inc/stm32f4xx_ll_usart.h ****   return (READ_BIT(USARTx->CR3, USART_CR3_NACK) == (USART_CR3_NACK));
1222:Drivers/STM32F4xx_HAL_Driver/Inc/stm32f4xx_ll_usart.h **** }
1223:Drivers/STM32F4xx_HAL_Driver/Inc/stm32f4xx_ll_usart.h **** 
1224:Drivers/STM32F4xx_HAL_Driver/Inc/stm32f4xx_ll_usart.h **** /**
1225:Drivers/STM32F4xx_HAL_Driver/Inc/stm32f4xx_ll_usart.h ****   * @brief  Enable Smartcard mode
1226:Drivers/STM32F4xx_HAL_Driver/Inc/stm32f4xx_ll_usart.h ****   * @note   Macro IS_SMARTCARD_INSTANCE(USARTx) can be used to check whether or not
1227:Drivers/STM32F4xx_HAL_Driver/Inc/stm32f4xx_ll_usart.h ****   *         Smartcard feature is supported by the USARTx instance.
1228:Drivers/STM32F4xx_HAL_Driver/Inc/stm32f4xx_ll_usart.h ****   * @rmtoll CR3          SCEN          LL_USART_EnableSmartcard
1229:Drivers/STM32F4xx_HAL_Driver/Inc/stm32f4xx_ll_usart.h ****   * @param  USARTx USART Instance
1230:Drivers/STM32F4xx_HAL_Driver/Inc/stm32f4xx_ll_usart.h ****   * @retval None
1231:Drivers/STM32F4xx_HAL_Driver/Inc/stm32f4xx_ll_usart.h ****   */
1232:Drivers/STM32F4xx_HAL_Driver/Inc/stm32f4xx_ll_usart.h **** __STATIC_INLINE void LL_USART_EnableSmartcard(USART_TypeDef *USARTx)
1233:Drivers/STM32F4xx_HAL_Driver/Inc/stm32f4xx_ll_usart.h **** {
1234:Drivers/STM32F4xx_HAL_Driver/Inc/stm32f4xx_ll_usart.h ****   SET_BIT(USARTx->CR3, USART_CR3_SCEN);
1235:Drivers/STM32F4xx_HAL_Driver/Inc/stm32f4xx_ll_usart.h **** }
1236:Drivers/STM32F4xx_HAL_Driver/Inc/stm32f4xx_ll_usart.h **** 
1237:Drivers/STM32F4xx_HAL_Driver/Inc/stm32f4xx_ll_usart.h **** /**
1238:Drivers/STM32F4xx_HAL_Driver/Inc/stm32f4xx_ll_usart.h ****   * @brief  Disable Smartcard mode
1239:Drivers/STM32F4xx_HAL_Driver/Inc/stm32f4xx_ll_usart.h ****   * @note   Macro IS_SMARTCARD_INSTANCE(USARTx) can be used to check whether or not
1240:Drivers/STM32F4xx_HAL_Driver/Inc/stm32f4xx_ll_usart.h ****   *         Smartcard feature is supported by the USARTx instance.
1241:Drivers/STM32F4xx_HAL_Driver/Inc/stm32f4xx_ll_usart.h ****   * @rmtoll CR3          SCEN          LL_USART_DisableSmartcard
1242:Drivers/STM32F4xx_HAL_Driver/Inc/stm32f4xx_ll_usart.h ****   * @param  USARTx USART Instance
1243:Drivers/STM32F4xx_HAL_Driver/Inc/stm32f4xx_ll_usart.h ****   * @retval None
1244:Drivers/STM32F4xx_HAL_Driver/Inc/stm32f4xx_ll_usart.h ****   */
1245:Drivers/STM32F4xx_HAL_Driver/Inc/stm32f4xx_ll_usart.h **** __STATIC_INLINE void LL_USART_DisableSmartcard(USART_TypeDef *USARTx)
1246:Drivers/STM32F4xx_HAL_Driver/Inc/stm32f4xx_ll_usart.h **** {
1247:Drivers/STM32F4xx_HAL_Driver/Inc/stm32f4xx_ll_usart.h ****   CLEAR_BIT(USARTx->CR3, USART_CR3_SCEN);
ARM GAS  C:\Users\chris\AppData\Local\Temp\cchxBc72.s 			page 31


1248:Drivers/STM32F4xx_HAL_Driver/Inc/stm32f4xx_ll_usart.h **** }
1249:Drivers/STM32F4xx_HAL_Driver/Inc/stm32f4xx_ll_usart.h **** 
1250:Drivers/STM32F4xx_HAL_Driver/Inc/stm32f4xx_ll_usart.h **** /**
1251:Drivers/STM32F4xx_HAL_Driver/Inc/stm32f4xx_ll_usart.h ****   * @brief  Indicate if Smartcard mode is enabled
1252:Drivers/STM32F4xx_HAL_Driver/Inc/stm32f4xx_ll_usart.h ****   * @note   Macro IS_SMARTCARD_INSTANCE(USARTx) can be used to check whether or not
1253:Drivers/STM32F4xx_HAL_Driver/Inc/stm32f4xx_ll_usart.h ****   *         Smartcard feature is supported by the USARTx instance.
1254:Drivers/STM32F4xx_HAL_Driver/Inc/stm32f4xx_ll_usart.h ****   * @rmtoll CR3          SCEN          LL_USART_IsEnabledSmartcard
1255:Drivers/STM32F4xx_HAL_Driver/Inc/stm32f4xx_ll_usart.h ****   * @param  USARTx USART Instance
1256:Drivers/STM32F4xx_HAL_Driver/Inc/stm32f4xx_ll_usart.h ****   * @retval State of bit (1 or 0).
1257:Drivers/STM32F4xx_HAL_Driver/Inc/stm32f4xx_ll_usart.h ****   */
1258:Drivers/STM32F4xx_HAL_Driver/Inc/stm32f4xx_ll_usart.h **** __STATIC_INLINE uint32_t LL_USART_IsEnabledSmartcard(const USART_TypeDef *USARTx)
1259:Drivers/STM32F4xx_HAL_Driver/Inc/stm32f4xx_ll_usart.h **** {
1260:Drivers/STM32F4xx_HAL_Driver/Inc/stm32f4xx_ll_usart.h ****   return (READ_BIT(USARTx->CR3, USART_CR3_SCEN) == (USART_CR3_SCEN));
1261:Drivers/STM32F4xx_HAL_Driver/Inc/stm32f4xx_ll_usart.h **** }
1262:Drivers/STM32F4xx_HAL_Driver/Inc/stm32f4xx_ll_usart.h **** 
1263:Drivers/STM32F4xx_HAL_Driver/Inc/stm32f4xx_ll_usart.h **** /**
1264:Drivers/STM32F4xx_HAL_Driver/Inc/stm32f4xx_ll_usart.h ****   * @brief  Set Smartcard prescaler value, used for dividing the USART clock
1265:Drivers/STM32F4xx_HAL_Driver/Inc/stm32f4xx_ll_usart.h ****   *         source to provide the SMARTCARD Clock (5 bits value)
1266:Drivers/STM32F4xx_HAL_Driver/Inc/stm32f4xx_ll_usart.h ****   * @note   Macro IS_SMARTCARD_INSTANCE(USARTx) can be used to check whether or not
1267:Drivers/STM32F4xx_HAL_Driver/Inc/stm32f4xx_ll_usart.h ****   *         Smartcard feature is supported by the USARTx instance.
1268:Drivers/STM32F4xx_HAL_Driver/Inc/stm32f4xx_ll_usart.h ****   * @rmtoll GTPR         PSC           LL_USART_SetSmartcardPrescaler
1269:Drivers/STM32F4xx_HAL_Driver/Inc/stm32f4xx_ll_usart.h ****   * @param  USARTx USART Instance
1270:Drivers/STM32F4xx_HAL_Driver/Inc/stm32f4xx_ll_usart.h ****   * @param  PrescalerValue Value between Min_Data=0 and Max_Data=31
1271:Drivers/STM32F4xx_HAL_Driver/Inc/stm32f4xx_ll_usart.h ****   * @retval None
1272:Drivers/STM32F4xx_HAL_Driver/Inc/stm32f4xx_ll_usart.h ****   */
1273:Drivers/STM32F4xx_HAL_Driver/Inc/stm32f4xx_ll_usart.h **** __STATIC_INLINE void LL_USART_SetSmartcardPrescaler(USART_TypeDef *USARTx, uint32_t PrescalerValue)
1274:Drivers/STM32F4xx_HAL_Driver/Inc/stm32f4xx_ll_usart.h **** {
1275:Drivers/STM32F4xx_HAL_Driver/Inc/stm32f4xx_ll_usart.h ****   MODIFY_REG(USARTx->GTPR, USART_GTPR_PSC, PrescalerValue);
1276:Drivers/STM32F4xx_HAL_Driver/Inc/stm32f4xx_ll_usart.h **** }
1277:Drivers/STM32F4xx_HAL_Driver/Inc/stm32f4xx_ll_usart.h **** 
1278:Drivers/STM32F4xx_HAL_Driver/Inc/stm32f4xx_ll_usart.h **** /**
1279:Drivers/STM32F4xx_HAL_Driver/Inc/stm32f4xx_ll_usart.h ****   * @brief  Return Smartcard prescaler value, used for dividing the USART clock
1280:Drivers/STM32F4xx_HAL_Driver/Inc/stm32f4xx_ll_usart.h ****   *         source to provide the SMARTCARD Clock (5 bits value)
1281:Drivers/STM32F4xx_HAL_Driver/Inc/stm32f4xx_ll_usart.h ****   * @note   Macro IS_SMARTCARD_INSTANCE(USARTx) can be used to check whether or not
1282:Drivers/STM32F4xx_HAL_Driver/Inc/stm32f4xx_ll_usart.h ****   *         Smartcard feature is supported by the USARTx instance.
1283:Drivers/STM32F4xx_HAL_Driver/Inc/stm32f4xx_ll_usart.h ****   * @rmtoll GTPR         PSC           LL_USART_GetSmartcardPrescaler
1284:Drivers/STM32F4xx_HAL_Driver/Inc/stm32f4xx_ll_usart.h ****   * @param  USARTx USART Instance
1285:Drivers/STM32F4xx_HAL_Driver/Inc/stm32f4xx_ll_usart.h ****   * @retval Smartcard prescaler value (Value between Min_Data=0 and Max_Data=31)
1286:Drivers/STM32F4xx_HAL_Driver/Inc/stm32f4xx_ll_usart.h ****   */
1287:Drivers/STM32F4xx_HAL_Driver/Inc/stm32f4xx_ll_usart.h **** __STATIC_INLINE uint32_t LL_USART_GetSmartcardPrescaler(const USART_TypeDef *USARTx)
1288:Drivers/STM32F4xx_HAL_Driver/Inc/stm32f4xx_ll_usart.h **** {
1289:Drivers/STM32F4xx_HAL_Driver/Inc/stm32f4xx_ll_usart.h ****   return (uint32_t)(READ_BIT(USARTx->GTPR, USART_GTPR_PSC));
1290:Drivers/STM32F4xx_HAL_Driver/Inc/stm32f4xx_ll_usart.h **** }
1291:Drivers/STM32F4xx_HAL_Driver/Inc/stm32f4xx_ll_usart.h **** 
1292:Drivers/STM32F4xx_HAL_Driver/Inc/stm32f4xx_ll_usart.h **** /**
1293:Drivers/STM32F4xx_HAL_Driver/Inc/stm32f4xx_ll_usart.h ****   * @brief  Set Smartcard Guard time value, expressed in nb of baud clocks periods
1294:Drivers/STM32F4xx_HAL_Driver/Inc/stm32f4xx_ll_usart.h ****   *         (GT[7:0] bits : Guard time value)
1295:Drivers/STM32F4xx_HAL_Driver/Inc/stm32f4xx_ll_usart.h ****   * @note   Macro IS_SMARTCARD_INSTANCE(USARTx) can be used to check whether or not
1296:Drivers/STM32F4xx_HAL_Driver/Inc/stm32f4xx_ll_usart.h ****   *         Smartcard feature is supported by the USARTx instance.
1297:Drivers/STM32F4xx_HAL_Driver/Inc/stm32f4xx_ll_usart.h ****   * @rmtoll GTPR         GT            LL_USART_SetSmartcardGuardTime
1298:Drivers/STM32F4xx_HAL_Driver/Inc/stm32f4xx_ll_usart.h ****   * @param  USARTx USART Instance
1299:Drivers/STM32F4xx_HAL_Driver/Inc/stm32f4xx_ll_usart.h ****   * @param  GuardTime Value between Min_Data=0x00 and Max_Data=0xFF
1300:Drivers/STM32F4xx_HAL_Driver/Inc/stm32f4xx_ll_usart.h ****   * @retval None
1301:Drivers/STM32F4xx_HAL_Driver/Inc/stm32f4xx_ll_usart.h ****   */
1302:Drivers/STM32F4xx_HAL_Driver/Inc/stm32f4xx_ll_usart.h **** __STATIC_INLINE void LL_USART_SetSmartcardGuardTime(USART_TypeDef *USARTx, uint32_t GuardTime)
1303:Drivers/STM32F4xx_HAL_Driver/Inc/stm32f4xx_ll_usart.h **** {
1304:Drivers/STM32F4xx_HAL_Driver/Inc/stm32f4xx_ll_usart.h ****   MODIFY_REG(USARTx->GTPR, USART_GTPR_GT, GuardTime << USART_POSITION_GTPR_GT);
ARM GAS  C:\Users\chris\AppData\Local\Temp\cchxBc72.s 			page 32


1305:Drivers/STM32F4xx_HAL_Driver/Inc/stm32f4xx_ll_usart.h **** }
1306:Drivers/STM32F4xx_HAL_Driver/Inc/stm32f4xx_ll_usart.h **** 
1307:Drivers/STM32F4xx_HAL_Driver/Inc/stm32f4xx_ll_usart.h **** /**
1308:Drivers/STM32F4xx_HAL_Driver/Inc/stm32f4xx_ll_usart.h ****   * @brief  Return Smartcard Guard time value, expressed in nb of baud clocks periods
1309:Drivers/STM32F4xx_HAL_Driver/Inc/stm32f4xx_ll_usart.h ****   *         (GT[7:0] bits : Guard time value)
1310:Drivers/STM32F4xx_HAL_Driver/Inc/stm32f4xx_ll_usart.h ****   * @note   Macro IS_SMARTCARD_INSTANCE(USARTx) can be used to check whether or not
1311:Drivers/STM32F4xx_HAL_Driver/Inc/stm32f4xx_ll_usart.h ****   *         Smartcard feature is supported by the USARTx instance.
1312:Drivers/STM32F4xx_HAL_Driver/Inc/stm32f4xx_ll_usart.h ****   * @rmtoll GTPR         GT            LL_USART_GetSmartcardGuardTime
1313:Drivers/STM32F4xx_HAL_Driver/Inc/stm32f4xx_ll_usart.h ****   * @param  USARTx USART Instance
1314:Drivers/STM32F4xx_HAL_Driver/Inc/stm32f4xx_ll_usart.h ****   * @retval Smartcard Guard time value (Value between Min_Data=0x00 and Max_Data=0xFF)
1315:Drivers/STM32F4xx_HAL_Driver/Inc/stm32f4xx_ll_usart.h ****   */
1316:Drivers/STM32F4xx_HAL_Driver/Inc/stm32f4xx_ll_usart.h **** __STATIC_INLINE uint32_t LL_USART_GetSmartcardGuardTime(const USART_TypeDef *USARTx)
1317:Drivers/STM32F4xx_HAL_Driver/Inc/stm32f4xx_ll_usart.h **** {
1318:Drivers/STM32F4xx_HAL_Driver/Inc/stm32f4xx_ll_usart.h ****   return (uint32_t)(READ_BIT(USARTx->GTPR, USART_GTPR_GT) >> USART_POSITION_GTPR_GT);
1319:Drivers/STM32F4xx_HAL_Driver/Inc/stm32f4xx_ll_usart.h **** }
1320:Drivers/STM32F4xx_HAL_Driver/Inc/stm32f4xx_ll_usart.h **** 
1321:Drivers/STM32F4xx_HAL_Driver/Inc/stm32f4xx_ll_usart.h **** /**
1322:Drivers/STM32F4xx_HAL_Driver/Inc/stm32f4xx_ll_usart.h ****   * @}
1323:Drivers/STM32F4xx_HAL_Driver/Inc/stm32f4xx_ll_usart.h ****   */
1324:Drivers/STM32F4xx_HAL_Driver/Inc/stm32f4xx_ll_usart.h **** 
1325:Drivers/STM32F4xx_HAL_Driver/Inc/stm32f4xx_ll_usart.h **** /** @defgroup USART_LL_EF_Configuration_HalfDuplex Configuration functions related to Half Duplex f
1326:Drivers/STM32F4xx_HAL_Driver/Inc/stm32f4xx_ll_usart.h ****   * @{
1327:Drivers/STM32F4xx_HAL_Driver/Inc/stm32f4xx_ll_usart.h ****   */
1328:Drivers/STM32F4xx_HAL_Driver/Inc/stm32f4xx_ll_usart.h **** 
1329:Drivers/STM32F4xx_HAL_Driver/Inc/stm32f4xx_ll_usart.h **** /**
1330:Drivers/STM32F4xx_HAL_Driver/Inc/stm32f4xx_ll_usart.h ****   * @brief  Enable Single Wire Half-Duplex mode
1331:Drivers/STM32F4xx_HAL_Driver/Inc/stm32f4xx_ll_usart.h ****   * @note   Macro IS_UART_HALFDUPLEX_INSTANCE(USARTx) can be used to check whether or not
1332:Drivers/STM32F4xx_HAL_Driver/Inc/stm32f4xx_ll_usart.h ****   *         Half-Duplex mode is supported by the USARTx instance.
1333:Drivers/STM32F4xx_HAL_Driver/Inc/stm32f4xx_ll_usart.h ****   * @rmtoll CR3          HDSEL         LL_USART_EnableHalfDuplex
1334:Drivers/STM32F4xx_HAL_Driver/Inc/stm32f4xx_ll_usart.h ****   * @param  USARTx USART Instance
1335:Drivers/STM32F4xx_HAL_Driver/Inc/stm32f4xx_ll_usart.h ****   * @retval None
1336:Drivers/STM32F4xx_HAL_Driver/Inc/stm32f4xx_ll_usart.h ****   */
1337:Drivers/STM32F4xx_HAL_Driver/Inc/stm32f4xx_ll_usart.h **** __STATIC_INLINE void LL_USART_EnableHalfDuplex(USART_TypeDef *USARTx)
1338:Drivers/STM32F4xx_HAL_Driver/Inc/stm32f4xx_ll_usart.h **** {
1339:Drivers/STM32F4xx_HAL_Driver/Inc/stm32f4xx_ll_usart.h ****   SET_BIT(USARTx->CR3, USART_CR3_HDSEL);
1340:Drivers/STM32F4xx_HAL_Driver/Inc/stm32f4xx_ll_usart.h **** }
1341:Drivers/STM32F4xx_HAL_Driver/Inc/stm32f4xx_ll_usart.h **** 
1342:Drivers/STM32F4xx_HAL_Driver/Inc/stm32f4xx_ll_usart.h **** /**
1343:Drivers/STM32F4xx_HAL_Driver/Inc/stm32f4xx_ll_usart.h ****   * @brief  Disable Single Wire Half-Duplex mode
1344:Drivers/STM32F4xx_HAL_Driver/Inc/stm32f4xx_ll_usart.h ****   * @note   Macro IS_UART_HALFDUPLEX_INSTANCE(USARTx) can be used to check whether or not
1345:Drivers/STM32F4xx_HAL_Driver/Inc/stm32f4xx_ll_usart.h ****   *         Half-Duplex mode is supported by the USARTx instance.
1346:Drivers/STM32F4xx_HAL_Driver/Inc/stm32f4xx_ll_usart.h ****   * @rmtoll CR3          HDSEL         LL_USART_DisableHalfDuplex
1347:Drivers/STM32F4xx_HAL_Driver/Inc/stm32f4xx_ll_usart.h ****   * @param  USARTx USART Instance
1348:Drivers/STM32F4xx_HAL_Driver/Inc/stm32f4xx_ll_usart.h ****   * @retval None
1349:Drivers/STM32F4xx_HAL_Driver/Inc/stm32f4xx_ll_usart.h ****   */
1350:Drivers/STM32F4xx_HAL_Driver/Inc/stm32f4xx_ll_usart.h **** __STATIC_INLINE void LL_USART_DisableHalfDuplex(USART_TypeDef *USARTx)
1351:Drivers/STM32F4xx_HAL_Driver/Inc/stm32f4xx_ll_usart.h **** {
1352:Drivers/STM32F4xx_HAL_Driver/Inc/stm32f4xx_ll_usart.h ****   CLEAR_BIT(USARTx->CR3, USART_CR3_HDSEL);
1353:Drivers/STM32F4xx_HAL_Driver/Inc/stm32f4xx_ll_usart.h **** }
1354:Drivers/STM32F4xx_HAL_Driver/Inc/stm32f4xx_ll_usart.h **** 
1355:Drivers/STM32F4xx_HAL_Driver/Inc/stm32f4xx_ll_usart.h **** /**
1356:Drivers/STM32F4xx_HAL_Driver/Inc/stm32f4xx_ll_usart.h ****   * @brief  Indicate if Single Wire Half-Duplex mode is enabled
1357:Drivers/STM32F4xx_HAL_Driver/Inc/stm32f4xx_ll_usart.h ****   * @note   Macro IS_UART_HALFDUPLEX_INSTANCE(USARTx) can be used to check whether or not
1358:Drivers/STM32F4xx_HAL_Driver/Inc/stm32f4xx_ll_usart.h ****   *         Half-Duplex mode is supported by the USARTx instance.
1359:Drivers/STM32F4xx_HAL_Driver/Inc/stm32f4xx_ll_usart.h ****   * @rmtoll CR3          HDSEL         LL_USART_IsEnabledHalfDuplex
1360:Drivers/STM32F4xx_HAL_Driver/Inc/stm32f4xx_ll_usart.h ****   * @param  USARTx USART Instance
1361:Drivers/STM32F4xx_HAL_Driver/Inc/stm32f4xx_ll_usart.h ****   * @retval State of bit (1 or 0).
ARM GAS  C:\Users\chris\AppData\Local\Temp\cchxBc72.s 			page 33


1362:Drivers/STM32F4xx_HAL_Driver/Inc/stm32f4xx_ll_usart.h ****   */
1363:Drivers/STM32F4xx_HAL_Driver/Inc/stm32f4xx_ll_usart.h **** __STATIC_INLINE uint32_t LL_USART_IsEnabledHalfDuplex(const USART_TypeDef *USARTx)
1364:Drivers/STM32F4xx_HAL_Driver/Inc/stm32f4xx_ll_usart.h **** {
1365:Drivers/STM32F4xx_HAL_Driver/Inc/stm32f4xx_ll_usart.h ****   return (READ_BIT(USARTx->CR3, USART_CR3_HDSEL) == (USART_CR3_HDSEL));
1366:Drivers/STM32F4xx_HAL_Driver/Inc/stm32f4xx_ll_usart.h **** }
1367:Drivers/STM32F4xx_HAL_Driver/Inc/stm32f4xx_ll_usart.h **** 
1368:Drivers/STM32F4xx_HAL_Driver/Inc/stm32f4xx_ll_usart.h **** /**
1369:Drivers/STM32F4xx_HAL_Driver/Inc/stm32f4xx_ll_usart.h ****   * @}
1370:Drivers/STM32F4xx_HAL_Driver/Inc/stm32f4xx_ll_usart.h ****   */
1371:Drivers/STM32F4xx_HAL_Driver/Inc/stm32f4xx_ll_usart.h **** 
1372:Drivers/STM32F4xx_HAL_Driver/Inc/stm32f4xx_ll_usart.h **** /** @defgroup USART_LL_EF_Configuration_LIN Configuration functions related to LIN feature
1373:Drivers/STM32F4xx_HAL_Driver/Inc/stm32f4xx_ll_usart.h ****   * @{
1374:Drivers/STM32F4xx_HAL_Driver/Inc/stm32f4xx_ll_usart.h ****   */
1375:Drivers/STM32F4xx_HAL_Driver/Inc/stm32f4xx_ll_usart.h **** 
1376:Drivers/STM32F4xx_HAL_Driver/Inc/stm32f4xx_ll_usart.h **** /**
1377:Drivers/STM32F4xx_HAL_Driver/Inc/stm32f4xx_ll_usart.h ****   * @brief  Set LIN Break Detection Length
1378:Drivers/STM32F4xx_HAL_Driver/Inc/stm32f4xx_ll_usart.h ****   * @note   Macro IS_UART_LIN_INSTANCE(USARTx) can be used to check whether or not
1379:Drivers/STM32F4xx_HAL_Driver/Inc/stm32f4xx_ll_usart.h ****   *         LIN feature is supported by the USARTx instance.
1380:Drivers/STM32F4xx_HAL_Driver/Inc/stm32f4xx_ll_usart.h ****   * @rmtoll CR2          LBDL          LL_USART_SetLINBrkDetectionLen
1381:Drivers/STM32F4xx_HAL_Driver/Inc/stm32f4xx_ll_usart.h ****   * @param  USARTx USART Instance
1382:Drivers/STM32F4xx_HAL_Driver/Inc/stm32f4xx_ll_usart.h ****   * @param  LINBDLength This parameter can be one of the following values:
1383:Drivers/STM32F4xx_HAL_Driver/Inc/stm32f4xx_ll_usart.h ****   *         @arg @ref LL_USART_LINBREAK_DETECT_10B
1384:Drivers/STM32F4xx_HAL_Driver/Inc/stm32f4xx_ll_usart.h ****   *         @arg @ref LL_USART_LINBREAK_DETECT_11B
1385:Drivers/STM32F4xx_HAL_Driver/Inc/stm32f4xx_ll_usart.h ****   * @retval None
1386:Drivers/STM32F4xx_HAL_Driver/Inc/stm32f4xx_ll_usart.h ****   */
1387:Drivers/STM32F4xx_HAL_Driver/Inc/stm32f4xx_ll_usart.h **** __STATIC_INLINE void LL_USART_SetLINBrkDetectionLen(USART_TypeDef *USARTx, uint32_t LINBDLength)
1388:Drivers/STM32F4xx_HAL_Driver/Inc/stm32f4xx_ll_usart.h **** {
1389:Drivers/STM32F4xx_HAL_Driver/Inc/stm32f4xx_ll_usart.h ****   MODIFY_REG(USARTx->CR2, USART_CR2_LBDL, LINBDLength);
1390:Drivers/STM32F4xx_HAL_Driver/Inc/stm32f4xx_ll_usart.h **** }
1391:Drivers/STM32F4xx_HAL_Driver/Inc/stm32f4xx_ll_usart.h **** 
1392:Drivers/STM32F4xx_HAL_Driver/Inc/stm32f4xx_ll_usart.h **** /**
1393:Drivers/STM32F4xx_HAL_Driver/Inc/stm32f4xx_ll_usart.h ****   * @brief  Return LIN Break Detection Length
1394:Drivers/STM32F4xx_HAL_Driver/Inc/stm32f4xx_ll_usart.h ****   * @note   Macro IS_UART_LIN_INSTANCE(USARTx) can be used to check whether or not
1395:Drivers/STM32F4xx_HAL_Driver/Inc/stm32f4xx_ll_usart.h ****   *         LIN feature is supported by the USARTx instance.
1396:Drivers/STM32F4xx_HAL_Driver/Inc/stm32f4xx_ll_usart.h ****   * @rmtoll CR2          LBDL          LL_USART_GetLINBrkDetectionLen
1397:Drivers/STM32F4xx_HAL_Driver/Inc/stm32f4xx_ll_usart.h ****   * @param  USARTx USART Instance
1398:Drivers/STM32F4xx_HAL_Driver/Inc/stm32f4xx_ll_usart.h ****   * @retval Returned value can be one of the following values:
1399:Drivers/STM32F4xx_HAL_Driver/Inc/stm32f4xx_ll_usart.h ****   *         @arg @ref LL_USART_LINBREAK_DETECT_10B
1400:Drivers/STM32F4xx_HAL_Driver/Inc/stm32f4xx_ll_usart.h ****   *         @arg @ref LL_USART_LINBREAK_DETECT_11B
1401:Drivers/STM32F4xx_HAL_Driver/Inc/stm32f4xx_ll_usart.h ****   */
1402:Drivers/STM32F4xx_HAL_Driver/Inc/stm32f4xx_ll_usart.h **** __STATIC_INLINE uint32_t LL_USART_GetLINBrkDetectionLen(const USART_TypeDef *USARTx)
1403:Drivers/STM32F4xx_HAL_Driver/Inc/stm32f4xx_ll_usart.h **** {
1404:Drivers/STM32F4xx_HAL_Driver/Inc/stm32f4xx_ll_usart.h ****   return (uint32_t)(READ_BIT(USARTx->CR2, USART_CR2_LBDL));
1405:Drivers/STM32F4xx_HAL_Driver/Inc/stm32f4xx_ll_usart.h **** }
1406:Drivers/STM32F4xx_HAL_Driver/Inc/stm32f4xx_ll_usart.h **** 
1407:Drivers/STM32F4xx_HAL_Driver/Inc/stm32f4xx_ll_usart.h **** /**
1408:Drivers/STM32F4xx_HAL_Driver/Inc/stm32f4xx_ll_usart.h ****   * @brief  Enable LIN mode
1409:Drivers/STM32F4xx_HAL_Driver/Inc/stm32f4xx_ll_usart.h ****   * @note   Macro IS_UART_LIN_INSTANCE(USARTx) can be used to check whether or not
1410:Drivers/STM32F4xx_HAL_Driver/Inc/stm32f4xx_ll_usart.h ****   *         LIN feature is supported by the USARTx instance.
1411:Drivers/STM32F4xx_HAL_Driver/Inc/stm32f4xx_ll_usart.h ****   * @rmtoll CR2          LINEN         LL_USART_EnableLIN
1412:Drivers/STM32F4xx_HAL_Driver/Inc/stm32f4xx_ll_usart.h ****   * @param  USARTx USART Instance
1413:Drivers/STM32F4xx_HAL_Driver/Inc/stm32f4xx_ll_usart.h ****   * @retval None
1414:Drivers/STM32F4xx_HAL_Driver/Inc/stm32f4xx_ll_usart.h ****   */
1415:Drivers/STM32F4xx_HAL_Driver/Inc/stm32f4xx_ll_usart.h **** __STATIC_INLINE void LL_USART_EnableLIN(USART_TypeDef *USARTx)
1416:Drivers/STM32F4xx_HAL_Driver/Inc/stm32f4xx_ll_usart.h **** {
1417:Drivers/STM32F4xx_HAL_Driver/Inc/stm32f4xx_ll_usart.h ****   SET_BIT(USARTx->CR2, USART_CR2_LINEN);
1418:Drivers/STM32F4xx_HAL_Driver/Inc/stm32f4xx_ll_usart.h **** }
ARM GAS  C:\Users\chris\AppData\Local\Temp\cchxBc72.s 			page 34


1419:Drivers/STM32F4xx_HAL_Driver/Inc/stm32f4xx_ll_usart.h **** 
1420:Drivers/STM32F4xx_HAL_Driver/Inc/stm32f4xx_ll_usart.h **** /**
1421:Drivers/STM32F4xx_HAL_Driver/Inc/stm32f4xx_ll_usart.h ****   * @brief  Disable LIN mode
1422:Drivers/STM32F4xx_HAL_Driver/Inc/stm32f4xx_ll_usart.h ****   * @note   Macro IS_UART_LIN_INSTANCE(USARTx) can be used to check whether or not
1423:Drivers/STM32F4xx_HAL_Driver/Inc/stm32f4xx_ll_usart.h ****   *         LIN feature is supported by the USARTx instance.
1424:Drivers/STM32F4xx_HAL_Driver/Inc/stm32f4xx_ll_usart.h ****   * @rmtoll CR2          LINEN         LL_USART_DisableLIN
1425:Drivers/STM32F4xx_HAL_Driver/Inc/stm32f4xx_ll_usart.h ****   * @param  USARTx USART Instance
1426:Drivers/STM32F4xx_HAL_Driver/Inc/stm32f4xx_ll_usart.h ****   * @retval None
1427:Drivers/STM32F4xx_HAL_Driver/Inc/stm32f4xx_ll_usart.h ****   */
1428:Drivers/STM32F4xx_HAL_Driver/Inc/stm32f4xx_ll_usart.h **** __STATIC_INLINE void LL_USART_DisableLIN(USART_TypeDef *USARTx)
1429:Drivers/STM32F4xx_HAL_Driver/Inc/stm32f4xx_ll_usart.h **** {
1430:Drivers/STM32F4xx_HAL_Driver/Inc/stm32f4xx_ll_usart.h ****   CLEAR_BIT(USARTx->CR2, USART_CR2_LINEN);
1431:Drivers/STM32F4xx_HAL_Driver/Inc/stm32f4xx_ll_usart.h **** }
1432:Drivers/STM32F4xx_HAL_Driver/Inc/stm32f4xx_ll_usart.h **** 
1433:Drivers/STM32F4xx_HAL_Driver/Inc/stm32f4xx_ll_usart.h **** /**
1434:Drivers/STM32F4xx_HAL_Driver/Inc/stm32f4xx_ll_usart.h ****   * @brief  Indicate if LIN mode is enabled
1435:Drivers/STM32F4xx_HAL_Driver/Inc/stm32f4xx_ll_usart.h ****   * @note   Macro IS_UART_LIN_INSTANCE(USARTx) can be used to check whether or not
1436:Drivers/STM32F4xx_HAL_Driver/Inc/stm32f4xx_ll_usart.h ****   *         LIN feature is supported by the USARTx instance.
1437:Drivers/STM32F4xx_HAL_Driver/Inc/stm32f4xx_ll_usart.h ****   * @rmtoll CR2          LINEN         LL_USART_IsEnabledLIN
1438:Drivers/STM32F4xx_HAL_Driver/Inc/stm32f4xx_ll_usart.h ****   * @param  USARTx USART Instance
1439:Drivers/STM32F4xx_HAL_Driver/Inc/stm32f4xx_ll_usart.h ****   * @retval State of bit (1 or 0).
1440:Drivers/STM32F4xx_HAL_Driver/Inc/stm32f4xx_ll_usart.h ****   */
1441:Drivers/STM32F4xx_HAL_Driver/Inc/stm32f4xx_ll_usart.h **** __STATIC_INLINE uint32_t LL_USART_IsEnabledLIN(const USART_TypeDef *USARTx)
1442:Drivers/STM32F4xx_HAL_Driver/Inc/stm32f4xx_ll_usart.h **** {
1443:Drivers/STM32F4xx_HAL_Driver/Inc/stm32f4xx_ll_usart.h ****   return (READ_BIT(USARTx->CR2, USART_CR2_LINEN) == (USART_CR2_LINEN));
1444:Drivers/STM32F4xx_HAL_Driver/Inc/stm32f4xx_ll_usart.h **** }
1445:Drivers/STM32F4xx_HAL_Driver/Inc/stm32f4xx_ll_usart.h **** 
1446:Drivers/STM32F4xx_HAL_Driver/Inc/stm32f4xx_ll_usart.h **** /**
1447:Drivers/STM32F4xx_HAL_Driver/Inc/stm32f4xx_ll_usart.h ****   * @}
1448:Drivers/STM32F4xx_HAL_Driver/Inc/stm32f4xx_ll_usart.h ****   */
1449:Drivers/STM32F4xx_HAL_Driver/Inc/stm32f4xx_ll_usart.h **** 
1450:Drivers/STM32F4xx_HAL_Driver/Inc/stm32f4xx_ll_usart.h **** /** @defgroup USART_LL_EF_AdvancedConfiguration Advanced Configurations services
1451:Drivers/STM32F4xx_HAL_Driver/Inc/stm32f4xx_ll_usart.h ****   * @{
1452:Drivers/STM32F4xx_HAL_Driver/Inc/stm32f4xx_ll_usart.h ****   */
1453:Drivers/STM32F4xx_HAL_Driver/Inc/stm32f4xx_ll_usart.h **** 
1454:Drivers/STM32F4xx_HAL_Driver/Inc/stm32f4xx_ll_usart.h **** /**
1455:Drivers/STM32F4xx_HAL_Driver/Inc/stm32f4xx_ll_usart.h ****   * @brief  Perform basic configuration of USART for enabling use in Asynchronous Mode (UART)
1456:Drivers/STM32F4xx_HAL_Driver/Inc/stm32f4xx_ll_usart.h ****   * @note   In UART mode, the following bits must be kept cleared:
1457:Drivers/STM32F4xx_HAL_Driver/Inc/stm32f4xx_ll_usart.h ****   *           - LINEN bit in the USART_CR2 register,
1458:Drivers/STM32F4xx_HAL_Driver/Inc/stm32f4xx_ll_usart.h ****   *           - CLKEN bit in the USART_CR2 register,
1459:Drivers/STM32F4xx_HAL_Driver/Inc/stm32f4xx_ll_usart.h ****   *           - SCEN bit in the USART_CR3 register,
1460:Drivers/STM32F4xx_HAL_Driver/Inc/stm32f4xx_ll_usart.h ****   *           - IREN bit in the USART_CR3 register,
1461:Drivers/STM32F4xx_HAL_Driver/Inc/stm32f4xx_ll_usart.h ****   *           - HDSEL bit in the USART_CR3 register.
1462:Drivers/STM32F4xx_HAL_Driver/Inc/stm32f4xx_ll_usart.h ****   * @note   Call of this function is equivalent to following function call sequence :
1463:Drivers/STM32F4xx_HAL_Driver/Inc/stm32f4xx_ll_usart.h ****   *         - Clear LINEN in CR2 using @ref LL_USART_DisableLIN() function
1464:Drivers/STM32F4xx_HAL_Driver/Inc/stm32f4xx_ll_usart.h ****   *         - Clear CLKEN in CR2 using @ref LL_USART_DisableSCLKOutput() function
1465:Drivers/STM32F4xx_HAL_Driver/Inc/stm32f4xx_ll_usart.h ****   *         - Clear SCEN in CR3 using @ref LL_USART_DisableSmartcard() function
1466:Drivers/STM32F4xx_HAL_Driver/Inc/stm32f4xx_ll_usart.h ****   *         - Clear IREN in CR3 using @ref LL_USART_DisableIrda() function
1467:Drivers/STM32F4xx_HAL_Driver/Inc/stm32f4xx_ll_usart.h ****   *         - Clear HDSEL in CR3 using @ref LL_USART_DisableHalfDuplex() function
1468:Drivers/STM32F4xx_HAL_Driver/Inc/stm32f4xx_ll_usart.h ****   * @note   Other remaining configurations items related to Asynchronous Mode
1469:Drivers/STM32F4xx_HAL_Driver/Inc/stm32f4xx_ll_usart.h ****   *         (as Baud Rate, Word length, Parity, ...) should be set using
1470:Drivers/STM32F4xx_HAL_Driver/Inc/stm32f4xx_ll_usart.h ****   *         dedicated functions
1471:Drivers/STM32F4xx_HAL_Driver/Inc/stm32f4xx_ll_usart.h ****   * @rmtoll CR2          LINEN         LL_USART_ConfigAsyncMode\n
1472:Drivers/STM32F4xx_HAL_Driver/Inc/stm32f4xx_ll_usart.h ****   *         CR2          CLKEN         LL_USART_ConfigAsyncMode\n
1473:Drivers/STM32F4xx_HAL_Driver/Inc/stm32f4xx_ll_usart.h ****   *         CR3          SCEN          LL_USART_ConfigAsyncMode\n
1474:Drivers/STM32F4xx_HAL_Driver/Inc/stm32f4xx_ll_usart.h ****   *         CR3          IREN          LL_USART_ConfigAsyncMode\n
1475:Drivers/STM32F4xx_HAL_Driver/Inc/stm32f4xx_ll_usart.h ****   *         CR3          HDSEL         LL_USART_ConfigAsyncMode
ARM GAS  C:\Users\chris\AppData\Local\Temp\cchxBc72.s 			page 35


1476:Drivers/STM32F4xx_HAL_Driver/Inc/stm32f4xx_ll_usart.h ****   * @param  USARTx USART Instance
1477:Drivers/STM32F4xx_HAL_Driver/Inc/stm32f4xx_ll_usart.h ****   * @retval None
1478:Drivers/STM32F4xx_HAL_Driver/Inc/stm32f4xx_ll_usart.h ****   */
1479:Drivers/STM32F4xx_HAL_Driver/Inc/stm32f4xx_ll_usart.h **** __STATIC_INLINE void LL_USART_ConfigAsyncMode(USART_TypeDef *USARTx)
1480:Drivers/STM32F4xx_HAL_Driver/Inc/stm32f4xx_ll_usart.h **** {
1481:Drivers/STM32F4xx_HAL_Driver/Inc/stm32f4xx_ll_usart.h ****   /* In Asynchronous mode, the following bits must be kept cleared:
1482:Drivers/STM32F4xx_HAL_Driver/Inc/stm32f4xx_ll_usart.h ****   - LINEN, CLKEN bits in the USART_CR2 register,
1483:Drivers/STM32F4xx_HAL_Driver/Inc/stm32f4xx_ll_usart.h ****   - SCEN, IREN and HDSEL bits in the USART_CR3 register.*/
1484:Drivers/STM32F4xx_HAL_Driver/Inc/stm32f4xx_ll_usart.h ****   CLEAR_BIT(USARTx->CR2, (USART_CR2_LINEN | USART_CR2_CLKEN));
1485:Drivers/STM32F4xx_HAL_Driver/Inc/stm32f4xx_ll_usart.h ****   CLEAR_BIT(USARTx->CR3, (USART_CR3_SCEN | USART_CR3_IREN | USART_CR3_HDSEL));
1486:Drivers/STM32F4xx_HAL_Driver/Inc/stm32f4xx_ll_usart.h **** }
1487:Drivers/STM32F4xx_HAL_Driver/Inc/stm32f4xx_ll_usart.h **** 
1488:Drivers/STM32F4xx_HAL_Driver/Inc/stm32f4xx_ll_usart.h **** /**
1489:Drivers/STM32F4xx_HAL_Driver/Inc/stm32f4xx_ll_usart.h ****   * @brief  Perform basic configuration of USART for enabling use in Synchronous Mode
1490:Drivers/STM32F4xx_HAL_Driver/Inc/stm32f4xx_ll_usart.h ****   * @note   In Synchronous mode, the following bits must be kept cleared:
1491:Drivers/STM32F4xx_HAL_Driver/Inc/stm32f4xx_ll_usart.h ****   *           - LINEN bit in the USART_CR2 register,
1492:Drivers/STM32F4xx_HAL_Driver/Inc/stm32f4xx_ll_usart.h ****   *           - SCEN bit in the USART_CR3 register,
1493:Drivers/STM32F4xx_HAL_Driver/Inc/stm32f4xx_ll_usart.h ****   *           - IREN bit in the USART_CR3 register,
1494:Drivers/STM32F4xx_HAL_Driver/Inc/stm32f4xx_ll_usart.h ****   *           - HDSEL bit in the USART_CR3 register.
1495:Drivers/STM32F4xx_HAL_Driver/Inc/stm32f4xx_ll_usart.h ****   *         This function also sets the USART in Synchronous mode.
1496:Drivers/STM32F4xx_HAL_Driver/Inc/stm32f4xx_ll_usart.h ****   * @note   Macro IS_USART_INSTANCE(USARTx) can be used to check whether or not
1497:Drivers/STM32F4xx_HAL_Driver/Inc/stm32f4xx_ll_usart.h ****   *         Synchronous mode is supported by the USARTx instance.
1498:Drivers/STM32F4xx_HAL_Driver/Inc/stm32f4xx_ll_usart.h ****   * @note   Call of this function is equivalent to following function call sequence :
1499:Drivers/STM32F4xx_HAL_Driver/Inc/stm32f4xx_ll_usart.h ****   *         - Clear LINEN in CR2 using @ref LL_USART_DisableLIN() function
1500:Drivers/STM32F4xx_HAL_Driver/Inc/stm32f4xx_ll_usart.h ****   *         - Clear IREN in CR3 using @ref LL_USART_DisableIrda() function
1501:Drivers/STM32F4xx_HAL_Driver/Inc/stm32f4xx_ll_usart.h ****   *         - Clear SCEN in CR3 using @ref LL_USART_DisableSmartcard() function
1502:Drivers/STM32F4xx_HAL_Driver/Inc/stm32f4xx_ll_usart.h ****   *         - Clear HDSEL in CR3 using @ref LL_USART_DisableHalfDuplex() function
1503:Drivers/STM32F4xx_HAL_Driver/Inc/stm32f4xx_ll_usart.h ****   *         - Set CLKEN in CR2 using @ref LL_USART_EnableSCLKOutput() function
1504:Drivers/STM32F4xx_HAL_Driver/Inc/stm32f4xx_ll_usart.h ****   * @note   Other remaining configurations items related to Synchronous Mode
1505:Drivers/STM32F4xx_HAL_Driver/Inc/stm32f4xx_ll_usart.h ****   *         (as Baud Rate, Word length, Parity, Clock Polarity, ...) should be set using
1506:Drivers/STM32F4xx_HAL_Driver/Inc/stm32f4xx_ll_usart.h ****   *         dedicated functions
1507:Drivers/STM32F4xx_HAL_Driver/Inc/stm32f4xx_ll_usart.h ****   * @rmtoll CR2          LINEN         LL_USART_ConfigSyncMode\n
1508:Drivers/STM32F4xx_HAL_Driver/Inc/stm32f4xx_ll_usart.h ****   *         CR2          CLKEN         LL_USART_ConfigSyncMode\n
1509:Drivers/STM32F4xx_HAL_Driver/Inc/stm32f4xx_ll_usart.h ****   *         CR3          SCEN          LL_USART_ConfigSyncMode\n
1510:Drivers/STM32F4xx_HAL_Driver/Inc/stm32f4xx_ll_usart.h ****   *         CR3          IREN          LL_USART_ConfigSyncMode\n
1511:Drivers/STM32F4xx_HAL_Driver/Inc/stm32f4xx_ll_usart.h ****   *         CR3          HDSEL         LL_USART_ConfigSyncMode
1512:Drivers/STM32F4xx_HAL_Driver/Inc/stm32f4xx_ll_usart.h ****   * @param  USARTx USART Instance
1513:Drivers/STM32F4xx_HAL_Driver/Inc/stm32f4xx_ll_usart.h ****   * @retval None
1514:Drivers/STM32F4xx_HAL_Driver/Inc/stm32f4xx_ll_usart.h ****   */
1515:Drivers/STM32F4xx_HAL_Driver/Inc/stm32f4xx_ll_usart.h **** __STATIC_INLINE void LL_USART_ConfigSyncMode(USART_TypeDef *USARTx)
1516:Drivers/STM32F4xx_HAL_Driver/Inc/stm32f4xx_ll_usart.h **** {
1517:Drivers/STM32F4xx_HAL_Driver/Inc/stm32f4xx_ll_usart.h ****   /* In Synchronous mode, the following bits must be kept cleared:
1518:Drivers/STM32F4xx_HAL_Driver/Inc/stm32f4xx_ll_usart.h ****   - LINEN bit in the USART_CR2 register,
1519:Drivers/STM32F4xx_HAL_Driver/Inc/stm32f4xx_ll_usart.h ****   - SCEN, IREN and HDSEL bits in the USART_CR3 register.*/
1520:Drivers/STM32F4xx_HAL_Driver/Inc/stm32f4xx_ll_usart.h ****   CLEAR_BIT(USARTx->CR2, (USART_CR2_LINEN));
1521:Drivers/STM32F4xx_HAL_Driver/Inc/stm32f4xx_ll_usart.h ****   CLEAR_BIT(USARTx->CR3, (USART_CR3_SCEN | USART_CR3_IREN | USART_CR3_HDSEL));
1522:Drivers/STM32F4xx_HAL_Driver/Inc/stm32f4xx_ll_usart.h ****   /* set the UART/USART in Synchronous mode */
1523:Drivers/STM32F4xx_HAL_Driver/Inc/stm32f4xx_ll_usart.h ****   SET_BIT(USARTx->CR2, USART_CR2_CLKEN);
1524:Drivers/STM32F4xx_HAL_Driver/Inc/stm32f4xx_ll_usart.h **** }
1525:Drivers/STM32F4xx_HAL_Driver/Inc/stm32f4xx_ll_usart.h **** 
1526:Drivers/STM32F4xx_HAL_Driver/Inc/stm32f4xx_ll_usart.h **** /**
1527:Drivers/STM32F4xx_HAL_Driver/Inc/stm32f4xx_ll_usart.h ****   * @brief  Perform basic configuration of USART for enabling use in LIN Mode
1528:Drivers/STM32F4xx_HAL_Driver/Inc/stm32f4xx_ll_usart.h ****   * @note   In LIN mode, the following bits must be kept cleared:
1529:Drivers/STM32F4xx_HAL_Driver/Inc/stm32f4xx_ll_usart.h ****   *           - STOP and CLKEN bits in the USART_CR2 register,
1530:Drivers/STM32F4xx_HAL_Driver/Inc/stm32f4xx_ll_usart.h ****   *           - SCEN bit in the USART_CR3 register,
1531:Drivers/STM32F4xx_HAL_Driver/Inc/stm32f4xx_ll_usart.h ****   *           - IREN bit in the USART_CR3 register,
1532:Drivers/STM32F4xx_HAL_Driver/Inc/stm32f4xx_ll_usart.h ****   *           - HDSEL bit in the USART_CR3 register.
ARM GAS  C:\Users\chris\AppData\Local\Temp\cchxBc72.s 			page 36


1533:Drivers/STM32F4xx_HAL_Driver/Inc/stm32f4xx_ll_usart.h ****   *         This function also set the UART/USART in LIN mode.
1534:Drivers/STM32F4xx_HAL_Driver/Inc/stm32f4xx_ll_usart.h ****   * @note   Macro IS_UART_LIN_INSTANCE(USARTx) can be used to check whether or not
1535:Drivers/STM32F4xx_HAL_Driver/Inc/stm32f4xx_ll_usart.h ****   *         LIN feature is supported by the USARTx instance.
1536:Drivers/STM32F4xx_HAL_Driver/Inc/stm32f4xx_ll_usart.h ****   * @note   Call of this function is equivalent to following function call sequence :
1537:Drivers/STM32F4xx_HAL_Driver/Inc/stm32f4xx_ll_usart.h ****   *         - Clear CLKEN in CR2 using @ref LL_USART_DisableSCLKOutput() function
1538:Drivers/STM32F4xx_HAL_Driver/Inc/stm32f4xx_ll_usart.h ****   *         - Clear STOP in CR2 using @ref LL_USART_SetStopBitsLength() function
1539:Drivers/STM32F4xx_HAL_Driver/Inc/stm32f4xx_ll_usart.h ****   *         - Clear SCEN in CR3 using @ref LL_USART_DisableSmartcard() function
1540:Drivers/STM32F4xx_HAL_Driver/Inc/stm32f4xx_ll_usart.h ****   *         - Clear IREN in CR3 using @ref LL_USART_DisableIrda() function
1541:Drivers/STM32F4xx_HAL_Driver/Inc/stm32f4xx_ll_usart.h ****   *         - Clear HDSEL in CR3 using @ref LL_USART_DisableHalfDuplex() function
1542:Drivers/STM32F4xx_HAL_Driver/Inc/stm32f4xx_ll_usart.h ****   *         - Set LINEN in CR2 using @ref LL_USART_EnableLIN() function
1543:Drivers/STM32F4xx_HAL_Driver/Inc/stm32f4xx_ll_usart.h ****   * @note   Other remaining configurations items related to LIN Mode
1544:Drivers/STM32F4xx_HAL_Driver/Inc/stm32f4xx_ll_usart.h ****   *         (as Baud Rate, Word length, LIN Break Detection Length, ...) should be set using
1545:Drivers/STM32F4xx_HAL_Driver/Inc/stm32f4xx_ll_usart.h ****   *         dedicated functions
1546:Drivers/STM32F4xx_HAL_Driver/Inc/stm32f4xx_ll_usart.h ****   * @rmtoll CR2          CLKEN         LL_USART_ConfigLINMode\n
1547:Drivers/STM32F4xx_HAL_Driver/Inc/stm32f4xx_ll_usart.h ****   *         CR2          STOP          LL_USART_ConfigLINMode\n
1548:Drivers/STM32F4xx_HAL_Driver/Inc/stm32f4xx_ll_usart.h ****   *         CR2          LINEN         LL_USART_ConfigLINMode\n
1549:Drivers/STM32F4xx_HAL_Driver/Inc/stm32f4xx_ll_usart.h ****   *         CR3          IREN          LL_USART_ConfigLINMode\n
1550:Drivers/STM32F4xx_HAL_Driver/Inc/stm32f4xx_ll_usart.h ****   *         CR3          SCEN          LL_USART_ConfigLINMode\n
1551:Drivers/STM32F4xx_HAL_Driver/Inc/stm32f4xx_ll_usart.h ****   *         CR3          HDSEL         LL_USART_ConfigLINMode
1552:Drivers/STM32F4xx_HAL_Driver/Inc/stm32f4xx_ll_usart.h ****   * @param  USARTx USART Instance
1553:Drivers/STM32F4xx_HAL_Driver/Inc/stm32f4xx_ll_usart.h ****   * @retval None
1554:Drivers/STM32F4xx_HAL_Driver/Inc/stm32f4xx_ll_usart.h ****   */
1555:Drivers/STM32F4xx_HAL_Driver/Inc/stm32f4xx_ll_usart.h **** __STATIC_INLINE void LL_USART_ConfigLINMode(USART_TypeDef *USARTx)
1556:Drivers/STM32F4xx_HAL_Driver/Inc/stm32f4xx_ll_usart.h **** {
1557:Drivers/STM32F4xx_HAL_Driver/Inc/stm32f4xx_ll_usart.h ****   /* In LIN mode, the following bits must be kept cleared:
1558:Drivers/STM32F4xx_HAL_Driver/Inc/stm32f4xx_ll_usart.h ****   - STOP and CLKEN bits in the USART_CR2 register,
1559:Drivers/STM32F4xx_HAL_Driver/Inc/stm32f4xx_ll_usart.h ****   - IREN, SCEN and HDSEL bits in the USART_CR3 register.*/
1560:Drivers/STM32F4xx_HAL_Driver/Inc/stm32f4xx_ll_usart.h ****   CLEAR_BIT(USARTx->CR2, (USART_CR2_CLKEN | USART_CR2_STOP));
1561:Drivers/STM32F4xx_HAL_Driver/Inc/stm32f4xx_ll_usart.h ****   CLEAR_BIT(USARTx->CR3, (USART_CR3_IREN | USART_CR3_SCEN | USART_CR3_HDSEL));
1562:Drivers/STM32F4xx_HAL_Driver/Inc/stm32f4xx_ll_usart.h ****   /* Set the UART/USART in LIN mode */
1563:Drivers/STM32F4xx_HAL_Driver/Inc/stm32f4xx_ll_usart.h ****   SET_BIT(USARTx->CR2, USART_CR2_LINEN);
1564:Drivers/STM32F4xx_HAL_Driver/Inc/stm32f4xx_ll_usart.h **** }
1565:Drivers/STM32F4xx_HAL_Driver/Inc/stm32f4xx_ll_usart.h **** 
1566:Drivers/STM32F4xx_HAL_Driver/Inc/stm32f4xx_ll_usart.h **** /**
1567:Drivers/STM32F4xx_HAL_Driver/Inc/stm32f4xx_ll_usart.h ****   * @brief  Perform basic configuration of USART for enabling use in Half Duplex Mode
1568:Drivers/STM32F4xx_HAL_Driver/Inc/stm32f4xx_ll_usart.h ****   * @note   In Half Duplex mode, the following bits must be kept cleared:
1569:Drivers/STM32F4xx_HAL_Driver/Inc/stm32f4xx_ll_usart.h ****   *           - LINEN bit in the USART_CR2 register,
1570:Drivers/STM32F4xx_HAL_Driver/Inc/stm32f4xx_ll_usart.h ****   *           - CLKEN bit in the USART_CR2 register,
1571:Drivers/STM32F4xx_HAL_Driver/Inc/stm32f4xx_ll_usart.h ****   *           - SCEN bit in the USART_CR3 register,
1572:Drivers/STM32F4xx_HAL_Driver/Inc/stm32f4xx_ll_usart.h ****   *           - IREN bit in the USART_CR3 register,
1573:Drivers/STM32F4xx_HAL_Driver/Inc/stm32f4xx_ll_usart.h ****   *         This function also sets the UART/USART in Half Duplex mode.
1574:Drivers/STM32F4xx_HAL_Driver/Inc/stm32f4xx_ll_usart.h ****   * @note   Macro IS_UART_HALFDUPLEX_INSTANCE(USARTx) can be used to check whether or not
1575:Drivers/STM32F4xx_HAL_Driver/Inc/stm32f4xx_ll_usart.h ****   *         Half-Duplex mode is supported by the USARTx instance.
1576:Drivers/STM32F4xx_HAL_Driver/Inc/stm32f4xx_ll_usart.h ****   * @note   Call of this function is equivalent to following function call sequence :
1577:Drivers/STM32F4xx_HAL_Driver/Inc/stm32f4xx_ll_usart.h ****   *         - Clear LINEN in CR2 using @ref LL_USART_DisableLIN() function
1578:Drivers/STM32F4xx_HAL_Driver/Inc/stm32f4xx_ll_usart.h ****   *         - Clear CLKEN in CR2 using @ref LL_USART_DisableSCLKOutput() function
1579:Drivers/STM32F4xx_HAL_Driver/Inc/stm32f4xx_ll_usart.h ****   *         - Clear SCEN in CR3 using @ref LL_USART_DisableSmartcard() function
1580:Drivers/STM32F4xx_HAL_Driver/Inc/stm32f4xx_ll_usart.h ****   *         - Clear IREN in CR3 using @ref LL_USART_DisableIrda() function
1581:Drivers/STM32F4xx_HAL_Driver/Inc/stm32f4xx_ll_usart.h ****   *         - Set HDSEL in CR3 using @ref LL_USART_EnableHalfDuplex() function
1582:Drivers/STM32F4xx_HAL_Driver/Inc/stm32f4xx_ll_usart.h ****   * @note   Other remaining configurations items related to Half Duplex Mode
1583:Drivers/STM32F4xx_HAL_Driver/Inc/stm32f4xx_ll_usart.h ****   *         (as Baud Rate, Word length, Parity, ...) should be set using
1584:Drivers/STM32F4xx_HAL_Driver/Inc/stm32f4xx_ll_usart.h ****   *         dedicated functions
1585:Drivers/STM32F4xx_HAL_Driver/Inc/stm32f4xx_ll_usart.h ****   * @rmtoll CR2          LINEN         LL_USART_ConfigHalfDuplexMode\n
1586:Drivers/STM32F4xx_HAL_Driver/Inc/stm32f4xx_ll_usart.h ****   *         CR2          CLKEN         LL_USART_ConfigHalfDuplexMode\n
1587:Drivers/STM32F4xx_HAL_Driver/Inc/stm32f4xx_ll_usart.h ****   *         CR3          HDSEL         LL_USART_ConfigHalfDuplexMode\n
1588:Drivers/STM32F4xx_HAL_Driver/Inc/stm32f4xx_ll_usart.h ****   *         CR3          SCEN          LL_USART_ConfigHalfDuplexMode\n
1589:Drivers/STM32F4xx_HAL_Driver/Inc/stm32f4xx_ll_usart.h ****   *         CR3          IREN          LL_USART_ConfigHalfDuplexMode
ARM GAS  C:\Users\chris\AppData\Local\Temp\cchxBc72.s 			page 37


1590:Drivers/STM32F4xx_HAL_Driver/Inc/stm32f4xx_ll_usart.h ****   * @param  USARTx USART Instance
1591:Drivers/STM32F4xx_HAL_Driver/Inc/stm32f4xx_ll_usart.h ****   * @retval None
1592:Drivers/STM32F4xx_HAL_Driver/Inc/stm32f4xx_ll_usart.h ****   */
1593:Drivers/STM32F4xx_HAL_Driver/Inc/stm32f4xx_ll_usart.h **** __STATIC_INLINE void LL_USART_ConfigHalfDuplexMode(USART_TypeDef *USARTx)
1594:Drivers/STM32F4xx_HAL_Driver/Inc/stm32f4xx_ll_usart.h **** {
1595:Drivers/STM32F4xx_HAL_Driver/Inc/stm32f4xx_ll_usart.h ****   /* In Half Duplex mode, the following bits must be kept cleared:
1596:Drivers/STM32F4xx_HAL_Driver/Inc/stm32f4xx_ll_usart.h ****   - LINEN and CLKEN bits in the USART_CR2 register,
1597:Drivers/STM32F4xx_HAL_Driver/Inc/stm32f4xx_ll_usart.h ****   - SCEN and IREN bits in the USART_CR3 register.*/
1598:Drivers/STM32F4xx_HAL_Driver/Inc/stm32f4xx_ll_usart.h ****   CLEAR_BIT(USARTx->CR2, (USART_CR2_LINEN | USART_CR2_CLKEN));
1599:Drivers/STM32F4xx_HAL_Driver/Inc/stm32f4xx_ll_usart.h ****   CLEAR_BIT(USARTx->CR3, (USART_CR3_SCEN | USART_CR3_IREN));
1600:Drivers/STM32F4xx_HAL_Driver/Inc/stm32f4xx_ll_usart.h ****   /* set the UART/USART in Half Duplex mode */
1601:Drivers/STM32F4xx_HAL_Driver/Inc/stm32f4xx_ll_usart.h ****   SET_BIT(USARTx->CR3, USART_CR3_HDSEL);
1602:Drivers/STM32F4xx_HAL_Driver/Inc/stm32f4xx_ll_usart.h **** }
1603:Drivers/STM32F4xx_HAL_Driver/Inc/stm32f4xx_ll_usart.h **** 
1604:Drivers/STM32F4xx_HAL_Driver/Inc/stm32f4xx_ll_usart.h **** /**
1605:Drivers/STM32F4xx_HAL_Driver/Inc/stm32f4xx_ll_usart.h ****   * @brief  Perform basic configuration of USART for enabling use in Smartcard Mode
1606:Drivers/STM32F4xx_HAL_Driver/Inc/stm32f4xx_ll_usart.h ****   * @note   In Smartcard mode, the following bits must be kept cleared:
1607:Drivers/STM32F4xx_HAL_Driver/Inc/stm32f4xx_ll_usart.h ****   *           - LINEN bit in the USART_CR2 register,
1608:Drivers/STM32F4xx_HAL_Driver/Inc/stm32f4xx_ll_usart.h ****   *           - IREN bit in the USART_CR3 register,
1609:Drivers/STM32F4xx_HAL_Driver/Inc/stm32f4xx_ll_usart.h ****   *           - HDSEL bit in the USART_CR3 register.
1610:Drivers/STM32F4xx_HAL_Driver/Inc/stm32f4xx_ll_usart.h ****   *         This function also configures Stop bits to 1.5 bits and
1611:Drivers/STM32F4xx_HAL_Driver/Inc/stm32f4xx_ll_usart.h ****   *         sets the USART in Smartcard mode (SCEN bit).
1612:Drivers/STM32F4xx_HAL_Driver/Inc/stm32f4xx_ll_usart.h ****   *         Clock Output is also enabled (CLKEN).
1613:Drivers/STM32F4xx_HAL_Driver/Inc/stm32f4xx_ll_usart.h ****   * @note   Macro IS_SMARTCARD_INSTANCE(USARTx) can be used to check whether or not
1614:Drivers/STM32F4xx_HAL_Driver/Inc/stm32f4xx_ll_usart.h ****   *         Smartcard feature is supported by the USARTx instance.
1615:Drivers/STM32F4xx_HAL_Driver/Inc/stm32f4xx_ll_usart.h ****   * @note   Call of this function is equivalent to following function call sequence :
1616:Drivers/STM32F4xx_HAL_Driver/Inc/stm32f4xx_ll_usart.h ****   *         - Clear LINEN in CR2 using @ref LL_USART_DisableLIN() function
1617:Drivers/STM32F4xx_HAL_Driver/Inc/stm32f4xx_ll_usart.h ****   *         - Clear IREN in CR3 using @ref LL_USART_DisableIrda() function
1618:Drivers/STM32F4xx_HAL_Driver/Inc/stm32f4xx_ll_usart.h ****   *         - Clear HDSEL in CR3 using @ref LL_USART_DisableHalfDuplex() function
1619:Drivers/STM32F4xx_HAL_Driver/Inc/stm32f4xx_ll_usart.h ****   *         - Configure STOP in CR2 using @ref LL_USART_SetStopBitsLength() function
1620:Drivers/STM32F4xx_HAL_Driver/Inc/stm32f4xx_ll_usart.h ****   *         - Set CLKEN in CR2 using @ref LL_USART_EnableSCLKOutput() function
1621:Drivers/STM32F4xx_HAL_Driver/Inc/stm32f4xx_ll_usart.h ****   *         - Set SCEN in CR3 using @ref LL_USART_EnableSmartcard() function
1622:Drivers/STM32F4xx_HAL_Driver/Inc/stm32f4xx_ll_usart.h ****   * @note   Other remaining configurations items related to Smartcard Mode
1623:Drivers/STM32F4xx_HAL_Driver/Inc/stm32f4xx_ll_usart.h ****   *         (as Baud Rate, Word length, Parity, ...) should be set using
1624:Drivers/STM32F4xx_HAL_Driver/Inc/stm32f4xx_ll_usart.h ****   *         dedicated functions
1625:Drivers/STM32F4xx_HAL_Driver/Inc/stm32f4xx_ll_usart.h ****   * @rmtoll CR2          LINEN         LL_USART_ConfigSmartcardMode\n
1626:Drivers/STM32F4xx_HAL_Driver/Inc/stm32f4xx_ll_usart.h ****   *         CR2          STOP          LL_USART_ConfigSmartcardMode\n
1627:Drivers/STM32F4xx_HAL_Driver/Inc/stm32f4xx_ll_usart.h ****   *         CR2          CLKEN         LL_USART_ConfigSmartcardMode\n
1628:Drivers/STM32F4xx_HAL_Driver/Inc/stm32f4xx_ll_usart.h ****   *         CR3          HDSEL         LL_USART_ConfigSmartcardMode\n
1629:Drivers/STM32F4xx_HAL_Driver/Inc/stm32f4xx_ll_usart.h ****   *         CR3          SCEN          LL_USART_ConfigSmartcardMode
1630:Drivers/STM32F4xx_HAL_Driver/Inc/stm32f4xx_ll_usart.h ****   * @param  USARTx USART Instance
1631:Drivers/STM32F4xx_HAL_Driver/Inc/stm32f4xx_ll_usart.h ****   * @retval None
1632:Drivers/STM32F4xx_HAL_Driver/Inc/stm32f4xx_ll_usart.h ****   */
1633:Drivers/STM32F4xx_HAL_Driver/Inc/stm32f4xx_ll_usart.h **** __STATIC_INLINE void LL_USART_ConfigSmartcardMode(USART_TypeDef *USARTx)
1634:Drivers/STM32F4xx_HAL_Driver/Inc/stm32f4xx_ll_usart.h **** {
1635:Drivers/STM32F4xx_HAL_Driver/Inc/stm32f4xx_ll_usart.h ****   /* In Smartcard mode, the following bits must be kept cleared:
1636:Drivers/STM32F4xx_HAL_Driver/Inc/stm32f4xx_ll_usart.h ****   - LINEN bit in the USART_CR2 register,
1637:Drivers/STM32F4xx_HAL_Driver/Inc/stm32f4xx_ll_usart.h ****   - IREN and HDSEL bits in the USART_CR3 register.*/
1638:Drivers/STM32F4xx_HAL_Driver/Inc/stm32f4xx_ll_usart.h ****   CLEAR_BIT(USARTx->CR2, (USART_CR2_LINEN));
1639:Drivers/STM32F4xx_HAL_Driver/Inc/stm32f4xx_ll_usart.h ****   CLEAR_BIT(USARTx->CR3, (USART_CR3_IREN | USART_CR3_HDSEL));
1640:Drivers/STM32F4xx_HAL_Driver/Inc/stm32f4xx_ll_usart.h ****   /* Configure Stop bits to 1.5 bits */
1641:Drivers/STM32F4xx_HAL_Driver/Inc/stm32f4xx_ll_usart.h ****   /* Synchronous mode is activated by default */
1642:Drivers/STM32F4xx_HAL_Driver/Inc/stm32f4xx_ll_usart.h ****   SET_BIT(USARTx->CR2, (USART_CR2_STOP_0 | USART_CR2_STOP_1 | USART_CR2_CLKEN));
1643:Drivers/STM32F4xx_HAL_Driver/Inc/stm32f4xx_ll_usart.h ****   /* set the UART/USART in Smartcard mode */
1644:Drivers/STM32F4xx_HAL_Driver/Inc/stm32f4xx_ll_usart.h ****   SET_BIT(USARTx->CR3, USART_CR3_SCEN);
1645:Drivers/STM32F4xx_HAL_Driver/Inc/stm32f4xx_ll_usart.h **** }
1646:Drivers/STM32F4xx_HAL_Driver/Inc/stm32f4xx_ll_usart.h **** 
ARM GAS  C:\Users\chris\AppData\Local\Temp\cchxBc72.s 			page 38


1647:Drivers/STM32F4xx_HAL_Driver/Inc/stm32f4xx_ll_usart.h **** /**
1648:Drivers/STM32F4xx_HAL_Driver/Inc/stm32f4xx_ll_usart.h ****   * @brief  Perform basic configuration of USART for enabling use in Irda Mode
1649:Drivers/STM32F4xx_HAL_Driver/Inc/stm32f4xx_ll_usart.h ****   * @note   In IRDA mode, the following bits must be kept cleared:
1650:Drivers/STM32F4xx_HAL_Driver/Inc/stm32f4xx_ll_usart.h ****   *           - LINEN bit in the USART_CR2 register,
1651:Drivers/STM32F4xx_HAL_Driver/Inc/stm32f4xx_ll_usart.h ****   *           - STOP and CLKEN bits in the USART_CR2 register,
1652:Drivers/STM32F4xx_HAL_Driver/Inc/stm32f4xx_ll_usart.h ****   *           - SCEN bit in the USART_CR3 register,
1653:Drivers/STM32F4xx_HAL_Driver/Inc/stm32f4xx_ll_usart.h ****   *           - HDSEL bit in the USART_CR3 register.
1654:Drivers/STM32F4xx_HAL_Driver/Inc/stm32f4xx_ll_usart.h ****   *         This function also sets the UART/USART in IRDA mode (IREN bit).
1655:Drivers/STM32F4xx_HAL_Driver/Inc/stm32f4xx_ll_usart.h ****   * @note   Macro IS_IRDA_INSTANCE(USARTx) can be used to check whether or not
1656:Drivers/STM32F4xx_HAL_Driver/Inc/stm32f4xx_ll_usart.h ****   *         IrDA feature is supported by the USARTx instance.
1657:Drivers/STM32F4xx_HAL_Driver/Inc/stm32f4xx_ll_usart.h ****   * @note   Call of this function is equivalent to following function call sequence :
1658:Drivers/STM32F4xx_HAL_Driver/Inc/stm32f4xx_ll_usart.h ****   *         - Clear LINEN in CR2 using @ref LL_USART_DisableLIN() function
1659:Drivers/STM32F4xx_HAL_Driver/Inc/stm32f4xx_ll_usart.h ****   *         - Clear CLKEN in CR2 using @ref LL_USART_DisableSCLKOutput() function
1660:Drivers/STM32F4xx_HAL_Driver/Inc/stm32f4xx_ll_usart.h ****   *         - Clear SCEN in CR3 using @ref LL_USART_DisableSmartcard() function
1661:Drivers/STM32F4xx_HAL_Driver/Inc/stm32f4xx_ll_usart.h ****   *         - Clear HDSEL in CR3 using @ref LL_USART_DisableHalfDuplex() function
1662:Drivers/STM32F4xx_HAL_Driver/Inc/stm32f4xx_ll_usart.h ****   *         - Configure STOP in CR2 using @ref LL_USART_SetStopBitsLength() function
1663:Drivers/STM32F4xx_HAL_Driver/Inc/stm32f4xx_ll_usart.h ****   *         - Set IREN in CR3 using @ref LL_USART_EnableIrda() function
1664:Drivers/STM32F4xx_HAL_Driver/Inc/stm32f4xx_ll_usart.h ****   * @note   Other remaining configurations items related to Irda Mode
1665:Drivers/STM32F4xx_HAL_Driver/Inc/stm32f4xx_ll_usart.h ****   *         (as Baud Rate, Word length, Power mode, ...) should be set using
1666:Drivers/STM32F4xx_HAL_Driver/Inc/stm32f4xx_ll_usart.h ****   *         dedicated functions
1667:Drivers/STM32F4xx_HAL_Driver/Inc/stm32f4xx_ll_usart.h ****   * @rmtoll CR2          LINEN         LL_USART_ConfigIrdaMode\n
1668:Drivers/STM32F4xx_HAL_Driver/Inc/stm32f4xx_ll_usart.h ****   *         CR2          CLKEN         LL_USART_ConfigIrdaMode\n
1669:Drivers/STM32F4xx_HAL_Driver/Inc/stm32f4xx_ll_usart.h ****   *         CR2          STOP          LL_USART_ConfigIrdaMode\n
1670:Drivers/STM32F4xx_HAL_Driver/Inc/stm32f4xx_ll_usart.h ****   *         CR3          SCEN          LL_USART_ConfigIrdaMode\n
1671:Drivers/STM32F4xx_HAL_Driver/Inc/stm32f4xx_ll_usart.h ****   *         CR3          HDSEL         LL_USART_ConfigIrdaMode\n
1672:Drivers/STM32F4xx_HAL_Driver/Inc/stm32f4xx_ll_usart.h ****   *         CR3          IREN          LL_USART_ConfigIrdaMode
1673:Drivers/STM32F4xx_HAL_Driver/Inc/stm32f4xx_ll_usart.h ****   * @param  USARTx USART Instance
1674:Drivers/STM32F4xx_HAL_Driver/Inc/stm32f4xx_ll_usart.h ****   * @retval None
1675:Drivers/STM32F4xx_HAL_Driver/Inc/stm32f4xx_ll_usart.h ****   */
1676:Drivers/STM32F4xx_HAL_Driver/Inc/stm32f4xx_ll_usart.h **** __STATIC_INLINE void LL_USART_ConfigIrdaMode(USART_TypeDef *USARTx)
1677:Drivers/STM32F4xx_HAL_Driver/Inc/stm32f4xx_ll_usart.h **** {
1678:Drivers/STM32F4xx_HAL_Driver/Inc/stm32f4xx_ll_usart.h ****   /* In IRDA mode, the following bits must be kept cleared:
1679:Drivers/STM32F4xx_HAL_Driver/Inc/stm32f4xx_ll_usart.h ****   - LINEN, STOP and CLKEN bits in the USART_CR2 register,
1680:Drivers/STM32F4xx_HAL_Driver/Inc/stm32f4xx_ll_usart.h ****   - SCEN and HDSEL bits in the USART_CR3 register.*/
1681:Drivers/STM32F4xx_HAL_Driver/Inc/stm32f4xx_ll_usart.h ****   CLEAR_BIT(USARTx->CR2, (USART_CR2_LINEN | USART_CR2_CLKEN | USART_CR2_STOP));
1682:Drivers/STM32F4xx_HAL_Driver/Inc/stm32f4xx_ll_usart.h ****   CLEAR_BIT(USARTx->CR3, (USART_CR3_SCEN | USART_CR3_HDSEL));
1683:Drivers/STM32F4xx_HAL_Driver/Inc/stm32f4xx_ll_usart.h ****   /* set the UART/USART in IRDA mode */
1684:Drivers/STM32F4xx_HAL_Driver/Inc/stm32f4xx_ll_usart.h ****   SET_BIT(USARTx->CR3, USART_CR3_IREN);
1685:Drivers/STM32F4xx_HAL_Driver/Inc/stm32f4xx_ll_usart.h **** }
1686:Drivers/STM32F4xx_HAL_Driver/Inc/stm32f4xx_ll_usart.h **** 
1687:Drivers/STM32F4xx_HAL_Driver/Inc/stm32f4xx_ll_usart.h **** /**
1688:Drivers/STM32F4xx_HAL_Driver/Inc/stm32f4xx_ll_usart.h ****   * @brief  Perform basic configuration of USART for enabling use in Multi processor Mode
1689:Drivers/STM32F4xx_HAL_Driver/Inc/stm32f4xx_ll_usart.h ****   *         (several USARTs connected in a network, one of the USARTs can be the master,
1690:Drivers/STM32F4xx_HAL_Driver/Inc/stm32f4xx_ll_usart.h ****   *         its TX output connected to the RX inputs of the other slaves USARTs).
1691:Drivers/STM32F4xx_HAL_Driver/Inc/stm32f4xx_ll_usart.h ****   * @note   In MultiProcessor mode, the following bits must be kept cleared:
1692:Drivers/STM32F4xx_HAL_Driver/Inc/stm32f4xx_ll_usart.h ****   *           - LINEN bit in the USART_CR2 register,
1693:Drivers/STM32F4xx_HAL_Driver/Inc/stm32f4xx_ll_usart.h ****   *           - CLKEN bit in the USART_CR2 register,
1694:Drivers/STM32F4xx_HAL_Driver/Inc/stm32f4xx_ll_usart.h ****   *           - SCEN bit in the USART_CR3 register,
1695:Drivers/STM32F4xx_HAL_Driver/Inc/stm32f4xx_ll_usart.h ****   *           - IREN bit in the USART_CR3 register,
1696:Drivers/STM32F4xx_HAL_Driver/Inc/stm32f4xx_ll_usart.h ****   *           - HDSEL bit in the USART_CR3 register.
1697:Drivers/STM32F4xx_HAL_Driver/Inc/stm32f4xx_ll_usart.h ****   * @note   Call of this function is equivalent to following function call sequence :
1698:Drivers/STM32F4xx_HAL_Driver/Inc/stm32f4xx_ll_usart.h ****   *         - Clear LINEN in CR2 using @ref LL_USART_DisableLIN() function
1699:Drivers/STM32F4xx_HAL_Driver/Inc/stm32f4xx_ll_usart.h ****   *         - Clear CLKEN in CR2 using @ref LL_USART_DisableSCLKOutput() function
1700:Drivers/STM32F4xx_HAL_Driver/Inc/stm32f4xx_ll_usart.h ****   *         - Clear SCEN in CR3 using @ref LL_USART_DisableSmartcard() function
1701:Drivers/STM32F4xx_HAL_Driver/Inc/stm32f4xx_ll_usart.h ****   *         - Clear IREN in CR3 using @ref LL_USART_DisableIrda() function
1702:Drivers/STM32F4xx_HAL_Driver/Inc/stm32f4xx_ll_usart.h ****   *         - Clear HDSEL in CR3 using @ref LL_USART_DisableHalfDuplex() function
1703:Drivers/STM32F4xx_HAL_Driver/Inc/stm32f4xx_ll_usart.h ****   * @note   Other remaining configurations items related to Multi processor Mode
ARM GAS  C:\Users\chris\AppData\Local\Temp\cchxBc72.s 			page 39


1704:Drivers/STM32F4xx_HAL_Driver/Inc/stm32f4xx_ll_usart.h ****   *         (as Baud Rate, Wake Up Method, Node address, ...) should be set using
1705:Drivers/STM32F4xx_HAL_Driver/Inc/stm32f4xx_ll_usart.h ****   *         dedicated functions
1706:Drivers/STM32F4xx_HAL_Driver/Inc/stm32f4xx_ll_usart.h ****   * @rmtoll CR2          LINEN         LL_USART_ConfigMultiProcessMode\n
1707:Drivers/STM32F4xx_HAL_Driver/Inc/stm32f4xx_ll_usart.h ****   *         CR2          CLKEN         LL_USART_ConfigMultiProcessMode\n
1708:Drivers/STM32F4xx_HAL_Driver/Inc/stm32f4xx_ll_usart.h ****   *         CR3          SCEN          LL_USART_ConfigMultiProcessMode\n
1709:Drivers/STM32F4xx_HAL_Driver/Inc/stm32f4xx_ll_usart.h ****   *         CR3          HDSEL         LL_USART_ConfigMultiProcessMode\n
1710:Drivers/STM32F4xx_HAL_Driver/Inc/stm32f4xx_ll_usart.h ****   *         CR3          IREN          LL_USART_ConfigMultiProcessMode
1711:Drivers/STM32F4xx_HAL_Driver/Inc/stm32f4xx_ll_usart.h ****   * @param  USARTx USART Instance
1712:Drivers/STM32F4xx_HAL_Driver/Inc/stm32f4xx_ll_usart.h ****   * @retval None
1713:Drivers/STM32F4xx_HAL_Driver/Inc/stm32f4xx_ll_usart.h ****   */
1714:Drivers/STM32F4xx_HAL_Driver/Inc/stm32f4xx_ll_usart.h **** __STATIC_INLINE void LL_USART_ConfigMultiProcessMode(USART_TypeDef *USARTx)
1715:Drivers/STM32F4xx_HAL_Driver/Inc/stm32f4xx_ll_usart.h **** {
1716:Drivers/STM32F4xx_HAL_Driver/Inc/stm32f4xx_ll_usart.h ****   /* In Multi Processor mode, the following bits must be kept cleared:
1717:Drivers/STM32F4xx_HAL_Driver/Inc/stm32f4xx_ll_usart.h ****   - LINEN and CLKEN bits in the USART_CR2 register,
1718:Drivers/STM32F4xx_HAL_Driver/Inc/stm32f4xx_ll_usart.h ****   - IREN, SCEN and HDSEL bits in the USART_CR3 register.*/
1719:Drivers/STM32F4xx_HAL_Driver/Inc/stm32f4xx_ll_usart.h ****   CLEAR_BIT(USARTx->CR2, (USART_CR2_LINEN | USART_CR2_CLKEN));
1720:Drivers/STM32F4xx_HAL_Driver/Inc/stm32f4xx_ll_usart.h ****   CLEAR_BIT(USARTx->CR3, (USART_CR3_SCEN | USART_CR3_HDSEL | USART_CR3_IREN));
1721:Drivers/STM32F4xx_HAL_Driver/Inc/stm32f4xx_ll_usart.h **** }
1722:Drivers/STM32F4xx_HAL_Driver/Inc/stm32f4xx_ll_usart.h **** 
1723:Drivers/STM32F4xx_HAL_Driver/Inc/stm32f4xx_ll_usart.h **** /**
1724:Drivers/STM32F4xx_HAL_Driver/Inc/stm32f4xx_ll_usart.h ****   * @}
1725:Drivers/STM32F4xx_HAL_Driver/Inc/stm32f4xx_ll_usart.h ****   */
1726:Drivers/STM32F4xx_HAL_Driver/Inc/stm32f4xx_ll_usart.h **** 
1727:Drivers/STM32F4xx_HAL_Driver/Inc/stm32f4xx_ll_usart.h **** /** @defgroup USART_LL_EF_FLAG_Management FLAG_Management
1728:Drivers/STM32F4xx_HAL_Driver/Inc/stm32f4xx_ll_usart.h ****   * @{
1729:Drivers/STM32F4xx_HAL_Driver/Inc/stm32f4xx_ll_usart.h ****   */
1730:Drivers/STM32F4xx_HAL_Driver/Inc/stm32f4xx_ll_usart.h **** 
1731:Drivers/STM32F4xx_HAL_Driver/Inc/stm32f4xx_ll_usart.h **** /**
1732:Drivers/STM32F4xx_HAL_Driver/Inc/stm32f4xx_ll_usart.h ****   * @brief  Check if the USART Parity Error Flag is set or not
1733:Drivers/STM32F4xx_HAL_Driver/Inc/stm32f4xx_ll_usart.h ****   * @rmtoll SR           PE            LL_USART_IsActiveFlag_PE
1734:Drivers/STM32F4xx_HAL_Driver/Inc/stm32f4xx_ll_usart.h ****   * @param  USARTx USART Instance
1735:Drivers/STM32F4xx_HAL_Driver/Inc/stm32f4xx_ll_usart.h ****   * @retval State of bit (1 or 0).
1736:Drivers/STM32F4xx_HAL_Driver/Inc/stm32f4xx_ll_usart.h ****   */
1737:Drivers/STM32F4xx_HAL_Driver/Inc/stm32f4xx_ll_usart.h **** __STATIC_INLINE uint32_t LL_USART_IsActiveFlag_PE(const USART_TypeDef *USARTx)
1738:Drivers/STM32F4xx_HAL_Driver/Inc/stm32f4xx_ll_usart.h **** {
1739:Drivers/STM32F4xx_HAL_Driver/Inc/stm32f4xx_ll_usart.h ****   return (READ_BIT(USARTx->SR, USART_SR_PE) == (USART_SR_PE));
1740:Drivers/STM32F4xx_HAL_Driver/Inc/stm32f4xx_ll_usart.h **** }
1741:Drivers/STM32F4xx_HAL_Driver/Inc/stm32f4xx_ll_usart.h **** 
1742:Drivers/STM32F4xx_HAL_Driver/Inc/stm32f4xx_ll_usart.h **** /**
1743:Drivers/STM32F4xx_HAL_Driver/Inc/stm32f4xx_ll_usart.h ****   * @brief  Check if the USART Framing Error Flag is set or not
1744:Drivers/STM32F4xx_HAL_Driver/Inc/stm32f4xx_ll_usart.h ****   * @rmtoll SR           FE            LL_USART_IsActiveFlag_FE
1745:Drivers/STM32F4xx_HAL_Driver/Inc/stm32f4xx_ll_usart.h ****   * @param  USARTx USART Instance
1746:Drivers/STM32F4xx_HAL_Driver/Inc/stm32f4xx_ll_usart.h ****   * @retval State of bit (1 or 0).
1747:Drivers/STM32F4xx_HAL_Driver/Inc/stm32f4xx_ll_usart.h ****   */
1748:Drivers/STM32F4xx_HAL_Driver/Inc/stm32f4xx_ll_usart.h **** __STATIC_INLINE uint32_t LL_USART_IsActiveFlag_FE(const USART_TypeDef *USARTx)
1749:Drivers/STM32F4xx_HAL_Driver/Inc/stm32f4xx_ll_usart.h **** {
1750:Drivers/STM32F4xx_HAL_Driver/Inc/stm32f4xx_ll_usart.h ****   return (READ_BIT(USARTx->SR, USART_SR_FE) == (USART_SR_FE));
1751:Drivers/STM32F4xx_HAL_Driver/Inc/stm32f4xx_ll_usart.h **** }
1752:Drivers/STM32F4xx_HAL_Driver/Inc/stm32f4xx_ll_usart.h **** 
1753:Drivers/STM32F4xx_HAL_Driver/Inc/stm32f4xx_ll_usart.h **** /**
1754:Drivers/STM32F4xx_HAL_Driver/Inc/stm32f4xx_ll_usart.h ****   * @brief  Check if the USART Noise error detected Flag is set or not
1755:Drivers/STM32F4xx_HAL_Driver/Inc/stm32f4xx_ll_usart.h ****   * @rmtoll SR           NF            LL_USART_IsActiveFlag_NE
1756:Drivers/STM32F4xx_HAL_Driver/Inc/stm32f4xx_ll_usart.h ****   * @param  USARTx USART Instance
1757:Drivers/STM32F4xx_HAL_Driver/Inc/stm32f4xx_ll_usart.h ****   * @retval State of bit (1 or 0).
1758:Drivers/STM32F4xx_HAL_Driver/Inc/stm32f4xx_ll_usart.h ****   */
1759:Drivers/STM32F4xx_HAL_Driver/Inc/stm32f4xx_ll_usart.h **** __STATIC_INLINE uint32_t LL_USART_IsActiveFlag_NE(const USART_TypeDef *USARTx)
1760:Drivers/STM32F4xx_HAL_Driver/Inc/stm32f4xx_ll_usart.h **** {
ARM GAS  C:\Users\chris\AppData\Local\Temp\cchxBc72.s 			page 40


1761:Drivers/STM32F4xx_HAL_Driver/Inc/stm32f4xx_ll_usart.h ****   return (READ_BIT(USARTx->SR, USART_SR_NE) == (USART_SR_NE));
1762:Drivers/STM32F4xx_HAL_Driver/Inc/stm32f4xx_ll_usart.h **** }
1763:Drivers/STM32F4xx_HAL_Driver/Inc/stm32f4xx_ll_usart.h **** 
1764:Drivers/STM32F4xx_HAL_Driver/Inc/stm32f4xx_ll_usart.h **** /**
1765:Drivers/STM32F4xx_HAL_Driver/Inc/stm32f4xx_ll_usart.h ****   * @brief  Check if the USART OverRun Error Flag is set or not
1766:Drivers/STM32F4xx_HAL_Driver/Inc/stm32f4xx_ll_usart.h ****   * @rmtoll SR           ORE           LL_USART_IsActiveFlag_ORE
1767:Drivers/STM32F4xx_HAL_Driver/Inc/stm32f4xx_ll_usart.h ****   * @param  USARTx USART Instance
1768:Drivers/STM32F4xx_HAL_Driver/Inc/stm32f4xx_ll_usart.h ****   * @retval State of bit (1 or 0).
1769:Drivers/STM32F4xx_HAL_Driver/Inc/stm32f4xx_ll_usart.h ****   */
1770:Drivers/STM32F4xx_HAL_Driver/Inc/stm32f4xx_ll_usart.h **** __STATIC_INLINE uint32_t LL_USART_IsActiveFlag_ORE(const USART_TypeDef *USARTx)
1771:Drivers/STM32F4xx_HAL_Driver/Inc/stm32f4xx_ll_usart.h **** {
1772:Drivers/STM32F4xx_HAL_Driver/Inc/stm32f4xx_ll_usart.h ****   return (READ_BIT(USARTx->SR, USART_SR_ORE) == (USART_SR_ORE));
1773:Drivers/STM32F4xx_HAL_Driver/Inc/stm32f4xx_ll_usart.h **** }
1774:Drivers/STM32F4xx_HAL_Driver/Inc/stm32f4xx_ll_usart.h **** 
1775:Drivers/STM32F4xx_HAL_Driver/Inc/stm32f4xx_ll_usart.h **** /**
1776:Drivers/STM32F4xx_HAL_Driver/Inc/stm32f4xx_ll_usart.h ****   * @brief  Check if the USART IDLE line detected Flag is set or not
1777:Drivers/STM32F4xx_HAL_Driver/Inc/stm32f4xx_ll_usart.h ****   * @rmtoll SR           IDLE          LL_USART_IsActiveFlag_IDLE
1778:Drivers/STM32F4xx_HAL_Driver/Inc/stm32f4xx_ll_usart.h ****   * @param  USARTx USART Instance
1779:Drivers/STM32F4xx_HAL_Driver/Inc/stm32f4xx_ll_usart.h ****   * @retval State of bit (1 or 0).
1780:Drivers/STM32F4xx_HAL_Driver/Inc/stm32f4xx_ll_usart.h ****   */
1781:Drivers/STM32F4xx_HAL_Driver/Inc/stm32f4xx_ll_usart.h **** __STATIC_INLINE uint32_t LL_USART_IsActiveFlag_IDLE(const USART_TypeDef *USARTx)
1782:Drivers/STM32F4xx_HAL_Driver/Inc/stm32f4xx_ll_usart.h **** {
1783:Drivers/STM32F4xx_HAL_Driver/Inc/stm32f4xx_ll_usart.h ****   return (READ_BIT(USARTx->SR, USART_SR_IDLE) == (USART_SR_IDLE));
1784:Drivers/STM32F4xx_HAL_Driver/Inc/stm32f4xx_ll_usart.h **** }
1785:Drivers/STM32F4xx_HAL_Driver/Inc/stm32f4xx_ll_usart.h **** 
1786:Drivers/STM32F4xx_HAL_Driver/Inc/stm32f4xx_ll_usart.h **** /**
1787:Drivers/STM32F4xx_HAL_Driver/Inc/stm32f4xx_ll_usart.h ****   * @brief  Check if the USART Read Data Register Not Empty Flag is set or not
1788:Drivers/STM32F4xx_HAL_Driver/Inc/stm32f4xx_ll_usart.h ****   * @rmtoll SR           RXNE          LL_USART_IsActiveFlag_RXNE
1789:Drivers/STM32F4xx_HAL_Driver/Inc/stm32f4xx_ll_usart.h ****   * @param  USARTx USART Instance
1790:Drivers/STM32F4xx_HAL_Driver/Inc/stm32f4xx_ll_usart.h ****   * @retval State of bit (1 or 0).
1791:Drivers/STM32F4xx_HAL_Driver/Inc/stm32f4xx_ll_usart.h ****   */
1792:Drivers/STM32F4xx_HAL_Driver/Inc/stm32f4xx_ll_usart.h **** __STATIC_INLINE uint32_t LL_USART_IsActiveFlag_RXNE(const USART_TypeDef *USARTx)
1793:Drivers/STM32F4xx_HAL_Driver/Inc/stm32f4xx_ll_usart.h **** {
1794:Drivers/STM32F4xx_HAL_Driver/Inc/stm32f4xx_ll_usart.h ****   return (READ_BIT(USARTx->SR, USART_SR_RXNE) == (USART_SR_RXNE));
1795:Drivers/STM32F4xx_HAL_Driver/Inc/stm32f4xx_ll_usart.h **** }
1796:Drivers/STM32F4xx_HAL_Driver/Inc/stm32f4xx_ll_usart.h **** 
1797:Drivers/STM32F4xx_HAL_Driver/Inc/stm32f4xx_ll_usart.h **** /**
1798:Drivers/STM32F4xx_HAL_Driver/Inc/stm32f4xx_ll_usart.h ****   * @brief  Check if the USART Transmission Complete Flag is set or not
1799:Drivers/STM32F4xx_HAL_Driver/Inc/stm32f4xx_ll_usart.h ****   * @rmtoll SR           TC            LL_USART_IsActiveFlag_TC
1800:Drivers/STM32F4xx_HAL_Driver/Inc/stm32f4xx_ll_usart.h ****   * @param  USARTx USART Instance
1801:Drivers/STM32F4xx_HAL_Driver/Inc/stm32f4xx_ll_usart.h ****   * @retval State of bit (1 or 0).
1802:Drivers/STM32F4xx_HAL_Driver/Inc/stm32f4xx_ll_usart.h ****   */
1803:Drivers/STM32F4xx_HAL_Driver/Inc/stm32f4xx_ll_usart.h **** __STATIC_INLINE uint32_t LL_USART_IsActiveFlag_TC(const USART_TypeDef *USARTx)
1804:Drivers/STM32F4xx_HAL_Driver/Inc/stm32f4xx_ll_usart.h **** {
1805:Drivers/STM32F4xx_HAL_Driver/Inc/stm32f4xx_ll_usart.h ****   return (READ_BIT(USARTx->SR, USART_SR_TC) == (USART_SR_TC));
1806:Drivers/STM32F4xx_HAL_Driver/Inc/stm32f4xx_ll_usart.h **** }
1807:Drivers/STM32F4xx_HAL_Driver/Inc/stm32f4xx_ll_usart.h **** 
1808:Drivers/STM32F4xx_HAL_Driver/Inc/stm32f4xx_ll_usart.h **** /**
1809:Drivers/STM32F4xx_HAL_Driver/Inc/stm32f4xx_ll_usart.h ****   * @brief  Check if the USART Transmit Data Register Empty Flag is set or not
1810:Drivers/STM32F4xx_HAL_Driver/Inc/stm32f4xx_ll_usart.h ****   * @rmtoll SR           TXE           LL_USART_IsActiveFlag_TXE
1811:Drivers/STM32F4xx_HAL_Driver/Inc/stm32f4xx_ll_usart.h ****   * @param  USARTx USART Instance
1812:Drivers/STM32F4xx_HAL_Driver/Inc/stm32f4xx_ll_usart.h ****   * @retval State of bit (1 or 0).
1813:Drivers/STM32F4xx_HAL_Driver/Inc/stm32f4xx_ll_usart.h ****   */
1814:Drivers/STM32F4xx_HAL_Driver/Inc/stm32f4xx_ll_usart.h **** __STATIC_INLINE uint32_t LL_USART_IsActiveFlag_TXE(const USART_TypeDef *USARTx)
 239              		.loc 2 1814 26 view .LVU34
 240              	.LBB17:
1815:Drivers/STM32F4xx_HAL_Driver/Inc/stm32f4xx_ll_usart.h **** {
ARM GAS  C:\Users\chris\AppData\Local\Temp\cchxBc72.s 			page 41


1816:Drivers/STM32F4xx_HAL_Driver/Inc/stm32f4xx_ll_usart.h ****   return (READ_BIT(USARTx->SR, USART_SR_TXE) == (USART_SR_TXE));
 241              		.loc 2 1816 3 view .LVU35
 242              		.loc 2 1816 11 is_stmt 0 view .LVU36
 243 0006 0368     		ldr	r3, [r0]
 244              	.LVL2:
 245              		.loc 2 1816 11 view .LVU37
 246              	.LBE17:
 247              	.LBE16:
 248              		.loc 1 239 11 discriminator 1 view .LVU38
 249 0008 13F0800F 		tst	r3, #128
 250 000c FBD0     		beq	.L17
 240:Core/Src/stm32f4xx_it.c ****    LL_USART_TransmitData8(USARTX, data[i]);
 251              		.loc 1 240 4 is_stmt 1 view .LVU39
 252 000e 11F80C30 		ldrb	r3, [r1, ip]	@ zero_extendqisi2
 253              	.LVL3:
 254              	.LBB18:
 255              	.LBI18:
1817:Drivers/STM32F4xx_HAL_Driver/Inc/stm32f4xx_ll_usart.h **** }
1818:Drivers/STM32F4xx_HAL_Driver/Inc/stm32f4xx_ll_usart.h **** 
1819:Drivers/STM32F4xx_HAL_Driver/Inc/stm32f4xx_ll_usart.h **** /**
1820:Drivers/STM32F4xx_HAL_Driver/Inc/stm32f4xx_ll_usart.h ****   * @brief  Check if the USART LIN Break Detection Flag is set or not
1821:Drivers/STM32F4xx_HAL_Driver/Inc/stm32f4xx_ll_usart.h ****   * @note   Macro IS_UART_LIN_INSTANCE(USARTx) can be used to check whether or not
1822:Drivers/STM32F4xx_HAL_Driver/Inc/stm32f4xx_ll_usart.h ****   *         LIN feature is supported by the USARTx instance.
1823:Drivers/STM32F4xx_HAL_Driver/Inc/stm32f4xx_ll_usart.h ****   * @rmtoll SR           LBD           LL_USART_IsActiveFlag_LBD
1824:Drivers/STM32F4xx_HAL_Driver/Inc/stm32f4xx_ll_usart.h ****   * @param  USARTx USART Instance
1825:Drivers/STM32F4xx_HAL_Driver/Inc/stm32f4xx_ll_usart.h ****   * @retval State of bit (1 or 0).
1826:Drivers/STM32F4xx_HAL_Driver/Inc/stm32f4xx_ll_usart.h ****   */
1827:Drivers/STM32F4xx_HAL_Driver/Inc/stm32f4xx_ll_usart.h **** __STATIC_INLINE uint32_t LL_USART_IsActiveFlag_LBD(const USART_TypeDef *USARTx)
1828:Drivers/STM32F4xx_HAL_Driver/Inc/stm32f4xx_ll_usart.h **** {
1829:Drivers/STM32F4xx_HAL_Driver/Inc/stm32f4xx_ll_usart.h ****   return (READ_BIT(USARTx->SR, USART_SR_LBD) == (USART_SR_LBD));
1830:Drivers/STM32F4xx_HAL_Driver/Inc/stm32f4xx_ll_usart.h **** }
1831:Drivers/STM32F4xx_HAL_Driver/Inc/stm32f4xx_ll_usart.h **** 
1832:Drivers/STM32F4xx_HAL_Driver/Inc/stm32f4xx_ll_usart.h **** /**
1833:Drivers/STM32F4xx_HAL_Driver/Inc/stm32f4xx_ll_usart.h ****   * @brief  Check if the USART CTS Flag is set or not
1834:Drivers/STM32F4xx_HAL_Driver/Inc/stm32f4xx_ll_usart.h ****   * @note   Macro IS_UART_HWFLOW_INSTANCE(USARTx) can be used to check whether or not
1835:Drivers/STM32F4xx_HAL_Driver/Inc/stm32f4xx_ll_usart.h ****   *         Hardware Flow control feature is supported by the USARTx instance.
1836:Drivers/STM32F4xx_HAL_Driver/Inc/stm32f4xx_ll_usart.h ****   * @rmtoll SR           CTS           LL_USART_IsActiveFlag_nCTS
1837:Drivers/STM32F4xx_HAL_Driver/Inc/stm32f4xx_ll_usart.h ****   * @param  USARTx USART Instance
1838:Drivers/STM32F4xx_HAL_Driver/Inc/stm32f4xx_ll_usart.h ****   * @retval State of bit (1 or 0).
1839:Drivers/STM32F4xx_HAL_Driver/Inc/stm32f4xx_ll_usart.h ****   */
1840:Drivers/STM32F4xx_HAL_Driver/Inc/stm32f4xx_ll_usart.h **** __STATIC_INLINE uint32_t LL_USART_IsActiveFlag_nCTS(const USART_TypeDef *USARTx)
1841:Drivers/STM32F4xx_HAL_Driver/Inc/stm32f4xx_ll_usart.h **** {
1842:Drivers/STM32F4xx_HAL_Driver/Inc/stm32f4xx_ll_usart.h ****   return (READ_BIT(USARTx->SR, USART_SR_CTS) == (USART_SR_CTS));
1843:Drivers/STM32F4xx_HAL_Driver/Inc/stm32f4xx_ll_usart.h **** }
1844:Drivers/STM32F4xx_HAL_Driver/Inc/stm32f4xx_ll_usart.h **** 
1845:Drivers/STM32F4xx_HAL_Driver/Inc/stm32f4xx_ll_usart.h **** /**
1846:Drivers/STM32F4xx_HAL_Driver/Inc/stm32f4xx_ll_usart.h ****   * @brief  Check if the USART Send Break Flag is set or not
1847:Drivers/STM32F4xx_HAL_Driver/Inc/stm32f4xx_ll_usart.h ****   * @rmtoll CR1          SBK           LL_USART_IsActiveFlag_SBK
1848:Drivers/STM32F4xx_HAL_Driver/Inc/stm32f4xx_ll_usart.h ****   * @param  USARTx USART Instance
1849:Drivers/STM32F4xx_HAL_Driver/Inc/stm32f4xx_ll_usart.h ****   * @retval State of bit (1 or 0).
1850:Drivers/STM32F4xx_HAL_Driver/Inc/stm32f4xx_ll_usart.h ****   */
1851:Drivers/STM32F4xx_HAL_Driver/Inc/stm32f4xx_ll_usart.h **** __STATIC_INLINE uint32_t LL_USART_IsActiveFlag_SBK(const USART_TypeDef *USARTx)
1852:Drivers/STM32F4xx_HAL_Driver/Inc/stm32f4xx_ll_usart.h **** {
1853:Drivers/STM32F4xx_HAL_Driver/Inc/stm32f4xx_ll_usart.h ****   return (READ_BIT(USARTx->CR1, USART_CR1_SBK) == (USART_CR1_SBK));
1854:Drivers/STM32F4xx_HAL_Driver/Inc/stm32f4xx_ll_usart.h **** }
1855:Drivers/STM32F4xx_HAL_Driver/Inc/stm32f4xx_ll_usart.h **** 
1856:Drivers/STM32F4xx_HAL_Driver/Inc/stm32f4xx_ll_usart.h **** /**
ARM GAS  C:\Users\chris\AppData\Local\Temp\cchxBc72.s 			page 42


1857:Drivers/STM32F4xx_HAL_Driver/Inc/stm32f4xx_ll_usart.h ****   * @brief  Check if the USART Receive Wake Up from mute mode Flag is set or not
1858:Drivers/STM32F4xx_HAL_Driver/Inc/stm32f4xx_ll_usart.h ****   * @rmtoll CR1          RWU           LL_USART_IsActiveFlag_RWU
1859:Drivers/STM32F4xx_HAL_Driver/Inc/stm32f4xx_ll_usart.h ****   * @param  USARTx USART Instance
1860:Drivers/STM32F4xx_HAL_Driver/Inc/stm32f4xx_ll_usart.h ****   * @retval State of bit (1 or 0).
1861:Drivers/STM32F4xx_HAL_Driver/Inc/stm32f4xx_ll_usart.h ****   */
1862:Drivers/STM32F4xx_HAL_Driver/Inc/stm32f4xx_ll_usart.h **** __STATIC_INLINE uint32_t LL_USART_IsActiveFlag_RWU(const USART_TypeDef *USARTx)
1863:Drivers/STM32F4xx_HAL_Driver/Inc/stm32f4xx_ll_usart.h **** {
1864:Drivers/STM32F4xx_HAL_Driver/Inc/stm32f4xx_ll_usart.h ****   return (READ_BIT(USARTx->CR1, USART_CR1_RWU) == (USART_CR1_RWU));
1865:Drivers/STM32F4xx_HAL_Driver/Inc/stm32f4xx_ll_usart.h **** }
1866:Drivers/STM32F4xx_HAL_Driver/Inc/stm32f4xx_ll_usart.h **** 
1867:Drivers/STM32F4xx_HAL_Driver/Inc/stm32f4xx_ll_usart.h **** /**
1868:Drivers/STM32F4xx_HAL_Driver/Inc/stm32f4xx_ll_usart.h ****   * @brief  Clear Parity Error Flag
1869:Drivers/STM32F4xx_HAL_Driver/Inc/stm32f4xx_ll_usart.h ****   * @note   Clearing this flag is done by a read access to the USARTx_SR
1870:Drivers/STM32F4xx_HAL_Driver/Inc/stm32f4xx_ll_usart.h ****   *         register followed by a read access to the USARTx_DR register.
1871:Drivers/STM32F4xx_HAL_Driver/Inc/stm32f4xx_ll_usart.h ****   * @note   Please also consider that when clearing this flag, other flags as
1872:Drivers/STM32F4xx_HAL_Driver/Inc/stm32f4xx_ll_usart.h ****   *         NE, FE, ORE, IDLE would also be cleared.
1873:Drivers/STM32F4xx_HAL_Driver/Inc/stm32f4xx_ll_usart.h ****   * @rmtoll SR           PE            LL_USART_ClearFlag_PE
1874:Drivers/STM32F4xx_HAL_Driver/Inc/stm32f4xx_ll_usart.h ****   * @param  USARTx USART Instance
1875:Drivers/STM32F4xx_HAL_Driver/Inc/stm32f4xx_ll_usart.h ****   * @retval None
1876:Drivers/STM32F4xx_HAL_Driver/Inc/stm32f4xx_ll_usart.h ****   */
1877:Drivers/STM32F4xx_HAL_Driver/Inc/stm32f4xx_ll_usart.h **** __STATIC_INLINE void LL_USART_ClearFlag_PE(USART_TypeDef *USARTx)
1878:Drivers/STM32F4xx_HAL_Driver/Inc/stm32f4xx_ll_usart.h **** {
1879:Drivers/STM32F4xx_HAL_Driver/Inc/stm32f4xx_ll_usart.h ****   __IO uint32_t tmpreg;
1880:Drivers/STM32F4xx_HAL_Driver/Inc/stm32f4xx_ll_usart.h ****   tmpreg = USARTx->SR;
1881:Drivers/STM32F4xx_HAL_Driver/Inc/stm32f4xx_ll_usart.h ****   (void) tmpreg;
1882:Drivers/STM32F4xx_HAL_Driver/Inc/stm32f4xx_ll_usart.h ****   tmpreg = USARTx->DR;
1883:Drivers/STM32F4xx_HAL_Driver/Inc/stm32f4xx_ll_usart.h ****   (void) tmpreg;
1884:Drivers/STM32F4xx_HAL_Driver/Inc/stm32f4xx_ll_usart.h **** }
1885:Drivers/STM32F4xx_HAL_Driver/Inc/stm32f4xx_ll_usart.h **** 
1886:Drivers/STM32F4xx_HAL_Driver/Inc/stm32f4xx_ll_usart.h **** /**
1887:Drivers/STM32F4xx_HAL_Driver/Inc/stm32f4xx_ll_usart.h ****   * @brief  Clear Framing Error Flag
1888:Drivers/STM32F4xx_HAL_Driver/Inc/stm32f4xx_ll_usart.h ****   * @note   Clearing this flag is done by a read access to the USARTx_SR
1889:Drivers/STM32F4xx_HAL_Driver/Inc/stm32f4xx_ll_usart.h ****   *         register followed by a read access to the USARTx_DR register.
1890:Drivers/STM32F4xx_HAL_Driver/Inc/stm32f4xx_ll_usart.h ****   * @note   Please also consider that when clearing this flag, other flags as
1891:Drivers/STM32F4xx_HAL_Driver/Inc/stm32f4xx_ll_usart.h ****   *         PE, NE, ORE, IDLE would also be cleared.
1892:Drivers/STM32F4xx_HAL_Driver/Inc/stm32f4xx_ll_usart.h ****   * @rmtoll SR           FE            LL_USART_ClearFlag_FE
1893:Drivers/STM32F4xx_HAL_Driver/Inc/stm32f4xx_ll_usart.h ****   * @param  USARTx USART Instance
1894:Drivers/STM32F4xx_HAL_Driver/Inc/stm32f4xx_ll_usart.h ****   * @retval None
1895:Drivers/STM32F4xx_HAL_Driver/Inc/stm32f4xx_ll_usart.h ****   */
1896:Drivers/STM32F4xx_HAL_Driver/Inc/stm32f4xx_ll_usart.h **** __STATIC_INLINE void LL_USART_ClearFlag_FE(USART_TypeDef *USARTx)
1897:Drivers/STM32F4xx_HAL_Driver/Inc/stm32f4xx_ll_usart.h **** {
1898:Drivers/STM32F4xx_HAL_Driver/Inc/stm32f4xx_ll_usart.h ****   __IO uint32_t tmpreg;
1899:Drivers/STM32F4xx_HAL_Driver/Inc/stm32f4xx_ll_usart.h ****   tmpreg = USARTx->SR;
1900:Drivers/STM32F4xx_HAL_Driver/Inc/stm32f4xx_ll_usart.h ****   (void) tmpreg;
1901:Drivers/STM32F4xx_HAL_Driver/Inc/stm32f4xx_ll_usart.h ****   tmpreg = USARTx->DR;
1902:Drivers/STM32F4xx_HAL_Driver/Inc/stm32f4xx_ll_usart.h ****   (void) tmpreg;
1903:Drivers/STM32F4xx_HAL_Driver/Inc/stm32f4xx_ll_usart.h **** }
1904:Drivers/STM32F4xx_HAL_Driver/Inc/stm32f4xx_ll_usart.h **** 
1905:Drivers/STM32F4xx_HAL_Driver/Inc/stm32f4xx_ll_usart.h **** /**
1906:Drivers/STM32F4xx_HAL_Driver/Inc/stm32f4xx_ll_usart.h ****   * @brief  Clear Noise detected Flag
1907:Drivers/STM32F4xx_HAL_Driver/Inc/stm32f4xx_ll_usart.h ****   * @note   Clearing this flag is done by a read access to the USARTx_SR
1908:Drivers/STM32F4xx_HAL_Driver/Inc/stm32f4xx_ll_usart.h ****   *         register followed by a read access to the USARTx_DR register.
1909:Drivers/STM32F4xx_HAL_Driver/Inc/stm32f4xx_ll_usart.h ****   * @note   Please also consider that when clearing this flag, other flags as
1910:Drivers/STM32F4xx_HAL_Driver/Inc/stm32f4xx_ll_usart.h ****   *         PE, FE, ORE, IDLE would also be cleared.
1911:Drivers/STM32F4xx_HAL_Driver/Inc/stm32f4xx_ll_usart.h ****   * @rmtoll SR           NF            LL_USART_ClearFlag_NE
1912:Drivers/STM32F4xx_HAL_Driver/Inc/stm32f4xx_ll_usart.h ****   * @param  USARTx USART Instance
1913:Drivers/STM32F4xx_HAL_Driver/Inc/stm32f4xx_ll_usart.h ****   * @retval None
ARM GAS  C:\Users\chris\AppData\Local\Temp\cchxBc72.s 			page 43


1914:Drivers/STM32F4xx_HAL_Driver/Inc/stm32f4xx_ll_usart.h ****   */
1915:Drivers/STM32F4xx_HAL_Driver/Inc/stm32f4xx_ll_usart.h **** __STATIC_INLINE void LL_USART_ClearFlag_NE(USART_TypeDef *USARTx)
1916:Drivers/STM32F4xx_HAL_Driver/Inc/stm32f4xx_ll_usart.h **** {
1917:Drivers/STM32F4xx_HAL_Driver/Inc/stm32f4xx_ll_usart.h ****   __IO uint32_t tmpreg;
1918:Drivers/STM32F4xx_HAL_Driver/Inc/stm32f4xx_ll_usart.h ****   tmpreg = USARTx->SR;
1919:Drivers/STM32F4xx_HAL_Driver/Inc/stm32f4xx_ll_usart.h ****   (void) tmpreg;
1920:Drivers/STM32F4xx_HAL_Driver/Inc/stm32f4xx_ll_usart.h ****   tmpreg = USARTx->DR;
1921:Drivers/STM32F4xx_HAL_Driver/Inc/stm32f4xx_ll_usart.h ****   (void) tmpreg;
1922:Drivers/STM32F4xx_HAL_Driver/Inc/stm32f4xx_ll_usart.h **** }
1923:Drivers/STM32F4xx_HAL_Driver/Inc/stm32f4xx_ll_usart.h **** 
1924:Drivers/STM32F4xx_HAL_Driver/Inc/stm32f4xx_ll_usart.h **** /**
1925:Drivers/STM32F4xx_HAL_Driver/Inc/stm32f4xx_ll_usart.h ****   * @brief  Clear OverRun Error Flag
1926:Drivers/STM32F4xx_HAL_Driver/Inc/stm32f4xx_ll_usart.h ****   * @note   Clearing this flag is done by a read access to the USARTx_SR
1927:Drivers/STM32F4xx_HAL_Driver/Inc/stm32f4xx_ll_usart.h ****   *         register followed by a read access to the USARTx_DR register.
1928:Drivers/STM32F4xx_HAL_Driver/Inc/stm32f4xx_ll_usart.h ****   * @note   Please also consider that when clearing this flag, other flags as
1929:Drivers/STM32F4xx_HAL_Driver/Inc/stm32f4xx_ll_usart.h ****   *         PE, NE, FE, IDLE would also be cleared.
1930:Drivers/STM32F4xx_HAL_Driver/Inc/stm32f4xx_ll_usart.h ****   * @rmtoll SR           ORE           LL_USART_ClearFlag_ORE
1931:Drivers/STM32F4xx_HAL_Driver/Inc/stm32f4xx_ll_usart.h ****   * @param  USARTx USART Instance
1932:Drivers/STM32F4xx_HAL_Driver/Inc/stm32f4xx_ll_usart.h ****   * @retval None
1933:Drivers/STM32F4xx_HAL_Driver/Inc/stm32f4xx_ll_usart.h ****   */
1934:Drivers/STM32F4xx_HAL_Driver/Inc/stm32f4xx_ll_usart.h **** __STATIC_INLINE void LL_USART_ClearFlag_ORE(USART_TypeDef *USARTx)
1935:Drivers/STM32F4xx_HAL_Driver/Inc/stm32f4xx_ll_usart.h **** {
1936:Drivers/STM32F4xx_HAL_Driver/Inc/stm32f4xx_ll_usart.h ****   __IO uint32_t tmpreg;
1937:Drivers/STM32F4xx_HAL_Driver/Inc/stm32f4xx_ll_usart.h ****   tmpreg = USARTx->SR;
1938:Drivers/STM32F4xx_HAL_Driver/Inc/stm32f4xx_ll_usart.h ****   (void) tmpreg;
1939:Drivers/STM32F4xx_HAL_Driver/Inc/stm32f4xx_ll_usart.h ****   tmpreg = USARTx->DR;
1940:Drivers/STM32F4xx_HAL_Driver/Inc/stm32f4xx_ll_usart.h ****   (void) tmpreg;
1941:Drivers/STM32F4xx_HAL_Driver/Inc/stm32f4xx_ll_usart.h **** }
1942:Drivers/STM32F4xx_HAL_Driver/Inc/stm32f4xx_ll_usart.h **** 
1943:Drivers/STM32F4xx_HAL_Driver/Inc/stm32f4xx_ll_usart.h **** /**
1944:Drivers/STM32F4xx_HAL_Driver/Inc/stm32f4xx_ll_usart.h ****   * @brief  Clear IDLE line detected Flag
1945:Drivers/STM32F4xx_HAL_Driver/Inc/stm32f4xx_ll_usart.h ****   * @note   Clearing this flag is done by a read access to the USARTx_SR
1946:Drivers/STM32F4xx_HAL_Driver/Inc/stm32f4xx_ll_usart.h ****   *         register followed by a read access to the USARTx_DR register.
1947:Drivers/STM32F4xx_HAL_Driver/Inc/stm32f4xx_ll_usart.h ****   * @note   Please also consider that when clearing this flag, other flags as
1948:Drivers/STM32F4xx_HAL_Driver/Inc/stm32f4xx_ll_usart.h ****   *         PE, NE, FE, ORE would also be cleared.
1949:Drivers/STM32F4xx_HAL_Driver/Inc/stm32f4xx_ll_usart.h ****   * @rmtoll SR           IDLE          LL_USART_ClearFlag_IDLE
1950:Drivers/STM32F4xx_HAL_Driver/Inc/stm32f4xx_ll_usart.h ****   * @param  USARTx USART Instance
1951:Drivers/STM32F4xx_HAL_Driver/Inc/stm32f4xx_ll_usart.h ****   * @retval None
1952:Drivers/STM32F4xx_HAL_Driver/Inc/stm32f4xx_ll_usart.h ****   */
1953:Drivers/STM32F4xx_HAL_Driver/Inc/stm32f4xx_ll_usart.h **** __STATIC_INLINE void LL_USART_ClearFlag_IDLE(USART_TypeDef *USARTx)
1954:Drivers/STM32F4xx_HAL_Driver/Inc/stm32f4xx_ll_usart.h **** {
1955:Drivers/STM32F4xx_HAL_Driver/Inc/stm32f4xx_ll_usart.h ****   __IO uint32_t tmpreg;
1956:Drivers/STM32F4xx_HAL_Driver/Inc/stm32f4xx_ll_usart.h ****   tmpreg = USARTx->SR;
1957:Drivers/STM32F4xx_HAL_Driver/Inc/stm32f4xx_ll_usart.h ****   (void) tmpreg;
1958:Drivers/STM32F4xx_HAL_Driver/Inc/stm32f4xx_ll_usart.h ****   tmpreg = USARTx->DR;
1959:Drivers/STM32F4xx_HAL_Driver/Inc/stm32f4xx_ll_usart.h ****   (void) tmpreg;
1960:Drivers/STM32F4xx_HAL_Driver/Inc/stm32f4xx_ll_usart.h **** }
1961:Drivers/STM32F4xx_HAL_Driver/Inc/stm32f4xx_ll_usart.h **** 
1962:Drivers/STM32F4xx_HAL_Driver/Inc/stm32f4xx_ll_usart.h **** /**
1963:Drivers/STM32F4xx_HAL_Driver/Inc/stm32f4xx_ll_usart.h ****   * @brief  Clear Transmission Complete Flag
1964:Drivers/STM32F4xx_HAL_Driver/Inc/stm32f4xx_ll_usart.h ****   * @rmtoll SR           TC            LL_USART_ClearFlag_TC
1965:Drivers/STM32F4xx_HAL_Driver/Inc/stm32f4xx_ll_usart.h ****   * @param  USARTx USART Instance
1966:Drivers/STM32F4xx_HAL_Driver/Inc/stm32f4xx_ll_usart.h ****   * @retval None
1967:Drivers/STM32F4xx_HAL_Driver/Inc/stm32f4xx_ll_usart.h ****   */
1968:Drivers/STM32F4xx_HAL_Driver/Inc/stm32f4xx_ll_usart.h **** __STATIC_INLINE void LL_USART_ClearFlag_TC(USART_TypeDef *USARTx)
1969:Drivers/STM32F4xx_HAL_Driver/Inc/stm32f4xx_ll_usart.h **** {
1970:Drivers/STM32F4xx_HAL_Driver/Inc/stm32f4xx_ll_usart.h ****   WRITE_REG(USARTx->SR, ~(USART_SR_TC));
ARM GAS  C:\Users\chris\AppData\Local\Temp\cchxBc72.s 			page 44


1971:Drivers/STM32F4xx_HAL_Driver/Inc/stm32f4xx_ll_usart.h **** }
1972:Drivers/STM32F4xx_HAL_Driver/Inc/stm32f4xx_ll_usart.h **** 
1973:Drivers/STM32F4xx_HAL_Driver/Inc/stm32f4xx_ll_usart.h **** /**
1974:Drivers/STM32F4xx_HAL_Driver/Inc/stm32f4xx_ll_usart.h ****   * @brief  Clear RX Not Empty Flag
1975:Drivers/STM32F4xx_HAL_Driver/Inc/stm32f4xx_ll_usart.h ****   * @rmtoll SR           RXNE          LL_USART_ClearFlag_RXNE
1976:Drivers/STM32F4xx_HAL_Driver/Inc/stm32f4xx_ll_usart.h ****   * @param  USARTx USART Instance
1977:Drivers/STM32F4xx_HAL_Driver/Inc/stm32f4xx_ll_usart.h ****   * @retval None
1978:Drivers/STM32F4xx_HAL_Driver/Inc/stm32f4xx_ll_usart.h ****   */
1979:Drivers/STM32F4xx_HAL_Driver/Inc/stm32f4xx_ll_usart.h **** __STATIC_INLINE void LL_USART_ClearFlag_RXNE(USART_TypeDef *USARTx)
1980:Drivers/STM32F4xx_HAL_Driver/Inc/stm32f4xx_ll_usart.h **** {
1981:Drivers/STM32F4xx_HAL_Driver/Inc/stm32f4xx_ll_usart.h ****   WRITE_REG(USARTx->SR, ~(USART_SR_RXNE));
1982:Drivers/STM32F4xx_HAL_Driver/Inc/stm32f4xx_ll_usart.h **** }
1983:Drivers/STM32F4xx_HAL_Driver/Inc/stm32f4xx_ll_usart.h **** 
1984:Drivers/STM32F4xx_HAL_Driver/Inc/stm32f4xx_ll_usart.h **** /**
1985:Drivers/STM32F4xx_HAL_Driver/Inc/stm32f4xx_ll_usart.h ****   * @brief  Clear LIN Break Detection Flag
1986:Drivers/STM32F4xx_HAL_Driver/Inc/stm32f4xx_ll_usart.h ****   * @note   Macro IS_UART_LIN_INSTANCE(USARTx) can be used to check whether or not
1987:Drivers/STM32F4xx_HAL_Driver/Inc/stm32f4xx_ll_usart.h ****   *         LIN feature is supported by the USARTx instance.
1988:Drivers/STM32F4xx_HAL_Driver/Inc/stm32f4xx_ll_usart.h ****   * @rmtoll SR           LBD           LL_USART_ClearFlag_LBD
1989:Drivers/STM32F4xx_HAL_Driver/Inc/stm32f4xx_ll_usart.h ****   * @param  USARTx USART Instance
1990:Drivers/STM32F4xx_HAL_Driver/Inc/stm32f4xx_ll_usart.h ****   * @retval None
1991:Drivers/STM32F4xx_HAL_Driver/Inc/stm32f4xx_ll_usart.h ****   */
1992:Drivers/STM32F4xx_HAL_Driver/Inc/stm32f4xx_ll_usart.h **** __STATIC_INLINE void LL_USART_ClearFlag_LBD(USART_TypeDef *USARTx)
1993:Drivers/STM32F4xx_HAL_Driver/Inc/stm32f4xx_ll_usart.h **** {
1994:Drivers/STM32F4xx_HAL_Driver/Inc/stm32f4xx_ll_usart.h ****   WRITE_REG(USARTx->SR, ~(USART_SR_LBD));
1995:Drivers/STM32F4xx_HAL_Driver/Inc/stm32f4xx_ll_usart.h **** }
1996:Drivers/STM32F4xx_HAL_Driver/Inc/stm32f4xx_ll_usart.h **** 
1997:Drivers/STM32F4xx_HAL_Driver/Inc/stm32f4xx_ll_usart.h **** /**
1998:Drivers/STM32F4xx_HAL_Driver/Inc/stm32f4xx_ll_usart.h ****   * @brief  Clear CTS Interrupt Flag
1999:Drivers/STM32F4xx_HAL_Driver/Inc/stm32f4xx_ll_usart.h ****   * @note   Macro IS_UART_HWFLOW_INSTANCE(USARTx) can be used to check whether or not
2000:Drivers/STM32F4xx_HAL_Driver/Inc/stm32f4xx_ll_usart.h ****   *         Hardware Flow control feature is supported by the USARTx instance.
2001:Drivers/STM32F4xx_HAL_Driver/Inc/stm32f4xx_ll_usart.h ****   * @rmtoll SR           CTS           LL_USART_ClearFlag_nCTS
2002:Drivers/STM32F4xx_HAL_Driver/Inc/stm32f4xx_ll_usart.h ****   * @param  USARTx USART Instance
2003:Drivers/STM32F4xx_HAL_Driver/Inc/stm32f4xx_ll_usart.h ****   * @retval None
2004:Drivers/STM32F4xx_HAL_Driver/Inc/stm32f4xx_ll_usart.h ****   */
2005:Drivers/STM32F4xx_HAL_Driver/Inc/stm32f4xx_ll_usart.h **** __STATIC_INLINE void LL_USART_ClearFlag_nCTS(USART_TypeDef *USARTx)
2006:Drivers/STM32F4xx_HAL_Driver/Inc/stm32f4xx_ll_usart.h **** {
2007:Drivers/STM32F4xx_HAL_Driver/Inc/stm32f4xx_ll_usart.h ****   WRITE_REG(USARTx->SR, ~(USART_SR_CTS));
2008:Drivers/STM32F4xx_HAL_Driver/Inc/stm32f4xx_ll_usart.h **** }
2009:Drivers/STM32F4xx_HAL_Driver/Inc/stm32f4xx_ll_usart.h **** 
2010:Drivers/STM32F4xx_HAL_Driver/Inc/stm32f4xx_ll_usart.h **** /**
2011:Drivers/STM32F4xx_HAL_Driver/Inc/stm32f4xx_ll_usart.h ****   * @}
2012:Drivers/STM32F4xx_HAL_Driver/Inc/stm32f4xx_ll_usart.h ****   */
2013:Drivers/STM32F4xx_HAL_Driver/Inc/stm32f4xx_ll_usart.h **** 
2014:Drivers/STM32F4xx_HAL_Driver/Inc/stm32f4xx_ll_usart.h **** /** @defgroup USART_LL_EF_IT_Management IT_Management
2015:Drivers/STM32F4xx_HAL_Driver/Inc/stm32f4xx_ll_usart.h ****   * @{
2016:Drivers/STM32F4xx_HAL_Driver/Inc/stm32f4xx_ll_usart.h ****   */
2017:Drivers/STM32F4xx_HAL_Driver/Inc/stm32f4xx_ll_usart.h **** 
2018:Drivers/STM32F4xx_HAL_Driver/Inc/stm32f4xx_ll_usart.h **** /**
2019:Drivers/STM32F4xx_HAL_Driver/Inc/stm32f4xx_ll_usart.h ****   * @brief  Enable IDLE Interrupt
2020:Drivers/STM32F4xx_HAL_Driver/Inc/stm32f4xx_ll_usart.h ****   * @rmtoll CR1          IDLEIE        LL_USART_EnableIT_IDLE
2021:Drivers/STM32F4xx_HAL_Driver/Inc/stm32f4xx_ll_usart.h ****   * @param  USARTx USART Instance
2022:Drivers/STM32F4xx_HAL_Driver/Inc/stm32f4xx_ll_usart.h ****   * @retval None
2023:Drivers/STM32F4xx_HAL_Driver/Inc/stm32f4xx_ll_usart.h ****   */
2024:Drivers/STM32F4xx_HAL_Driver/Inc/stm32f4xx_ll_usart.h **** __STATIC_INLINE void LL_USART_EnableIT_IDLE(USART_TypeDef *USARTx)
2025:Drivers/STM32F4xx_HAL_Driver/Inc/stm32f4xx_ll_usart.h **** {
2026:Drivers/STM32F4xx_HAL_Driver/Inc/stm32f4xx_ll_usart.h ****   ATOMIC_SET_BIT(USARTx->CR1, USART_CR1_IDLEIE);
2027:Drivers/STM32F4xx_HAL_Driver/Inc/stm32f4xx_ll_usart.h **** }
ARM GAS  C:\Users\chris\AppData\Local\Temp\cchxBc72.s 			page 45


2028:Drivers/STM32F4xx_HAL_Driver/Inc/stm32f4xx_ll_usart.h **** 
2029:Drivers/STM32F4xx_HAL_Driver/Inc/stm32f4xx_ll_usart.h **** /**
2030:Drivers/STM32F4xx_HAL_Driver/Inc/stm32f4xx_ll_usart.h ****   * @brief  Enable RX Not Empty Interrupt
2031:Drivers/STM32F4xx_HAL_Driver/Inc/stm32f4xx_ll_usart.h ****   * @rmtoll CR1          RXNEIE        LL_USART_EnableIT_RXNE
2032:Drivers/STM32F4xx_HAL_Driver/Inc/stm32f4xx_ll_usart.h ****   * @param  USARTx USART Instance
2033:Drivers/STM32F4xx_HAL_Driver/Inc/stm32f4xx_ll_usart.h ****   * @retval None
2034:Drivers/STM32F4xx_HAL_Driver/Inc/stm32f4xx_ll_usart.h ****   */
2035:Drivers/STM32F4xx_HAL_Driver/Inc/stm32f4xx_ll_usart.h **** __STATIC_INLINE void LL_USART_EnableIT_RXNE(USART_TypeDef *USARTx)
2036:Drivers/STM32F4xx_HAL_Driver/Inc/stm32f4xx_ll_usart.h **** {
2037:Drivers/STM32F4xx_HAL_Driver/Inc/stm32f4xx_ll_usart.h ****   ATOMIC_SET_BIT(USARTx->CR1, USART_CR1_RXNEIE);
2038:Drivers/STM32F4xx_HAL_Driver/Inc/stm32f4xx_ll_usart.h **** }
2039:Drivers/STM32F4xx_HAL_Driver/Inc/stm32f4xx_ll_usart.h **** 
2040:Drivers/STM32F4xx_HAL_Driver/Inc/stm32f4xx_ll_usart.h **** /**
2041:Drivers/STM32F4xx_HAL_Driver/Inc/stm32f4xx_ll_usart.h ****   * @brief  Enable Transmission Complete Interrupt
2042:Drivers/STM32F4xx_HAL_Driver/Inc/stm32f4xx_ll_usart.h ****   * @rmtoll CR1          TCIE          LL_USART_EnableIT_TC
2043:Drivers/STM32F4xx_HAL_Driver/Inc/stm32f4xx_ll_usart.h ****   * @param  USARTx USART Instance
2044:Drivers/STM32F4xx_HAL_Driver/Inc/stm32f4xx_ll_usart.h ****   * @retval None
2045:Drivers/STM32F4xx_HAL_Driver/Inc/stm32f4xx_ll_usart.h ****   */
2046:Drivers/STM32F4xx_HAL_Driver/Inc/stm32f4xx_ll_usart.h **** __STATIC_INLINE void LL_USART_EnableIT_TC(USART_TypeDef *USARTx)
2047:Drivers/STM32F4xx_HAL_Driver/Inc/stm32f4xx_ll_usart.h **** {
2048:Drivers/STM32F4xx_HAL_Driver/Inc/stm32f4xx_ll_usart.h ****   ATOMIC_SET_BIT(USARTx->CR1, USART_CR1_TCIE);
2049:Drivers/STM32F4xx_HAL_Driver/Inc/stm32f4xx_ll_usart.h **** }
2050:Drivers/STM32F4xx_HAL_Driver/Inc/stm32f4xx_ll_usart.h **** 
2051:Drivers/STM32F4xx_HAL_Driver/Inc/stm32f4xx_ll_usart.h **** /**
2052:Drivers/STM32F4xx_HAL_Driver/Inc/stm32f4xx_ll_usart.h ****   * @brief  Enable TX Empty Interrupt
2053:Drivers/STM32F4xx_HAL_Driver/Inc/stm32f4xx_ll_usart.h ****   * @rmtoll CR1          TXEIE         LL_USART_EnableIT_TXE
2054:Drivers/STM32F4xx_HAL_Driver/Inc/stm32f4xx_ll_usart.h ****   * @param  USARTx USART Instance
2055:Drivers/STM32F4xx_HAL_Driver/Inc/stm32f4xx_ll_usart.h ****   * @retval None
2056:Drivers/STM32F4xx_HAL_Driver/Inc/stm32f4xx_ll_usart.h ****   */
2057:Drivers/STM32F4xx_HAL_Driver/Inc/stm32f4xx_ll_usart.h **** __STATIC_INLINE void LL_USART_EnableIT_TXE(USART_TypeDef *USARTx)
2058:Drivers/STM32F4xx_HAL_Driver/Inc/stm32f4xx_ll_usart.h **** {
2059:Drivers/STM32F4xx_HAL_Driver/Inc/stm32f4xx_ll_usart.h ****   ATOMIC_SET_BIT(USARTx->CR1, USART_CR1_TXEIE);
2060:Drivers/STM32F4xx_HAL_Driver/Inc/stm32f4xx_ll_usart.h **** }
2061:Drivers/STM32F4xx_HAL_Driver/Inc/stm32f4xx_ll_usart.h **** 
2062:Drivers/STM32F4xx_HAL_Driver/Inc/stm32f4xx_ll_usart.h **** /**
2063:Drivers/STM32F4xx_HAL_Driver/Inc/stm32f4xx_ll_usart.h ****   * @brief  Enable Parity Error Interrupt
2064:Drivers/STM32F4xx_HAL_Driver/Inc/stm32f4xx_ll_usart.h ****   * @rmtoll CR1          PEIE          LL_USART_EnableIT_PE
2065:Drivers/STM32F4xx_HAL_Driver/Inc/stm32f4xx_ll_usart.h ****   * @param  USARTx USART Instance
2066:Drivers/STM32F4xx_HAL_Driver/Inc/stm32f4xx_ll_usart.h ****   * @retval None
2067:Drivers/STM32F4xx_HAL_Driver/Inc/stm32f4xx_ll_usart.h ****   */
2068:Drivers/STM32F4xx_HAL_Driver/Inc/stm32f4xx_ll_usart.h **** __STATIC_INLINE void LL_USART_EnableIT_PE(USART_TypeDef *USARTx)
2069:Drivers/STM32F4xx_HAL_Driver/Inc/stm32f4xx_ll_usart.h **** {
2070:Drivers/STM32F4xx_HAL_Driver/Inc/stm32f4xx_ll_usart.h ****   ATOMIC_SET_BIT(USARTx->CR1, USART_CR1_PEIE);
2071:Drivers/STM32F4xx_HAL_Driver/Inc/stm32f4xx_ll_usart.h **** }
2072:Drivers/STM32F4xx_HAL_Driver/Inc/stm32f4xx_ll_usart.h **** 
2073:Drivers/STM32F4xx_HAL_Driver/Inc/stm32f4xx_ll_usart.h **** /**
2074:Drivers/STM32F4xx_HAL_Driver/Inc/stm32f4xx_ll_usart.h ****   * @brief  Enable LIN Break Detection Interrupt
2075:Drivers/STM32F4xx_HAL_Driver/Inc/stm32f4xx_ll_usart.h ****   * @note   Macro IS_UART_LIN_INSTANCE(USARTx) can be used to check whether or not
2076:Drivers/STM32F4xx_HAL_Driver/Inc/stm32f4xx_ll_usart.h ****   *         LIN feature is supported by the USARTx instance.
2077:Drivers/STM32F4xx_HAL_Driver/Inc/stm32f4xx_ll_usart.h ****   * @rmtoll CR2          LBDIE         LL_USART_EnableIT_LBD
2078:Drivers/STM32F4xx_HAL_Driver/Inc/stm32f4xx_ll_usart.h ****   * @param  USARTx USART Instance
2079:Drivers/STM32F4xx_HAL_Driver/Inc/stm32f4xx_ll_usart.h ****   * @retval None
2080:Drivers/STM32F4xx_HAL_Driver/Inc/stm32f4xx_ll_usart.h ****   */
2081:Drivers/STM32F4xx_HAL_Driver/Inc/stm32f4xx_ll_usart.h **** __STATIC_INLINE void LL_USART_EnableIT_LBD(USART_TypeDef *USARTx)
2082:Drivers/STM32F4xx_HAL_Driver/Inc/stm32f4xx_ll_usart.h **** {
2083:Drivers/STM32F4xx_HAL_Driver/Inc/stm32f4xx_ll_usart.h ****   SET_BIT(USARTx->CR2, USART_CR2_LBDIE);
2084:Drivers/STM32F4xx_HAL_Driver/Inc/stm32f4xx_ll_usart.h **** }
ARM GAS  C:\Users\chris\AppData\Local\Temp\cchxBc72.s 			page 46


2085:Drivers/STM32F4xx_HAL_Driver/Inc/stm32f4xx_ll_usart.h **** 
2086:Drivers/STM32F4xx_HAL_Driver/Inc/stm32f4xx_ll_usart.h **** /**
2087:Drivers/STM32F4xx_HAL_Driver/Inc/stm32f4xx_ll_usart.h ****   * @brief  Enable Error Interrupt
2088:Drivers/STM32F4xx_HAL_Driver/Inc/stm32f4xx_ll_usart.h ****   * @note   When set, Error Interrupt Enable Bit is enabling interrupt generation in case of a fram
2089:Drivers/STM32F4xx_HAL_Driver/Inc/stm32f4xx_ll_usart.h ****   *         error, overrun error or noise flag (FE=1 or ORE=1 or NF=1 in the USARTx_SR register).
2090:Drivers/STM32F4xx_HAL_Driver/Inc/stm32f4xx_ll_usart.h ****   *           0: Interrupt is inhibited
2091:Drivers/STM32F4xx_HAL_Driver/Inc/stm32f4xx_ll_usart.h ****   *           1: An interrupt is generated when FE=1 or ORE=1 or NF=1 in the USARTx_SR register.
2092:Drivers/STM32F4xx_HAL_Driver/Inc/stm32f4xx_ll_usart.h ****   * @rmtoll CR3          EIE           LL_USART_EnableIT_ERROR
2093:Drivers/STM32F4xx_HAL_Driver/Inc/stm32f4xx_ll_usart.h ****   * @param  USARTx USART Instance
2094:Drivers/STM32F4xx_HAL_Driver/Inc/stm32f4xx_ll_usart.h ****   * @retval None
2095:Drivers/STM32F4xx_HAL_Driver/Inc/stm32f4xx_ll_usart.h ****   */
2096:Drivers/STM32F4xx_HAL_Driver/Inc/stm32f4xx_ll_usart.h **** __STATIC_INLINE void LL_USART_EnableIT_ERROR(USART_TypeDef *USARTx)
2097:Drivers/STM32F4xx_HAL_Driver/Inc/stm32f4xx_ll_usart.h **** {
2098:Drivers/STM32F4xx_HAL_Driver/Inc/stm32f4xx_ll_usart.h ****   ATOMIC_SET_BIT(USARTx->CR3, USART_CR3_EIE);
2099:Drivers/STM32F4xx_HAL_Driver/Inc/stm32f4xx_ll_usart.h **** }
2100:Drivers/STM32F4xx_HAL_Driver/Inc/stm32f4xx_ll_usart.h **** 
2101:Drivers/STM32F4xx_HAL_Driver/Inc/stm32f4xx_ll_usart.h **** /**
2102:Drivers/STM32F4xx_HAL_Driver/Inc/stm32f4xx_ll_usart.h ****   * @brief  Enable CTS Interrupt
2103:Drivers/STM32F4xx_HAL_Driver/Inc/stm32f4xx_ll_usart.h ****   * @note   Macro IS_UART_HWFLOW_INSTANCE(USARTx) can be used to check whether or not
2104:Drivers/STM32F4xx_HAL_Driver/Inc/stm32f4xx_ll_usart.h ****   *         Hardware Flow control feature is supported by the USARTx instance.
2105:Drivers/STM32F4xx_HAL_Driver/Inc/stm32f4xx_ll_usart.h ****   * @rmtoll CR3          CTSIE         LL_USART_EnableIT_CTS
2106:Drivers/STM32F4xx_HAL_Driver/Inc/stm32f4xx_ll_usart.h ****   * @param  USARTx USART Instance
2107:Drivers/STM32F4xx_HAL_Driver/Inc/stm32f4xx_ll_usart.h ****   * @retval None
2108:Drivers/STM32F4xx_HAL_Driver/Inc/stm32f4xx_ll_usart.h ****   */
2109:Drivers/STM32F4xx_HAL_Driver/Inc/stm32f4xx_ll_usart.h **** __STATIC_INLINE void LL_USART_EnableIT_CTS(USART_TypeDef *USARTx)
2110:Drivers/STM32F4xx_HAL_Driver/Inc/stm32f4xx_ll_usart.h **** {
2111:Drivers/STM32F4xx_HAL_Driver/Inc/stm32f4xx_ll_usart.h ****   ATOMIC_SET_BIT(USARTx->CR3, USART_CR3_CTSIE);
2112:Drivers/STM32F4xx_HAL_Driver/Inc/stm32f4xx_ll_usart.h **** }
2113:Drivers/STM32F4xx_HAL_Driver/Inc/stm32f4xx_ll_usart.h **** 
2114:Drivers/STM32F4xx_HAL_Driver/Inc/stm32f4xx_ll_usart.h **** /**
2115:Drivers/STM32F4xx_HAL_Driver/Inc/stm32f4xx_ll_usart.h ****   * @brief  Disable IDLE Interrupt
2116:Drivers/STM32F4xx_HAL_Driver/Inc/stm32f4xx_ll_usart.h ****   * @rmtoll CR1          IDLEIE        LL_USART_DisableIT_IDLE
2117:Drivers/STM32F4xx_HAL_Driver/Inc/stm32f4xx_ll_usart.h ****   * @param  USARTx USART Instance
2118:Drivers/STM32F4xx_HAL_Driver/Inc/stm32f4xx_ll_usart.h ****   * @retval None
2119:Drivers/STM32F4xx_HAL_Driver/Inc/stm32f4xx_ll_usart.h ****   */
2120:Drivers/STM32F4xx_HAL_Driver/Inc/stm32f4xx_ll_usart.h **** __STATIC_INLINE void LL_USART_DisableIT_IDLE(USART_TypeDef *USARTx)
2121:Drivers/STM32F4xx_HAL_Driver/Inc/stm32f4xx_ll_usart.h **** {
2122:Drivers/STM32F4xx_HAL_Driver/Inc/stm32f4xx_ll_usart.h ****   ATOMIC_CLEAR_BIT(USARTx->CR1, USART_CR1_IDLEIE);
2123:Drivers/STM32F4xx_HAL_Driver/Inc/stm32f4xx_ll_usart.h **** }
2124:Drivers/STM32F4xx_HAL_Driver/Inc/stm32f4xx_ll_usart.h **** 
2125:Drivers/STM32F4xx_HAL_Driver/Inc/stm32f4xx_ll_usart.h **** /**
2126:Drivers/STM32F4xx_HAL_Driver/Inc/stm32f4xx_ll_usart.h ****   * @brief  Disable RX Not Empty Interrupt
2127:Drivers/STM32F4xx_HAL_Driver/Inc/stm32f4xx_ll_usart.h ****   * @rmtoll CR1          RXNEIE        LL_USART_DisableIT_RXNE
2128:Drivers/STM32F4xx_HAL_Driver/Inc/stm32f4xx_ll_usart.h ****   * @param  USARTx USART Instance
2129:Drivers/STM32F4xx_HAL_Driver/Inc/stm32f4xx_ll_usart.h ****   * @retval None
2130:Drivers/STM32F4xx_HAL_Driver/Inc/stm32f4xx_ll_usart.h ****   */
2131:Drivers/STM32F4xx_HAL_Driver/Inc/stm32f4xx_ll_usart.h **** __STATIC_INLINE void LL_USART_DisableIT_RXNE(USART_TypeDef *USARTx)
2132:Drivers/STM32F4xx_HAL_Driver/Inc/stm32f4xx_ll_usart.h **** {
2133:Drivers/STM32F4xx_HAL_Driver/Inc/stm32f4xx_ll_usart.h ****   ATOMIC_CLEAR_BIT(USARTx->CR1, USART_CR1_RXNEIE);
2134:Drivers/STM32F4xx_HAL_Driver/Inc/stm32f4xx_ll_usart.h **** }
2135:Drivers/STM32F4xx_HAL_Driver/Inc/stm32f4xx_ll_usart.h **** 
2136:Drivers/STM32F4xx_HAL_Driver/Inc/stm32f4xx_ll_usart.h **** /**
2137:Drivers/STM32F4xx_HAL_Driver/Inc/stm32f4xx_ll_usart.h ****   * @brief  Disable Transmission Complete Interrupt
2138:Drivers/STM32F4xx_HAL_Driver/Inc/stm32f4xx_ll_usart.h ****   * @rmtoll CR1          TCIE          LL_USART_DisableIT_TC
2139:Drivers/STM32F4xx_HAL_Driver/Inc/stm32f4xx_ll_usart.h ****   * @param  USARTx USART Instance
2140:Drivers/STM32F4xx_HAL_Driver/Inc/stm32f4xx_ll_usart.h ****   * @retval None
2141:Drivers/STM32F4xx_HAL_Driver/Inc/stm32f4xx_ll_usart.h ****   */
ARM GAS  C:\Users\chris\AppData\Local\Temp\cchxBc72.s 			page 47


2142:Drivers/STM32F4xx_HAL_Driver/Inc/stm32f4xx_ll_usart.h **** __STATIC_INLINE void LL_USART_DisableIT_TC(USART_TypeDef *USARTx)
2143:Drivers/STM32F4xx_HAL_Driver/Inc/stm32f4xx_ll_usart.h **** {
2144:Drivers/STM32F4xx_HAL_Driver/Inc/stm32f4xx_ll_usart.h ****   ATOMIC_CLEAR_BIT(USARTx->CR1, USART_CR1_TCIE);
2145:Drivers/STM32F4xx_HAL_Driver/Inc/stm32f4xx_ll_usart.h **** }
2146:Drivers/STM32F4xx_HAL_Driver/Inc/stm32f4xx_ll_usart.h **** 
2147:Drivers/STM32F4xx_HAL_Driver/Inc/stm32f4xx_ll_usart.h **** /**
2148:Drivers/STM32F4xx_HAL_Driver/Inc/stm32f4xx_ll_usart.h ****   * @brief  Disable TX Empty Interrupt
2149:Drivers/STM32F4xx_HAL_Driver/Inc/stm32f4xx_ll_usart.h ****   * @rmtoll CR1          TXEIE         LL_USART_DisableIT_TXE
2150:Drivers/STM32F4xx_HAL_Driver/Inc/stm32f4xx_ll_usart.h ****   * @param  USARTx USART Instance
2151:Drivers/STM32F4xx_HAL_Driver/Inc/stm32f4xx_ll_usart.h ****   * @retval None
2152:Drivers/STM32F4xx_HAL_Driver/Inc/stm32f4xx_ll_usart.h ****   */
2153:Drivers/STM32F4xx_HAL_Driver/Inc/stm32f4xx_ll_usart.h **** __STATIC_INLINE void LL_USART_DisableIT_TXE(USART_TypeDef *USARTx)
2154:Drivers/STM32F4xx_HAL_Driver/Inc/stm32f4xx_ll_usart.h **** {
2155:Drivers/STM32F4xx_HAL_Driver/Inc/stm32f4xx_ll_usart.h ****   ATOMIC_CLEAR_BIT(USARTx->CR1, USART_CR1_TXEIE);
2156:Drivers/STM32F4xx_HAL_Driver/Inc/stm32f4xx_ll_usart.h **** }
2157:Drivers/STM32F4xx_HAL_Driver/Inc/stm32f4xx_ll_usart.h **** 
2158:Drivers/STM32F4xx_HAL_Driver/Inc/stm32f4xx_ll_usart.h **** /**
2159:Drivers/STM32F4xx_HAL_Driver/Inc/stm32f4xx_ll_usart.h ****   * @brief  Disable Parity Error Interrupt
2160:Drivers/STM32F4xx_HAL_Driver/Inc/stm32f4xx_ll_usart.h ****   * @rmtoll CR1          PEIE          LL_USART_DisableIT_PE
2161:Drivers/STM32F4xx_HAL_Driver/Inc/stm32f4xx_ll_usart.h ****   * @param  USARTx USART Instance
2162:Drivers/STM32F4xx_HAL_Driver/Inc/stm32f4xx_ll_usart.h ****   * @retval None
2163:Drivers/STM32F4xx_HAL_Driver/Inc/stm32f4xx_ll_usart.h ****   */
2164:Drivers/STM32F4xx_HAL_Driver/Inc/stm32f4xx_ll_usart.h **** __STATIC_INLINE void LL_USART_DisableIT_PE(USART_TypeDef *USARTx)
2165:Drivers/STM32F4xx_HAL_Driver/Inc/stm32f4xx_ll_usart.h **** {
2166:Drivers/STM32F4xx_HAL_Driver/Inc/stm32f4xx_ll_usart.h ****   ATOMIC_CLEAR_BIT(USARTx->CR1, USART_CR1_PEIE);
2167:Drivers/STM32F4xx_HAL_Driver/Inc/stm32f4xx_ll_usart.h **** }
2168:Drivers/STM32F4xx_HAL_Driver/Inc/stm32f4xx_ll_usart.h **** 
2169:Drivers/STM32F4xx_HAL_Driver/Inc/stm32f4xx_ll_usart.h **** /**
2170:Drivers/STM32F4xx_HAL_Driver/Inc/stm32f4xx_ll_usart.h ****   * @brief  Disable LIN Break Detection Interrupt
2171:Drivers/STM32F4xx_HAL_Driver/Inc/stm32f4xx_ll_usart.h ****   * @note   Macro IS_UART_LIN_INSTANCE(USARTx) can be used to check whether or not
2172:Drivers/STM32F4xx_HAL_Driver/Inc/stm32f4xx_ll_usart.h ****   *         LIN feature is supported by the USARTx instance.
2173:Drivers/STM32F4xx_HAL_Driver/Inc/stm32f4xx_ll_usart.h ****   * @rmtoll CR2          LBDIE         LL_USART_DisableIT_LBD
2174:Drivers/STM32F4xx_HAL_Driver/Inc/stm32f4xx_ll_usart.h ****   * @param  USARTx USART Instance
2175:Drivers/STM32F4xx_HAL_Driver/Inc/stm32f4xx_ll_usart.h ****   * @retval None
2176:Drivers/STM32F4xx_HAL_Driver/Inc/stm32f4xx_ll_usart.h ****   */
2177:Drivers/STM32F4xx_HAL_Driver/Inc/stm32f4xx_ll_usart.h **** __STATIC_INLINE void LL_USART_DisableIT_LBD(USART_TypeDef *USARTx)
2178:Drivers/STM32F4xx_HAL_Driver/Inc/stm32f4xx_ll_usart.h **** {
2179:Drivers/STM32F4xx_HAL_Driver/Inc/stm32f4xx_ll_usart.h ****   CLEAR_BIT(USARTx->CR2, USART_CR2_LBDIE);
2180:Drivers/STM32F4xx_HAL_Driver/Inc/stm32f4xx_ll_usart.h **** }
2181:Drivers/STM32F4xx_HAL_Driver/Inc/stm32f4xx_ll_usart.h **** 
2182:Drivers/STM32F4xx_HAL_Driver/Inc/stm32f4xx_ll_usart.h **** /**
2183:Drivers/STM32F4xx_HAL_Driver/Inc/stm32f4xx_ll_usart.h ****   * @brief  Disable Error Interrupt
2184:Drivers/STM32F4xx_HAL_Driver/Inc/stm32f4xx_ll_usart.h ****   * @note   When set, Error Interrupt Enable Bit is enabling interrupt generation in case of a fram
2185:Drivers/STM32F4xx_HAL_Driver/Inc/stm32f4xx_ll_usart.h ****   *         error, overrun error or noise flag (FE=1 or ORE=1 or NF=1 in the USARTx_SR register).
2186:Drivers/STM32F4xx_HAL_Driver/Inc/stm32f4xx_ll_usart.h ****   *           0: Interrupt is inhibited
2187:Drivers/STM32F4xx_HAL_Driver/Inc/stm32f4xx_ll_usart.h ****   *           1: An interrupt is generated when FE=1 or ORE=1 or NF=1 in the USARTx_SR register.
2188:Drivers/STM32F4xx_HAL_Driver/Inc/stm32f4xx_ll_usart.h ****   * @rmtoll CR3          EIE           LL_USART_DisableIT_ERROR
2189:Drivers/STM32F4xx_HAL_Driver/Inc/stm32f4xx_ll_usart.h ****   * @param  USARTx USART Instance
2190:Drivers/STM32F4xx_HAL_Driver/Inc/stm32f4xx_ll_usart.h ****   * @retval None
2191:Drivers/STM32F4xx_HAL_Driver/Inc/stm32f4xx_ll_usart.h ****   */
2192:Drivers/STM32F4xx_HAL_Driver/Inc/stm32f4xx_ll_usart.h **** __STATIC_INLINE void LL_USART_DisableIT_ERROR(USART_TypeDef *USARTx)
2193:Drivers/STM32F4xx_HAL_Driver/Inc/stm32f4xx_ll_usart.h **** {
2194:Drivers/STM32F4xx_HAL_Driver/Inc/stm32f4xx_ll_usart.h ****   ATOMIC_CLEAR_BIT(USARTx->CR3, USART_CR3_EIE);
2195:Drivers/STM32F4xx_HAL_Driver/Inc/stm32f4xx_ll_usart.h **** }
2196:Drivers/STM32F4xx_HAL_Driver/Inc/stm32f4xx_ll_usart.h **** 
2197:Drivers/STM32F4xx_HAL_Driver/Inc/stm32f4xx_ll_usart.h **** /**
2198:Drivers/STM32F4xx_HAL_Driver/Inc/stm32f4xx_ll_usart.h ****   * @brief  Disable CTS Interrupt
ARM GAS  C:\Users\chris\AppData\Local\Temp\cchxBc72.s 			page 48


2199:Drivers/STM32F4xx_HAL_Driver/Inc/stm32f4xx_ll_usart.h ****   * @note   Macro IS_UART_HWFLOW_INSTANCE(USARTx) can be used to check whether or not
2200:Drivers/STM32F4xx_HAL_Driver/Inc/stm32f4xx_ll_usart.h ****   *         Hardware Flow control feature is supported by the USARTx instance.
2201:Drivers/STM32F4xx_HAL_Driver/Inc/stm32f4xx_ll_usart.h ****   * @rmtoll CR3          CTSIE         LL_USART_DisableIT_CTS
2202:Drivers/STM32F4xx_HAL_Driver/Inc/stm32f4xx_ll_usart.h ****   * @param  USARTx USART Instance
2203:Drivers/STM32F4xx_HAL_Driver/Inc/stm32f4xx_ll_usart.h ****   * @retval None
2204:Drivers/STM32F4xx_HAL_Driver/Inc/stm32f4xx_ll_usart.h ****   */
2205:Drivers/STM32F4xx_HAL_Driver/Inc/stm32f4xx_ll_usart.h **** __STATIC_INLINE void LL_USART_DisableIT_CTS(USART_TypeDef *USARTx)
2206:Drivers/STM32F4xx_HAL_Driver/Inc/stm32f4xx_ll_usart.h **** {
2207:Drivers/STM32F4xx_HAL_Driver/Inc/stm32f4xx_ll_usart.h ****   ATOMIC_CLEAR_BIT(USARTx->CR3, USART_CR3_CTSIE);
2208:Drivers/STM32F4xx_HAL_Driver/Inc/stm32f4xx_ll_usart.h **** }
2209:Drivers/STM32F4xx_HAL_Driver/Inc/stm32f4xx_ll_usart.h **** 
2210:Drivers/STM32F4xx_HAL_Driver/Inc/stm32f4xx_ll_usart.h **** /**
2211:Drivers/STM32F4xx_HAL_Driver/Inc/stm32f4xx_ll_usart.h ****   * @brief  Check if the USART IDLE Interrupt  source is enabled or disabled.
2212:Drivers/STM32F4xx_HAL_Driver/Inc/stm32f4xx_ll_usart.h ****   * @rmtoll CR1          IDLEIE        LL_USART_IsEnabledIT_IDLE
2213:Drivers/STM32F4xx_HAL_Driver/Inc/stm32f4xx_ll_usart.h ****   * @param  USARTx USART Instance
2214:Drivers/STM32F4xx_HAL_Driver/Inc/stm32f4xx_ll_usart.h ****   * @retval State of bit (1 or 0).
2215:Drivers/STM32F4xx_HAL_Driver/Inc/stm32f4xx_ll_usart.h ****   */
2216:Drivers/STM32F4xx_HAL_Driver/Inc/stm32f4xx_ll_usart.h **** __STATIC_INLINE uint32_t LL_USART_IsEnabledIT_IDLE(const USART_TypeDef *USARTx)
2217:Drivers/STM32F4xx_HAL_Driver/Inc/stm32f4xx_ll_usart.h **** {
2218:Drivers/STM32F4xx_HAL_Driver/Inc/stm32f4xx_ll_usart.h ****   return (READ_BIT(USARTx->CR1, USART_CR1_IDLEIE) == (USART_CR1_IDLEIE));
2219:Drivers/STM32F4xx_HAL_Driver/Inc/stm32f4xx_ll_usart.h **** }
2220:Drivers/STM32F4xx_HAL_Driver/Inc/stm32f4xx_ll_usart.h **** 
2221:Drivers/STM32F4xx_HAL_Driver/Inc/stm32f4xx_ll_usart.h **** /**
2222:Drivers/STM32F4xx_HAL_Driver/Inc/stm32f4xx_ll_usart.h ****   * @brief  Check if the USART RX Not Empty Interrupt is enabled or disabled.
2223:Drivers/STM32F4xx_HAL_Driver/Inc/stm32f4xx_ll_usart.h ****   * @rmtoll CR1          RXNEIE        LL_USART_IsEnabledIT_RXNE
2224:Drivers/STM32F4xx_HAL_Driver/Inc/stm32f4xx_ll_usart.h ****   * @param  USARTx USART Instance
2225:Drivers/STM32F4xx_HAL_Driver/Inc/stm32f4xx_ll_usart.h ****   * @retval State of bit (1 or 0).
2226:Drivers/STM32F4xx_HAL_Driver/Inc/stm32f4xx_ll_usart.h ****   */
2227:Drivers/STM32F4xx_HAL_Driver/Inc/stm32f4xx_ll_usart.h **** __STATIC_INLINE uint32_t LL_USART_IsEnabledIT_RXNE(const USART_TypeDef *USARTx)
2228:Drivers/STM32F4xx_HAL_Driver/Inc/stm32f4xx_ll_usart.h **** {
2229:Drivers/STM32F4xx_HAL_Driver/Inc/stm32f4xx_ll_usart.h ****   return (READ_BIT(USARTx->CR1, USART_CR1_RXNEIE) == (USART_CR1_RXNEIE));
2230:Drivers/STM32F4xx_HAL_Driver/Inc/stm32f4xx_ll_usart.h **** }
2231:Drivers/STM32F4xx_HAL_Driver/Inc/stm32f4xx_ll_usart.h **** 
2232:Drivers/STM32F4xx_HAL_Driver/Inc/stm32f4xx_ll_usart.h **** /**
2233:Drivers/STM32F4xx_HAL_Driver/Inc/stm32f4xx_ll_usart.h ****   * @brief  Check if the USART Transmission Complete Interrupt is enabled or disabled.
2234:Drivers/STM32F4xx_HAL_Driver/Inc/stm32f4xx_ll_usart.h ****   * @rmtoll CR1          TCIE          LL_USART_IsEnabledIT_TC
2235:Drivers/STM32F4xx_HAL_Driver/Inc/stm32f4xx_ll_usart.h ****   * @param  USARTx USART Instance
2236:Drivers/STM32F4xx_HAL_Driver/Inc/stm32f4xx_ll_usart.h ****   * @retval State of bit (1 or 0).
2237:Drivers/STM32F4xx_HAL_Driver/Inc/stm32f4xx_ll_usart.h ****   */
2238:Drivers/STM32F4xx_HAL_Driver/Inc/stm32f4xx_ll_usart.h **** __STATIC_INLINE uint32_t LL_USART_IsEnabledIT_TC(const USART_TypeDef *USARTx)
2239:Drivers/STM32F4xx_HAL_Driver/Inc/stm32f4xx_ll_usart.h **** {
2240:Drivers/STM32F4xx_HAL_Driver/Inc/stm32f4xx_ll_usart.h ****   return (READ_BIT(USARTx->CR1, USART_CR1_TCIE) == (USART_CR1_TCIE));
2241:Drivers/STM32F4xx_HAL_Driver/Inc/stm32f4xx_ll_usart.h **** }
2242:Drivers/STM32F4xx_HAL_Driver/Inc/stm32f4xx_ll_usart.h **** 
2243:Drivers/STM32F4xx_HAL_Driver/Inc/stm32f4xx_ll_usart.h **** /**
2244:Drivers/STM32F4xx_HAL_Driver/Inc/stm32f4xx_ll_usart.h ****   * @brief  Check if the USART TX Empty Interrupt is enabled or disabled.
2245:Drivers/STM32F4xx_HAL_Driver/Inc/stm32f4xx_ll_usart.h ****   * @rmtoll CR1          TXEIE         LL_USART_IsEnabledIT_TXE
2246:Drivers/STM32F4xx_HAL_Driver/Inc/stm32f4xx_ll_usart.h ****   * @param  USARTx USART Instance
2247:Drivers/STM32F4xx_HAL_Driver/Inc/stm32f4xx_ll_usart.h ****   * @retval State of bit (1 or 0).
2248:Drivers/STM32F4xx_HAL_Driver/Inc/stm32f4xx_ll_usart.h ****   */
2249:Drivers/STM32F4xx_HAL_Driver/Inc/stm32f4xx_ll_usart.h **** __STATIC_INLINE uint32_t LL_USART_IsEnabledIT_TXE(const USART_TypeDef *USARTx)
2250:Drivers/STM32F4xx_HAL_Driver/Inc/stm32f4xx_ll_usart.h **** {
2251:Drivers/STM32F4xx_HAL_Driver/Inc/stm32f4xx_ll_usart.h ****   return (READ_BIT(USARTx->CR1, USART_CR1_TXEIE) == (USART_CR1_TXEIE));
2252:Drivers/STM32F4xx_HAL_Driver/Inc/stm32f4xx_ll_usart.h **** }
2253:Drivers/STM32F4xx_HAL_Driver/Inc/stm32f4xx_ll_usart.h **** 
2254:Drivers/STM32F4xx_HAL_Driver/Inc/stm32f4xx_ll_usart.h **** /**
2255:Drivers/STM32F4xx_HAL_Driver/Inc/stm32f4xx_ll_usart.h ****   * @brief  Check if the USART Parity Error Interrupt is enabled or disabled.
ARM GAS  C:\Users\chris\AppData\Local\Temp\cchxBc72.s 			page 49


2256:Drivers/STM32F4xx_HAL_Driver/Inc/stm32f4xx_ll_usart.h ****   * @rmtoll CR1          PEIE          LL_USART_IsEnabledIT_PE
2257:Drivers/STM32F4xx_HAL_Driver/Inc/stm32f4xx_ll_usart.h ****   * @param  USARTx USART Instance
2258:Drivers/STM32F4xx_HAL_Driver/Inc/stm32f4xx_ll_usart.h ****   * @retval State of bit (1 or 0).
2259:Drivers/STM32F4xx_HAL_Driver/Inc/stm32f4xx_ll_usart.h ****   */
2260:Drivers/STM32F4xx_HAL_Driver/Inc/stm32f4xx_ll_usart.h **** __STATIC_INLINE uint32_t LL_USART_IsEnabledIT_PE(const USART_TypeDef *USARTx)
2261:Drivers/STM32F4xx_HAL_Driver/Inc/stm32f4xx_ll_usart.h **** {
2262:Drivers/STM32F4xx_HAL_Driver/Inc/stm32f4xx_ll_usart.h ****   return (READ_BIT(USARTx->CR1, USART_CR1_PEIE) == (USART_CR1_PEIE));
2263:Drivers/STM32F4xx_HAL_Driver/Inc/stm32f4xx_ll_usart.h **** }
2264:Drivers/STM32F4xx_HAL_Driver/Inc/stm32f4xx_ll_usart.h **** 
2265:Drivers/STM32F4xx_HAL_Driver/Inc/stm32f4xx_ll_usart.h **** /**
2266:Drivers/STM32F4xx_HAL_Driver/Inc/stm32f4xx_ll_usart.h ****   * @brief  Check if the USART LIN Break Detection Interrupt is enabled or disabled.
2267:Drivers/STM32F4xx_HAL_Driver/Inc/stm32f4xx_ll_usart.h ****   * @note   Macro IS_UART_LIN_INSTANCE(USARTx) can be used to check whether or not
2268:Drivers/STM32F4xx_HAL_Driver/Inc/stm32f4xx_ll_usart.h ****   *         LIN feature is supported by the USARTx instance.
2269:Drivers/STM32F4xx_HAL_Driver/Inc/stm32f4xx_ll_usart.h ****   * @rmtoll CR2          LBDIE         LL_USART_IsEnabledIT_LBD
2270:Drivers/STM32F4xx_HAL_Driver/Inc/stm32f4xx_ll_usart.h ****   * @param  USARTx USART Instance
2271:Drivers/STM32F4xx_HAL_Driver/Inc/stm32f4xx_ll_usart.h ****   * @retval State of bit (1 or 0).
2272:Drivers/STM32F4xx_HAL_Driver/Inc/stm32f4xx_ll_usart.h ****   */
2273:Drivers/STM32F4xx_HAL_Driver/Inc/stm32f4xx_ll_usart.h **** __STATIC_INLINE uint32_t LL_USART_IsEnabledIT_LBD(const USART_TypeDef *USARTx)
2274:Drivers/STM32F4xx_HAL_Driver/Inc/stm32f4xx_ll_usart.h **** {
2275:Drivers/STM32F4xx_HAL_Driver/Inc/stm32f4xx_ll_usart.h ****   return (READ_BIT(USARTx->CR2, USART_CR2_LBDIE) == (USART_CR2_LBDIE));
2276:Drivers/STM32F4xx_HAL_Driver/Inc/stm32f4xx_ll_usart.h **** }
2277:Drivers/STM32F4xx_HAL_Driver/Inc/stm32f4xx_ll_usart.h **** 
2278:Drivers/STM32F4xx_HAL_Driver/Inc/stm32f4xx_ll_usart.h **** /**
2279:Drivers/STM32F4xx_HAL_Driver/Inc/stm32f4xx_ll_usart.h ****   * @brief  Check if the USART Error Interrupt is enabled or disabled.
2280:Drivers/STM32F4xx_HAL_Driver/Inc/stm32f4xx_ll_usart.h ****   * @rmtoll CR3          EIE           LL_USART_IsEnabledIT_ERROR
2281:Drivers/STM32F4xx_HAL_Driver/Inc/stm32f4xx_ll_usart.h ****   * @param  USARTx USART Instance
2282:Drivers/STM32F4xx_HAL_Driver/Inc/stm32f4xx_ll_usart.h ****   * @retval State of bit (1 or 0).
2283:Drivers/STM32F4xx_HAL_Driver/Inc/stm32f4xx_ll_usart.h ****   */
2284:Drivers/STM32F4xx_HAL_Driver/Inc/stm32f4xx_ll_usart.h **** __STATIC_INLINE uint32_t LL_USART_IsEnabledIT_ERROR(const USART_TypeDef *USARTx)
2285:Drivers/STM32F4xx_HAL_Driver/Inc/stm32f4xx_ll_usart.h **** {
2286:Drivers/STM32F4xx_HAL_Driver/Inc/stm32f4xx_ll_usart.h ****   return (READ_BIT(USARTx->CR3, USART_CR3_EIE) == (USART_CR3_EIE));
2287:Drivers/STM32F4xx_HAL_Driver/Inc/stm32f4xx_ll_usart.h **** }
2288:Drivers/STM32F4xx_HAL_Driver/Inc/stm32f4xx_ll_usart.h **** 
2289:Drivers/STM32F4xx_HAL_Driver/Inc/stm32f4xx_ll_usart.h **** /**
2290:Drivers/STM32F4xx_HAL_Driver/Inc/stm32f4xx_ll_usart.h ****   * @brief  Check if the USART CTS Interrupt is enabled or disabled.
2291:Drivers/STM32F4xx_HAL_Driver/Inc/stm32f4xx_ll_usart.h ****   * @note   Macro IS_UART_HWFLOW_INSTANCE(USARTx) can be used to check whether or not
2292:Drivers/STM32F4xx_HAL_Driver/Inc/stm32f4xx_ll_usart.h ****   *         Hardware Flow control feature is supported by the USARTx instance.
2293:Drivers/STM32F4xx_HAL_Driver/Inc/stm32f4xx_ll_usart.h ****   * @rmtoll CR3          CTSIE         LL_USART_IsEnabledIT_CTS
2294:Drivers/STM32F4xx_HAL_Driver/Inc/stm32f4xx_ll_usart.h ****   * @param  USARTx USART Instance
2295:Drivers/STM32F4xx_HAL_Driver/Inc/stm32f4xx_ll_usart.h ****   * @retval State of bit (1 or 0).
2296:Drivers/STM32F4xx_HAL_Driver/Inc/stm32f4xx_ll_usart.h ****   */
2297:Drivers/STM32F4xx_HAL_Driver/Inc/stm32f4xx_ll_usart.h **** __STATIC_INLINE uint32_t LL_USART_IsEnabledIT_CTS(const USART_TypeDef *USARTx)
2298:Drivers/STM32F4xx_HAL_Driver/Inc/stm32f4xx_ll_usart.h **** {
2299:Drivers/STM32F4xx_HAL_Driver/Inc/stm32f4xx_ll_usart.h ****   return (READ_BIT(USARTx->CR3, USART_CR3_CTSIE) == (USART_CR3_CTSIE));
2300:Drivers/STM32F4xx_HAL_Driver/Inc/stm32f4xx_ll_usart.h **** }
2301:Drivers/STM32F4xx_HAL_Driver/Inc/stm32f4xx_ll_usart.h **** 
2302:Drivers/STM32F4xx_HAL_Driver/Inc/stm32f4xx_ll_usart.h **** /**
2303:Drivers/STM32F4xx_HAL_Driver/Inc/stm32f4xx_ll_usart.h ****   * @}
2304:Drivers/STM32F4xx_HAL_Driver/Inc/stm32f4xx_ll_usart.h ****   */
2305:Drivers/STM32F4xx_HAL_Driver/Inc/stm32f4xx_ll_usart.h **** 
2306:Drivers/STM32F4xx_HAL_Driver/Inc/stm32f4xx_ll_usart.h **** /** @defgroup USART_LL_EF_DMA_Management DMA_Management
2307:Drivers/STM32F4xx_HAL_Driver/Inc/stm32f4xx_ll_usart.h ****   * @{
2308:Drivers/STM32F4xx_HAL_Driver/Inc/stm32f4xx_ll_usart.h ****   */
2309:Drivers/STM32F4xx_HAL_Driver/Inc/stm32f4xx_ll_usart.h **** 
2310:Drivers/STM32F4xx_HAL_Driver/Inc/stm32f4xx_ll_usart.h **** /**
2311:Drivers/STM32F4xx_HAL_Driver/Inc/stm32f4xx_ll_usart.h ****   * @brief  Enable DMA Mode for reception
2312:Drivers/STM32F4xx_HAL_Driver/Inc/stm32f4xx_ll_usart.h ****   * @rmtoll CR3          DMAR          LL_USART_EnableDMAReq_RX
ARM GAS  C:\Users\chris\AppData\Local\Temp\cchxBc72.s 			page 50


2313:Drivers/STM32F4xx_HAL_Driver/Inc/stm32f4xx_ll_usart.h ****   * @param  USARTx USART Instance
2314:Drivers/STM32F4xx_HAL_Driver/Inc/stm32f4xx_ll_usart.h ****   * @retval None
2315:Drivers/STM32F4xx_HAL_Driver/Inc/stm32f4xx_ll_usart.h ****   */
2316:Drivers/STM32F4xx_HAL_Driver/Inc/stm32f4xx_ll_usart.h **** __STATIC_INLINE void LL_USART_EnableDMAReq_RX(USART_TypeDef *USARTx)
2317:Drivers/STM32F4xx_HAL_Driver/Inc/stm32f4xx_ll_usart.h **** {
2318:Drivers/STM32F4xx_HAL_Driver/Inc/stm32f4xx_ll_usart.h ****   ATOMIC_SET_BIT(USARTx->CR3, USART_CR3_DMAR);
2319:Drivers/STM32F4xx_HAL_Driver/Inc/stm32f4xx_ll_usart.h **** }
2320:Drivers/STM32F4xx_HAL_Driver/Inc/stm32f4xx_ll_usart.h **** 
2321:Drivers/STM32F4xx_HAL_Driver/Inc/stm32f4xx_ll_usart.h **** /**
2322:Drivers/STM32F4xx_HAL_Driver/Inc/stm32f4xx_ll_usart.h ****   * @brief  Disable DMA Mode for reception
2323:Drivers/STM32F4xx_HAL_Driver/Inc/stm32f4xx_ll_usart.h ****   * @rmtoll CR3          DMAR          LL_USART_DisableDMAReq_RX
2324:Drivers/STM32F4xx_HAL_Driver/Inc/stm32f4xx_ll_usart.h ****   * @param  USARTx USART Instance
2325:Drivers/STM32F4xx_HAL_Driver/Inc/stm32f4xx_ll_usart.h ****   * @retval None
2326:Drivers/STM32F4xx_HAL_Driver/Inc/stm32f4xx_ll_usart.h ****   */
2327:Drivers/STM32F4xx_HAL_Driver/Inc/stm32f4xx_ll_usart.h **** __STATIC_INLINE void LL_USART_DisableDMAReq_RX(USART_TypeDef *USARTx)
2328:Drivers/STM32F4xx_HAL_Driver/Inc/stm32f4xx_ll_usart.h **** {
2329:Drivers/STM32F4xx_HAL_Driver/Inc/stm32f4xx_ll_usart.h ****   ATOMIC_CLEAR_BIT(USARTx->CR3, USART_CR3_DMAR);
2330:Drivers/STM32F4xx_HAL_Driver/Inc/stm32f4xx_ll_usart.h **** }
2331:Drivers/STM32F4xx_HAL_Driver/Inc/stm32f4xx_ll_usart.h **** 
2332:Drivers/STM32F4xx_HAL_Driver/Inc/stm32f4xx_ll_usart.h **** /**
2333:Drivers/STM32F4xx_HAL_Driver/Inc/stm32f4xx_ll_usart.h ****   * @brief  Check if DMA Mode is enabled for reception
2334:Drivers/STM32F4xx_HAL_Driver/Inc/stm32f4xx_ll_usart.h ****   * @rmtoll CR3          DMAR          LL_USART_IsEnabledDMAReq_RX
2335:Drivers/STM32F4xx_HAL_Driver/Inc/stm32f4xx_ll_usart.h ****   * @param  USARTx USART Instance
2336:Drivers/STM32F4xx_HAL_Driver/Inc/stm32f4xx_ll_usart.h ****   * @retval State of bit (1 or 0).
2337:Drivers/STM32F4xx_HAL_Driver/Inc/stm32f4xx_ll_usart.h ****   */
2338:Drivers/STM32F4xx_HAL_Driver/Inc/stm32f4xx_ll_usart.h **** __STATIC_INLINE uint32_t LL_USART_IsEnabledDMAReq_RX(const USART_TypeDef *USARTx)
2339:Drivers/STM32F4xx_HAL_Driver/Inc/stm32f4xx_ll_usart.h **** {
2340:Drivers/STM32F4xx_HAL_Driver/Inc/stm32f4xx_ll_usart.h ****   return (READ_BIT(USARTx->CR3, USART_CR3_DMAR) == (USART_CR3_DMAR));
2341:Drivers/STM32F4xx_HAL_Driver/Inc/stm32f4xx_ll_usart.h **** }
2342:Drivers/STM32F4xx_HAL_Driver/Inc/stm32f4xx_ll_usart.h **** 
2343:Drivers/STM32F4xx_HAL_Driver/Inc/stm32f4xx_ll_usart.h **** /**
2344:Drivers/STM32F4xx_HAL_Driver/Inc/stm32f4xx_ll_usart.h ****   * @brief  Enable DMA Mode for transmission
2345:Drivers/STM32F4xx_HAL_Driver/Inc/stm32f4xx_ll_usart.h ****   * @rmtoll CR3          DMAT          LL_USART_EnableDMAReq_TX
2346:Drivers/STM32F4xx_HAL_Driver/Inc/stm32f4xx_ll_usart.h ****   * @param  USARTx USART Instance
2347:Drivers/STM32F4xx_HAL_Driver/Inc/stm32f4xx_ll_usart.h ****   * @retval None
2348:Drivers/STM32F4xx_HAL_Driver/Inc/stm32f4xx_ll_usart.h ****   */
2349:Drivers/STM32F4xx_HAL_Driver/Inc/stm32f4xx_ll_usart.h **** __STATIC_INLINE void LL_USART_EnableDMAReq_TX(USART_TypeDef *USARTx)
2350:Drivers/STM32F4xx_HAL_Driver/Inc/stm32f4xx_ll_usart.h **** {
2351:Drivers/STM32F4xx_HAL_Driver/Inc/stm32f4xx_ll_usart.h ****   ATOMIC_SET_BIT(USARTx->CR3, USART_CR3_DMAT);
2352:Drivers/STM32F4xx_HAL_Driver/Inc/stm32f4xx_ll_usart.h **** }
2353:Drivers/STM32F4xx_HAL_Driver/Inc/stm32f4xx_ll_usart.h **** 
2354:Drivers/STM32F4xx_HAL_Driver/Inc/stm32f4xx_ll_usart.h **** /**
2355:Drivers/STM32F4xx_HAL_Driver/Inc/stm32f4xx_ll_usart.h ****   * @brief  Disable DMA Mode for transmission
2356:Drivers/STM32F4xx_HAL_Driver/Inc/stm32f4xx_ll_usart.h ****   * @rmtoll CR3          DMAT          LL_USART_DisableDMAReq_TX
2357:Drivers/STM32F4xx_HAL_Driver/Inc/stm32f4xx_ll_usart.h ****   * @param  USARTx USART Instance
2358:Drivers/STM32F4xx_HAL_Driver/Inc/stm32f4xx_ll_usart.h ****   * @retval None
2359:Drivers/STM32F4xx_HAL_Driver/Inc/stm32f4xx_ll_usart.h ****   */
2360:Drivers/STM32F4xx_HAL_Driver/Inc/stm32f4xx_ll_usart.h **** __STATIC_INLINE void LL_USART_DisableDMAReq_TX(USART_TypeDef *USARTx)
2361:Drivers/STM32F4xx_HAL_Driver/Inc/stm32f4xx_ll_usart.h **** {
2362:Drivers/STM32F4xx_HAL_Driver/Inc/stm32f4xx_ll_usart.h ****   ATOMIC_CLEAR_BIT(USARTx->CR3, USART_CR3_DMAT);
2363:Drivers/STM32F4xx_HAL_Driver/Inc/stm32f4xx_ll_usart.h **** }
2364:Drivers/STM32F4xx_HAL_Driver/Inc/stm32f4xx_ll_usart.h **** 
2365:Drivers/STM32F4xx_HAL_Driver/Inc/stm32f4xx_ll_usart.h **** /**
2366:Drivers/STM32F4xx_HAL_Driver/Inc/stm32f4xx_ll_usart.h ****   * @brief  Check if DMA Mode is enabled for transmission
2367:Drivers/STM32F4xx_HAL_Driver/Inc/stm32f4xx_ll_usart.h ****   * @rmtoll CR3          DMAT          LL_USART_IsEnabledDMAReq_TX
2368:Drivers/STM32F4xx_HAL_Driver/Inc/stm32f4xx_ll_usart.h ****   * @param  USARTx USART Instance
2369:Drivers/STM32F4xx_HAL_Driver/Inc/stm32f4xx_ll_usart.h ****   * @retval State of bit (1 or 0).
ARM GAS  C:\Users\chris\AppData\Local\Temp\cchxBc72.s 			page 51


2370:Drivers/STM32F4xx_HAL_Driver/Inc/stm32f4xx_ll_usart.h ****   */
2371:Drivers/STM32F4xx_HAL_Driver/Inc/stm32f4xx_ll_usart.h **** __STATIC_INLINE uint32_t LL_USART_IsEnabledDMAReq_TX(const USART_TypeDef *USARTx)
2372:Drivers/STM32F4xx_HAL_Driver/Inc/stm32f4xx_ll_usart.h **** {
2373:Drivers/STM32F4xx_HAL_Driver/Inc/stm32f4xx_ll_usart.h ****   return (READ_BIT(USARTx->CR3, USART_CR3_DMAT) == (USART_CR3_DMAT));
2374:Drivers/STM32F4xx_HAL_Driver/Inc/stm32f4xx_ll_usart.h **** }
2375:Drivers/STM32F4xx_HAL_Driver/Inc/stm32f4xx_ll_usart.h **** 
2376:Drivers/STM32F4xx_HAL_Driver/Inc/stm32f4xx_ll_usart.h **** /**
2377:Drivers/STM32F4xx_HAL_Driver/Inc/stm32f4xx_ll_usart.h ****   * @brief  Get the data register address used for DMA transfer
2378:Drivers/STM32F4xx_HAL_Driver/Inc/stm32f4xx_ll_usart.h ****   * @rmtoll DR           DR            LL_USART_DMA_GetRegAddr
2379:Drivers/STM32F4xx_HAL_Driver/Inc/stm32f4xx_ll_usart.h ****   * @note   Address of Data Register is valid for both Transmit and Receive transfers.
2380:Drivers/STM32F4xx_HAL_Driver/Inc/stm32f4xx_ll_usart.h ****   * @param  USARTx USART Instance
2381:Drivers/STM32F4xx_HAL_Driver/Inc/stm32f4xx_ll_usart.h ****   * @retval Address of data register
2382:Drivers/STM32F4xx_HAL_Driver/Inc/stm32f4xx_ll_usart.h ****   */
2383:Drivers/STM32F4xx_HAL_Driver/Inc/stm32f4xx_ll_usart.h **** __STATIC_INLINE uint32_t LL_USART_DMA_GetRegAddr(const USART_TypeDef *USARTx)
2384:Drivers/STM32F4xx_HAL_Driver/Inc/stm32f4xx_ll_usart.h **** {
2385:Drivers/STM32F4xx_HAL_Driver/Inc/stm32f4xx_ll_usart.h ****   /* return address of DR register */
2386:Drivers/STM32F4xx_HAL_Driver/Inc/stm32f4xx_ll_usart.h ****   return ((uint32_t) &(USARTx->DR));
2387:Drivers/STM32F4xx_HAL_Driver/Inc/stm32f4xx_ll_usart.h **** }
2388:Drivers/STM32F4xx_HAL_Driver/Inc/stm32f4xx_ll_usart.h **** 
2389:Drivers/STM32F4xx_HAL_Driver/Inc/stm32f4xx_ll_usart.h **** /**
2390:Drivers/STM32F4xx_HAL_Driver/Inc/stm32f4xx_ll_usart.h ****   * @}
2391:Drivers/STM32F4xx_HAL_Driver/Inc/stm32f4xx_ll_usart.h ****   */
2392:Drivers/STM32F4xx_HAL_Driver/Inc/stm32f4xx_ll_usart.h **** 
2393:Drivers/STM32F4xx_HAL_Driver/Inc/stm32f4xx_ll_usart.h **** /** @defgroup USART_LL_EF_Data_Management Data_Management
2394:Drivers/STM32F4xx_HAL_Driver/Inc/stm32f4xx_ll_usart.h ****   * @{
2395:Drivers/STM32F4xx_HAL_Driver/Inc/stm32f4xx_ll_usart.h ****   */
2396:Drivers/STM32F4xx_HAL_Driver/Inc/stm32f4xx_ll_usart.h **** 
2397:Drivers/STM32F4xx_HAL_Driver/Inc/stm32f4xx_ll_usart.h **** /**
2398:Drivers/STM32F4xx_HAL_Driver/Inc/stm32f4xx_ll_usart.h ****   * @brief  Read Receiver Data register (Receive Data value, 8 bits)
2399:Drivers/STM32F4xx_HAL_Driver/Inc/stm32f4xx_ll_usart.h ****   * @rmtoll DR           DR            LL_USART_ReceiveData8
2400:Drivers/STM32F4xx_HAL_Driver/Inc/stm32f4xx_ll_usart.h ****   * @param  USARTx USART Instance
2401:Drivers/STM32F4xx_HAL_Driver/Inc/stm32f4xx_ll_usart.h ****   * @retval Value between Min_Data=0x00 and Max_Data=0xFF
2402:Drivers/STM32F4xx_HAL_Driver/Inc/stm32f4xx_ll_usart.h ****   */
2403:Drivers/STM32F4xx_HAL_Driver/Inc/stm32f4xx_ll_usart.h **** __STATIC_INLINE uint8_t LL_USART_ReceiveData8(const USART_TypeDef *USARTx)
2404:Drivers/STM32F4xx_HAL_Driver/Inc/stm32f4xx_ll_usart.h **** {
2405:Drivers/STM32F4xx_HAL_Driver/Inc/stm32f4xx_ll_usart.h ****   return (uint8_t)(READ_BIT(USARTx->DR, USART_DR_DR));
2406:Drivers/STM32F4xx_HAL_Driver/Inc/stm32f4xx_ll_usart.h **** }
2407:Drivers/STM32F4xx_HAL_Driver/Inc/stm32f4xx_ll_usart.h **** 
2408:Drivers/STM32F4xx_HAL_Driver/Inc/stm32f4xx_ll_usart.h **** /**
2409:Drivers/STM32F4xx_HAL_Driver/Inc/stm32f4xx_ll_usart.h ****   * @brief  Read Receiver Data register (Receive Data value, 9 bits)
2410:Drivers/STM32F4xx_HAL_Driver/Inc/stm32f4xx_ll_usart.h ****   * @rmtoll DR           DR            LL_USART_ReceiveData9
2411:Drivers/STM32F4xx_HAL_Driver/Inc/stm32f4xx_ll_usart.h ****   * @param  USARTx USART Instance
2412:Drivers/STM32F4xx_HAL_Driver/Inc/stm32f4xx_ll_usart.h ****   * @retval Value between Min_Data=0x00 and Max_Data=0x1FF
2413:Drivers/STM32F4xx_HAL_Driver/Inc/stm32f4xx_ll_usart.h ****   */
2414:Drivers/STM32F4xx_HAL_Driver/Inc/stm32f4xx_ll_usart.h **** __STATIC_INLINE uint16_t LL_USART_ReceiveData9(const USART_TypeDef *USARTx)
2415:Drivers/STM32F4xx_HAL_Driver/Inc/stm32f4xx_ll_usart.h **** {
2416:Drivers/STM32F4xx_HAL_Driver/Inc/stm32f4xx_ll_usart.h ****   return (uint16_t)(READ_BIT(USARTx->DR, USART_DR_DR));
2417:Drivers/STM32F4xx_HAL_Driver/Inc/stm32f4xx_ll_usart.h **** }
2418:Drivers/STM32F4xx_HAL_Driver/Inc/stm32f4xx_ll_usart.h **** 
2419:Drivers/STM32F4xx_HAL_Driver/Inc/stm32f4xx_ll_usart.h **** /**
2420:Drivers/STM32F4xx_HAL_Driver/Inc/stm32f4xx_ll_usart.h ****   * @brief  Write in Transmitter Data Register (Transmit Data value, 8 bits)
2421:Drivers/STM32F4xx_HAL_Driver/Inc/stm32f4xx_ll_usart.h ****   * @rmtoll DR           DR            LL_USART_TransmitData8
2422:Drivers/STM32F4xx_HAL_Driver/Inc/stm32f4xx_ll_usart.h ****   * @param  USARTx USART Instance
2423:Drivers/STM32F4xx_HAL_Driver/Inc/stm32f4xx_ll_usart.h ****   * @param  Value between Min_Data=0x00 and Max_Data=0xFF
2424:Drivers/STM32F4xx_HAL_Driver/Inc/stm32f4xx_ll_usart.h ****   * @retval None
2425:Drivers/STM32F4xx_HAL_Driver/Inc/stm32f4xx_ll_usart.h ****   */
2426:Drivers/STM32F4xx_HAL_Driver/Inc/stm32f4xx_ll_usart.h **** __STATIC_INLINE void LL_USART_TransmitData8(USART_TypeDef *USARTx, uint8_t Value)
ARM GAS  C:\Users\chris\AppData\Local\Temp\cchxBc72.s 			page 52


 256              		.loc 2 2426 22 view .LVU40
 257              	.LBB19:
2427:Drivers/STM32F4xx_HAL_Driver/Inc/stm32f4xx_ll_usart.h **** {
2428:Drivers/STM32F4xx_HAL_Driver/Inc/stm32f4xx_ll_usart.h ****   USARTx->DR = Value;
 258              		.loc 2 2428 3 view .LVU41
 259              		.loc 2 2428 14 is_stmt 0 view .LVU42
 260 0012 4360     		str	r3, [r0, #4]
 261              	.LVL4:
 262              		.loc 2 2428 14 view .LVU43
 263              	.LBE19:
 264              	.LBE18:
 238:Core/Src/stm32f4xx_it.c ****    while (!LL_USART_IsActiveFlag_TXE(USARTX));
 265              		.loc 1 238 35 is_stmt 1 discriminator 2 view .LVU44
 266 0014 0CF1010C 		add	ip, ip, #1
 267              	.LVL5:
 268              	.L16:
 238:Core/Src/stm32f4xx_it.c ****    while (!LL_USART_IsActiveFlag_TXE(USARTX));
 269              		.loc 1 238 24 discriminator 1 view .LVU45
 270 0018 9445     		cmp	ip, r2
 271 001a F4D3     		bcc	.L17
 272              	.L18:
 273              	.LBE15:
 241:Core/Src/stm32f4xx_it.c ****    //while(!LL_USART_IsActiveFlag_RXNE(USART1)){}
 242:Core/Src/stm32f4xx_it.c ****   //  LL_USART_ReceiveData8(USART1);
 243:Core/Src/stm32f4xx_it.c ****   }
 244:Core/Src/stm32f4xx_it.c ****  // while (!LL_USART_IsActiveFlag_TXE(USARTX));
 245:Core/Src/stm32f4xx_it.c **** //  LL_USART_TransmitData8(USARTX, '\n');
 246:Core/Src/stm32f4xx_it.c ****   while (!LL_USART_IsActiveFlag_TC(USARTX)){}
 274              		.loc 1 246 45 discriminator 1 view .LVU46
 275              		.loc 1 246 10 discriminator 1 view .LVU47
 276              	.LVL6:
 277              	.LBB20:
 278              	.LBI20:
1803:Drivers/STM32F4xx_HAL_Driver/Inc/stm32f4xx_ll_usart.h **** {
 279              		.loc 2 1803 26 view .LVU48
 280              	.LBB21:
1805:Drivers/STM32F4xx_HAL_Driver/Inc/stm32f4xx_ll_usart.h **** }
 281              		.loc 2 1805 3 view .LVU49
1805:Drivers/STM32F4xx_HAL_Driver/Inc/stm32f4xx_ll_usart.h **** }
 282              		.loc 2 1805 11 is_stmt 0 view .LVU50
 283 001c 0368     		ldr	r3, [r0]
 284              	.LVL7:
1805:Drivers/STM32F4xx_HAL_Driver/Inc/stm32f4xx_ll_usart.h **** }
 285              		.loc 2 1805 11 view .LVU51
 286              	.LBE21:
 287              	.LBE20:
 288              		.loc 1 246 10 discriminator 1 view .LVU52
 289 001e 13F0400F 		tst	r3, #64
 290 0022 FBD0     		beq	.L18
 247:Core/Src/stm32f4xx_it.c ****   //while(!LL_USART_IsActiveFlag_RXNE(USART1)){}
 248:Core/Src/stm32f4xx_it.c ****   //LL_USART_ReceiveData8(USART1);
 249:Core/Src/stm32f4xx_it.c **** }
 291              		.loc 1 249 1 view .LVU53
 292 0024 7047     		bx	lr
 293              		.cfi_endproc
 294              	.LFE698:
 296              		.section	.rodata.EXTI4_IRQHandler.str1.4,"aMS",%progbits,1
ARM GAS  C:\Users\chris\AppData\Local\Temp\cchxBc72.s 			page 53


 297              		.align	2
 298              	.LC0:
 299 0000 4552524F 		.ascii	"ERROR: PIN 4 RELEASED...\012\000"
 299      523A2050 
 299      494E2034 
 299      2052454C 
 299      45415345 
 300              		.section	.text.EXTI4_IRQHandler,"ax",%progbits
 301              		.align	1
 302              		.global	EXTI4_IRQHandler
 303              		.syntax unified
 304              		.thumb
 305              		.thumb_func
 307              	EXTI4_IRQHandler:
 308              	.LFB697:
 207:Core/Src/stm32f4xx_it.c ****   /* USER CODE BEGIN EXTI4_IRQn 0 */
 309              		.loc 1 207 1 is_stmt 1 view -0
 310              		.cfi_startproc
 311              		@ args = 0, pretend = 0, frame = 8
 312              		@ frame_needed = 0, uses_anonymous_args = 0
 212:Core/Src/stm32f4xx_it.c ****   {
 313              		.loc 1 212 3 view .LVU55
 314              	.LVL8:
 315              	.LBB22:
 316              	.LBI22:
 317              		.file 3 "Drivers/STM32F4xx_HAL_Driver/Inc/stm32f4xx_ll_exti.h"
   1:Drivers/STM32F4xx_HAL_Driver/Inc/stm32f4xx_ll_exti.h **** /**
   2:Drivers/STM32F4xx_HAL_Driver/Inc/stm32f4xx_ll_exti.h ****   ******************************************************************************
   3:Drivers/STM32F4xx_HAL_Driver/Inc/stm32f4xx_ll_exti.h ****   * @file    stm32f4xx_ll_exti.h
   4:Drivers/STM32F4xx_HAL_Driver/Inc/stm32f4xx_ll_exti.h ****   * @author  MCD Application Team
   5:Drivers/STM32F4xx_HAL_Driver/Inc/stm32f4xx_ll_exti.h ****   * @brief   Header file of EXTI LL module.
   6:Drivers/STM32F4xx_HAL_Driver/Inc/stm32f4xx_ll_exti.h ****   ******************************************************************************
   7:Drivers/STM32F4xx_HAL_Driver/Inc/stm32f4xx_ll_exti.h ****   * @attention
   8:Drivers/STM32F4xx_HAL_Driver/Inc/stm32f4xx_ll_exti.h ****   *
   9:Drivers/STM32F4xx_HAL_Driver/Inc/stm32f4xx_ll_exti.h ****   * Copyright (c) 2016 STMicroelectronics.
  10:Drivers/STM32F4xx_HAL_Driver/Inc/stm32f4xx_ll_exti.h ****   * All rights reserved.
  11:Drivers/STM32F4xx_HAL_Driver/Inc/stm32f4xx_ll_exti.h ****   *
  12:Drivers/STM32F4xx_HAL_Driver/Inc/stm32f4xx_ll_exti.h ****   * This software is licensed under terms that can be found in the LICENSE file
  13:Drivers/STM32F4xx_HAL_Driver/Inc/stm32f4xx_ll_exti.h ****   * in the root directory of this software component.
  14:Drivers/STM32F4xx_HAL_Driver/Inc/stm32f4xx_ll_exti.h ****   * If no LICENSE file comes with this software, it is provided AS-IS.Clause
  15:Drivers/STM32F4xx_HAL_Driver/Inc/stm32f4xx_ll_exti.h ****   *
  16:Drivers/STM32F4xx_HAL_Driver/Inc/stm32f4xx_ll_exti.h ****   ******************************************************************************
  17:Drivers/STM32F4xx_HAL_Driver/Inc/stm32f4xx_ll_exti.h ****   */
  18:Drivers/STM32F4xx_HAL_Driver/Inc/stm32f4xx_ll_exti.h **** 
  19:Drivers/STM32F4xx_HAL_Driver/Inc/stm32f4xx_ll_exti.h **** /* Define to prevent recursive inclusion -------------------------------------*/
  20:Drivers/STM32F4xx_HAL_Driver/Inc/stm32f4xx_ll_exti.h **** #ifndef __STM32F4xx_LL_EXTI_H
  21:Drivers/STM32F4xx_HAL_Driver/Inc/stm32f4xx_ll_exti.h **** #define __STM32F4xx_LL_EXTI_H
  22:Drivers/STM32F4xx_HAL_Driver/Inc/stm32f4xx_ll_exti.h **** 
  23:Drivers/STM32F4xx_HAL_Driver/Inc/stm32f4xx_ll_exti.h **** #ifdef __cplusplus
  24:Drivers/STM32F4xx_HAL_Driver/Inc/stm32f4xx_ll_exti.h **** extern "C" {
  25:Drivers/STM32F4xx_HAL_Driver/Inc/stm32f4xx_ll_exti.h **** #endif
  26:Drivers/STM32F4xx_HAL_Driver/Inc/stm32f4xx_ll_exti.h **** 
  27:Drivers/STM32F4xx_HAL_Driver/Inc/stm32f4xx_ll_exti.h **** /* Includes ------------------------------------------------------------------*/
  28:Drivers/STM32F4xx_HAL_Driver/Inc/stm32f4xx_ll_exti.h **** #include "stm32f4xx.h"
  29:Drivers/STM32F4xx_HAL_Driver/Inc/stm32f4xx_ll_exti.h **** 
  30:Drivers/STM32F4xx_HAL_Driver/Inc/stm32f4xx_ll_exti.h **** /** @addtogroup STM32F4xx_LL_Driver
  31:Drivers/STM32F4xx_HAL_Driver/Inc/stm32f4xx_ll_exti.h ****   * @{
ARM GAS  C:\Users\chris\AppData\Local\Temp\cchxBc72.s 			page 54


  32:Drivers/STM32F4xx_HAL_Driver/Inc/stm32f4xx_ll_exti.h ****   */
  33:Drivers/STM32F4xx_HAL_Driver/Inc/stm32f4xx_ll_exti.h **** 
  34:Drivers/STM32F4xx_HAL_Driver/Inc/stm32f4xx_ll_exti.h **** #if defined (EXTI)
  35:Drivers/STM32F4xx_HAL_Driver/Inc/stm32f4xx_ll_exti.h **** 
  36:Drivers/STM32F4xx_HAL_Driver/Inc/stm32f4xx_ll_exti.h **** /** @defgroup EXTI_LL EXTI
  37:Drivers/STM32F4xx_HAL_Driver/Inc/stm32f4xx_ll_exti.h ****   * @{
  38:Drivers/STM32F4xx_HAL_Driver/Inc/stm32f4xx_ll_exti.h ****   */
  39:Drivers/STM32F4xx_HAL_Driver/Inc/stm32f4xx_ll_exti.h **** 
  40:Drivers/STM32F4xx_HAL_Driver/Inc/stm32f4xx_ll_exti.h **** /* Private types -------------------------------------------------------------*/
  41:Drivers/STM32F4xx_HAL_Driver/Inc/stm32f4xx_ll_exti.h **** /* Private variables ---------------------------------------------------------*/
  42:Drivers/STM32F4xx_HAL_Driver/Inc/stm32f4xx_ll_exti.h **** /* Private constants ---------------------------------------------------------*/
  43:Drivers/STM32F4xx_HAL_Driver/Inc/stm32f4xx_ll_exti.h **** /* Private Macros ------------------------------------------------------------*/
  44:Drivers/STM32F4xx_HAL_Driver/Inc/stm32f4xx_ll_exti.h **** #if defined(USE_FULL_LL_DRIVER)
  45:Drivers/STM32F4xx_HAL_Driver/Inc/stm32f4xx_ll_exti.h **** /** @defgroup EXTI_LL_Private_Macros EXTI Private Macros
  46:Drivers/STM32F4xx_HAL_Driver/Inc/stm32f4xx_ll_exti.h ****   * @{
  47:Drivers/STM32F4xx_HAL_Driver/Inc/stm32f4xx_ll_exti.h ****   */
  48:Drivers/STM32F4xx_HAL_Driver/Inc/stm32f4xx_ll_exti.h **** /**
  49:Drivers/STM32F4xx_HAL_Driver/Inc/stm32f4xx_ll_exti.h ****   * @}
  50:Drivers/STM32F4xx_HAL_Driver/Inc/stm32f4xx_ll_exti.h ****   */
  51:Drivers/STM32F4xx_HAL_Driver/Inc/stm32f4xx_ll_exti.h **** #endif /*USE_FULL_LL_DRIVER*/
  52:Drivers/STM32F4xx_HAL_Driver/Inc/stm32f4xx_ll_exti.h **** /* Exported types ------------------------------------------------------------*/
  53:Drivers/STM32F4xx_HAL_Driver/Inc/stm32f4xx_ll_exti.h **** #if defined(USE_FULL_LL_DRIVER)
  54:Drivers/STM32F4xx_HAL_Driver/Inc/stm32f4xx_ll_exti.h **** /** @defgroup EXTI_LL_ES_INIT EXTI Exported Init structure
  55:Drivers/STM32F4xx_HAL_Driver/Inc/stm32f4xx_ll_exti.h ****   * @{
  56:Drivers/STM32F4xx_HAL_Driver/Inc/stm32f4xx_ll_exti.h ****   */
  57:Drivers/STM32F4xx_HAL_Driver/Inc/stm32f4xx_ll_exti.h **** typedef struct
  58:Drivers/STM32F4xx_HAL_Driver/Inc/stm32f4xx_ll_exti.h **** {
  59:Drivers/STM32F4xx_HAL_Driver/Inc/stm32f4xx_ll_exti.h **** 
  60:Drivers/STM32F4xx_HAL_Driver/Inc/stm32f4xx_ll_exti.h ****   uint32_t Line_0_31;           /*!< Specifies the EXTI lines to be enabled or disabled for Lines i
  61:Drivers/STM32F4xx_HAL_Driver/Inc/stm32f4xx_ll_exti.h ****                                      This parameter can be any combination of @ref EXTI_LL_EC_LINE 
  62:Drivers/STM32F4xx_HAL_Driver/Inc/stm32f4xx_ll_exti.h **** 
  63:Drivers/STM32F4xx_HAL_Driver/Inc/stm32f4xx_ll_exti.h ****   FunctionalState LineCommand;  /*!< Specifies the new state of the selected EXTI lines.
  64:Drivers/STM32F4xx_HAL_Driver/Inc/stm32f4xx_ll_exti.h ****                                      This parameter can be set either to ENABLE or DISABLE */
  65:Drivers/STM32F4xx_HAL_Driver/Inc/stm32f4xx_ll_exti.h **** 
  66:Drivers/STM32F4xx_HAL_Driver/Inc/stm32f4xx_ll_exti.h ****   uint8_t Mode;                 /*!< Specifies the mode for the EXTI lines.
  67:Drivers/STM32F4xx_HAL_Driver/Inc/stm32f4xx_ll_exti.h ****                                      This parameter can be a value of @ref EXTI_LL_EC_MODE. */
  68:Drivers/STM32F4xx_HAL_Driver/Inc/stm32f4xx_ll_exti.h **** 
  69:Drivers/STM32F4xx_HAL_Driver/Inc/stm32f4xx_ll_exti.h ****   uint8_t Trigger;              /*!< Specifies the trigger signal active edge for the EXTI lines.
  70:Drivers/STM32F4xx_HAL_Driver/Inc/stm32f4xx_ll_exti.h ****                                      This parameter can be a value of @ref EXTI_LL_EC_TRIGGER. */
  71:Drivers/STM32F4xx_HAL_Driver/Inc/stm32f4xx_ll_exti.h **** } LL_EXTI_InitTypeDef;
  72:Drivers/STM32F4xx_HAL_Driver/Inc/stm32f4xx_ll_exti.h **** 
  73:Drivers/STM32F4xx_HAL_Driver/Inc/stm32f4xx_ll_exti.h **** /**
  74:Drivers/STM32F4xx_HAL_Driver/Inc/stm32f4xx_ll_exti.h ****   * @}
  75:Drivers/STM32F4xx_HAL_Driver/Inc/stm32f4xx_ll_exti.h ****   */
  76:Drivers/STM32F4xx_HAL_Driver/Inc/stm32f4xx_ll_exti.h **** #endif /*USE_FULL_LL_DRIVER*/
  77:Drivers/STM32F4xx_HAL_Driver/Inc/stm32f4xx_ll_exti.h **** 
  78:Drivers/STM32F4xx_HAL_Driver/Inc/stm32f4xx_ll_exti.h **** /* Exported constants --------------------------------------------------------*/
  79:Drivers/STM32F4xx_HAL_Driver/Inc/stm32f4xx_ll_exti.h **** /** @defgroup EXTI_LL_Exported_Constants EXTI Exported Constants
  80:Drivers/STM32F4xx_HAL_Driver/Inc/stm32f4xx_ll_exti.h ****   * @{
  81:Drivers/STM32F4xx_HAL_Driver/Inc/stm32f4xx_ll_exti.h ****   */
  82:Drivers/STM32F4xx_HAL_Driver/Inc/stm32f4xx_ll_exti.h **** 
  83:Drivers/STM32F4xx_HAL_Driver/Inc/stm32f4xx_ll_exti.h **** /** @defgroup EXTI_LL_EC_LINE LINE
  84:Drivers/STM32F4xx_HAL_Driver/Inc/stm32f4xx_ll_exti.h ****   * @{
  85:Drivers/STM32F4xx_HAL_Driver/Inc/stm32f4xx_ll_exti.h ****   */
  86:Drivers/STM32F4xx_HAL_Driver/Inc/stm32f4xx_ll_exti.h **** #define LL_EXTI_LINE_0                 EXTI_IMR_IM0           /*!< Extended line 0 */
  87:Drivers/STM32F4xx_HAL_Driver/Inc/stm32f4xx_ll_exti.h **** #define LL_EXTI_LINE_1                 EXTI_IMR_IM1           /*!< Extended line 1 */
  88:Drivers/STM32F4xx_HAL_Driver/Inc/stm32f4xx_ll_exti.h **** #define LL_EXTI_LINE_2                 EXTI_IMR_IM2           /*!< Extended line 2 */
ARM GAS  C:\Users\chris\AppData\Local\Temp\cchxBc72.s 			page 55


  89:Drivers/STM32F4xx_HAL_Driver/Inc/stm32f4xx_ll_exti.h **** #define LL_EXTI_LINE_3                 EXTI_IMR_IM3           /*!< Extended line 3 */
  90:Drivers/STM32F4xx_HAL_Driver/Inc/stm32f4xx_ll_exti.h **** #define LL_EXTI_LINE_4                 EXTI_IMR_IM4           /*!< Extended line 4 */
  91:Drivers/STM32F4xx_HAL_Driver/Inc/stm32f4xx_ll_exti.h **** #define LL_EXTI_LINE_5                 EXTI_IMR_IM5           /*!< Extended line 5 */
  92:Drivers/STM32F4xx_HAL_Driver/Inc/stm32f4xx_ll_exti.h **** #define LL_EXTI_LINE_6                 EXTI_IMR_IM6           /*!< Extended line 6 */
  93:Drivers/STM32F4xx_HAL_Driver/Inc/stm32f4xx_ll_exti.h **** #define LL_EXTI_LINE_7                 EXTI_IMR_IM7           /*!< Extended line 7 */
  94:Drivers/STM32F4xx_HAL_Driver/Inc/stm32f4xx_ll_exti.h **** #define LL_EXTI_LINE_8                 EXTI_IMR_IM8           /*!< Extended line 8 */
  95:Drivers/STM32F4xx_HAL_Driver/Inc/stm32f4xx_ll_exti.h **** #define LL_EXTI_LINE_9                 EXTI_IMR_IM9           /*!< Extended line 9 */
  96:Drivers/STM32F4xx_HAL_Driver/Inc/stm32f4xx_ll_exti.h **** #define LL_EXTI_LINE_10                EXTI_IMR_IM10          /*!< Extended line 10 */
  97:Drivers/STM32F4xx_HAL_Driver/Inc/stm32f4xx_ll_exti.h **** #define LL_EXTI_LINE_11                EXTI_IMR_IM11          /*!< Extended line 11 */
  98:Drivers/STM32F4xx_HAL_Driver/Inc/stm32f4xx_ll_exti.h **** #define LL_EXTI_LINE_12                EXTI_IMR_IM12          /*!< Extended line 12 */
  99:Drivers/STM32F4xx_HAL_Driver/Inc/stm32f4xx_ll_exti.h **** #define LL_EXTI_LINE_13                EXTI_IMR_IM13          /*!< Extended line 13 */
 100:Drivers/STM32F4xx_HAL_Driver/Inc/stm32f4xx_ll_exti.h **** #define LL_EXTI_LINE_14                EXTI_IMR_IM14          /*!< Extended line 14 */
 101:Drivers/STM32F4xx_HAL_Driver/Inc/stm32f4xx_ll_exti.h **** #define LL_EXTI_LINE_15                EXTI_IMR_IM15          /*!< Extended line 15 */
 102:Drivers/STM32F4xx_HAL_Driver/Inc/stm32f4xx_ll_exti.h **** #if defined(EXTI_IMR_IM16)
 103:Drivers/STM32F4xx_HAL_Driver/Inc/stm32f4xx_ll_exti.h **** #define LL_EXTI_LINE_16                EXTI_IMR_IM16          /*!< Extended line 16 */
 104:Drivers/STM32F4xx_HAL_Driver/Inc/stm32f4xx_ll_exti.h **** #endif
 105:Drivers/STM32F4xx_HAL_Driver/Inc/stm32f4xx_ll_exti.h **** #define LL_EXTI_LINE_17                EXTI_IMR_IM17          /*!< Extended line 17 */
 106:Drivers/STM32F4xx_HAL_Driver/Inc/stm32f4xx_ll_exti.h **** #if defined(EXTI_IMR_IM18)
 107:Drivers/STM32F4xx_HAL_Driver/Inc/stm32f4xx_ll_exti.h **** #define LL_EXTI_LINE_18                EXTI_IMR_IM18          /*!< Extended line 18 */
 108:Drivers/STM32F4xx_HAL_Driver/Inc/stm32f4xx_ll_exti.h **** #endif
 109:Drivers/STM32F4xx_HAL_Driver/Inc/stm32f4xx_ll_exti.h **** #define LL_EXTI_LINE_19                EXTI_IMR_IM19          /*!< Extended line 19 */
 110:Drivers/STM32F4xx_HAL_Driver/Inc/stm32f4xx_ll_exti.h **** #if defined(EXTI_IMR_IM20)
 111:Drivers/STM32F4xx_HAL_Driver/Inc/stm32f4xx_ll_exti.h **** #define LL_EXTI_LINE_20                EXTI_IMR_IM20          /*!< Extended line 20 */
 112:Drivers/STM32F4xx_HAL_Driver/Inc/stm32f4xx_ll_exti.h **** #endif
 113:Drivers/STM32F4xx_HAL_Driver/Inc/stm32f4xx_ll_exti.h **** #if defined(EXTI_IMR_IM21)
 114:Drivers/STM32F4xx_HAL_Driver/Inc/stm32f4xx_ll_exti.h **** #define LL_EXTI_LINE_21                EXTI_IMR_IM21          /*!< Extended line 21 */
 115:Drivers/STM32F4xx_HAL_Driver/Inc/stm32f4xx_ll_exti.h **** #endif
 116:Drivers/STM32F4xx_HAL_Driver/Inc/stm32f4xx_ll_exti.h **** #if defined(EXTI_IMR_IM22)
 117:Drivers/STM32F4xx_HAL_Driver/Inc/stm32f4xx_ll_exti.h **** #define LL_EXTI_LINE_22                EXTI_IMR_IM22          /*!< Extended line 22 */
 118:Drivers/STM32F4xx_HAL_Driver/Inc/stm32f4xx_ll_exti.h **** #endif
 119:Drivers/STM32F4xx_HAL_Driver/Inc/stm32f4xx_ll_exti.h **** #if defined(EXTI_IMR_IM23)
 120:Drivers/STM32F4xx_HAL_Driver/Inc/stm32f4xx_ll_exti.h **** #define LL_EXTI_LINE_23                EXTI_IMR_IM23          /*!< Extended line 23 */
 121:Drivers/STM32F4xx_HAL_Driver/Inc/stm32f4xx_ll_exti.h **** #endif
 122:Drivers/STM32F4xx_HAL_Driver/Inc/stm32f4xx_ll_exti.h **** #if defined(EXTI_IMR_IM24)
 123:Drivers/STM32F4xx_HAL_Driver/Inc/stm32f4xx_ll_exti.h **** #define LL_EXTI_LINE_24                EXTI_IMR_IM24          /*!< Extended line 24 */
 124:Drivers/STM32F4xx_HAL_Driver/Inc/stm32f4xx_ll_exti.h **** #endif
 125:Drivers/STM32F4xx_HAL_Driver/Inc/stm32f4xx_ll_exti.h **** #if defined(EXTI_IMR_IM25)
 126:Drivers/STM32F4xx_HAL_Driver/Inc/stm32f4xx_ll_exti.h **** #define LL_EXTI_LINE_25                EXTI_IMR_IM25          /*!< Extended line 25 */
 127:Drivers/STM32F4xx_HAL_Driver/Inc/stm32f4xx_ll_exti.h **** #endif
 128:Drivers/STM32F4xx_HAL_Driver/Inc/stm32f4xx_ll_exti.h **** #if defined(EXTI_IMR_IM26)
 129:Drivers/STM32F4xx_HAL_Driver/Inc/stm32f4xx_ll_exti.h **** #define LL_EXTI_LINE_26                EXTI_IMR_IM26          /*!< Extended line 26 */
 130:Drivers/STM32F4xx_HAL_Driver/Inc/stm32f4xx_ll_exti.h **** #endif
 131:Drivers/STM32F4xx_HAL_Driver/Inc/stm32f4xx_ll_exti.h **** #if defined(EXTI_IMR_IM27)
 132:Drivers/STM32F4xx_HAL_Driver/Inc/stm32f4xx_ll_exti.h **** #define LL_EXTI_LINE_27                EXTI_IMR_IM27          /*!< Extended line 27 */
 133:Drivers/STM32F4xx_HAL_Driver/Inc/stm32f4xx_ll_exti.h **** #endif
 134:Drivers/STM32F4xx_HAL_Driver/Inc/stm32f4xx_ll_exti.h **** #if defined(EXTI_IMR_IM28)
 135:Drivers/STM32F4xx_HAL_Driver/Inc/stm32f4xx_ll_exti.h **** #define LL_EXTI_LINE_28                EXTI_IMR_IM28          /*!< Extended line 28 */
 136:Drivers/STM32F4xx_HAL_Driver/Inc/stm32f4xx_ll_exti.h **** #endif
 137:Drivers/STM32F4xx_HAL_Driver/Inc/stm32f4xx_ll_exti.h **** #if defined(EXTI_IMR_IM29)
 138:Drivers/STM32F4xx_HAL_Driver/Inc/stm32f4xx_ll_exti.h **** #define LL_EXTI_LINE_29                EXTI_IMR_IM29          /*!< Extended line 29 */
 139:Drivers/STM32F4xx_HAL_Driver/Inc/stm32f4xx_ll_exti.h **** #endif
 140:Drivers/STM32F4xx_HAL_Driver/Inc/stm32f4xx_ll_exti.h **** #if defined(EXTI_IMR_IM30)
 141:Drivers/STM32F4xx_HAL_Driver/Inc/stm32f4xx_ll_exti.h **** #define LL_EXTI_LINE_30                EXTI_IMR_IM30          /*!< Extended line 30 */
 142:Drivers/STM32F4xx_HAL_Driver/Inc/stm32f4xx_ll_exti.h **** #endif
 143:Drivers/STM32F4xx_HAL_Driver/Inc/stm32f4xx_ll_exti.h **** #if defined(EXTI_IMR_IM31)
 144:Drivers/STM32F4xx_HAL_Driver/Inc/stm32f4xx_ll_exti.h **** #define LL_EXTI_LINE_31                EXTI_IMR_IM31          /*!< Extended line 31 */
 145:Drivers/STM32F4xx_HAL_Driver/Inc/stm32f4xx_ll_exti.h **** #endif
ARM GAS  C:\Users\chris\AppData\Local\Temp\cchxBc72.s 			page 56


 146:Drivers/STM32F4xx_HAL_Driver/Inc/stm32f4xx_ll_exti.h **** #define LL_EXTI_LINE_ALL_0_31          EXTI_IMR_IM            /*!< All Extended line not reserved*/
 147:Drivers/STM32F4xx_HAL_Driver/Inc/stm32f4xx_ll_exti.h **** 
 148:Drivers/STM32F4xx_HAL_Driver/Inc/stm32f4xx_ll_exti.h **** 
 149:Drivers/STM32F4xx_HAL_Driver/Inc/stm32f4xx_ll_exti.h **** #define LL_EXTI_LINE_ALL               ((uint32_t)0xFFFFFFFFU)  /*!< All Extended line */
 150:Drivers/STM32F4xx_HAL_Driver/Inc/stm32f4xx_ll_exti.h **** 
 151:Drivers/STM32F4xx_HAL_Driver/Inc/stm32f4xx_ll_exti.h **** #if defined(USE_FULL_LL_DRIVER)
 152:Drivers/STM32F4xx_HAL_Driver/Inc/stm32f4xx_ll_exti.h **** #define LL_EXTI_LINE_NONE              ((uint32_t)0x00000000U)  /*!< None Extended line */
 153:Drivers/STM32F4xx_HAL_Driver/Inc/stm32f4xx_ll_exti.h **** #endif /*USE_FULL_LL_DRIVER*/
 154:Drivers/STM32F4xx_HAL_Driver/Inc/stm32f4xx_ll_exti.h **** 
 155:Drivers/STM32F4xx_HAL_Driver/Inc/stm32f4xx_ll_exti.h **** /**
 156:Drivers/STM32F4xx_HAL_Driver/Inc/stm32f4xx_ll_exti.h ****   * @}
 157:Drivers/STM32F4xx_HAL_Driver/Inc/stm32f4xx_ll_exti.h ****   */
 158:Drivers/STM32F4xx_HAL_Driver/Inc/stm32f4xx_ll_exti.h **** #if defined(USE_FULL_LL_DRIVER)
 159:Drivers/STM32F4xx_HAL_Driver/Inc/stm32f4xx_ll_exti.h **** 
 160:Drivers/STM32F4xx_HAL_Driver/Inc/stm32f4xx_ll_exti.h **** /** @defgroup EXTI_LL_EC_MODE Mode
 161:Drivers/STM32F4xx_HAL_Driver/Inc/stm32f4xx_ll_exti.h ****   * @{
 162:Drivers/STM32F4xx_HAL_Driver/Inc/stm32f4xx_ll_exti.h ****   */
 163:Drivers/STM32F4xx_HAL_Driver/Inc/stm32f4xx_ll_exti.h **** #define LL_EXTI_MODE_IT                 ((uint8_t)0x00U) /*!< Interrupt Mode */
 164:Drivers/STM32F4xx_HAL_Driver/Inc/stm32f4xx_ll_exti.h **** #define LL_EXTI_MODE_EVENT              ((uint8_t)0x01U) /*!< Event Mode */
 165:Drivers/STM32F4xx_HAL_Driver/Inc/stm32f4xx_ll_exti.h **** #define LL_EXTI_MODE_IT_EVENT           ((uint8_t)0x02U) /*!< Interrupt & Event Mode */
 166:Drivers/STM32F4xx_HAL_Driver/Inc/stm32f4xx_ll_exti.h **** /**
 167:Drivers/STM32F4xx_HAL_Driver/Inc/stm32f4xx_ll_exti.h ****   * @}
 168:Drivers/STM32F4xx_HAL_Driver/Inc/stm32f4xx_ll_exti.h ****   */
 169:Drivers/STM32F4xx_HAL_Driver/Inc/stm32f4xx_ll_exti.h **** 
 170:Drivers/STM32F4xx_HAL_Driver/Inc/stm32f4xx_ll_exti.h **** /** @defgroup EXTI_LL_EC_TRIGGER Edge Trigger
 171:Drivers/STM32F4xx_HAL_Driver/Inc/stm32f4xx_ll_exti.h ****   * @{
 172:Drivers/STM32F4xx_HAL_Driver/Inc/stm32f4xx_ll_exti.h ****   */
 173:Drivers/STM32F4xx_HAL_Driver/Inc/stm32f4xx_ll_exti.h **** #define LL_EXTI_TRIGGER_NONE            ((uint8_t)0x00U) /*!< No Trigger Mode */
 174:Drivers/STM32F4xx_HAL_Driver/Inc/stm32f4xx_ll_exti.h **** #define LL_EXTI_TRIGGER_RISING          ((uint8_t)0x01U) /*!< Trigger Rising Mode */
 175:Drivers/STM32F4xx_HAL_Driver/Inc/stm32f4xx_ll_exti.h **** #define LL_EXTI_TRIGGER_FALLING         ((uint8_t)0x02U) /*!< Trigger Falling Mode */
 176:Drivers/STM32F4xx_HAL_Driver/Inc/stm32f4xx_ll_exti.h **** #define LL_EXTI_TRIGGER_RISING_FALLING  ((uint8_t)0x03U) /*!< Trigger Rising & Falling Mode */
 177:Drivers/STM32F4xx_HAL_Driver/Inc/stm32f4xx_ll_exti.h **** 
 178:Drivers/STM32F4xx_HAL_Driver/Inc/stm32f4xx_ll_exti.h **** /**
 179:Drivers/STM32F4xx_HAL_Driver/Inc/stm32f4xx_ll_exti.h ****   * @}
 180:Drivers/STM32F4xx_HAL_Driver/Inc/stm32f4xx_ll_exti.h ****   */
 181:Drivers/STM32F4xx_HAL_Driver/Inc/stm32f4xx_ll_exti.h **** 
 182:Drivers/STM32F4xx_HAL_Driver/Inc/stm32f4xx_ll_exti.h **** 
 183:Drivers/STM32F4xx_HAL_Driver/Inc/stm32f4xx_ll_exti.h **** #endif /*USE_FULL_LL_DRIVER*/
 184:Drivers/STM32F4xx_HAL_Driver/Inc/stm32f4xx_ll_exti.h **** 
 185:Drivers/STM32F4xx_HAL_Driver/Inc/stm32f4xx_ll_exti.h **** 
 186:Drivers/STM32F4xx_HAL_Driver/Inc/stm32f4xx_ll_exti.h **** /**
 187:Drivers/STM32F4xx_HAL_Driver/Inc/stm32f4xx_ll_exti.h ****   * @}
 188:Drivers/STM32F4xx_HAL_Driver/Inc/stm32f4xx_ll_exti.h ****   */
 189:Drivers/STM32F4xx_HAL_Driver/Inc/stm32f4xx_ll_exti.h **** 
 190:Drivers/STM32F4xx_HAL_Driver/Inc/stm32f4xx_ll_exti.h **** /* Exported macro ------------------------------------------------------------*/
 191:Drivers/STM32F4xx_HAL_Driver/Inc/stm32f4xx_ll_exti.h **** /** @defgroup EXTI_LL_Exported_Macros EXTI Exported Macros
 192:Drivers/STM32F4xx_HAL_Driver/Inc/stm32f4xx_ll_exti.h ****   * @{
 193:Drivers/STM32F4xx_HAL_Driver/Inc/stm32f4xx_ll_exti.h ****   */
 194:Drivers/STM32F4xx_HAL_Driver/Inc/stm32f4xx_ll_exti.h **** 
 195:Drivers/STM32F4xx_HAL_Driver/Inc/stm32f4xx_ll_exti.h **** /** @defgroup EXTI_LL_EM_WRITE_READ Common Write and read registers Macros
 196:Drivers/STM32F4xx_HAL_Driver/Inc/stm32f4xx_ll_exti.h ****   * @{
 197:Drivers/STM32F4xx_HAL_Driver/Inc/stm32f4xx_ll_exti.h ****   */
 198:Drivers/STM32F4xx_HAL_Driver/Inc/stm32f4xx_ll_exti.h **** 
 199:Drivers/STM32F4xx_HAL_Driver/Inc/stm32f4xx_ll_exti.h **** /**
 200:Drivers/STM32F4xx_HAL_Driver/Inc/stm32f4xx_ll_exti.h ****   * @brief  Write a value in EXTI register
 201:Drivers/STM32F4xx_HAL_Driver/Inc/stm32f4xx_ll_exti.h ****   * @param  __REG__ Register to be written
 202:Drivers/STM32F4xx_HAL_Driver/Inc/stm32f4xx_ll_exti.h ****   * @param  __VALUE__ Value to be written in the register
ARM GAS  C:\Users\chris\AppData\Local\Temp\cchxBc72.s 			page 57


 203:Drivers/STM32F4xx_HAL_Driver/Inc/stm32f4xx_ll_exti.h ****   * @retval None
 204:Drivers/STM32F4xx_HAL_Driver/Inc/stm32f4xx_ll_exti.h ****   */
 205:Drivers/STM32F4xx_HAL_Driver/Inc/stm32f4xx_ll_exti.h **** #define LL_EXTI_WriteReg(__REG__, __VALUE__) WRITE_REG(EXTI->__REG__, (__VALUE__))
 206:Drivers/STM32F4xx_HAL_Driver/Inc/stm32f4xx_ll_exti.h **** 
 207:Drivers/STM32F4xx_HAL_Driver/Inc/stm32f4xx_ll_exti.h **** /**
 208:Drivers/STM32F4xx_HAL_Driver/Inc/stm32f4xx_ll_exti.h ****   * @brief  Read a value in EXTI register
 209:Drivers/STM32F4xx_HAL_Driver/Inc/stm32f4xx_ll_exti.h ****   * @param  __REG__ Register to be read
 210:Drivers/STM32F4xx_HAL_Driver/Inc/stm32f4xx_ll_exti.h ****   * @retval Register value
 211:Drivers/STM32F4xx_HAL_Driver/Inc/stm32f4xx_ll_exti.h ****   */
 212:Drivers/STM32F4xx_HAL_Driver/Inc/stm32f4xx_ll_exti.h **** #define LL_EXTI_ReadReg(__REG__) READ_REG(EXTI->__REG__)
 213:Drivers/STM32F4xx_HAL_Driver/Inc/stm32f4xx_ll_exti.h **** /**
 214:Drivers/STM32F4xx_HAL_Driver/Inc/stm32f4xx_ll_exti.h ****   * @}
 215:Drivers/STM32F4xx_HAL_Driver/Inc/stm32f4xx_ll_exti.h ****   */
 216:Drivers/STM32F4xx_HAL_Driver/Inc/stm32f4xx_ll_exti.h **** 
 217:Drivers/STM32F4xx_HAL_Driver/Inc/stm32f4xx_ll_exti.h **** 
 218:Drivers/STM32F4xx_HAL_Driver/Inc/stm32f4xx_ll_exti.h **** /**
 219:Drivers/STM32F4xx_HAL_Driver/Inc/stm32f4xx_ll_exti.h ****   * @}
 220:Drivers/STM32F4xx_HAL_Driver/Inc/stm32f4xx_ll_exti.h ****   */
 221:Drivers/STM32F4xx_HAL_Driver/Inc/stm32f4xx_ll_exti.h **** 
 222:Drivers/STM32F4xx_HAL_Driver/Inc/stm32f4xx_ll_exti.h **** 
 223:Drivers/STM32F4xx_HAL_Driver/Inc/stm32f4xx_ll_exti.h **** 
 224:Drivers/STM32F4xx_HAL_Driver/Inc/stm32f4xx_ll_exti.h **** /* Exported functions --------------------------------------------------------*/
 225:Drivers/STM32F4xx_HAL_Driver/Inc/stm32f4xx_ll_exti.h **** /** @defgroup EXTI_LL_Exported_Functions EXTI Exported Functions
 226:Drivers/STM32F4xx_HAL_Driver/Inc/stm32f4xx_ll_exti.h ****  * @{
 227:Drivers/STM32F4xx_HAL_Driver/Inc/stm32f4xx_ll_exti.h ****  */
 228:Drivers/STM32F4xx_HAL_Driver/Inc/stm32f4xx_ll_exti.h **** /** @defgroup EXTI_LL_EF_IT_Management IT_Management
 229:Drivers/STM32F4xx_HAL_Driver/Inc/stm32f4xx_ll_exti.h ****   * @{
 230:Drivers/STM32F4xx_HAL_Driver/Inc/stm32f4xx_ll_exti.h ****   */
 231:Drivers/STM32F4xx_HAL_Driver/Inc/stm32f4xx_ll_exti.h **** 
 232:Drivers/STM32F4xx_HAL_Driver/Inc/stm32f4xx_ll_exti.h **** /**
 233:Drivers/STM32F4xx_HAL_Driver/Inc/stm32f4xx_ll_exti.h ****   * @brief  Enable ExtiLine Interrupt request for Lines in range 0 to 31
 234:Drivers/STM32F4xx_HAL_Driver/Inc/stm32f4xx_ll_exti.h ****   * @note The reset value for the direct or internal lines (see RM)
 235:Drivers/STM32F4xx_HAL_Driver/Inc/stm32f4xx_ll_exti.h ****   *       is set to 1 in order to enable the interrupt by default.
 236:Drivers/STM32F4xx_HAL_Driver/Inc/stm32f4xx_ll_exti.h ****   *       Bits are set automatically at Power on.
 237:Drivers/STM32F4xx_HAL_Driver/Inc/stm32f4xx_ll_exti.h ****   * @rmtoll IMR         IMx           LL_EXTI_EnableIT_0_31
 238:Drivers/STM32F4xx_HAL_Driver/Inc/stm32f4xx_ll_exti.h ****   * @param  ExtiLine This parameter can be one of the following values:
 239:Drivers/STM32F4xx_HAL_Driver/Inc/stm32f4xx_ll_exti.h ****   *         @arg @ref LL_EXTI_LINE_0
 240:Drivers/STM32F4xx_HAL_Driver/Inc/stm32f4xx_ll_exti.h ****   *         @arg @ref LL_EXTI_LINE_1
 241:Drivers/STM32F4xx_HAL_Driver/Inc/stm32f4xx_ll_exti.h ****   *         @arg @ref LL_EXTI_LINE_2
 242:Drivers/STM32F4xx_HAL_Driver/Inc/stm32f4xx_ll_exti.h ****   *         @arg @ref LL_EXTI_LINE_3
 243:Drivers/STM32F4xx_HAL_Driver/Inc/stm32f4xx_ll_exti.h ****   *         @arg @ref LL_EXTI_LINE_4
 244:Drivers/STM32F4xx_HAL_Driver/Inc/stm32f4xx_ll_exti.h ****   *         @arg @ref LL_EXTI_LINE_5
 245:Drivers/STM32F4xx_HAL_Driver/Inc/stm32f4xx_ll_exti.h ****   *         @arg @ref LL_EXTI_LINE_6
 246:Drivers/STM32F4xx_HAL_Driver/Inc/stm32f4xx_ll_exti.h ****   *         @arg @ref LL_EXTI_LINE_7
 247:Drivers/STM32F4xx_HAL_Driver/Inc/stm32f4xx_ll_exti.h ****   *         @arg @ref LL_EXTI_LINE_8
 248:Drivers/STM32F4xx_HAL_Driver/Inc/stm32f4xx_ll_exti.h ****   *         @arg @ref LL_EXTI_LINE_9
 249:Drivers/STM32F4xx_HAL_Driver/Inc/stm32f4xx_ll_exti.h ****   *         @arg @ref LL_EXTI_LINE_10
 250:Drivers/STM32F4xx_HAL_Driver/Inc/stm32f4xx_ll_exti.h ****   *         @arg @ref LL_EXTI_LINE_11
 251:Drivers/STM32F4xx_HAL_Driver/Inc/stm32f4xx_ll_exti.h ****   *         @arg @ref LL_EXTI_LINE_12
 252:Drivers/STM32F4xx_HAL_Driver/Inc/stm32f4xx_ll_exti.h ****   *         @arg @ref LL_EXTI_LINE_13
 253:Drivers/STM32F4xx_HAL_Driver/Inc/stm32f4xx_ll_exti.h ****   *         @arg @ref LL_EXTI_LINE_14
 254:Drivers/STM32F4xx_HAL_Driver/Inc/stm32f4xx_ll_exti.h ****   *         @arg @ref LL_EXTI_LINE_15
 255:Drivers/STM32F4xx_HAL_Driver/Inc/stm32f4xx_ll_exti.h ****   *         @arg @ref LL_EXTI_LINE_16
 256:Drivers/STM32F4xx_HAL_Driver/Inc/stm32f4xx_ll_exti.h ****   *         @arg @ref LL_EXTI_LINE_17
 257:Drivers/STM32F4xx_HAL_Driver/Inc/stm32f4xx_ll_exti.h ****   *         @arg @ref LL_EXTI_LINE_18
 258:Drivers/STM32F4xx_HAL_Driver/Inc/stm32f4xx_ll_exti.h ****   *         @arg @ref LL_EXTI_LINE_19(*)
 259:Drivers/STM32F4xx_HAL_Driver/Inc/stm32f4xx_ll_exti.h ****   *         @arg @ref LL_EXTI_LINE_20(*)
ARM GAS  C:\Users\chris\AppData\Local\Temp\cchxBc72.s 			page 58


 260:Drivers/STM32F4xx_HAL_Driver/Inc/stm32f4xx_ll_exti.h ****   *         @arg @ref LL_EXTI_LINE_21
 261:Drivers/STM32F4xx_HAL_Driver/Inc/stm32f4xx_ll_exti.h ****   *         @arg @ref LL_EXTI_LINE_22
 262:Drivers/STM32F4xx_HAL_Driver/Inc/stm32f4xx_ll_exti.h ****   *         @arg @ref LL_EXTI_LINE_23(*)
 263:Drivers/STM32F4xx_HAL_Driver/Inc/stm32f4xx_ll_exti.h ****   *         @arg @ref LL_EXTI_LINE_ALL_0_31
 264:Drivers/STM32F4xx_HAL_Driver/Inc/stm32f4xx_ll_exti.h ****   * @note   (*): Available in some devices
 265:Drivers/STM32F4xx_HAL_Driver/Inc/stm32f4xx_ll_exti.h ****   * @note   Please check each device line mapping for EXTI Line availability
 266:Drivers/STM32F4xx_HAL_Driver/Inc/stm32f4xx_ll_exti.h ****   * @retval None
 267:Drivers/STM32F4xx_HAL_Driver/Inc/stm32f4xx_ll_exti.h ****   */
 268:Drivers/STM32F4xx_HAL_Driver/Inc/stm32f4xx_ll_exti.h **** __STATIC_INLINE void LL_EXTI_EnableIT_0_31(uint32_t ExtiLine)
 269:Drivers/STM32F4xx_HAL_Driver/Inc/stm32f4xx_ll_exti.h **** {
 270:Drivers/STM32F4xx_HAL_Driver/Inc/stm32f4xx_ll_exti.h ****   SET_BIT(EXTI->IMR, ExtiLine);
 271:Drivers/STM32F4xx_HAL_Driver/Inc/stm32f4xx_ll_exti.h **** }
 272:Drivers/STM32F4xx_HAL_Driver/Inc/stm32f4xx_ll_exti.h **** 
 273:Drivers/STM32F4xx_HAL_Driver/Inc/stm32f4xx_ll_exti.h **** /**
 274:Drivers/STM32F4xx_HAL_Driver/Inc/stm32f4xx_ll_exti.h ****   * @brief  Disable ExtiLine Interrupt request for Lines in range 0 to 31
 275:Drivers/STM32F4xx_HAL_Driver/Inc/stm32f4xx_ll_exti.h ****   * @note The reset value for the direct or internal lines (see RM)
 276:Drivers/STM32F4xx_HAL_Driver/Inc/stm32f4xx_ll_exti.h ****   *       is set to 1 in order to enable the interrupt by default.
 277:Drivers/STM32F4xx_HAL_Driver/Inc/stm32f4xx_ll_exti.h ****   *       Bits are set automatically at Power on.
 278:Drivers/STM32F4xx_HAL_Driver/Inc/stm32f4xx_ll_exti.h ****   * @rmtoll IMR         IMx           LL_EXTI_DisableIT_0_31
 279:Drivers/STM32F4xx_HAL_Driver/Inc/stm32f4xx_ll_exti.h ****   * @param  ExtiLine This parameter can be one of the following values:
 280:Drivers/STM32F4xx_HAL_Driver/Inc/stm32f4xx_ll_exti.h ****   *         @arg @ref LL_EXTI_LINE_0
 281:Drivers/STM32F4xx_HAL_Driver/Inc/stm32f4xx_ll_exti.h ****   *         @arg @ref LL_EXTI_LINE_1
 282:Drivers/STM32F4xx_HAL_Driver/Inc/stm32f4xx_ll_exti.h ****   *         @arg @ref LL_EXTI_LINE_2
 283:Drivers/STM32F4xx_HAL_Driver/Inc/stm32f4xx_ll_exti.h ****   *         @arg @ref LL_EXTI_LINE_3
 284:Drivers/STM32F4xx_HAL_Driver/Inc/stm32f4xx_ll_exti.h ****   *         @arg @ref LL_EXTI_LINE_4
 285:Drivers/STM32F4xx_HAL_Driver/Inc/stm32f4xx_ll_exti.h ****   *         @arg @ref LL_EXTI_LINE_5
 286:Drivers/STM32F4xx_HAL_Driver/Inc/stm32f4xx_ll_exti.h ****   *         @arg @ref LL_EXTI_LINE_6
 287:Drivers/STM32F4xx_HAL_Driver/Inc/stm32f4xx_ll_exti.h ****   *         @arg @ref LL_EXTI_LINE_7
 288:Drivers/STM32F4xx_HAL_Driver/Inc/stm32f4xx_ll_exti.h ****   *         @arg @ref LL_EXTI_LINE_8
 289:Drivers/STM32F4xx_HAL_Driver/Inc/stm32f4xx_ll_exti.h ****   *         @arg @ref LL_EXTI_LINE_9
 290:Drivers/STM32F4xx_HAL_Driver/Inc/stm32f4xx_ll_exti.h ****   *         @arg @ref LL_EXTI_LINE_10
 291:Drivers/STM32F4xx_HAL_Driver/Inc/stm32f4xx_ll_exti.h ****   *         @arg @ref LL_EXTI_LINE_11
 292:Drivers/STM32F4xx_HAL_Driver/Inc/stm32f4xx_ll_exti.h ****   *         @arg @ref LL_EXTI_LINE_12
 293:Drivers/STM32F4xx_HAL_Driver/Inc/stm32f4xx_ll_exti.h ****   *         @arg @ref LL_EXTI_LINE_13
 294:Drivers/STM32F4xx_HAL_Driver/Inc/stm32f4xx_ll_exti.h ****   *         @arg @ref LL_EXTI_LINE_14
 295:Drivers/STM32F4xx_HAL_Driver/Inc/stm32f4xx_ll_exti.h ****   *         @arg @ref LL_EXTI_LINE_15
 296:Drivers/STM32F4xx_HAL_Driver/Inc/stm32f4xx_ll_exti.h ****   *         @arg @ref LL_EXTI_LINE_16
 297:Drivers/STM32F4xx_HAL_Driver/Inc/stm32f4xx_ll_exti.h ****   *         @arg @ref LL_EXTI_LINE_17
 298:Drivers/STM32F4xx_HAL_Driver/Inc/stm32f4xx_ll_exti.h ****   *         @arg @ref LL_EXTI_LINE_18
 299:Drivers/STM32F4xx_HAL_Driver/Inc/stm32f4xx_ll_exti.h ****   *         @arg @ref LL_EXTI_LINE_19(*)
 300:Drivers/STM32F4xx_HAL_Driver/Inc/stm32f4xx_ll_exti.h ****   *         @arg @ref LL_EXTI_LINE_20(*)
 301:Drivers/STM32F4xx_HAL_Driver/Inc/stm32f4xx_ll_exti.h ****   *         @arg @ref LL_EXTI_LINE_21
 302:Drivers/STM32F4xx_HAL_Driver/Inc/stm32f4xx_ll_exti.h ****   *         @arg @ref LL_EXTI_LINE_22
 303:Drivers/STM32F4xx_HAL_Driver/Inc/stm32f4xx_ll_exti.h ****   *         @arg @ref LL_EXTI_LINE_23(*)
 304:Drivers/STM32F4xx_HAL_Driver/Inc/stm32f4xx_ll_exti.h ****   *         @arg @ref LL_EXTI_LINE_ALL_0_31
 305:Drivers/STM32F4xx_HAL_Driver/Inc/stm32f4xx_ll_exti.h ****   * @note   (*): Available in some devices
 306:Drivers/STM32F4xx_HAL_Driver/Inc/stm32f4xx_ll_exti.h ****   * @note   Please check each device line mapping for EXTI Line availability
 307:Drivers/STM32F4xx_HAL_Driver/Inc/stm32f4xx_ll_exti.h ****   * @retval None
 308:Drivers/STM32F4xx_HAL_Driver/Inc/stm32f4xx_ll_exti.h ****   */
 309:Drivers/STM32F4xx_HAL_Driver/Inc/stm32f4xx_ll_exti.h **** __STATIC_INLINE void LL_EXTI_DisableIT_0_31(uint32_t ExtiLine)
 310:Drivers/STM32F4xx_HAL_Driver/Inc/stm32f4xx_ll_exti.h **** {
 311:Drivers/STM32F4xx_HAL_Driver/Inc/stm32f4xx_ll_exti.h ****   CLEAR_BIT(EXTI->IMR, ExtiLine);
 312:Drivers/STM32F4xx_HAL_Driver/Inc/stm32f4xx_ll_exti.h **** }
 313:Drivers/STM32F4xx_HAL_Driver/Inc/stm32f4xx_ll_exti.h **** 
 314:Drivers/STM32F4xx_HAL_Driver/Inc/stm32f4xx_ll_exti.h **** 
 315:Drivers/STM32F4xx_HAL_Driver/Inc/stm32f4xx_ll_exti.h **** /**
 316:Drivers/STM32F4xx_HAL_Driver/Inc/stm32f4xx_ll_exti.h ****   * @brief  Indicate if ExtiLine Interrupt request is enabled for Lines in range 0 to 31
ARM GAS  C:\Users\chris\AppData\Local\Temp\cchxBc72.s 			page 59


 317:Drivers/STM32F4xx_HAL_Driver/Inc/stm32f4xx_ll_exti.h ****   * @note The reset value for the direct or internal lines (see RM)
 318:Drivers/STM32F4xx_HAL_Driver/Inc/stm32f4xx_ll_exti.h ****   *       is set to 1 in order to enable the interrupt by default.
 319:Drivers/STM32F4xx_HAL_Driver/Inc/stm32f4xx_ll_exti.h ****   *       Bits are set automatically at Power on.
 320:Drivers/STM32F4xx_HAL_Driver/Inc/stm32f4xx_ll_exti.h ****   * @rmtoll IMR         IMx           LL_EXTI_IsEnabledIT_0_31
 321:Drivers/STM32F4xx_HAL_Driver/Inc/stm32f4xx_ll_exti.h ****   * @param  ExtiLine This parameter can be one of the following values:
 322:Drivers/STM32F4xx_HAL_Driver/Inc/stm32f4xx_ll_exti.h ****   *         @arg @ref LL_EXTI_LINE_0
 323:Drivers/STM32F4xx_HAL_Driver/Inc/stm32f4xx_ll_exti.h ****   *         @arg @ref LL_EXTI_LINE_1
 324:Drivers/STM32F4xx_HAL_Driver/Inc/stm32f4xx_ll_exti.h ****   *         @arg @ref LL_EXTI_LINE_2
 325:Drivers/STM32F4xx_HAL_Driver/Inc/stm32f4xx_ll_exti.h ****   *         @arg @ref LL_EXTI_LINE_3
 326:Drivers/STM32F4xx_HAL_Driver/Inc/stm32f4xx_ll_exti.h ****   *         @arg @ref LL_EXTI_LINE_4
 327:Drivers/STM32F4xx_HAL_Driver/Inc/stm32f4xx_ll_exti.h ****   *         @arg @ref LL_EXTI_LINE_5
 328:Drivers/STM32F4xx_HAL_Driver/Inc/stm32f4xx_ll_exti.h ****   *         @arg @ref LL_EXTI_LINE_6
 329:Drivers/STM32F4xx_HAL_Driver/Inc/stm32f4xx_ll_exti.h ****   *         @arg @ref LL_EXTI_LINE_7
 330:Drivers/STM32F4xx_HAL_Driver/Inc/stm32f4xx_ll_exti.h ****   *         @arg @ref LL_EXTI_LINE_8
 331:Drivers/STM32F4xx_HAL_Driver/Inc/stm32f4xx_ll_exti.h ****   *         @arg @ref LL_EXTI_LINE_9
 332:Drivers/STM32F4xx_HAL_Driver/Inc/stm32f4xx_ll_exti.h ****   *         @arg @ref LL_EXTI_LINE_10
 333:Drivers/STM32F4xx_HAL_Driver/Inc/stm32f4xx_ll_exti.h ****   *         @arg @ref LL_EXTI_LINE_11
 334:Drivers/STM32F4xx_HAL_Driver/Inc/stm32f4xx_ll_exti.h ****   *         @arg @ref LL_EXTI_LINE_12
 335:Drivers/STM32F4xx_HAL_Driver/Inc/stm32f4xx_ll_exti.h ****   *         @arg @ref LL_EXTI_LINE_13
 336:Drivers/STM32F4xx_HAL_Driver/Inc/stm32f4xx_ll_exti.h ****   *         @arg @ref LL_EXTI_LINE_14
 337:Drivers/STM32F4xx_HAL_Driver/Inc/stm32f4xx_ll_exti.h ****   *         @arg @ref LL_EXTI_LINE_15
 338:Drivers/STM32F4xx_HAL_Driver/Inc/stm32f4xx_ll_exti.h ****   *         @arg @ref LL_EXTI_LINE_16
 339:Drivers/STM32F4xx_HAL_Driver/Inc/stm32f4xx_ll_exti.h ****   *         @arg @ref LL_EXTI_LINE_17
 340:Drivers/STM32F4xx_HAL_Driver/Inc/stm32f4xx_ll_exti.h ****   *         @arg @ref LL_EXTI_LINE_18
 341:Drivers/STM32F4xx_HAL_Driver/Inc/stm32f4xx_ll_exti.h ****   *         @arg @ref LL_EXTI_LINE_19(*)
 342:Drivers/STM32F4xx_HAL_Driver/Inc/stm32f4xx_ll_exti.h ****   *         @arg @ref LL_EXTI_LINE_20(*)
 343:Drivers/STM32F4xx_HAL_Driver/Inc/stm32f4xx_ll_exti.h ****   *         @arg @ref LL_EXTI_LINE_21
 344:Drivers/STM32F4xx_HAL_Driver/Inc/stm32f4xx_ll_exti.h ****   *         @arg @ref LL_EXTI_LINE_22
 345:Drivers/STM32F4xx_HAL_Driver/Inc/stm32f4xx_ll_exti.h ****   *         @arg @ref LL_EXTI_LINE_23(*)
 346:Drivers/STM32F4xx_HAL_Driver/Inc/stm32f4xx_ll_exti.h ****   *         @arg @ref LL_EXTI_LINE_ALL_0_31
 347:Drivers/STM32F4xx_HAL_Driver/Inc/stm32f4xx_ll_exti.h ****   * @note   (*): Available in some devices
 348:Drivers/STM32F4xx_HAL_Driver/Inc/stm32f4xx_ll_exti.h ****   * @note   Please check each device line mapping for EXTI Line availability
 349:Drivers/STM32F4xx_HAL_Driver/Inc/stm32f4xx_ll_exti.h ****   * @retval State of bit (1 or 0).
 350:Drivers/STM32F4xx_HAL_Driver/Inc/stm32f4xx_ll_exti.h ****   */
 351:Drivers/STM32F4xx_HAL_Driver/Inc/stm32f4xx_ll_exti.h **** __STATIC_INLINE uint32_t LL_EXTI_IsEnabledIT_0_31(uint32_t ExtiLine)
 352:Drivers/STM32F4xx_HAL_Driver/Inc/stm32f4xx_ll_exti.h **** {
 353:Drivers/STM32F4xx_HAL_Driver/Inc/stm32f4xx_ll_exti.h ****   return (READ_BIT(EXTI->IMR, ExtiLine) == (ExtiLine));
 354:Drivers/STM32F4xx_HAL_Driver/Inc/stm32f4xx_ll_exti.h **** }
 355:Drivers/STM32F4xx_HAL_Driver/Inc/stm32f4xx_ll_exti.h **** 
 356:Drivers/STM32F4xx_HAL_Driver/Inc/stm32f4xx_ll_exti.h **** 
 357:Drivers/STM32F4xx_HAL_Driver/Inc/stm32f4xx_ll_exti.h **** /**
 358:Drivers/STM32F4xx_HAL_Driver/Inc/stm32f4xx_ll_exti.h ****   * @}
 359:Drivers/STM32F4xx_HAL_Driver/Inc/stm32f4xx_ll_exti.h ****   */
 360:Drivers/STM32F4xx_HAL_Driver/Inc/stm32f4xx_ll_exti.h **** 
 361:Drivers/STM32F4xx_HAL_Driver/Inc/stm32f4xx_ll_exti.h **** /** @defgroup EXTI_LL_EF_Event_Management Event_Management
 362:Drivers/STM32F4xx_HAL_Driver/Inc/stm32f4xx_ll_exti.h ****   * @{
 363:Drivers/STM32F4xx_HAL_Driver/Inc/stm32f4xx_ll_exti.h ****   */
 364:Drivers/STM32F4xx_HAL_Driver/Inc/stm32f4xx_ll_exti.h **** 
 365:Drivers/STM32F4xx_HAL_Driver/Inc/stm32f4xx_ll_exti.h **** /**
 366:Drivers/STM32F4xx_HAL_Driver/Inc/stm32f4xx_ll_exti.h ****   * @brief  Enable ExtiLine Event request for Lines in range 0 to 31
 367:Drivers/STM32F4xx_HAL_Driver/Inc/stm32f4xx_ll_exti.h ****   * @rmtoll EMR         EMx           LL_EXTI_EnableEvent_0_31
 368:Drivers/STM32F4xx_HAL_Driver/Inc/stm32f4xx_ll_exti.h ****   * @param  ExtiLine This parameter can be one of the following values:
 369:Drivers/STM32F4xx_HAL_Driver/Inc/stm32f4xx_ll_exti.h ****   *         @arg @ref LL_EXTI_LINE_0
 370:Drivers/STM32F4xx_HAL_Driver/Inc/stm32f4xx_ll_exti.h ****   *         @arg @ref LL_EXTI_LINE_1
 371:Drivers/STM32F4xx_HAL_Driver/Inc/stm32f4xx_ll_exti.h ****   *         @arg @ref LL_EXTI_LINE_2
 372:Drivers/STM32F4xx_HAL_Driver/Inc/stm32f4xx_ll_exti.h ****   *         @arg @ref LL_EXTI_LINE_3
 373:Drivers/STM32F4xx_HAL_Driver/Inc/stm32f4xx_ll_exti.h ****   *         @arg @ref LL_EXTI_LINE_4
ARM GAS  C:\Users\chris\AppData\Local\Temp\cchxBc72.s 			page 60


 374:Drivers/STM32F4xx_HAL_Driver/Inc/stm32f4xx_ll_exti.h ****   *         @arg @ref LL_EXTI_LINE_5
 375:Drivers/STM32F4xx_HAL_Driver/Inc/stm32f4xx_ll_exti.h ****   *         @arg @ref LL_EXTI_LINE_6
 376:Drivers/STM32F4xx_HAL_Driver/Inc/stm32f4xx_ll_exti.h ****   *         @arg @ref LL_EXTI_LINE_7
 377:Drivers/STM32F4xx_HAL_Driver/Inc/stm32f4xx_ll_exti.h ****   *         @arg @ref LL_EXTI_LINE_8
 378:Drivers/STM32F4xx_HAL_Driver/Inc/stm32f4xx_ll_exti.h ****   *         @arg @ref LL_EXTI_LINE_9
 379:Drivers/STM32F4xx_HAL_Driver/Inc/stm32f4xx_ll_exti.h ****   *         @arg @ref LL_EXTI_LINE_10
 380:Drivers/STM32F4xx_HAL_Driver/Inc/stm32f4xx_ll_exti.h ****   *         @arg @ref LL_EXTI_LINE_11
 381:Drivers/STM32F4xx_HAL_Driver/Inc/stm32f4xx_ll_exti.h ****   *         @arg @ref LL_EXTI_LINE_12
 382:Drivers/STM32F4xx_HAL_Driver/Inc/stm32f4xx_ll_exti.h ****   *         @arg @ref LL_EXTI_LINE_13
 383:Drivers/STM32F4xx_HAL_Driver/Inc/stm32f4xx_ll_exti.h ****   *         @arg @ref LL_EXTI_LINE_14
 384:Drivers/STM32F4xx_HAL_Driver/Inc/stm32f4xx_ll_exti.h ****   *         @arg @ref LL_EXTI_LINE_15
 385:Drivers/STM32F4xx_HAL_Driver/Inc/stm32f4xx_ll_exti.h ****   *         @arg @ref LL_EXTI_LINE_16
 386:Drivers/STM32F4xx_HAL_Driver/Inc/stm32f4xx_ll_exti.h ****   *         @arg @ref LL_EXTI_LINE_17
 387:Drivers/STM32F4xx_HAL_Driver/Inc/stm32f4xx_ll_exti.h ****   *         @arg @ref LL_EXTI_LINE_18
 388:Drivers/STM32F4xx_HAL_Driver/Inc/stm32f4xx_ll_exti.h ****   *         @arg @ref LL_EXTI_LINE_19(*)
 389:Drivers/STM32F4xx_HAL_Driver/Inc/stm32f4xx_ll_exti.h ****   *         @arg @ref LL_EXTI_LINE_20(*)
 390:Drivers/STM32F4xx_HAL_Driver/Inc/stm32f4xx_ll_exti.h ****   *         @arg @ref LL_EXTI_LINE_21
 391:Drivers/STM32F4xx_HAL_Driver/Inc/stm32f4xx_ll_exti.h ****   *         @arg @ref LL_EXTI_LINE_22
 392:Drivers/STM32F4xx_HAL_Driver/Inc/stm32f4xx_ll_exti.h ****   *         @arg @ref LL_EXTI_LINE_23(*)
 393:Drivers/STM32F4xx_HAL_Driver/Inc/stm32f4xx_ll_exti.h ****   *         @arg @ref LL_EXTI_LINE_ALL_0_31
 394:Drivers/STM32F4xx_HAL_Driver/Inc/stm32f4xx_ll_exti.h ****   * @note   (*): Available in some devices
 395:Drivers/STM32F4xx_HAL_Driver/Inc/stm32f4xx_ll_exti.h ****   * @note   Please check each device line mapping for EXTI Line availability
 396:Drivers/STM32F4xx_HAL_Driver/Inc/stm32f4xx_ll_exti.h ****   * @retval None
 397:Drivers/STM32F4xx_HAL_Driver/Inc/stm32f4xx_ll_exti.h ****   */
 398:Drivers/STM32F4xx_HAL_Driver/Inc/stm32f4xx_ll_exti.h **** __STATIC_INLINE void LL_EXTI_EnableEvent_0_31(uint32_t ExtiLine)
 399:Drivers/STM32F4xx_HAL_Driver/Inc/stm32f4xx_ll_exti.h **** {
 400:Drivers/STM32F4xx_HAL_Driver/Inc/stm32f4xx_ll_exti.h ****   SET_BIT(EXTI->EMR, ExtiLine);
 401:Drivers/STM32F4xx_HAL_Driver/Inc/stm32f4xx_ll_exti.h **** 
 402:Drivers/STM32F4xx_HAL_Driver/Inc/stm32f4xx_ll_exti.h **** }
 403:Drivers/STM32F4xx_HAL_Driver/Inc/stm32f4xx_ll_exti.h **** 
 404:Drivers/STM32F4xx_HAL_Driver/Inc/stm32f4xx_ll_exti.h **** 
 405:Drivers/STM32F4xx_HAL_Driver/Inc/stm32f4xx_ll_exti.h **** /**
 406:Drivers/STM32F4xx_HAL_Driver/Inc/stm32f4xx_ll_exti.h ****   * @brief  Disable ExtiLine Event request for Lines in range 0 to 31
 407:Drivers/STM32F4xx_HAL_Driver/Inc/stm32f4xx_ll_exti.h ****   * @rmtoll EMR         EMx           LL_EXTI_DisableEvent_0_31
 408:Drivers/STM32F4xx_HAL_Driver/Inc/stm32f4xx_ll_exti.h ****   * @param  ExtiLine This parameter can be one of the following values:
 409:Drivers/STM32F4xx_HAL_Driver/Inc/stm32f4xx_ll_exti.h ****   *         @arg @ref LL_EXTI_LINE_0
 410:Drivers/STM32F4xx_HAL_Driver/Inc/stm32f4xx_ll_exti.h ****   *         @arg @ref LL_EXTI_LINE_1
 411:Drivers/STM32F4xx_HAL_Driver/Inc/stm32f4xx_ll_exti.h ****   *         @arg @ref LL_EXTI_LINE_2
 412:Drivers/STM32F4xx_HAL_Driver/Inc/stm32f4xx_ll_exti.h ****   *         @arg @ref LL_EXTI_LINE_3
 413:Drivers/STM32F4xx_HAL_Driver/Inc/stm32f4xx_ll_exti.h ****   *         @arg @ref LL_EXTI_LINE_4
 414:Drivers/STM32F4xx_HAL_Driver/Inc/stm32f4xx_ll_exti.h ****   *         @arg @ref LL_EXTI_LINE_5
 415:Drivers/STM32F4xx_HAL_Driver/Inc/stm32f4xx_ll_exti.h ****   *         @arg @ref LL_EXTI_LINE_6
 416:Drivers/STM32F4xx_HAL_Driver/Inc/stm32f4xx_ll_exti.h ****   *         @arg @ref LL_EXTI_LINE_7
 417:Drivers/STM32F4xx_HAL_Driver/Inc/stm32f4xx_ll_exti.h ****   *         @arg @ref LL_EXTI_LINE_8
 418:Drivers/STM32F4xx_HAL_Driver/Inc/stm32f4xx_ll_exti.h ****   *         @arg @ref LL_EXTI_LINE_9
 419:Drivers/STM32F4xx_HAL_Driver/Inc/stm32f4xx_ll_exti.h ****   *         @arg @ref LL_EXTI_LINE_10
 420:Drivers/STM32F4xx_HAL_Driver/Inc/stm32f4xx_ll_exti.h ****   *         @arg @ref LL_EXTI_LINE_11
 421:Drivers/STM32F4xx_HAL_Driver/Inc/stm32f4xx_ll_exti.h ****   *         @arg @ref LL_EXTI_LINE_12
 422:Drivers/STM32F4xx_HAL_Driver/Inc/stm32f4xx_ll_exti.h ****   *         @arg @ref LL_EXTI_LINE_13
 423:Drivers/STM32F4xx_HAL_Driver/Inc/stm32f4xx_ll_exti.h ****   *         @arg @ref LL_EXTI_LINE_14
 424:Drivers/STM32F4xx_HAL_Driver/Inc/stm32f4xx_ll_exti.h ****   *         @arg @ref LL_EXTI_LINE_15
 425:Drivers/STM32F4xx_HAL_Driver/Inc/stm32f4xx_ll_exti.h ****   *         @arg @ref LL_EXTI_LINE_16
 426:Drivers/STM32F4xx_HAL_Driver/Inc/stm32f4xx_ll_exti.h ****   *         @arg @ref LL_EXTI_LINE_17
 427:Drivers/STM32F4xx_HAL_Driver/Inc/stm32f4xx_ll_exti.h ****   *         @arg @ref LL_EXTI_LINE_18
 428:Drivers/STM32F4xx_HAL_Driver/Inc/stm32f4xx_ll_exti.h ****   *         @arg @ref LL_EXTI_LINE_19(*)
 429:Drivers/STM32F4xx_HAL_Driver/Inc/stm32f4xx_ll_exti.h ****   *         @arg @ref LL_EXTI_LINE_20(*)
 430:Drivers/STM32F4xx_HAL_Driver/Inc/stm32f4xx_ll_exti.h ****   *         @arg @ref LL_EXTI_LINE_21
ARM GAS  C:\Users\chris\AppData\Local\Temp\cchxBc72.s 			page 61


 431:Drivers/STM32F4xx_HAL_Driver/Inc/stm32f4xx_ll_exti.h ****   *         @arg @ref LL_EXTI_LINE_22
 432:Drivers/STM32F4xx_HAL_Driver/Inc/stm32f4xx_ll_exti.h ****   *         @arg @ref LL_EXTI_LINE_23(*)
 433:Drivers/STM32F4xx_HAL_Driver/Inc/stm32f4xx_ll_exti.h ****   *         @arg @ref LL_EXTI_LINE_ALL_0_31
 434:Drivers/STM32F4xx_HAL_Driver/Inc/stm32f4xx_ll_exti.h ****   * @note   (*): Available in some devices
 435:Drivers/STM32F4xx_HAL_Driver/Inc/stm32f4xx_ll_exti.h ****   * @note   Please check each device line mapping for EXTI Line availability
 436:Drivers/STM32F4xx_HAL_Driver/Inc/stm32f4xx_ll_exti.h ****   * @retval None
 437:Drivers/STM32F4xx_HAL_Driver/Inc/stm32f4xx_ll_exti.h ****   */
 438:Drivers/STM32F4xx_HAL_Driver/Inc/stm32f4xx_ll_exti.h **** __STATIC_INLINE void LL_EXTI_DisableEvent_0_31(uint32_t ExtiLine)
 439:Drivers/STM32F4xx_HAL_Driver/Inc/stm32f4xx_ll_exti.h **** {
 440:Drivers/STM32F4xx_HAL_Driver/Inc/stm32f4xx_ll_exti.h ****   CLEAR_BIT(EXTI->EMR, ExtiLine);
 441:Drivers/STM32F4xx_HAL_Driver/Inc/stm32f4xx_ll_exti.h **** }
 442:Drivers/STM32F4xx_HAL_Driver/Inc/stm32f4xx_ll_exti.h **** 
 443:Drivers/STM32F4xx_HAL_Driver/Inc/stm32f4xx_ll_exti.h **** 
 444:Drivers/STM32F4xx_HAL_Driver/Inc/stm32f4xx_ll_exti.h **** /**
 445:Drivers/STM32F4xx_HAL_Driver/Inc/stm32f4xx_ll_exti.h ****   * @brief  Indicate if ExtiLine Event request is enabled for Lines in range 0 to 31
 446:Drivers/STM32F4xx_HAL_Driver/Inc/stm32f4xx_ll_exti.h ****   * @rmtoll EMR         EMx           LL_EXTI_IsEnabledEvent_0_31
 447:Drivers/STM32F4xx_HAL_Driver/Inc/stm32f4xx_ll_exti.h ****   * @param  ExtiLine This parameter can be one of the following values:
 448:Drivers/STM32F4xx_HAL_Driver/Inc/stm32f4xx_ll_exti.h ****   *         @arg @ref LL_EXTI_LINE_0
 449:Drivers/STM32F4xx_HAL_Driver/Inc/stm32f4xx_ll_exti.h ****   *         @arg @ref LL_EXTI_LINE_1
 450:Drivers/STM32F4xx_HAL_Driver/Inc/stm32f4xx_ll_exti.h ****   *         @arg @ref LL_EXTI_LINE_2
 451:Drivers/STM32F4xx_HAL_Driver/Inc/stm32f4xx_ll_exti.h ****   *         @arg @ref LL_EXTI_LINE_3
 452:Drivers/STM32F4xx_HAL_Driver/Inc/stm32f4xx_ll_exti.h ****   *         @arg @ref LL_EXTI_LINE_4
 453:Drivers/STM32F4xx_HAL_Driver/Inc/stm32f4xx_ll_exti.h ****   *         @arg @ref LL_EXTI_LINE_5
 454:Drivers/STM32F4xx_HAL_Driver/Inc/stm32f4xx_ll_exti.h ****   *         @arg @ref LL_EXTI_LINE_6
 455:Drivers/STM32F4xx_HAL_Driver/Inc/stm32f4xx_ll_exti.h ****   *         @arg @ref LL_EXTI_LINE_7
 456:Drivers/STM32F4xx_HAL_Driver/Inc/stm32f4xx_ll_exti.h ****   *         @arg @ref LL_EXTI_LINE_8
 457:Drivers/STM32F4xx_HAL_Driver/Inc/stm32f4xx_ll_exti.h ****   *         @arg @ref LL_EXTI_LINE_9
 458:Drivers/STM32F4xx_HAL_Driver/Inc/stm32f4xx_ll_exti.h ****   *         @arg @ref LL_EXTI_LINE_10
 459:Drivers/STM32F4xx_HAL_Driver/Inc/stm32f4xx_ll_exti.h ****   *         @arg @ref LL_EXTI_LINE_11
 460:Drivers/STM32F4xx_HAL_Driver/Inc/stm32f4xx_ll_exti.h ****   *         @arg @ref LL_EXTI_LINE_12
 461:Drivers/STM32F4xx_HAL_Driver/Inc/stm32f4xx_ll_exti.h ****   *         @arg @ref LL_EXTI_LINE_13
 462:Drivers/STM32F4xx_HAL_Driver/Inc/stm32f4xx_ll_exti.h ****   *         @arg @ref LL_EXTI_LINE_14
 463:Drivers/STM32F4xx_HAL_Driver/Inc/stm32f4xx_ll_exti.h ****   *         @arg @ref LL_EXTI_LINE_15
 464:Drivers/STM32F4xx_HAL_Driver/Inc/stm32f4xx_ll_exti.h ****   *         @arg @ref LL_EXTI_LINE_16
 465:Drivers/STM32F4xx_HAL_Driver/Inc/stm32f4xx_ll_exti.h ****   *         @arg @ref LL_EXTI_LINE_17
 466:Drivers/STM32F4xx_HAL_Driver/Inc/stm32f4xx_ll_exti.h ****   *         @arg @ref LL_EXTI_LINE_18
 467:Drivers/STM32F4xx_HAL_Driver/Inc/stm32f4xx_ll_exti.h ****   *         @arg @ref LL_EXTI_LINE_19(*)
 468:Drivers/STM32F4xx_HAL_Driver/Inc/stm32f4xx_ll_exti.h ****   *         @arg @ref LL_EXTI_LINE_20(*)
 469:Drivers/STM32F4xx_HAL_Driver/Inc/stm32f4xx_ll_exti.h ****   *         @arg @ref LL_EXTI_LINE_21
 470:Drivers/STM32F4xx_HAL_Driver/Inc/stm32f4xx_ll_exti.h ****   *         @arg @ref LL_EXTI_LINE_22
 471:Drivers/STM32F4xx_HAL_Driver/Inc/stm32f4xx_ll_exti.h ****   *         @arg @ref LL_EXTI_LINE_23(*)
 472:Drivers/STM32F4xx_HAL_Driver/Inc/stm32f4xx_ll_exti.h ****   *         @arg @ref LL_EXTI_LINE_ALL_0_31
 473:Drivers/STM32F4xx_HAL_Driver/Inc/stm32f4xx_ll_exti.h ****   * @note   (*): Available in some devices
 474:Drivers/STM32F4xx_HAL_Driver/Inc/stm32f4xx_ll_exti.h ****   * @note   Please check each device line mapping for EXTI Line availability
 475:Drivers/STM32F4xx_HAL_Driver/Inc/stm32f4xx_ll_exti.h ****   * @retval State of bit (1 or 0).
 476:Drivers/STM32F4xx_HAL_Driver/Inc/stm32f4xx_ll_exti.h ****   */
 477:Drivers/STM32F4xx_HAL_Driver/Inc/stm32f4xx_ll_exti.h **** __STATIC_INLINE uint32_t LL_EXTI_IsEnabledEvent_0_31(uint32_t ExtiLine)
 478:Drivers/STM32F4xx_HAL_Driver/Inc/stm32f4xx_ll_exti.h **** {
 479:Drivers/STM32F4xx_HAL_Driver/Inc/stm32f4xx_ll_exti.h ****   return (READ_BIT(EXTI->EMR, ExtiLine) == (ExtiLine));
 480:Drivers/STM32F4xx_HAL_Driver/Inc/stm32f4xx_ll_exti.h **** 
 481:Drivers/STM32F4xx_HAL_Driver/Inc/stm32f4xx_ll_exti.h **** }
 482:Drivers/STM32F4xx_HAL_Driver/Inc/stm32f4xx_ll_exti.h **** 
 483:Drivers/STM32F4xx_HAL_Driver/Inc/stm32f4xx_ll_exti.h **** 
 484:Drivers/STM32F4xx_HAL_Driver/Inc/stm32f4xx_ll_exti.h **** /**
 485:Drivers/STM32F4xx_HAL_Driver/Inc/stm32f4xx_ll_exti.h ****   * @}
 486:Drivers/STM32F4xx_HAL_Driver/Inc/stm32f4xx_ll_exti.h ****   */
 487:Drivers/STM32F4xx_HAL_Driver/Inc/stm32f4xx_ll_exti.h **** 
ARM GAS  C:\Users\chris\AppData\Local\Temp\cchxBc72.s 			page 62


 488:Drivers/STM32F4xx_HAL_Driver/Inc/stm32f4xx_ll_exti.h **** /** @defgroup EXTI_LL_EF_Rising_Trigger_Management Rising_Trigger_Management
 489:Drivers/STM32F4xx_HAL_Driver/Inc/stm32f4xx_ll_exti.h ****   * @{
 490:Drivers/STM32F4xx_HAL_Driver/Inc/stm32f4xx_ll_exti.h ****   */
 491:Drivers/STM32F4xx_HAL_Driver/Inc/stm32f4xx_ll_exti.h **** 
 492:Drivers/STM32F4xx_HAL_Driver/Inc/stm32f4xx_ll_exti.h **** /**
 493:Drivers/STM32F4xx_HAL_Driver/Inc/stm32f4xx_ll_exti.h ****   * @brief  Enable ExtiLine Rising Edge Trigger for Lines in range 0 to 31
 494:Drivers/STM32F4xx_HAL_Driver/Inc/stm32f4xx_ll_exti.h ****   * @note The configurable wakeup lines are edge-triggered. No glitch must be
 495:Drivers/STM32F4xx_HAL_Driver/Inc/stm32f4xx_ll_exti.h ****   *       generated on these lines. If a rising edge on a configurable interrupt
 496:Drivers/STM32F4xx_HAL_Driver/Inc/stm32f4xx_ll_exti.h ****   *       line occurs during a write operation in the EXTI_RTSR register, the
 497:Drivers/STM32F4xx_HAL_Driver/Inc/stm32f4xx_ll_exti.h ****   *       pending bit is not set.
 498:Drivers/STM32F4xx_HAL_Driver/Inc/stm32f4xx_ll_exti.h ****   *       Rising and falling edge triggers can be set for
 499:Drivers/STM32F4xx_HAL_Driver/Inc/stm32f4xx_ll_exti.h ****   *       the same interrupt line. In this case, both generate a trigger
 500:Drivers/STM32F4xx_HAL_Driver/Inc/stm32f4xx_ll_exti.h ****   *       condition.
 501:Drivers/STM32F4xx_HAL_Driver/Inc/stm32f4xx_ll_exti.h ****   * @rmtoll RTSR        RTx           LL_EXTI_EnableRisingTrig_0_31
 502:Drivers/STM32F4xx_HAL_Driver/Inc/stm32f4xx_ll_exti.h ****   * @param  ExtiLine This parameter can be a combination of the following values:
 503:Drivers/STM32F4xx_HAL_Driver/Inc/stm32f4xx_ll_exti.h ****   *         @arg @ref LL_EXTI_LINE_0
 504:Drivers/STM32F4xx_HAL_Driver/Inc/stm32f4xx_ll_exti.h ****   *         @arg @ref LL_EXTI_LINE_1
 505:Drivers/STM32F4xx_HAL_Driver/Inc/stm32f4xx_ll_exti.h ****   *         @arg @ref LL_EXTI_LINE_2
 506:Drivers/STM32F4xx_HAL_Driver/Inc/stm32f4xx_ll_exti.h ****   *         @arg @ref LL_EXTI_LINE_3
 507:Drivers/STM32F4xx_HAL_Driver/Inc/stm32f4xx_ll_exti.h ****   *         @arg @ref LL_EXTI_LINE_4
 508:Drivers/STM32F4xx_HAL_Driver/Inc/stm32f4xx_ll_exti.h ****   *         @arg @ref LL_EXTI_LINE_5
 509:Drivers/STM32F4xx_HAL_Driver/Inc/stm32f4xx_ll_exti.h ****   *         @arg @ref LL_EXTI_LINE_6
 510:Drivers/STM32F4xx_HAL_Driver/Inc/stm32f4xx_ll_exti.h ****   *         @arg @ref LL_EXTI_LINE_7
 511:Drivers/STM32F4xx_HAL_Driver/Inc/stm32f4xx_ll_exti.h ****   *         @arg @ref LL_EXTI_LINE_8
 512:Drivers/STM32F4xx_HAL_Driver/Inc/stm32f4xx_ll_exti.h ****   *         @arg @ref LL_EXTI_LINE_9
 513:Drivers/STM32F4xx_HAL_Driver/Inc/stm32f4xx_ll_exti.h ****   *         @arg @ref LL_EXTI_LINE_10
 514:Drivers/STM32F4xx_HAL_Driver/Inc/stm32f4xx_ll_exti.h ****   *         @arg @ref LL_EXTI_LINE_11
 515:Drivers/STM32F4xx_HAL_Driver/Inc/stm32f4xx_ll_exti.h ****   *         @arg @ref LL_EXTI_LINE_12
 516:Drivers/STM32F4xx_HAL_Driver/Inc/stm32f4xx_ll_exti.h ****   *         @arg @ref LL_EXTI_LINE_13
 517:Drivers/STM32F4xx_HAL_Driver/Inc/stm32f4xx_ll_exti.h ****   *         @arg @ref LL_EXTI_LINE_14
 518:Drivers/STM32F4xx_HAL_Driver/Inc/stm32f4xx_ll_exti.h ****   *         @arg @ref LL_EXTI_LINE_15
 519:Drivers/STM32F4xx_HAL_Driver/Inc/stm32f4xx_ll_exti.h ****   *         @arg @ref LL_EXTI_LINE_16
 520:Drivers/STM32F4xx_HAL_Driver/Inc/stm32f4xx_ll_exti.h ****   *         @arg @ref LL_EXTI_LINE_18
 521:Drivers/STM32F4xx_HAL_Driver/Inc/stm32f4xx_ll_exti.h ****   *         @arg @ref LL_EXTI_LINE_19(*)
 522:Drivers/STM32F4xx_HAL_Driver/Inc/stm32f4xx_ll_exti.h ****   *         @arg @ref LL_EXTI_LINE_20(*)
 523:Drivers/STM32F4xx_HAL_Driver/Inc/stm32f4xx_ll_exti.h ****   *         @arg @ref LL_EXTI_LINE_21
 524:Drivers/STM32F4xx_HAL_Driver/Inc/stm32f4xx_ll_exti.h ****   *         @arg @ref LL_EXTI_LINE_22
 525:Drivers/STM32F4xx_HAL_Driver/Inc/stm32f4xx_ll_exti.h ****   * @note   (*): Available in some devices
 526:Drivers/STM32F4xx_HAL_Driver/Inc/stm32f4xx_ll_exti.h ****   * @note   Please check each device line mapping for EXTI Line availability
 527:Drivers/STM32F4xx_HAL_Driver/Inc/stm32f4xx_ll_exti.h ****   * @retval None
 528:Drivers/STM32F4xx_HAL_Driver/Inc/stm32f4xx_ll_exti.h ****   */
 529:Drivers/STM32F4xx_HAL_Driver/Inc/stm32f4xx_ll_exti.h **** __STATIC_INLINE void LL_EXTI_EnableRisingTrig_0_31(uint32_t ExtiLine)
 530:Drivers/STM32F4xx_HAL_Driver/Inc/stm32f4xx_ll_exti.h **** {
 531:Drivers/STM32F4xx_HAL_Driver/Inc/stm32f4xx_ll_exti.h ****   SET_BIT(EXTI->RTSR, ExtiLine);
 532:Drivers/STM32F4xx_HAL_Driver/Inc/stm32f4xx_ll_exti.h **** 
 533:Drivers/STM32F4xx_HAL_Driver/Inc/stm32f4xx_ll_exti.h **** }
 534:Drivers/STM32F4xx_HAL_Driver/Inc/stm32f4xx_ll_exti.h **** 
 535:Drivers/STM32F4xx_HAL_Driver/Inc/stm32f4xx_ll_exti.h **** 
 536:Drivers/STM32F4xx_HAL_Driver/Inc/stm32f4xx_ll_exti.h **** /**
 537:Drivers/STM32F4xx_HAL_Driver/Inc/stm32f4xx_ll_exti.h ****   * @brief  Disable ExtiLine Rising Edge Trigger for Lines in range 0 to 31
 538:Drivers/STM32F4xx_HAL_Driver/Inc/stm32f4xx_ll_exti.h ****   * @note The configurable wakeup lines are edge-triggered. No glitch must be
 539:Drivers/STM32F4xx_HAL_Driver/Inc/stm32f4xx_ll_exti.h ****   *       generated on these lines. If a rising edge on a configurable interrupt
 540:Drivers/STM32F4xx_HAL_Driver/Inc/stm32f4xx_ll_exti.h ****   *       line occurs during a write operation in the EXTI_RTSR register, the
 541:Drivers/STM32F4xx_HAL_Driver/Inc/stm32f4xx_ll_exti.h ****   *       pending bit is not set.
 542:Drivers/STM32F4xx_HAL_Driver/Inc/stm32f4xx_ll_exti.h ****   *       Rising and falling edge triggers can be set for
 543:Drivers/STM32F4xx_HAL_Driver/Inc/stm32f4xx_ll_exti.h ****   *       the same interrupt line. In this case, both generate a trigger
 544:Drivers/STM32F4xx_HAL_Driver/Inc/stm32f4xx_ll_exti.h ****   *       condition.
ARM GAS  C:\Users\chris\AppData\Local\Temp\cchxBc72.s 			page 63


 545:Drivers/STM32F4xx_HAL_Driver/Inc/stm32f4xx_ll_exti.h ****   * @rmtoll RTSR        RTx           LL_EXTI_DisableRisingTrig_0_31
 546:Drivers/STM32F4xx_HAL_Driver/Inc/stm32f4xx_ll_exti.h ****   * @param  ExtiLine This parameter can be a combination of the following values:
 547:Drivers/STM32F4xx_HAL_Driver/Inc/stm32f4xx_ll_exti.h ****   *         @arg @ref LL_EXTI_LINE_0
 548:Drivers/STM32F4xx_HAL_Driver/Inc/stm32f4xx_ll_exti.h ****   *         @arg @ref LL_EXTI_LINE_1
 549:Drivers/STM32F4xx_HAL_Driver/Inc/stm32f4xx_ll_exti.h ****   *         @arg @ref LL_EXTI_LINE_2
 550:Drivers/STM32F4xx_HAL_Driver/Inc/stm32f4xx_ll_exti.h ****   *         @arg @ref LL_EXTI_LINE_3
 551:Drivers/STM32F4xx_HAL_Driver/Inc/stm32f4xx_ll_exti.h ****   *         @arg @ref LL_EXTI_LINE_4
 552:Drivers/STM32F4xx_HAL_Driver/Inc/stm32f4xx_ll_exti.h ****   *         @arg @ref LL_EXTI_LINE_5
 553:Drivers/STM32F4xx_HAL_Driver/Inc/stm32f4xx_ll_exti.h ****   *         @arg @ref LL_EXTI_LINE_6
 554:Drivers/STM32F4xx_HAL_Driver/Inc/stm32f4xx_ll_exti.h ****   *         @arg @ref LL_EXTI_LINE_7
 555:Drivers/STM32F4xx_HAL_Driver/Inc/stm32f4xx_ll_exti.h ****   *         @arg @ref LL_EXTI_LINE_8
 556:Drivers/STM32F4xx_HAL_Driver/Inc/stm32f4xx_ll_exti.h ****   *         @arg @ref LL_EXTI_LINE_9
 557:Drivers/STM32F4xx_HAL_Driver/Inc/stm32f4xx_ll_exti.h ****   *         @arg @ref LL_EXTI_LINE_10
 558:Drivers/STM32F4xx_HAL_Driver/Inc/stm32f4xx_ll_exti.h ****   *         @arg @ref LL_EXTI_LINE_11
 559:Drivers/STM32F4xx_HAL_Driver/Inc/stm32f4xx_ll_exti.h ****   *         @arg @ref LL_EXTI_LINE_12
 560:Drivers/STM32F4xx_HAL_Driver/Inc/stm32f4xx_ll_exti.h ****   *         @arg @ref LL_EXTI_LINE_13
 561:Drivers/STM32F4xx_HAL_Driver/Inc/stm32f4xx_ll_exti.h ****   *         @arg @ref LL_EXTI_LINE_14
 562:Drivers/STM32F4xx_HAL_Driver/Inc/stm32f4xx_ll_exti.h ****   *         @arg @ref LL_EXTI_LINE_15
 563:Drivers/STM32F4xx_HAL_Driver/Inc/stm32f4xx_ll_exti.h ****   *         @arg @ref LL_EXTI_LINE_16
 564:Drivers/STM32F4xx_HAL_Driver/Inc/stm32f4xx_ll_exti.h ****   *         @arg @ref LL_EXTI_LINE_18
 565:Drivers/STM32F4xx_HAL_Driver/Inc/stm32f4xx_ll_exti.h ****   *         @arg @ref LL_EXTI_LINE_19(*)
 566:Drivers/STM32F4xx_HAL_Driver/Inc/stm32f4xx_ll_exti.h ****   *         @arg @ref LL_EXTI_LINE_20(*)
 567:Drivers/STM32F4xx_HAL_Driver/Inc/stm32f4xx_ll_exti.h ****   *         @arg @ref LL_EXTI_LINE_21
 568:Drivers/STM32F4xx_HAL_Driver/Inc/stm32f4xx_ll_exti.h ****   *         @arg @ref LL_EXTI_LINE_22
 569:Drivers/STM32F4xx_HAL_Driver/Inc/stm32f4xx_ll_exti.h ****   * @note   (*): Available in some devices
 570:Drivers/STM32F4xx_HAL_Driver/Inc/stm32f4xx_ll_exti.h ****   * @note   Please check each device line mapping for EXTI Line availability
 571:Drivers/STM32F4xx_HAL_Driver/Inc/stm32f4xx_ll_exti.h ****   * @retval None
 572:Drivers/STM32F4xx_HAL_Driver/Inc/stm32f4xx_ll_exti.h ****   */
 573:Drivers/STM32F4xx_HAL_Driver/Inc/stm32f4xx_ll_exti.h **** __STATIC_INLINE void LL_EXTI_DisableRisingTrig_0_31(uint32_t ExtiLine)
 574:Drivers/STM32F4xx_HAL_Driver/Inc/stm32f4xx_ll_exti.h **** {
 575:Drivers/STM32F4xx_HAL_Driver/Inc/stm32f4xx_ll_exti.h ****   CLEAR_BIT(EXTI->RTSR, ExtiLine);
 576:Drivers/STM32F4xx_HAL_Driver/Inc/stm32f4xx_ll_exti.h **** 
 577:Drivers/STM32F4xx_HAL_Driver/Inc/stm32f4xx_ll_exti.h **** }
 578:Drivers/STM32F4xx_HAL_Driver/Inc/stm32f4xx_ll_exti.h **** 
 579:Drivers/STM32F4xx_HAL_Driver/Inc/stm32f4xx_ll_exti.h **** 
 580:Drivers/STM32F4xx_HAL_Driver/Inc/stm32f4xx_ll_exti.h **** /**
 581:Drivers/STM32F4xx_HAL_Driver/Inc/stm32f4xx_ll_exti.h ****   * @brief  Check if rising edge trigger is enabled for Lines in range 0 to 31
 582:Drivers/STM32F4xx_HAL_Driver/Inc/stm32f4xx_ll_exti.h ****   * @rmtoll RTSR        RTx           LL_EXTI_IsEnabledRisingTrig_0_31
 583:Drivers/STM32F4xx_HAL_Driver/Inc/stm32f4xx_ll_exti.h ****   * @param  ExtiLine This parameter can be a combination of the following values:
 584:Drivers/STM32F4xx_HAL_Driver/Inc/stm32f4xx_ll_exti.h ****   *         @arg @ref LL_EXTI_LINE_0
 585:Drivers/STM32F4xx_HAL_Driver/Inc/stm32f4xx_ll_exti.h ****   *         @arg @ref LL_EXTI_LINE_1
 586:Drivers/STM32F4xx_HAL_Driver/Inc/stm32f4xx_ll_exti.h ****   *         @arg @ref LL_EXTI_LINE_2
 587:Drivers/STM32F4xx_HAL_Driver/Inc/stm32f4xx_ll_exti.h ****   *         @arg @ref LL_EXTI_LINE_3
 588:Drivers/STM32F4xx_HAL_Driver/Inc/stm32f4xx_ll_exti.h ****   *         @arg @ref LL_EXTI_LINE_4
 589:Drivers/STM32F4xx_HAL_Driver/Inc/stm32f4xx_ll_exti.h ****   *         @arg @ref LL_EXTI_LINE_5
 590:Drivers/STM32F4xx_HAL_Driver/Inc/stm32f4xx_ll_exti.h ****   *         @arg @ref LL_EXTI_LINE_6
 591:Drivers/STM32F4xx_HAL_Driver/Inc/stm32f4xx_ll_exti.h ****   *         @arg @ref LL_EXTI_LINE_7
 592:Drivers/STM32F4xx_HAL_Driver/Inc/stm32f4xx_ll_exti.h ****   *         @arg @ref LL_EXTI_LINE_8
 593:Drivers/STM32F4xx_HAL_Driver/Inc/stm32f4xx_ll_exti.h ****   *         @arg @ref LL_EXTI_LINE_9
 594:Drivers/STM32F4xx_HAL_Driver/Inc/stm32f4xx_ll_exti.h ****   *         @arg @ref LL_EXTI_LINE_10
 595:Drivers/STM32F4xx_HAL_Driver/Inc/stm32f4xx_ll_exti.h ****   *         @arg @ref LL_EXTI_LINE_11
 596:Drivers/STM32F4xx_HAL_Driver/Inc/stm32f4xx_ll_exti.h ****   *         @arg @ref LL_EXTI_LINE_12
 597:Drivers/STM32F4xx_HAL_Driver/Inc/stm32f4xx_ll_exti.h ****   *         @arg @ref LL_EXTI_LINE_13
 598:Drivers/STM32F4xx_HAL_Driver/Inc/stm32f4xx_ll_exti.h ****   *         @arg @ref LL_EXTI_LINE_14
 599:Drivers/STM32F4xx_HAL_Driver/Inc/stm32f4xx_ll_exti.h ****   *         @arg @ref LL_EXTI_LINE_15
 600:Drivers/STM32F4xx_HAL_Driver/Inc/stm32f4xx_ll_exti.h ****   *         @arg @ref LL_EXTI_LINE_16
 601:Drivers/STM32F4xx_HAL_Driver/Inc/stm32f4xx_ll_exti.h ****   *         @arg @ref LL_EXTI_LINE_18
ARM GAS  C:\Users\chris\AppData\Local\Temp\cchxBc72.s 			page 64


 602:Drivers/STM32F4xx_HAL_Driver/Inc/stm32f4xx_ll_exti.h ****   *         @arg @ref LL_EXTI_LINE_19(*)
 603:Drivers/STM32F4xx_HAL_Driver/Inc/stm32f4xx_ll_exti.h ****   *         @arg @ref LL_EXTI_LINE_20(*)
 604:Drivers/STM32F4xx_HAL_Driver/Inc/stm32f4xx_ll_exti.h ****   *         @arg @ref LL_EXTI_LINE_21
 605:Drivers/STM32F4xx_HAL_Driver/Inc/stm32f4xx_ll_exti.h ****   *         @arg @ref LL_EXTI_LINE_22
 606:Drivers/STM32F4xx_HAL_Driver/Inc/stm32f4xx_ll_exti.h ****   * @note   (*): Available in some devices
 607:Drivers/STM32F4xx_HAL_Driver/Inc/stm32f4xx_ll_exti.h ****   * @note   Please check each device line mapping for EXTI Line availability
 608:Drivers/STM32F4xx_HAL_Driver/Inc/stm32f4xx_ll_exti.h ****   * @retval State of bit (1 or 0).
 609:Drivers/STM32F4xx_HAL_Driver/Inc/stm32f4xx_ll_exti.h ****   */
 610:Drivers/STM32F4xx_HAL_Driver/Inc/stm32f4xx_ll_exti.h **** __STATIC_INLINE uint32_t LL_EXTI_IsEnabledRisingTrig_0_31(uint32_t ExtiLine)
 611:Drivers/STM32F4xx_HAL_Driver/Inc/stm32f4xx_ll_exti.h **** {
 612:Drivers/STM32F4xx_HAL_Driver/Inc/stm32f4xx_ll_exti.h ****   return (READ_BIT(EXTI->RTSR, ExtiLine) == (ExtiLine));
 613:Drivers/STM32F4xx_HAL_Driver/Inc/stm32f4xx_ll_exti.h **** }
 614:Drivers/STM32F4xx_HAL_Driver/Inc/stm32f4xx_ll_exti.h **** 
 615:Drivers/STM32F4xx_HAL_Driver/Inc/stm32f4xx_ll_exti.h **** 
 616:Drivers/STM32F4xx_HAL_Driver/Inc/stm32f4xx_ll_exti.h **** /**
 617:Drivers/STM32F4xx_HAL_Driver/Inc/stm32f4xx_ll_exti.h ****   * @}
 618:Drivers/STM32F4xx_HAL_Driver/Inc/stm32f4xx_ll_exti.h ****   */
 619:Drivers/STM32F4xx_HAL_Driver/Inc/stm32f4xx_ll_exti.h **** 
 620:Drivers/STM32F4xx_HAL_Driver/Inc/stm32f4xx_ll_exti.h **** /** @defgroup EXTI_LL_EF_Falling_Trigger_Management Falling_Trigger_Management
 621:Drivers/STM32F4xx_HAL_Driver/Inc/stm32f4xx_ll_exti.h ****   * @{
 622:Drivers/STM32F4xx_HAL_Driver/Inc/stm32f4xx_ll_exti.h ****   */
 623:Drivers/STM32F4xx_HAL_Driver/Inc/stm32f4xx_ll_exti.h **** 
 624:Drivers/STM32F4xx_HAL_Driver/Inc/stm32f4xx_ll_exti.h **** /**
 625:Drivers/STM32F4xx_HAL_Driver/Inc/stm32f4xx_ll_exti.h ****   * @brief  Enable ExtiLine Falling Edge Trigger for Lines in range 0 to 31
 626:Drivers/STM32F4xx_HAL_Driver/Inc/stm32f4xx_ll_exti.h ****   * @note The configurable wakeup lines are edge-triggered. No glitch must be
 627:Drivers/STM32F4xx_HAL_Driver/Inc/stm32f4xx_ll_exti.h ****   *       generated on these lines. If a falling edge on a configurable interrupt
 628:Drivers/STM32F4xx_HAL_Driver/Inc/stm32f4xx_ll_exti.h ****   *       line occurs during a write operation in the EXTI_FTSR register, the
 629:Drivers/STM32F4xx_HAL_Driver/Inc/stm32f4xx_ll_exti.h ****   *       pending bit is not set.
 630:Drivers/STM32F4xx_HAL_Driver/Inc/stm32f4xx_ll_exti.h ****   *       Rising and falling edge triggers can be set for
 631:Drivers/STM32F4xx_HAL_Driver/Inc/stm32f4xx_ll_exti.h ****   *       the same interrupt line. In this case, both generate a trigger
 632:Drivers/STM32F4xx_HAL_Driver/Inc/stm32f4xx_ll_exti.h ****   *       condition.
 633:Drivers/STM32F4xx_HAL_Driver/Inc/stm32f4xx_ll_exti.h ****   * @rmtoll FTSR        FTx           LL_EXTI_EnableFallingTrig_0_31
 634:Drivers/STM32F4xx_HAL_Driver/Inc/stm32f4xx_ll_exti.h ****   * @param  ExtiLine This parameter can be a combination of the following values:
 635:Drivers/STM32F4xx_HAL_Driver/Inc/stm32f4xx_ll_exti.h ****   *         @arg @ref LL_EXTI_LINE_0
 636:Drivers/STM32F4xx_HAL_Driver/Inc/stm32f4xx_ll_exti.h ****   *         @arg @ref LL_EXTI_LINE_1
 637:Drivers/STM32F4xx_HAL_Driver/Inc/stm32f4xx_ll_exti.h ****   *         @arg @ref LL_EXTI_LINE_2
 638:Drivers/STM32F4xx_HAL_Driver/Inc/stm32f4xx_ll_exti.h ****   *         @arg @ref LL_EXTI_LINE_3
 639:Drivers/STM32F4xx_HAL_Driver/Inc/stm32f4xx_ll_exti.h ****   *         @arg @ref LL_EXTI_LINE_4
 640:Drivers/STM32F4xx_HAL_Driver/Inc/stm32f4xx_ll_exti.h ****   *         @arg @ref LL_EXTI_LINE_5
 641:Drivers/STM32F4xx_HAL_Driver/Inc/stm32f4xx_ll_exti.h ****   *         @arg @ref LL_EXTI_LINE_6
 642:Drivers/STM32F4xx_HAL_Driver/Inc/stm32f4xx_ll_exti.h ****   *         @arg @ref LL_EXTI_LINE_7
 643:Drivers/STM32F4xx_HAL_Driver/Inc/stm32f4xx_ll_exti.h ****   *         @arg @ref LL_EXTI_LINE_8
 644:Drivers/STM32F4xx_HAL_Driver/Inc/stm32f4xx_ll_exti.h ****   *         @arg @ref LL_EXTI_LINE_9
 645:Drivers/STM32F4xx_HAL_Driver/Inc/stm32f4xx_ll_exti.h ****   *         @arg @ref LL_EXTI_LINE_10
 646:Drivers/STM32F4xx_HAL_Driver/Inc/stm32f4xx_ll_exti.h ****   *         @arg @ref LL_EXTI_LINE_11
 647:Drivers/STM32F4xx_HAL_Driver/Inc/stm32f4xx_ll_exti.h ****   *         @arg @ref LL_EXTI_LINE_12
 648:Drivers/STM32F4xx_HAL_Driver/Inc/stm32f4xx_ll_exti.h ****   *         @arg @ref LL_EXTI_LINE_13
 649:Drivers/STM32F4xx_HAL_Driver/Inc/stm32f4xx_ll_exti.h ****   *         @arg @ref LL_EXTI_LINE_14
 650:Drivers/STM32F4xx_HAL_Driver/Inc/stm32f4xx_ll_exti.h ****   *         @arg @ref LL_EXTI_LINE_15
 651:Drivers/STM32F4xx_HAL_Driver/Inc/stm32f4xx_ll_exti.h ****   *         @arg @ref LL_EXTI_LINE_16
 652:Drivers/STM32F4xx_HAL_Driver/Inc/stm32f4xx_ll_exti.h ****   *         @arg @ref LL_EXTI_LINE_18
 653:Drivers/STM32F4xx_HAL_Driver/Inc/stm32f4xx_ll_exti.h ****   *         @arg @ref LL_EXTI_LINE_19(*)
 654:Drivers/STM32F4xx_HAL_Driver/Inc/stm32f4xx_ll_exti.h ****   *         @arg @ref LL_EXTI_LINE_20(*)
 655:Drivers/STM32F4xx_HAL_Driver/Inc/stm32f4xx_ll_exti.h ****   *         @arg @ref LL_EXTI_LINE_21
 656:Drivers/STM32F4xx_HAL_Driver/Inc/stm32f4xx_ll_exti.h ****   *         @arg @ref LL_EXTI_LINE_22
 657:Drivers/STM32F4xx_HAL_Driver/Inc/stm32f4xx_ll_exti.h ****   * @note   (*): Available in some devices
 658:Drivers/STM32F4xx_HAL_Driver/Inc/stm32f4xx_ll_exti.h ****   * @note   Please check each device line mapping for EXTI Line availability
ARM GAS  C:\Users\chris\AppData\Local\Temp\cchxBc72.s 			page 65


 659:Drivers/STM32F4xx_HAL_Driver/Inc/stm32f4xx_ll_exti.h ****   * @retval None
 660:Drivers/STM32F4xx_HAL_Driver/Inc/stm32f4xx_ll_exti.h ****   */
 661:Drivers/STM32F4xx_HAL_Driver/Inc/stm32f4xx_ll_exti.h **** __STATIC_INLINE void LL_EXTI_EnableFallingTrig_0_31(uint32_t ExtiLine)
 662:Drivers/STM32F4xx_HAL_Driver/Inc/stm32f4xx_ll_exti.h **** {
 663:Drivers/STM32F4xx_HAL_Driver/Inc/stm32f4xx_ll_exti.h ****   SET_BIT(EXTI->FTSR, ExtiLine);
 664:Drivers/STM32F4xx_HAL_Driver/Inc/stm32f4xx_ll_exti.h **** }
 665:Drivers/STM32F4xx_HAL_Driver/Inc/stm32f4xx_ll_exti.h **** 
 666:Drivers/STM32F4xx_HAL_Driver/Inc/stm32f4xx_ll_exti.h **** 
 667:Drivers/STM32F4xx_HAL_Driver/Inc/stm32f4xx_ll_exti.h **** /**
 668:Drivers/STM32F4xx_HAL_Driver/Inc/stm32f4xx_ll_exti.h ****   * @brief  Disable ExtiLine Falling Edge Trigger for Lines in range 0 to 31
 669:Drivers/STM32F4xx_HAL_Driver/Inc/stm32f4xx_ll_exti.h ****   * @note The configurable wakeup lines are edge-triggered. No glitch must be
 670:Drivers/STM32F4xx_HAL_Driver/Inc/stm32f4xx_ll_exti.h ****   *       generated on these lines. If a Falling edge on a configurable interrupt
 671:Drivers/STM32F4xx_HAL_Driver/Inc/stm32f4xx_ll_exti.h ****   *       line occurs during a write operation in the EXTI_FTSR register, the
 672:Drivers/STM32F4xx_HAL_Driver/Inc/stm32f4xx_ll_exti.h ****   *       pending bit is not set.
 673:Drivers/STM32F4xx_HAL_Driver/Inc/stm32f4xx_ll_exti.h ****   *       Rising and falling edge triggers can be set for the same interrupt line.
 674:Drivers/STM32F4xx_HAL_Driver/Inc/stm32f4xx_ll_exti.h ****   *       In this case, both generate a trigger condition.
 675:Drivers/STM32F4xx_HAL_Driver/Inc/stm32f4xx_ll_exti.h ****   * @rmtoll FTSR        FTx           LL_EXTI_DisableFallingTrig_0_31
 676:Drivers/STM32F4xx_HAL_Driver/Inc/stm32f4xx_ll_exti.h ****   * @param  ExtiLine This parameter can be a combination of the following values:
 677:Drivers/STM32F4xx_HAL_Driver/Inc/stm32f4xx_ll_exti.h ****   *         @arg @ref LL_EXTI_LINE_0
 678:Drivers/STM32F4xx_HAL_Driver/Inc/stm32f4xx_ll_exti.h ****   *         @arg @ref LL_EXTI_LINE_1
 679:Drivers/STM32F4xx_HAL_Driver/Inc/stm32f4xx_ll_exti.h ****   *         @arg @ref LL_EXTI_LINE_2
 680:Drivers/STM32F4xx_HAL_Driver/Inc/stm32f4xx_ll_exti.h ****   *         @arg @ref LL_EXTI_LINE_3
 681:Drivers/STM32F4xx_HAL_Driver/Inc/stm32f4xx_ll_exti.h ****   *         @arg @ref LL_EXTI_LINE_4
 682:Drivers/STM32F4xx_HAL_Driver/Inc/stm32f4xx_ll_exti.h ****   *         @arg @ref LL_EXTI_LINE_5
 683:Drivers/STM32F4xx_HAL_Driver/Inc/stm32f4xx_ll_exti.h ****   *         @arg @ref LL_EXTI_LINE_6
 684:Drivers/STM32F4xx_HAL_Driver/Inc/stm32f4xx_ll_exti.h ****   *         @arg @ref LL_EXTI_LINE_7
 685:Drivers/STM32F4xx_HAL_Driver/Inc/stm32f4xx_ll_exti.h ****   *         @arg @ref LL_EXTI_LINE_8
 686:Drivers/STM32F4xx_HAL_Driver/Inc/stm32f4xx_ll_exti.h ****   *         @arg @ref LL_EXTI_LINE_9
 687:Drivers/STM32F4xx_HAL_Driver/Inc/stm32f4xx_ll_exti.h ****   *         @arg @ref LL_EXTI_LINE_10
 688:Drivers/STM32F4xx_HAL_Driver/Inc/stm32f4xx_ll_exti.h ****   *         @arg @ref LL_EXTI_LINE_11
 689:Drivers/STM32F4xx_HAL_Driver/Inc/stm32f4xx_ll_exti.h ****   *         @arg @ref LL_EXTI_LINE_12
 690:Drivers/STM32F4xx_HAL_Driver/Inc/stm32f4xx_ll_exti.h ****   *         @arg @ref LL_EXTI_LINE_13
 691:Drivers/STM32F4xx_HAL_Driver/Inc/stm32f4xx_ll_exti.h ****   *         @arg @ref LL_EXTI_LINE_14
 692:Drivers/STM32F4xx_HAL_Driver/Inc/stm32f4xx_ll_exti.h ****   *         @arg @ref LL_EXTI_LINE_15
 693:Drivers/STM32F4xx_HAL_Driver/Inc/stm32f4xx_ll_exti.h ****   *         @arg @ref LL_EXTI_LINE_16
 694:Drivers/STM32F4xx_HAL_Driver/Inc/stm32f4xx_ll_exti.h ****   *         @arg @ref LL_EXTI_LINE_18
 695:Drivers/STM32F4xx_HAL_Driver/Inc/stm32f4xx_ll_exti.h ****   *         @arg @ref LL_EXTI_LINE_19(*)
 696:Drivers/STM32F4xx_HAL_Driver/Inc/stm32f4xx_ll_exti.h ****   *         @arg @ref LL_EXTI_LINE_20(*)
 697:Drivers/STM32F4xx_HAL_Driver/Inc/stm32f4xx_ll_exti.h ****   *         @arg @ref LL_EXTI_LINE_21
 698:Drivers/STM32F4xx_HAL_Driver/Inc/stm32f4xx_ll_exti.h ****   *         @arg @ref LL_EXTI_LINE_22
 699:Drivers/STM32F4xx_HAL_Driver/Inc/stm32f4xx_ll_exti.h ****   * @note   (*): Available in some devices
 700:Drivers/STM32F4xx_HAL_Driver/Inc/stm32f4xx_ll_exti.h ****   * @note   Please check each device line mapping for EXTI Line availability
 701:Drivers/STM32F4xx_HAL_Driver/Inc/stm32f4xx_ll_exti.h ****   * @retval None
 702:Drivers/STM32F4xx_HAL_Driver/Inc/stm32f4xx_ll_exti.h ****   */
 703:Drivers/STM32F4xx_HAL_Driver/Inc/stm32f4xx_ll_exti.h **** __STATIC_INLINE void LL_EXTI_DisableFallingTrig_0_31(uint32_t ExtiLine)
 704:Drivers/STM32F4xx_HAL_Driver/Inc/stm32f4xx_ll_exti.h **** {
 705:Drivers/STM32F4xx_HAL_Driver/Inc/stm32f4xx_ll_exti.h ****   CLEAR_BIT(EXTI->FTSR, ExtiLine);
 706:Drivers/STM32F4xx_HAL_Driver/Inc/stm32f4xx_ll_exti.h **** }
 707:Drivers/STM32F4xx_HAL_Driver/Inc/stm32f4xx_ll_exti.h **** 
 708:Drivers/STM32F4xx_HAL_Driver/Inc/stm32f4xx_ll_exti.h **** 
 709:Drivers/STM32F4xx_HAL_Driver/Inc/stm32f4xx_ll_exti.h **** /**
 710:Drivers/STM32F4xx_HAL_Driver/Inc/stm32f4xx_ll_exti.h ****   * @brief  Check if falling edge trigger is enabled for Lines in range 0 to 31
 711:Drivers/STM32F4xx_HAL_Driver/Inc/stm32f4xx_ll_exti.h ****   * @rmtoll FTSR        FTx           LL_EXTI_IsEnabledFallingTrig_0_31
 712:Drivers/STM32F4xx_HAL_Driver/Inc/stm32f4xx_ll_exti.h ****   * @param  ExtiLine This parameter can be a combination of the following values:
 713:Drivers/STM32F4xx_HAL_Driver/Inc/stm32f4xx_ll_exti.h ****   *         @arg @ref LL_EXTI_LINE_0
 714:Drivers/STM32F4xx_HAL_Driver/Inc/stm32f4xx_ll_exti.h ****   *         @arg @ref LL_EXTI_LINE_1
 715:Drivers/STM32F4xx_HAL_Driver/Inc/stm32f4xx_ll_exti.h ****   *         @arg @ref LL_EXTI_LINE_2
ARM GAS  C:\Users\chris\AppData\Local\Temp\cchxBc72.s 			page 66


 716:Drivers/STM32F4xx_HAL_Driver/Inc/stm32f4xx_ll_exti.h ****   *         @arg @ref LL_EXTI_LINE_3
 717:Drivers/STM32F4xx_HAL_Driver/Inc/stm32f4xx_ll_exti.h ****   *         @arg @ref LL_EXTI_LINE_4
 718:Drivers/STM32F4xx_HAL_Driver/Inc/stm32f4xx_ll_exti.h ****   *         @arg @ref LL_EXTI_LINE_5
 719:Drivers/STM32F4xx_HAL_Driver/Inc/stm32f4xx_ll_exti.h ****   *         @arg @ref LL_EXTI_LINE_6
 720:Drivers/STM32F4xx_HAL_Driver/Inc/stm32f4xx_ll_exti.h ****   *         @arg @ref LL_EXTI_LINE_7
 721:Drivers/STM32F4xx_HAL_Driver/Inc/stm32f4xx_ll_exti.h ****   *         @arg @ref LL_EXTI_LINE_8
 722:Drivers/STM32F4xx_HAL_Driver/Inc/stm32f4xx_ll_exti.h ****   *         @arg @ref LL_EXTI_LINE_9
 723:Drivers/STM32F4xx_HAL_Driver/Inc/stm32f4xx_ll_exti.h ****   *         @arg @ref LL_EXTI_LINE_10
 724:Drivers/STM32F4xx_HAL_Driver/Inc/stm32f4xx_ll_exti.h ****   *         @arg @ref LL_EXTI_LINE_11
 725:Drivers/STM32F4xx_HAL_Driver/Inc/stm32f4xx_ll_exti.h ****   *         @arg @ref LL_EXTI_LINE_12
 726:Drivers/STM32F4xx_HAL_Driver/Inc/stm32f4xx_ll_exti.h ****   *         @arg @ref LL_EXTI_LINE_13
 727:Drivers/STM32F4xx_HAL_Driver/Inc/stm32f4xx_ll_exti.h ****   *         @arg @ref LL_EXTI_LINE_14
 728:Drivers/STM32F4xx_HAL_Driver/Inc/stm32f4xx_ll_exti.h ****   *         @arg @ref LL_EXTI_LINE_15
 729:Drivers/STM32F4xx_HAL_Driver/Inc/stm32f4xx_ll_exti.h ****   *         @arg @ref LL_EXTI_LINE_16
 730:Drivers/STM32F4xx_HAL_Driver/Inc/stm32f4xx_ll_exti.h ****   *         @arg @ref LL_EXTI_LINE_18
 731:Drivers/STM32F4xx_HAL_Driver/Inc/stm32f4xx_ll_exti.h ****   *         @arg @ref LL_EXTI_LINE_19(*)
 732:Drivers/STM32F4xx_HAL_Driver/Inc/stm32f4xx_ll_exti.h ****   *         @arg @ref LL_EXTI_LINE_20(*)
 733:Drivers/STM32F4xx_HAL_Driver/Inc/stm32f4xx_ll_exti.h ****   *         @arg @ref LL_EXTI_LINE_21
 734:Drivers/STM32F4xx_HAL_Driver/Inc/stm32f4xx_ll_exti.h ****   *         @arg @ref LL_EXTI_LINE_22
 735:Drivers/STM32F4xx_HAL_Driver/Inc/stm32f4xx_ll_exti.h ****   * @note   (*): Available in some devices
 736:Drivers/STM32F4xx_HAL_Driver/Inc/stm32f4xx_ll_exti.h ****   * @note   Please check each device line mapping for EXTI Line availability
 737:Drivers/STM32F4xx_HAL_Driver/Inc/stm32f4xx_ll_exti.h ****   * @retval State of bit (1 or 0).
 738:Drivers/STM32F4xx_HAL_Driver/Inc/stm32f4xx_ll_exti.h ****   */
 739:Drivers/STM32F4xx_HAL_Driver/Inc/stm32f4xx_ll_exti.h **** __STATIC_INLINE uint32_t LL_EXTI_IsEnabledFallingTrig_0_31(uint32_t ExtiLine)
 740:Drivers/STM32F4xx_HAL_Driver/Inc/stm32f4xx_ll_exti.h **** {
 741:Drivers/STM32F4xx_HAL_Driver/Inc/stm32f4xx_ll_exti.h ****   return (READ_BIT(EXTI->FTSR, ExtiLine) == (ExtiLine));
 742:Drivers/STM32F4xx_HAL_Driver/Inc/stm32f4xx_ll_exti.h **** }
 743:Drivers/STM32F4xx_HAL_Driver/Inc/stm32f4xx_ll_exti.h **** 
 744:Drivers/STM32F4xx_HAL_Driver/Inc/stm32f4xx_ll_exti.h **** 
 745:Drivers/STM32F4xx_HAL_Driver/Inc/stm32f4xx_ll_exti.h **** /**
 746:Drivers/STM32F4xx_HAL_Driver/Inc/stm32f4xx_ll_exti.h ****   * @}
 747:Drivers/STM32F4xx_HAL_Driver/Inc/stm32f4xx_ll_exti.h ****   */
 748:Drivers/STM32F4xx_HAL_Driver/Inc/stm32f4xx_ll_exti.h **** 
 749:Drivers/STM32F4xx_HAL_Driver/Inc/stm32f4xx_ll_exti.h **** /** @defgroup EXTI_LL_EF_Software_Interrupt_Management Software_Interrupt_Management
 750:Drivers/STM32F4xx_HAL_Driver/Inc/stm32f4xx_ll_exti.h ****   * @{
 751:Drivers/STM32F4xx_HAL_Driver/Inc/stm32f4xx_ll_exti.h ****   */
 752:Drivers/STM32F4xx_HAL_Driver/Inc/stm32f4xx_ll_exti.h **** 
 753:Drivers/STM32F4xx_HAL_Driver/Inc/stm32f4xx_ll_exti.h **** /**
 754:Drivers/STM32F4xx_HAL_Driver/Inc/stm32f4xx_ll_exti.h ****   * @brief  Generate a software Interrupt Event for Lines in range 0 to 31
 755:Drivers/STM32F4xx_HAL_Driver/Inc/stm32f4xx_ll_exti.h ****   * @note If the interrupt is enabled on this line in the EXTI_IMR, writing a 1 to
 756:Drivers/STM32F4xx_HAL_Driver/Inc/stm32f4xx_ll_exti.h ****   *       this bit when it is at '0' sets the corresponding pending bit in EXTI_PR
 757:Drivers/STM32F4xx_HAL_Driver/Inc/stm32f4xx_ll_exti.h ****   *       resulting in an interrupt request generation.
 758:Drivers/STM32F4xx_HAL_Driver/Inc/stm32f4xx_ll_exti.h ****   *       This bit is cleared by clearing the corresponding bit in the EXTI_PR
 759:Drivers/STM32F4xx_HAL_Driver/Inc/stm32f4xx_ll_exti.h ****   *       register (by writing a 1 into the bit)
 760:Drivers/STM32F4xx_HAL_Driver/Inc/stm32f4xx_ll_exti.h ****   * @rmtoll SWIER       SWIx          LL_EXTI_GenerateSWI_0_31
 761:Drivers/STM32F4xx_HAL_Driver/Inc/stm32f4xx_ll_exti.h ****   * @param  ExtiLine This parameter can be a combination of the following values:
 762:Drivers/STM32F4xx_HAL_Driver/Inc/stm32f4xx_ll_exti.h ****   *         @arg @ref LL_EXTI_LINE_0
 763:Drivers/STM32F4xx_HAL_Driver/Inc/stm32f4xx_ll_exti.h ****   *         @arg @ref LL_EXTI_LINE_1
 764:Drivers/STM32F4xx_HAL_Driver/Inc/stm32f4xx_ll_exti.h ****   *         @arg @ref LL_EXTI_LINE_2
 765:Drivers/STM32F4xx_HAL_Driver/Inc/stm32f4xx_ll_exti.h ****   *         @arg @ref LL_EXTI_LINE_3
 766:Drivers/STM32F4xx_HAL_Driver/Inc/stm32f4xx_ll_exti.h ****   *         @arg @ref LL_EXTI_LINE_4
 767:Drivers/STM32F4xx_HAL_Driver/Inc/stm32f4xx_ll_exti.h ****   *         @arg @ref LL_EXTI_LINE_5
 768:Drivers/STM32F4xx_HAL_Driver/Inc/stm32f4xx_ll_exti.h ****   *         @arg @ref LL_EXTI_LINE_6
 769:Drivers/STM32F4xx_HAL_Driver/Inc/stm32f4xx_ll_exti.h ****   *         @arg @ref LL_EXTI_LINE_7
 770:Drivers/STM32F4xx_HAL_Driver/Inc/stm32f4xx_ll_exti.h ****   *         @arg @ref LL_EXTI_LINE_8
 771:Drivers/STM32F4xx_HAL_Driver/Inc/stm32f4xx_ll_exti.h ****   *         @arg @ref LL_EXTI_LINE_9
 772:Drivers/STM32F4xx_HAL_Driver/Inc/stm32f4xx_ll_exti.h ****   *         @arg @ref LL_EXTI_LINE_10
ARM GAS  C:\Users\chris\AppData\Local\Temp\cchxBc72.s 			page 67


 773:Drivers/STM32F4xx_HAL_Driver/Inc/stm32f4xx_ll_exti.h ****   *         @arg @ref LL_EXTI_LINE_11
 774:Drivers/STM32F4xx_HAL_Driver/Inc/stm32f4xx_ll_exti.h ****   *         @arg @ref LL_EXTI_LINE_12
 775:Drivers/STM32F4xx_HAL_Driver/Inc/stm32f4xx_ll_exti.h ****   *         @arg @ref LL_EXTI_LINE_13
 776:Drivers/STM32F4xx_HAL_Driver/Inc/stm32f4xx_ll_exti.h ****   *         @arg @ref LL_EXTI_LINE_14
 777:Drivers/STM32F4xx_HAL_Driver/Inc/stm32f4xx_ll_exti.h ****   *         @arg @ref LL_EXTI_LINE_15
 778:Drivers/STM32F4xx_HAL_Driver/Inc/stm32f4xx_ll_exti.h ****   *         @arg @ref LL_EXTI_LINE_16
 779:Drivers/STM32F4xx_HAL_Driver/Inc/stm32f4xx_ll_exti.h ****   *         @arg @ref LL_EXTI_LINE_18
 780:Drivers/STM32F4xx_HAL_Driver/Inc/stm32f4xx_ll_exti.h ****   *         @arg @ref LL_EXTI_LINE_19(*)
 781:Drivers/STM32F4xx_HAL_Driver/Inc/stm32f4xx_ll_exti.h ****   *         @arg @ref LL_EXTI_LINE_20(*)
 782:Drivers/STM32F4xx_HAL_Driver/Inc/stm32f4xx_ll_exti.h ****   *         @arg @ref LL_EXTI_LINE_21
 783:Drivers/STM32F4xx_HAL_Driver/Inc/stm32f4xx_ll_exti.h ****   *         @arg @ref LL_EXTI_LINE_22
 784:Drivers/STM32F4xx_HAL_Driver/Inc/stm32f4xx_ll_exti.h ****   * @note   (*): Available in some devices
 785:Drivers/STM32F4xx_HAL_Driver/Inc/stm32f4xx_ll_exti.h ****   * @note   Please check each device line mapping for EXTI Line availability
 786:Drivers/STM32F4xx_HAL_Driver/Inc/stm32f4xx_ll_exti.h ****   * @retval None
 787:Drivers/STM32F4xx_HAL_Driver/Inc/stm32f4xx_ll_exti.h ****   */
 788:Drivers/STM32F4xx_HAL_Driver/Inc/stm32f4xx_ll_exti.h **** __STATIC_INLINE void LL_EXTI_GenerateSWI_0_31(uint32_t ExtiLine)
 789:Drivers/STM32F4xx_HAL_Driver/Inc/stm32f4xx_ll_exti.h **** {
 790:Drivers/STM32F4xx_HAL_Driver/Inc/stm32f4xx_ll_exti.h ****   SET_BIT(EXTI->SWIER, ExtiLine);
 791:Drivers/STM32F4xx_HAL_Driver/Inc/stm32f4xx_ll_exti.h **** }
 792:Drivers/STM32F4xx_HAL_Driver/Inc/stm32f4xx_ll_exti.h **** 
 793:Drivers/STM32F4xx_HAL_Driver/Inc/stm32f4xx_ll_exti.h **** 
 794:Drivers/STM32F4xx_HAL_Driver/Inc/stm32f4xx_ll_exti.h **** /**
 795:Drivers/STM32F4xx_HAL_Driver/Inc/stm32f4xx_ll_exti.h ****   * @}
 796:Drivers/STM32F4xx_HAL_Driver/Inc/stm32f4xx_ll_exti.h ****   */
 797:Drivers/STM32F4xx_HAL_Driver/Inc/stm32f4xx_ll_exti.h **** 
 798:Drivers/STM32F4xx_HAL_Driver/Inc/stm32f4xx_ll_exti.h **** /** @defgroup EXTI_LL_EF_Flag_Management Flag_Management
 799:Drivers/STM32F4xx_HAL_Driver/Inc/stm32f4xx_ll_exti.h ****   * @{
 800:Drivers/STM32F4xx_HAL_Driver/Inc/stm32f4xx_ll_exti.h ****   */
 801:Drivers/STM32F4xx_HAL_Driver/Inc/stm32f4xx_ll_exti.h **** 
 802:Drivers/STM32F4xx_HAL_Driver/Inc/stm32f4xx_ll_exti.h **** /**
 803:Drivers/STM32F4xx_HAL_Driver/Inc/stm32f4xx_ll_exti.h ****   * @brief  Check if the ExtLine Flag is set or not for Lines in range 0 to 31
 804:Drivers/STM32F4xx_HAL_Driver/Inc/stm32f4xx_ll_exti.h ****   * @note This bit is set when the selected edge event arrives on the interrupt
 805:Drivers/STM32F4xx_HAL_Driver/Inc/stm32f4xx_ll_exti.h ****   *       line. This bit is cleared by writing a 1 to the bit.
 806:Drivers/STM32F4xx_HAL_Driver/Inc/stm32f4xx_ll_exti.h ****   * @rmtoll PR          PIFx           LL_EXTI_IsActiveFlag_0_31
 807:Drivers/STM32F4xx_HAL_Driver/Inc/stm32f4xx_ll_exti.h ****   * @param  ExtiLine This parameter can be a combination of the following values:
 808:Drivers/STM32F4xx_HAL_Driver/Inc/stm32f4xx_ll_exti.h ****   *         @arg @ref LL_EXTI_LINE_0
 809:Drivers/STM32F4xx_HAL_Driver/Inc/stm32f4xx_ll_exti.h ****   *         @arg @ref LL_EXTI_LINE_1
 810:Drivers/STM32F4xx_HAL_Driver/Inc/stm32f4xx_ll_exti.h ****   *         @arg @ref LL_EXTI_LINE_2
 811:Drivers/STM32F4xx_HAL_Driver/Inc/stm32f4xx_ll_exti.h ****   *         @arg @ref LL_EXTI_LINE_3
 812:Drivers/STM32F4xx_HAL_Driver/Inc/stm32f4xx_ll_exti.h ****   *         @arg @ref LL_EXTI_LINE_4
 813:Drivers/STM32F4xx_HAL_Driver/Inc/stm32f4xx_ll_exti.h ****   *         @arg @ref LL_EXTI_LINE_5
 814:Drivers/STM32F4xx_HAL_Driver/Inc/stm32f4xx_ll_exti.h ****   *         @arg @ref LL_EXTI_LINE_6
 815:Drivers/STM32F4xx_HAL_Driver/Inc/stm32f4xx_ll_exti.h ****   *         @arg @ref LL_EXTI_LINE_7
 816:Drivers/STM32F4xx_HAL_Driver/Inc/stm32f4xx_ll_exti.h ****   *         @arg @ref LL_EXTI_LINE_8
 817:Drivers/STM32F4xx_HAL_Driver/Inc/stm32f4xx_ll_exti.h ****   *         @arg @ref LL_EXTI_LINE_9
 818:Drivers/STM32F4xx_HAL_Driver/Inc/stm32f4xx_ll_exti.h ****   *         @arg @ref LL_EXTI_LINE_10
 819:Drivers/STM32F4xx_HAL_Driver/Inc/stm32f4xx_ll_exti.h ****   *         @arg @ref LL_EXTI_LINE_11
 820:Drivers/STM32F4xx_HAL_Driver/Inc/stm32f4xx_ll_exti.h ****   *         @arg @ref LL_EXTI_LINE_12
 821:Drivers/STM32F4xx_HAL_Driver/Inc/stm32f4xx_ll_exti.h ****   *         @arg @ref LL_EXTI_LINE_13
 822:Drivers/STM32F4xx_HAL_Driver/Inc/stm32f4xx_ll_exti.h ****   *         @arg @ref LL_EXTI_LINE_14
 823:Drivers/STM32F4xx_HAL_Driver/Inc/stm32f4xx_ll_exti.h ****   *         @arg @ref LL_EXTI_LINE_15
 824:Drivers/STM32F4xx_HAL_Driver/Inc/stm32f4xx_ll_exti.h ****   *         @arg @ref LL_EXTI_LINE_16
 825:Drivers/STM32F4xx_HAL_Driver/Inc/stm32f4xx_ll_exti.h ****   *         @arg @ref LL_EXTI_LINE_18
 826:Drivers/STM32F4xx_HAL_Driver/Inc/stm32f4xx_ll_exti.h ****   *         @arg @ref LL_EXTI_LINE_19(*)
 827:Drivers/STM32F4xx_HAL_Driver/Inc/stm32f4xx_ll_exti.h ****   *         @arg @ref LL_EXTI_LINE_20(*)
 828:Drivers/STM32F4xx_HAL_Driver/Inc/stm32f4xx_ll_exti.h ****   *         @arg @ref LL_EXTI_LINE_21
 829:Drivers/STM32F4xx_HAL_Driver/Inc/stm32f4xx_ll_exti.h ****   *         @arg @ref LL_EXTI_LINE_22
ARM GAS  C:\Users\chris\AppData\Local\Temp\cchxBc72.s 			page 68


 830:Drivers/STM32F4xx_HAL_Driver/Inc/stm32f4xx_ll_exti.h ****   * @note   (*): Available in some devices
 831:Drivers/STM32F4xx_HAL_Driver/Inc/stm32f4xx_ll_exti.h ****   * @note   Please check each device line mapping for EXTI Line availability
 832:Drivers/STM32F4xx_HAL_Driver/Inc/stm32f4xx_ll_exti.h ****   * @retval State of bit (1 or 0).
 833:Drivers/STM32F4xx_HAL_Driver/Inc/stm32f4xx_ll_exti.h ****   */
 834:Drivers/STM32F4xx_HAL_Driver/Inc/stm32f4xx_ll_exti.h **** __STATIC_INLINE uint32_t LL_EXTI_IsActiveFlag_0_31(uint32_t ExtiLine)
 318              		.loc 3 834 26 view .LVU56
 319              	.LBB23:
 835:Drivers/STM32F4xx_HAL_Driver/Inc/stm32f4xx_ll_exti.h **** {
 836:Drivers/STM32F4xx_HAL_Driver/Inc/stm32f4xx_ll_exti.h ****   return (READ_BIT(EXTI->PR, ExtiLine) == (ExtiLine));
 320              		.loc 3 836 3 view .LVU57
 321              		.loc 3 836 11 is_stmt 0 view .LVU58
 322 0000 0E4B     		ldr	r3, .L27
 323 0002 5B69     		ldr	r3, [r3, #20]
 324              	.LVL9:
 325              		.loc 3 836 11 view .LVU59
 326              	.LBE23:
 327              	.LBE22:
 212:Core/Src/stm32f4xx_it.c ****   {
 328              		.loc 1 212 6 discriminator 1 view .LVU60
 329 0004 13F0100F 		tst	r3, #16
 330 0008 16D0     		beq	.L24
 207:Core/Src/stm32f4xx_it.c ****   /* USER CODE BEGIN EXTI4_IRQn 0 */
 331              		.loc 1 207 1 view .LVU61
 332 000a 00B5     		push	{lr}
 333              	.LCFI0:
 334              		.cfi_def_cfa_offset 4
 335              		.cfi_offset 14, -4
 336 000c 83B0     		sub	sp, sp, #12
 337              	.LCFI1:
 338              		.cfi_def_cfa_offset 16
 339              	.LBB24:
 218:Core/Src/stm32f4xx_it.c ****     const char *error = "ERROR: PIN 4 RELEASED...\n";
 340              		.loc 1 218 5 is_stmt 1 view .LVU62
 341              	.LBB25:
 218:Core/Src/stm32f4xx_it.c ****     const char *error = "ERROR: PIN 4 RELEASED...\n";
 342              		.loc 1 218 10 view .LVU63
 218:Core/Src/stm32f4xx_it.c ****     const char *error = "ERROR: PIN 4 RELEASED...\n";
 343              		.loc 1 218 23 is_stmt 0 view .LVU64
 344 000e 0023     		movs	r3, #0
 345 0010 0193     		str	r3, [sp, #4]
 218:Core/Src/stm32f4xx_it.c ****     const char *error = "ERROR: PIN 4 RELEASED...\n";
 346              		.loc 1 218 5 view .LVU65
 347 0012 02E0     		b	.L21
 348              	.L22:
 218:Core/Src/stm32f4xx_it.c ****     const char *error = "ERROR: PIN 4 RELEASED...\n";
 349              		.loc 1 218 43 is_stmt 1 discriminator 3 view .LVU66
 350 0014 019B     		ldr	r3, [sp, #4]
 351 0016 0133     		adds	r3, r3, #1
 352 0018 0193     		str	r3, [sp, #4]
 353              	.L21:
 218:Core/Src/stm32f4xx_it.c ****     const char *error = "ERROR: PIN 4 RELEASED...\n";
 354              		.loc 1 218 32 discriminator 1 view .LVU67
 355 001a 019A     		ldr	r2, [sp, #4]
 356 001c 084B     		ldr	r3, .L27+4
 357 001e 9A42     		cmp	r2, r3
 358 0020 F8DD     		ble	.L22
 359              	.LBE25:
ARM GAS  C:\Users\chris\AppData\Local\Temp\cchxBc72.s 			page 69


 219:Core/Src/stm32f4xx_it.c ****     UART_SendAndReadData(USART2, (const uint8_t *)error, strlen(error));
 360              		.loc 1 219 5 view .LVU68
 361              	.LVL10:
 220:Core/Src/stm32f4xx_it.c **** 
 362              		.loc 1 220 5 view .LVU69
 220:Core/Src/stm32f4xx_it.c **** 
 363              		.loc 1 220 5 is_stmt 0 discriminator 1 view .LVU70
 364 0022 1922     		movs	r2, #25
 365 0024 0749     		ldr	r1, .L27+8
 366 0026 0848     		ldr	r0, .L27+12
 367 0028 FFF7FEFF 		bl	UART_SendAndReadData
 368              	.LVL11:
 222:Core/Src/stm32f4xx_it.c **** 
 369              		.loc 1 222 5 is_stmt 1 view .LVU71
 370              	.LBB26:
 371              	.LBI26:
 837:Drivers/STM32F4xx_HAL_Driver/Inc/stm32f4xx_ll_exti.h **** }
 838:Drivers/STM32F4xx_HAL_Driver/Inc/stm32f4xx_ll_exti.h **** 
 839:Drivers/STM32F4xx_HAL_Driver/Inc/stm32f4xx_ll_exti.h **** 
 840:Drivers/STM32F4xx_HAL_Driver/Inc/stm32f4xx_ll_exti.h **** /**
 841:Drivers/STM32F4xx_HAL_Driver/Inc/stm32f4xx_ll_exti.h ****   * @brief  Read ExtLine Combination Flag for Lines in range 0 to 31
 842:Drivers/STM32F4xx_HAL_Driver/Inc/stm32f4xx_ll_exti.h ****   * @note This bit is set when the selected edge event arrives on the interrupt
 843:Drivers/STM32F4xx_HAL_Driver/Inc/stm32f4xx_ll_exti.h ****   *       line. This bit is cleared by writing a 1 to the bit.
 844:Drivers/STM32F4xx_HAL_Driver/Inc/stm32f4xx_ll_exti.h ****   * @rmtoll PR          PIFx           LL_EXTI_ReadFlag_0_31
 845:Drivers/STM32F4xx_HAL_Driver/Inc/stm32f4xx_ll_exti.h ****   * @param  ExtiLine This parameter can be a combination of the following values:
 846:Drivers/STM32F4xx_HAL_Driver/Inc/stm32f4xx_ll_exti.h ****   *         @arg @ref LL_EXTI_LINE_0
 847:Drivers/STM32F4xx_HAL_Driver/Inc/stm32f4xx_ll_exti.h ****   *         @arg @ref LL_EXTI_LINE_1
 848:Drivers/STM32F4xx_HAL_Driver/Inc/stm32f4xx_ll_exti.h ****   *         @arg @ref LL_EXTI_LINE_2
 849:Drivers/STM32F4xx_HAL_Driver/Inc/stm32f4xx_ll_exti.h ****   *         @arg @ref LL_EXTI_LINE_3
 850:Drivers/STM32F4xx_HAL_Driver/Inc/stm32f4xx_ll_exti.h ****   *         @arg @ref LL_EXTI_LINE_4
 851:Drivers/STM32F4xx_HAL_Driver/Inc/stm32f4xx_ll_exti.h ****   *         @arg @ref LL_EXTI_LINE_5
 852:Drivers/STM32F4xx_HAL_Driver/Inc/stm32f4xx_ll_exti.h ****   *         @arg @ref LL_EXTI_LINE_6
 853:Drivers/STM32F4xx_HAL_Driver/Inc/stm32f4xx_ll_exti.h ****   *         @arg @ref LL_EXTI_LINE_7
 854:Drivers/STM32F4xx_HAL_Driver/Inc/stm32f4xx_ll_exti.h ****   *         @arg @ref LL_EXTI_LINE_8
 855:Drivers/STM32F4xx_HAL_Driver/Inc/stm32f4xx_ll_exti.h ****   *         @arg @ref LL_EXTI_LINE_9
 856:Drivers/STM32F4xx_HAL_Driver/Inc/stm32f4xx_ll_exti.h ****   *         @arg @ref LL_EXTI_LINE_10
 857:Drivers/STM32F4xx_HAL_Driver/Inc/stm32f4xx_ll_exti.h ****   *         @arg @ref LL_EXTI_LINE_11
 858:Drivers/STM32F4xx_HAL_Driver/Inc/stm32f4xx_ll_exti.h ****   *         @arg @ref LL_EXTI_LINE_12
 859:Drivers/STM32F4xx_HAL_Driver/Inc/stm32f4xx_ll_exti.h ****   *         @arg @ref LL_EXTI_LINE_13
 860:Drivers/STM32F4xx_HAL_Driver/Inc/stm32f4xx_ll_exti.h ****   *         @arg @ref LL_EXTI_LINE_14
 861:Drivers/STM32F4xx_HAL_Driver/Inc/stm32f4xx_ll_exti.h ****   *         @arg @ref LL_EXTI_LINE_15
 862:Drivers/STM32F4xx_HAL_Driver/Inc/stm32f4xx_ll_exti.h ****   *         @arg @ref LL_EXTI_LINE_16
 863:Drivers/STM32F4xx_HAL_Driver/Inc/stm32f4xx_ll_exti.h ****   *         @arg @ref LL_EXTI_LINE_18
 864:Drivers/STM32F4xx_HAL_Driver/Inc/stm32f4xx_ll_exti.h ****   *         @arg @ref LL_EXTI_LINE_19(*)
 865:Drivers/STM32F4xx_HAL_Driver/Inc/stm32f4xx_ll_exti.h ****   *         @arg @ref LL_EXTI_LINE_20(*)
 866:Drivers/STM32F4xx_HAL_Driver/Inc/stm32f4xx_ll_exti.h ****   *         @arg @ref LL_EXTI_LINE_21
 867:Drivers/STM32F4xx_HAL_Driver/Inc/stm32f4xx_ll_exti.h ****   *         @arg @ref LL_EXTI_LINE_22
 868:Drivers/STM32F4xx_HAL_Driver/Inc/stm32f4xx_ll_exti.h ****   * @note   (*): Available in some devices
 869:Drivers/STM32F4xx_HAL_Driver/Inc/stm32f4xx_ll_exti.h ****   * @note   Please check each device line mapping for EXTI Line availability
 870:Drivers/STM32F4xx_HAL_Driver/Inc/stm32f4xx_ll_exti.h ****   * @retval @note This bit is set when the selected edge event arrives on the interrupt
 871:Drivers/STM32F4xx_HAL_Driver/Inc/stm32f4xx_ll_exti.h ****   */
 872:Drivers/STM32F4xx_HAL_Driver/Inc/stm32f4xx_ll_exti.h **** __STATIC_INLINE uint32_t LL_EXTI_ReadFlag_0_31(uint32_t ExtiLine)
 873:Drivers/STM32F4xx_HAL_Driver/Inc/stm32f4xx_ll_exti.h **** {
 874:Drivers/STM32F4xx_HAL_Driver/Inc/stm32f4xx_ll_exti.h ****   return (uint32_t)(READ_BIT(EXTI->PR, ExtiLine));
 875:Drivers/STM32F4xx_HAL_Driver/Inc/stm32f4xx_ll_exti.h **** }
 876:Drivers/STM32F4xx_HAL_Driver/Inc/stm32f4xx_ll_exti.h **** 
 877:Drivers/STM32F4xx_HAL_Driver/Inc/stm32f4xx_ll_exti.h **** 
ARM GAS  C:\Users\chris\AppData\Local\Temp\cchxBc72.s 			page 70


 878:Drivers/STM32F4xx_HAL_Driver/Inc/stm32f4xx_ll_exti.h **** /**
 879:Drivers/STM32F4xx_HAL_Driver/Inc/stm32f4xx_ll_exti.h ****   * @brief  Clear ExtLine Flags  for Lines in range 0 to 31
 880:Drivers/STM32F4xx_HAL_Driver/Inc/stm32f4xx_ll_exti.h ****   * @note This bit is set when the selected edge event arrives on the interrupt
 881:Drivers/STM32F4xx_HAL_Driver/Inc/stm32f4xx_ll_exti.h ****   *       line. This bit is cleared by writing a 1 to the bit.
 882:Drivers/STM32F4xx_HAL_Driver/Inc/stm32f4xx_ll_exti.h ****   * @rmtoll PR          PIFx           LL_EXTI_ClearFlag_0_31
 883:Drivers/STM32F4xx_HAL_Driver/Inc/stm32f4xx_ll_exti.h ****   * @param  ExtiLine This parameter can be a combination of the following values:
 884:Drivers/STM32F4xx_HAL_Driver/Inc/stm32f4xx_ll_exti.h ****   *         @arg @ref LL_EXTI_LINE_0
 885:Drivers/STM32F4xx_HAL_Driver/Inc/stm32f4xx_ll_exti.h ****   *         @arg @ref LL_EXTI_LINE_1
 886:Drivers/STM32F4xx_HAL_Driver/Inc/stm32f4xx_ll_exti.h ****   *         @arg @ref LL_EXTI_LINE_2
 887:Drivers/STM32F4xx_HAL_Driver/Inc/stm32f4xx_ll_exti.h ****   *         @arg @ref LL_EXTI_LINE_3
 888:Drivers/STM32F4xx_HAL_Driver/Inc/stm32f4xx_ll_exti.h ****   *         @arg @ref LL_EXTI_LINE_4
 889:Drivers/STM32F4xx_HAL_Driver/Inc/stm32f4xx_ll_exti.h ****   *         @arg @ref LL_EXTI_LINE_5
 890:Drivers/STM32F4xx_HAL_Driver/Inc/stm32f4xx_ll_exti.h ****   *         @arg @ref LL_EXTI_LINE_6
 891:Drivers/STM32F4xx_HAL_Driver/Inc/stm32f4xx_ll_exti.h ****   *         @arg @ref LL_EXTI_LINE_7
 892:Drivers/STM32F4xx_HAL_Driver/Inc/stm32f4xx_ll_exti.h ****   *         @arg @ref LL_EXTI_LINE_8
 893:Drivers/STM32F4xx_HAL_Driver/Inc/stm32f4xx_ll_exti.h ****   *         @arg @ref LL_EXTI_LINE_9
 894:Drivers/STM32F4xx_HAL_Driver/Inc/stm32f4xx_ll_exti.h ****   *         @arg @ref LL_EXTI_LINE_10
 895:Drivers/STM32F4xx_HAL_Driver/Inc/stm32f4xx_ll_exti.h ****   *         @arg @ref LL_EXTI_LINE_11
 896:Drivers/STM32F4xx_HAL_Driver/Inc/stm32f4xx_ll_exti.h ****   *         @arg @ref LL_EXTI_LINE_12
 897:Drivers/STM32F4xx_HAL_Driver/Inc/stm32f4xx_ll_exti.h ****   *         @arg @ref LL_EXTI_LINE_13
 898:Drivers/STM32F4xx_HAL_Driver/Inc/stm32f4xx_ll_exti.h ****   *         @arg @ref LL_EXTI_LINE_14
 899:Drivers/STM32F4xx_HAL_Driver/Inc/stm32f4xx_ll_exti.h ****   *         @arg @ref LL_EXTI_LINE_15
 900:Drivers/STM32F4xx_HAL_Driver/Inc/stm32f4xx_ll_exti.h ****   *         @arg @ref LL_EXTI_LINE_16
 901:Drivers/STM32F4xx_HAL_Driver/Inc/stm32f4xx_ll_exti.h ****   *         @arg @ref LL_EXTI_LINE_18
 902:Drivers/STM32F4xx_HAL_Driver/Inc/stm32f4xx_ll_exti.h ****   *         @arg @ref LL_EXTI_LINE_19(*)
 903:Drivers/STM32F4xx_HAL_Driver/Inc/stm32f4xx_ll_exti.h ****   *         @arg @ref LL_EXTI_LINE_20(*)
 904:Drivers/STM32F4xx_HAL_Driver/Inc/stm32f4xx_ll_exti.h ****   *         @arg @ref LL_EXTI_LINE_21
 905:Drivers/STM32F4xx_HAL_Driver/Inc/stm32f4xx_ll_exti.h ****   *         @arg @ref LL_EXTI_LINE_22
 906:Drivers/STM32F4xx_HAL_Driver/Inc/stm32f4xx_ll_exti.h ****   * @note   (*): Available in some devices
 907:Drivers/STM32F4xx_HAL_Driver/Inc/stm32f4xx_ll_exti.h ****   * @note   Please check each device line mapping for EXTI Line availability
 908:Drivers/STM32F4xx_HAL_Driver/Inc/stm32f4xx_ll_exti.h ****   * @retval None
 909:Drivers/STM32F4xx_HAL_Driver/Inc/stm32f4xx_ll_exti.h ****   */
 910:Drivers/STM32F4xx_HAL_Driver/Inc/stm32f4xx_ll_exti.h **** __STATIC_INLINE void LL_EXTI_ClearFlag_0_31(uint32_t ExtiLine)
 372              		.loc 3 910 22 view .LVU72
 373              	.LBB27:
 911:Drivers/STM32F4xx_HAL_Driver/Inc/stm32f4xx_ll_exti.h **** {
 912:Drivers/STM32F4xx_HAL_Driver/Inc/stm32f4xx_ll_exti.h ****   WRITE_REG(EXTI->PR, ExtiLine);
 374              		.loc 3 912 3 view .LVU73
 375 002c 034B     		ldr	r3, .L27
 376 002e 1022     		movs	r2, #16
 377 0030 5A61     		str	r2, [r3, #20]
 378              	.LVL12:
 379              		.loc 3 912 3 is_stmt 0 view .LVU74
 380              	.LBE27:
 381              	.LBE26:
 382              	.LBE24:
 232:Core/Src/stm32f4xx_it.c **** 
 383              		.loc 1 232 1 view .LVU75
 384 0032 03B0     		add	sp, sp, #12
 385              	.LCFI2:
 386              		.cfi_def_cfa_offset 4
 387              		@ sp needed
 388 0034 5DF804FB 		ldr	pc, [sp], #4
 389              	.LVL13:
 390              	.L24:
 391              	.LCFI3:
 392              		.cfi_def_cfa_offset 0
ARM GAS  C:\Users\chris\AppData\Local\Temp\cchxBc72.s 			page 71


 393              		.cfi_restore 14
 232:Core/Src/stm32f4xx_it.c **** 
 394              		.loc 1 232 1 view .LVU76
 395 0038 7047     		bx	lr
 396              	.L28:
 397 003a 00BF     		.align	2
 398              	.L27:
 399 003c 003C0140 		.word	1073822720
 400 0040 9F860100 		.word	99999
 401 0044 00000000 		.word	.LC0
 402 0048 00440040 		.word	1073759232
 403              		.cfi_endproc
 404              	.LFE697:
 406              		.text
 407              	.Letext0:
 408              		.file 4 "c:\\ST\\STM32CubeCLT_1.20.0\\GNU-tools-for-STM32\\bin\\../lib/gcc/arm-none-eabi/13.3.1/..
 409              		.file 5 "c:\\ST\\STM32CubeCLT_1.20.0\\GNU-tools-for-STM32\\bin\\../lib/gcc/arm-none-eabi/13.3.1/..
 410              		.file 6 "Drivers/CMSIS/Device/ST/STM32F4xx/Include/stm32f401xe.h"
 411              		.file 7 "c:\\ST\\STM32CubeCLT_1.20.0\\GNU-tools-for-STM32\\bin\\../lib/gcc/arm-none-eabi/13.3.1/in
 412              		.file 8 "Drivers/CMSIS/Device/ST/STM32F4xx/Include/stm32f4xx.h"
 413              		.file 9 "Drivers/STM32F4xx_HAL_Driver/Inc/stm32f4xx_ll_dma.h"
 414              		.file 10 "c:\\ST\\STM32CubeCLT_1.20.0\\GNU-tools-for-STM32\\bin\\../lib/gcc/arm-none-eabi/13.3.1/.
ARM GAS  C:\Users\chris\AppData\Local\Temp\cchxBc72.s 			page 72


DEFINED SYMBOLS
                            *ABS*:00000000 stm32f4xx_it.c
C:\Users\chris\AppData\Local\Temp\cchxBc72.s:21     .text.NMI_Handler:00000000 $t
C:\Users\chris\AppData\Local\Temp\cchxBc72.s:27     .text.NMI_Handler:00000000 NMI_Handler
C:\Users\chris\AppData\Local\Temp\cchxBc72.s:44     .text.HardFault_Handler:00000000 $t
C:\Users\chris\AppData\Local\Temp\cchxBc72.s:50     .text.HardFault_Handler:00000000 HardFault_Handler
C:\Users\chris\AppData\Local\Temp\cchxBc72.s:67     .text.MemManage_Handler:00000000 $t
C:\Users\chris\AppData\Local\Temp\cchxBc72.s:73     .text.MemManage_Handler:00000000 MemManage_Handler
C:\Users\chris\AppData\Local\Temp\cchxBc72.s:90     .text.BusFault_Handler:00000000 $t
C:\Users\chris\AppData\Local\Temp\cchxBc72.s:96     .text.BusFault_Handler:00000000 BusFault_Handler
C:\Users\chris\AppData\Local\Temp\cchxBc72.s:113    .text.UsageFault_Handler:00000000 $t
C:\Users\chris\AppData\Local\Temp\cchxBc72.s:119    .text.UsageFault_Handler:00000000 UsageFault_Handler
C:\Users\chris\AppData\Local\Temp\cchxBc72.s:136    .text.SVC_Handler:00000000 $t
C:\Users\chris\AppData\Local\Temp\cchxBc72.s:142    .text.SVC_Handler:00000000 SVC_Handler
C:\Users\chris\AppData\Local\Temp\cchxBc72.s:155    .text.DebugMon_Handler:00000000 $t
C:\Users\chris\AppData\Local\Temp\cchxBc72.s:161    .text.DebugMon_Handler:00000000 DebugMon_Handler
C:\Users\chris\AppData\Local\Temp\cchxBc72.s:174    .text.PendSV_Handler:00000000 $t
C:\Users\chris\AppData\Local\Temp\cchxBc72.s:180    .text.PendSV_Handler:00000000 PendSV_Handler
C:\Users\chris\AppData\Local\Temp\cchxBc72.s:193    .text.SysTick_Handler:00000000 $t
C:\Users\chris\AppData\Local\Temp\cchxBc72.s:199    .text.SysTick_Handler:00000000 SysTick_Handler
C:\Users\chris\AppData\Local\Temp\cchxBc72.s:212    .text.UART_SendAndReadData:00000000 $t
C:\Users\chris\AppData\Local\Temp\cchxBc72.s:218    .text.UART_SendAndReadData:00000000 UART_SendAndReadData
C:\Users\chris\AppData\Local\Temp\cchxBc72.s:297    .rodata.EXTI4_IRQHandler.str1.4:00000000 $d
C:\Users\chris\AppData\Local\Temp\cchxBc72.s:301    .text.EXTI4_IRQHandler:00000000 $t
C:\Users\chris\AppData\Local\Temp\cchxBc72.s:307    .text.EXTI4_IRQHandler:00000000 EXTI4_IRQHandler
C:\Users\chris\AppData\Local\Temp\cchxBc72.s:399    .text.EXTI4_IRQHandler:0000003c $d

NO UNDEFINED SYMBOLS
